{"Mean":{"confidence_interval":{"confidence_level":0.95,"lower_bound":3748284.860917072,"upper_bound":3805069.5756505734},"point_estimate":3774768.1319969,"standard_error":14518.37731061829},"Median":{"confidence_interval":{"confidence_level":0.95,"lower_bound":3712864.4642156867,"upper_bound":3829704.915458937},"point_estimate":3807240.2487387389,"standard_error":39789.20267871101},"MedianAbsDev":{"confidence_interval":{"confidence_level":0.95,"lower_bound":64292.06460752352,"upper_bound":150389.21515754047},"point_estimate":115026.06096293337,"standard_error":24727.494758396417},"Slope":{"confidence_interval":{"confidence_level":0.95,"lower_bound":3741136.824549892,"upper_bound":3792309.304245434},"point_estimate":3766756.6845042116,"standard_error":13072.184901500024},"StdDev":{"confidence_interval":{"confidence_level":0.95,"lower_bound":92633.90682554018,"upper_bound":198679.73461501362},"point_estimate":146370.61372842664,"standard_error":28750.708554756307}}