{"Mean":{"confidence_interval":{"confidence_level":0.95,"lower_bound":24504802.27168846,"upper_bound":24624035.466368006},"point_estimate":24562329.546944158,"standard_error":30461.903478690085},"Median":{"confidence_interval":{"confidence_level":0.95,"lower_bound":24486886.23558119,"upper_bound":24531701.97341629},"point_estimate":24505925.67518083,"standard_error":12139.545187580727},"MedianAbsDev":{"confidence_interval":{"confidence_level":0.95,"lower_bound":73918.10685837652,"upper_bound":131153.33896869559},"point_estimate":88898.27899035535,"standard_error":14713.000352726007},"Slope":{"confidence_interval":{"confidence_level":0.95,"lower_bound":24509312.453553205,"upper_bound":24602507.166479827},"point_estimate":24551546.654984487,"standard_error":23881.411842193233},"StdDev":{"confidence_interval":{"confidence_level":0.95,"lower_bound":229022.88065340225,"upper_bound":370609.2020012863},"point_estimate":306840.57821725177,"standard_error":36041.360334563105}}