{"Mean":{"confidence_interval":{"confidence_level":0.95,"lower_bound":25472.602892501214,"upper_bound":26418.16760652472},"point_estimate":25934.705570361442,"standard_error":241.47548678371366},"Median":{"confidence_interval":{"confidence_level":0.95,"lower_bound":24466.666680805938,"upper_bound":24576.9375},"point_estimate":24498.39587242026,"standard_error":30.734356396788625},"MedianAbsDev":{"confidence_interval":{"confidence_level":0.95,"lower_bound":89.49179823273623,"upper_bound":250.88586499907053},"point_estimate":135.27228656194627,"standard_error":42.20767347471659},"Slope":{"confidence_interval":{"confidence_level":0.95,"lower_bound":25685.34102436632,"upper_bound":27005.6871489404},"point_estimate":26315.70948462229,"standard_error":336.58703057907277},"StdDev":{"confidence_interval":{"confidence_level":0.95,"lower_bound":2107.682474125305,"upper_bound":2646.4703071445098},"point_estimate":2430.8250936250258,"standard_error":139.00300842321517}}