{"Mean":{"confidence_interval":{"confidence_level":0.95,"lower_bound":1.3913172729195463,"upper_bound":1.5862651322347233},"point_estimate":1.4896013119300196,"standard_error":0.04945944978429305},"Median":{"confidence_interval":{"confidence_level":0.95,"lower_bound":1.72391304148714,"upper_bound":1.7916144220758704},"point_estimate":1.7861019370631417,"standard_error":0.020619490557923706}}