{"Mean":{"confidence_interval":{"confidence_level":0.95,"lower_bound":676.520124096264,"upper_bound":705.7936198240074},"point_estimate":690.5829168307963,"standard_error":7.452056192310444},"Median":{"confidence_interval":{"confidence_level":0.95,"lower_bound":656.3568899699435,"upper_bound":656.9676943221045},"point_estimate":656.5444167691677,"standard_error":0.1744996364588524},"MedianAbsDev":{"confidence_interval":{"confidence_level":0.95,"lower_bound":0.5568003495897776,"upper_bound":1.4795516844523998},"point_estimate":0.8765222219730309,"standard_error":0.2245668954043217},"Slope":{"confidence_interval":{"confidence_level":0.95,"lower_bound":711.555533794251,"upper_bound":766.0582984282983},"point_estimate":740.1803298054319,"standard_error":13.887132737045798},"StdDev":{"confidence_interval":{"confidence_level":0.95,"lower_bound":58.73828368380472,"upper_bound":86.02933761716106},"point_estimate":74.85188860186438,"standard_error":6.976977910430133}}