{"Mean":{"confidence_interval":{"confidence_level":0.95,"lower_bound":15098233.98781928,"upper_bound":15157084.704085879},"point_estimate":15125759.31482039,"standard_error":15059.824106134005},"Median":{"confidence_interval":{"confidence_level":0.95,"lower_bound":15066548.068965517,"upper_bound":15107802.485294119},"point_estimate":15079491.676016566,"standard_error":9863.613465484264},"MedianAbsDev":{"confidence_interval":{"confidence_level":0.95,"lower_bound":66228.39964882797,"upper_bound":118743.21101188549},"point_estimate":88349.8581739245,"standard_error":13576.95792204495},"Slope":{"confidence_interval":{"confidence_level":0.95,"lower_bound":15088616.16495185,"upper_bound":15140911.304188312},"point_estimate":15113579.154044629,"standard_error":13355.105796635875},"StdDev":{"confidence_interval":{"confidence_level":0.95,"lower_bound":102984.41668960119,"upper_bound":198320.51670369559},"point_estimate":151096.5626613135,"standard_error":24928.071916205514}}