{"Mean":{"confidence_interval":{"confidence_level":0.95,"lower_bound":15.53325444659972,"upper_bound":16.21703750973887},"point_estimate":15.87192973626321,"standard_error":0.17440331007710653},"Median":{"confidence_interval":{"confidence_level":0.95,"lower_bound":14.967697478807587,"upper_bound":14.979024835210666},"point_estimate":14.971009464401093,"standard_error":0.0022799909508524147},"MedianAbsDev":{"confidence_interval":{"confidence_level":0.95,"lower_bound":0.01642011981642719,"upper_bound":0.03208451107903177},"point_estimate":0.02138822504173571,"standard_error":0.0034795371639830565},"Slope":{"confidence_interval":{"confidence_level":0.95,"lower_bound":16.275887453572439,"upper_bound":17.408669432549528},"point_estimate":16.858272721581213,"standard_error":0.2895052005416079},"StdDev":{"confidence_interval":{"confidence_level":0.95,"lower_bound":1.4486744185641814,"upper_bound":1.9533374458165945},"point_estimate":1.751367479457693,"standard_error":0.12701753637598366}}