{"Mean":{"confidence_interval":{"confidence_level":0.95,"lower_bound":9657148.338342265,"upper_bound":9799062.218761087},"point_estimate":9729591.857637946,"standard_error":36230.48682294174},"Median":{"confidence_interval":{"confidence_level":0.95,"lower_bound":9823390.23015873,"upper_bound":9896390.21875},"point_estimate":9862859.390950226,"standard_error":19192.01616525555},"MedianAbsDev":{"confidence_interval":{"confidence_level":0.95,"lower_bound":165663.61865444645,"upper_bound":327172.63082283988},"point_estimate":221241.72755270315,"standard_error":37758.89234115729},"Slope":{"confidence_interval":{"confidence_level":0.95,"lower_bound":9726596.172265524,"upper_bound":9852011.26914137},"point_estimate":9793724.546590809,"standard_error":31996.573775595676},"StdDev":{"confidence_interval":{"confidence_level":0.95,"lower_bound":311053.510199368,"upper_bound":410884.7478100738},"point_estimate":364423.31813136357,"standard_error":25376.84857132086}}