{"Mean":{"confidence_interval":{"confidence_level":0.95,"lower_bound":7776728.887905612,"upper_bound":7976660.736429835},"point_estimate":7875066.523057614,"standard_error":50965.53759467719},"Median":{"confidence_interval":{"confidence_level":0.95,"lower_bound":7473673.0,"upper_bound":7890795.044142615},"point_estimate":7545085.179045093,"standard_error":126465.55049608076},"MedianAbsDev":{"confidence_interval":{"confidence_level":0.95,"lower_bound":67710.46210153567,"upper_bound":659599.1506506719},"point_estimate":201228.24925159807,"standard_error":172281.7468286914},"Slope":{"confidence_interval":{"confidence_level":0.95,"lower_bound":7801650.199181561,"upper_bound":8036387.429780982},"point_estimate":7918146.972865376,"standard_error":59847.26673266452},"StdDev":{"confidence_interval":{"confidence_level":0.95,"lower_bound":446310.0611310938,"upper_bound":564486.6818209286},"point_estimate":511008.8419304038,"standard_error":30088.886105250625}}