{"Mean":{"confidence_interval":{"confidence_level":0.95,"lower_bound":4912.436540522196,"upper_bound":5015.93444095994},"point_estimate":4964.782129352784,"standard_error":26.43110533035867},"Median":{"confidence_interval":{"confidence_level":0.95,"lower_bound":5057.108846761454,"upper_bound":5082.397630331753},"point_estimate":5071.847325660122,"standard_error":16.869759107950804},"MedianAbsDev":{"confidence_interval":{"confidence_level":0.95,"lower_bound":65.31347470399791,"upper_bound":372.72581509243647},"point_estimate":296.81572858724408,"standard_error":73.88317129630868},"Slope":{"confidence_interval":{"confidence_level":0.95,"lower_bound":4854.782718758027,"upper_bound":4987.352001466421},"point_estimate":4922.09512958412,"standard_error":33.83603950767894},"StdDev":{"confidence_interval":{"confidence_level":0.95,"lower_bound":239.0635503679533,"upper_bound":285.8869198151145},"point_estimate":265.1465052757455,"standard_error":11.965927759854964}}