{"Mean":{"confidence_interval":{"confidence_level":0.95,"lower_bound":0.041685203749857468,"upper_bound":0.06631885787595432},"point_estimate":0.053822807786189977,"standard_error":0.006279207633701486},"Median":{"confidence_interval":{"confidence_level":0.95,"lower_bound":0.039394602793108027,"upper_bound":0.07607627916916329},"point_estimate":0.0594424785698886,"standard_error":0.010570259705673302}}