{"Mean":{"confidence_interval":{"confidence_level":0.95,"lower_bound":0.08407413540669996,"upper_bound":0.09818058595768821},"point_estimate":0.08988951498911457,"standard_error":0.0036644211403133195},"Median":{"confidence_interval":{"confidence_level":0.95,"lower_bound":0.08243073048454441,"upper_bound":0.08809912522628238},"point_estimate":0.08560904507535505,"standard_error":0.0014540329842305988}}