{"Mean":{"confidence_interval":{"confidence_level":0.95,"lower_bound":16842.185990020655,"upper_bound":17570.47551756113},"point_estimate":17205.13265118613,"standard_error":183.88024514552886},"Median":{"confidence_interval":{"confidence_level":0.95,"lower_bound":15610.772509867656,"upper_bound":19332.7016364699},"point_estimate":15641.479325758988,"standard_error":889.6808128291448},"MedianAbsDev":{"confidence_interval":{"confidence_level":0.95,"lower_bound":33.326094896547598,"upper_bound":2200.632820793283},"point_estimate":100.96122885493769,"standard_error":413.97704225581267},"Slope":{"confidence_interval":{"confidence_level":0.95,"lower_bound":16718.26144690407,"upper_bound":17672.18479217877},"point_estimate":17184.938896238727,"standard_error":243.2656199002908},"StdDev":{"confidence_interval":{"confidence_level":0.95,"lower_bound":1756.7946894494635,"upper_bound":1875.111404920761},"point_estimate":1848.3008991915015,"standard_error":31.040377189034414}}