{"Mean":{"confidence_interval":{"confidence_level":0.95,"lower_bound":22.157170212526269,"upper_bound":23.043815401413995},"point_estimate":22.592147342245409,"standard_error":0.22628227886378989},"Median":{"confidence_interval":{"confidence_level":0.95,"lower_bound":21.238607983022566,"upper_bound":21.273239063292306},"point_estimate":21.250346861039128,"standard_error":0.0099617811964893},"MedianAbsDev":{"confidence_interval":{"confidence_level":0.95,"lower_bound":0.027938592572657834,"upper_bound":0.07938796555121269},"point_estimate":0.044947298573038117,"standard_error":0.014540512729596179},"Slope":{"confidence_interval":{"confidence_level":0.95,"lower_bound":22.189992150960575,"upper_bound":23.290127707172965},"point_estimate":22.70007025888098,"standard_error":0.2795708545152586},"StdDev":{"confidence_interval":{"confidence_level":0.95,"lower_bound":1.974879965610555,"upper_bound":2.4856239917063887},"point_estimate":2.281749496496967,"standard_error":0.13143303698123219}}