{"Mean":{"confidence_interval":{"confidence_level":0.95,"lower_bound":216.9753667805444,"upper_bound":223.34344012952315},"point_estimate":220.06071761350544,"standard_error":1.6247619856011396},"Median":{"confidence_interval":{"confidence_level":0.95,"lower_bound":210.87043681907245,"upper_bound":211.08184461363229},"point_estimate":210.94147697941407,"standard_error":0.05737784987485562},"MedianAbsDev":{"confidence_interval":{"confidence_level":0.95,"lower_bound":0.20458195027220478,"upper_bound":0.5304762549947688},"point_estimate":0.3351554718177102,"standard_error":0.09003988419575157},"Slope":{"confidence_interval":{"confidence_level":0.95,"lower_bound":218.09082302731944,"upper_bound":226.36476832654567},"point_estimate":221.94372245378063,"standard_error":2.113540037235248},"StdDev":{"confidence_interval":{"confidence_level":0.95,"lower_bound":13.950461451426908,"upper_bound":18.030675424120515},"point_estimate":16.356389446979859,"standard_error":1.0541068595159942}}