{"Mean":{"confidence_interval":{"confidence_level":0.95,"lower_bound":106.91307217890997,"upper_bound":108.77475239570093},"point_estimate":107.80224530556917,"standard_error":0.4752815404027996},"Median":{"confidence_interval":{"confidence_level":0.95,"lower_bound":105.0478393705401,"upper_bound":105.11911384996729},"point_estimate":105.06252018170375,"standard_error":0.019461890414799795},"MedianAbsDev":{"confidence_interval":{"confidence_level":0.95,"lower_bound":0.08806194525267551,"upper_bound":0.19942343888808695},"point_estimate":0.117962490775681,"standard_error":0.02869014647266818},"Slope":{"confidence_interval":{"confidence_level":0.95,"lower_bound":109.28914684561532,"upper_bound":112.16492567984978},"point_estimate":110.80015949963719,"standard_error":0.7351046270126777},"StdDev":{"confidence_interval":{"confidence_level":0.95,"lower_bound":4.115896339723601,"upper_bound":5.218617052971351},"point_estimate":4.770693745173032,"standard_error":0.28387137759546546}}