{"Mean":{"confidence_interval":{"confidence_level":0.95,"lower_bound":255610.95861948946,"upper_bound":256514.5254290219},"point_estimate":256024.76334641188,"standard_error":231.86656000528746},"Median":{"confidence_interval":{"confidence_level":0.95,"lower_bound":255132.94444444445,"upper_bound":255496.7888888889},"point_estimate":255271.86813186814,"standard_error":95.28669904263085},"MedianAbsDev":{"confidence_interval":{"confidence_level":0.95,"lower_bound":497.92135204186709,"upper_bound":1036.125718086799},"point_estimate":753.0592142747489,"standard_error":130.91274050497624},"Slope":{"confidence_interval":{"confidence_level":0.95,"lower_bound":255113.84278584313,"upper_bound":255599.34121585379},"point_estimate":255336.64825476579,"standard_error":123.9706775456347},"StdDev":{"confidence_interval":{"confidence_level":0.95,"lower_bound":1476.0700218976675,"upper_bound":3039.358918805008},"point_estimate":2327.47632215622,"standard_error":401.99144263516748}}