{"Mean":{"confidence_interval":{"confidence_level":0.95,"lower_bound":14691783.873811605,"upper_bound":14776109.031741202},"point_estimate":14732578.3871793,"standard_error":21422.190242673754},"Median":{"confidence_interval":{"confidence_level":0.95,"lower_bound":14672878.673469387,"upper_bound":14725814.161616162},"point_estimate":14693071.38625731,"standard_error":12732.935703210898},"MedianAbsDev":{"confidence_interval":{"confidence_level":0.95,"lower_bound":77360.60549524735,"upper_bound":144548.97122166478},"point_estimate":109797.97003140742,"standard_error":16897.716121849455},"Slope":{"confidence_interval":{"confidence_level":0.95,"lower_bound":14708536.150629066,"upper_bound":14826388.916833505},"point_estimate":14763353.119098567,"standard_error":30195.139353894425},"StdDev":{"confidence_interval":{"confidence_level":0.95,"lower_bound":151839.8846813871,"upper_bound":271301.0459373767},"point_estimate":215199.0549189648,"standard_error":30536.39924740064}}