{"Mean":{"confidence_interval":{"confidence_level":0.95,"lower_bound":2183605.357320961,"upper_bound":2217227.78409686},"point_estimate":2200710.5924626665,"standard_error":8585.669285479618},"Median":{"confidence_interval":{"confidence_level":0.95,"lower_bound":2186628.2352941178,"upper_bound":2218258.8157894739},"point_estimate":2206280.515387538,"standard_error":7150.513931270235},"MedianAbsDev":{"confidence_interval":{"confidence_level":0.95,"lower_bound":41208.40941726256,"upper_bound":67733.28506872014},"point_estimate":55160.08190465649,"standard_error":6558.952516777752},"Slope":{"confidence_interval":{"confidence_level":0.95,"lower_bound":2190005.8836642189,"upper_bound":2208790.0225728589},"point_estimate":2199685.6612945178,"standard_error":4802.447714579277},"StdDev":{"confidence_interval":{"confidence_level":0.95,"lower_bound":63804.37309814959,"upper_bound":109604.36189952347},"point_estimate":86341.42770528596,"standard_error":11878.107986774769}}