{"Mean":{"confidence_interval":{"confidence_level":0.95,"lower_bound":510005.37459795657,"upper_bound":554203.6510004713},"point_estimate":532635.1978713488,"standard_error":11305.051274545784},"Median":{"confidence_interval":{"confidence_level":0.95,"lower_bound":571303.2544642857,"upper_bound":575373.2340962819},"point_estimate":573108.2777862132,"standard_error":1267.2293218366115},"MedianAbsDev":{"confidence_interval":{"confidence_level":0.95,"lower_bound":11046.925541746738,"upper_bound":126136.9196214328},"point_estimate":18220.55650568076,"standard_error":32062.67888510507},"Slope":{"confidence_interval":{"confidence_level":0.95,"lower_bound":564241.1787494102,"upper_bound":600647.101119514},"point_estimate":583642.0215605142,"standard_error":9282.976363368314},"StdDev":{"confidence_interval":{"confidence_level":0.95,"lower_bound":98710.52080373929,"upper_bound":124546.24585110587},"point_estimate":113549.04753544877,"standard_error":6598.584949906539}}