{"Mean":{"confidence_interval":{"confidence_level":0.95,"lower_bound":99534779.45865448,"upper_bound":100495669.56543303},"point_estimate":100004409.41948155,"standard_error":244575.35751796457},"Median":{"confidence_interval":{"confidence_level":0.95,"lower_bound":98331109.04285714,"upper_bound":100313173.38356164},"point_estimate":99566113.3509003,"standard_error":411563.4477926332},"MedianAbsDev":{"confidence_interval":{"confidence_level":0.95,"lower_bound":1298586.153085476,"upper_bound":3196743.526014295},"point_estimate":2682507.214584098,"standard_error":425058.8176592023},"Slope":{"confidence_interval":{"confidence_level":0.95,"lower_bound":99579847.47677049,"upper_bound":100354943.94729781},"point_estimate":99969430.6501522,"standard_error":198211.27910159285},"StdDev":{"confidence_interval":{"confidence_level":0.95,"lower_bound":2067556.0140916319,"upper_bound":2794002.7551789807},"point_estimate":2457701.542339543,"standard_error":185428.75517436357}}