{"Mean":{"confidence_interval":{"confidence_level":0.95,"lower_bound":10206076.287563388,"upper_bound":10288674.907181373},"point_estimate":10246421.528524196,"standard_error":21065.415009928598},"Median":{"confidence_interval":{"confidence_level":0.95,"lower_bound":10122039.0,"upper_bound":10277857.228915664},"point_estimate":10187730.790031814,"standard_error":39060.65203444235},"MedianAbsDev":{"confidence_interval":{"confidence_level":0.95,"lower_bound":143064.4391603656,"upper_bound":288503.04198808697},"point_estimate":222837.30109697209,"standard_error":39242.26753485752},"Slope":{"confidence_interval":{"confidence_level":0.95,"lower_bound":10190403.767501466,"upper_bound":10279912.188243503},"point_estimate":10234736.768198612,"standard_error":22854.683241457682},"StdDev":{"confidence_interval":{"confidence_level":0.95,"lower_bound":180502.72546379263,"upper_bound":243882.80260482676},"point_estimate":211766.17842392843,"standard_error":16298.169874951993}}