{"Mean":{"confidence_interval":{"confidence_level":0.95,"lower_bound":2628.3126871239126,"upper_bound":2675.622175361877},"point_estimate":2650.661018957053,"standard_error":12.07267880578929},"Median":{"confidence_interval":{"confidence_level":0.95,"lower_bound":2606.8325057570525,"upper_bound":2640.8473526554405},"point_estimate":2625.6536377374789,"standard_error":8.286038411349177},"MedianAbsDev":{"confidence_interval":{"confidence_level":0.95,"lower_bound":52.66553938147231,"upper_bound":93.92096389193267},"point_estimate":75.2805346602782,"standard_error":10.313286875816365},"Slope":{"confidence_interval":{"confidence_level":0.95,"lower_bound":2650.011420380347,"upper_bound":2730.3214877330235},"point_estimate":2688.5123316827855,"standard_error":20.502503317164796},"StdDev":{"confidence_interval":{"confidence_level":0.95,"lower_bound":87.6177818449735,"upper_bound":149.18086123935445},"point_estimate":121.37093841653824,"standard_error":15.704540085043894}}