{"Mean":{"confidence_interval":{"confidence_level":0.95,"lower_bound":31.262823973400978,"upper_bound":31.29044103843763},"point_estimate":31.276731121008497,"standard_error":0.007058139123883781},"Median":{"confidence_interval":{"confidence_level":0.95,"lower_bound":31.26136823596464,"upper_bound":31.299647076183854},"point_estimate":31.289186075309453,"standard_error":0.011179738742241286},"MedianAbsDev":{"confidence_interval":{"confidence_level":0.95,"lower_bound":0.05449817379023804,"upper_bound":0.09633270879799637},"point_estimate":0.0739003218569027,"standard_error":0.011861234543316814},"Slope":{"confidence_interval":{"confidence_level":0.95,"lower_bound":31.278406839129795,"upper_bound":31.30559055919411},"point_estimate":31.291972501289214,"standard_error":0.006922376271711327},"StdDev":{"confidence_interval":{"confidence_level":0.95,"lower_bound":0.061482762862930837,"upper_bound":0.07964134186988833},"point_estimate":0.07106546951085229,"standard_error":0.004644273635476636}}