{"Mean":{"confidence_interval":{"confidence_level":0.95,"lower_bound":1752838.1139861036,"upper_bound":1781799.571826249},"point_estimate":1767629.6721052647,"standard_error":7381.410446585818},"Median":{"confidence_interval":{"confidence_level":0.95,"lower_bound":1805561.79,"upper_bound":1808468.7027027028},"point_estimate":1807489.9671428572,"standard_error":759.5156375605668},"MedianAbsDev":{"confidence_interval":{"confidence_level":0.95,"lower_bound":7989.2409730218109,"upper_bound":28850.690193797647},"point_estimate":10499.252335406372,"standard_error":6470.4939768220879},"Slope":{"confidence_interval":{"confidence_level":0.95,"lower_bound":1710601.0336890177,"upper_bound":1752088.0090826038},"point_estimate":1730688.4410373874,"standard_error":10607.136277312326},"StdDev":{"confidence_interval":{"confidence_level":0.95,"lower_bound":65618.28420521398,"upper_bound":79777.9364316026},"point_estimate":74186.23728011112,"standard_error":3634.7514826488406}}