{"Mean":{"confidence_interval":{"confidence_level":0.95,"lower_bound":846.6601068791201,"upper_bound":878.3355555794567},"point_estimate":861.5275547513537,"standard_error":8.081560368606756},"Median":{"confidence_interval":{"confidence_level":0.95,"lower_bound":830.0385399100618,"upper_bound":830.6393014658193},"point_estimate":830.3252471847338,"standard_error":0.15918594473839446},"MedianAbsDev":{"confidence_interval":{"confidence_level":0.95,"lower_bound":0.4841110489521679,"upper_bound":1.2680605069983895},"point_estimate":0.8054581149501264,"standard_error":0.2009674577821045},"Slope":{"confidence_interval":{"confidence_level":0.95,"lower_bound":876.3828775369249,"upper_bound":943.4604643186663},"point_estimate":910.9021807596682,"standard_error":17.13874488692759},"StdDev":{"confidence_interval":{"confidence_level":0.95,"lower_bound":59.58994023938698,"upper_bound":97.29123572911682},"point_estimate":80.90599838415231,"standard_error":9.5164533801976}}