{"Mean":{"confidence_interval":{"confidence_level":0.95,"lower_bound":36.27053715025631,"upper_bound":37.10119551772534},"point_estimate":36.673293579315927,"standard_error":0.21215812211120373},"Median":{"confidence_interval":{"confidence_level":0.95,"lower_bound":35.513604945548468,"upper_bound":35.56422335042476},"point_estimate":35.5266736828516,"standard_error":0.013082365796405475},"MedianAbsDev":{"confidence_interval":{"confidence_level":0.95,"lower_bound":0.04268393181079952,"upper_bound":0.11530539163802005},"point_estimate":0.0646434357680415,"standard_error":0.018030350777094318},"Slope":{"confidence_interval":{"confidence_level":0.95,"lower_bound":36.76495787396809,"upper_bound":38.05674881276886},"point_estimate":37.398254424469367,"standard_error":0.32867444620028676},"StdDev":{"confidence_interval":{"confidence_level":0.95,"lower_bound":1.7972141080552695,"upper_bound":2.3653823084893896},"point_estimate":2.128702336137613,"standard_error":0.14741281789694464}}