{"Mean":{"confidence_interval":{"confidence_level":0.95,"lower_bound":40272.35991898745,"upper_bound":40346.93246194899},"point_estimate":40306.1922747086,"standard_error":19.144443382871253},"Median":{"confidence_interval":{"confidence_level":0.95,"lower_bound":40241.3718227216,"upper_bound":40284.163278688524},"point_estimate":40267.98742424243,"standard_error":11.822754040228308},"MedianAbsDev":{"confidence_interval":{"confidence_level":0.95,"lower_bound":67.04341309510495,"upper_bound":114.66232426385759},"point_estimate":94.441155088164,"standard_error":12.620850621731023},"Slope":{"confidence_interval":{"confidence_level":0.95,"lower_bound":40217.036800364476,"upper_bound":40249.67077041071},"point_estimate":40232.78492046697,"standard_error":8.340552096543233},"StdDev":{"confidence_interval":{"confidence_level":0.95,"lower_bound":109.88737195391019,"upper_bound":270.76459057441158},"point_estimate":192.43457943219054,"standard_error":42.41774557607073}}