{"Mean":{"confidence_interval":{"confidence_level":0.95,"lower_bound":525816.7678792159,"upper_bound":533843.6166279093},"point_estimate":529063.3103271924,"standard_error":2107.4442020887029},"Median":{"confidence_interval":{"confidence_level":0.95,"lower_bound":523921.3107988689,"upper_bound":524217.25925925929},"point_estimate":524063.52210012209,"standard_error":62.764856565671788},"MedianAbsDev":{"confidence_interval":{"confidence_level":0.95,"lower_bound":441.2515992451497,"upper_bound":838.5213948627924},"point_estimate":648.583435360371,"standard_error":97.85254086872631},"Slope":{"confidence_interval":{"confidence_level":0.95,"lower_bound":524542.2907679663,"upper_bound":531135.7016057043},"point_estimate":527104.1719210877,"standard_error":1725.5680113211318},"StdDev":{"confidence_interval":{"confidence_level":0.95,"lower_bound":5820.340796206892,"upper_bound":34211.39385361295},"point_estimate":21110.39887211365,"standard_error":8553.505333929254}}