{"Mean":{"confidence_interval":{"confidence_level":0.95,"lower_bound":214297.38484470169,"upper_bound":220140.63401015316},"point_estimate":217137.3871797833,"standard_error":1494.704118959187},"Median":{"confidence_interval":{"confidence_level":0.95,"lower_bound":203764.52916666668,"upper_bound":227128.4090909091},"point_estimate":222862.16272881357,"standard_error":7842.420013049476},"MedianAbsDev":{"confidence_interval":{"confidence_level":0.95,"lower_bound":1185.162847801257,"upper_bound":25814.673854058274},"point_estimate":13400.775303979204,"standard_error":7396.171569280935},"Slope":{"confidence_interval":{"confidence_level":0.95,"lower_bound":213723.0838885954,"upper_bound":224378.9519545524},"point_estimate":218628.9714065317,"standard_error":2739.9121690698059},"StdDev":{"confidence_interval":{"confidence_level":0.95,"lower_bound":12153.569215634738,"upper_bound":18568.49449818269},"point_estimate":15002.909351755148,"standard_error":1750.4216244786429}}