{"Mean":{"confidence_interval":{"confidence_level":0.95,"lower_bound":289.0669452063826,"upper_bound":305.2822932199531},"point_estimate":297.19597929981679,"standard_error":4.115961996432853},"Median":{"confidence_interval":{"confidence_level":0.95,"lower_bound":255.279852724595,"upper_bound":337.1948904451324},"point_estimate":329.42067162752246,"standard_error":35.98163795322802},"MedianAbsDev":{"confidence_interval":{"confidence_level":0.95,"lower_bound":0.48713730019674236,"upper_bound":51.818857320193888},"point_estimate":12.446769865934759,"standard_error":14.37649002446112},"Slope":{"confidence_interval":{"confidence_level":0.95,"lower_bound":278.67201670626425,"upper_bound":299.8036950912098},"point_estimate":289.1489261300781,"standard_error":5.396195870242592},"StdDev":{"confidence_interval":{"confidence_level":0.95,"lower_bound":40.171346327789347,"upper_bound":41.667742044660737},"point_estimate":41.381959851658169,"standard_error":0.3866473737004589}}