{"Mean":{"confidence_interval":{"confidence_level":0.95,"lower_bound":5122844.418139582,"upper_bound":5137386.474790358},"point_estimate":5129968.979422529,"standard_error":3707.1749330626364},"Median":{"confidence_interval":{"confidence_level":0.95,"lower_bound":5115947.402298851,"upper_bound":5131954.643076923},"point_estimate":5120995.854449153,"standard_error":4411.274079317738},"MedianAbsDev":{"confidence_interval":{"confidence_level":0.95,"lower_bound":22846.96405753422,"upper_bound":40664.01467145224},"point_estimate":29920.899179908913,"standard_error":4812.162637013407},"Slope":{"confidence_interval":{"confidence_level":0.95,"lower_bound":5115369.7071203649,"upper_bound":5131152.100892166},"point_estimate":5122777.027243978,"standard_error":4011.3315556512759},"StdDev":{"confidence_interval":{"confidence_level":0.95,"lower_bound":30291.783091677942,"upper_bound":43990.36472860472},"point_estimate":37384.91694636688,"standard_error":3498.14292637104}}