{"Mean":{"confidence_interval":{"confidence_level":0.95,"lower_bound":373126.0248148106,"upper_bound":379527.1523991652},"point_estimate":376300.30578419347,"standard_error":1638.3297221721237},"Median":{"confidence_interval":{"confidence_level":0.95,"lower_bound":362838.26515151516,"upper_bound":386016.1111111111},"point_estimate":363770.7333333333,"standard_error":5287.535198951142},"MedianAbsDev":{"confidence_interval":{"confidence_level":0.95,"lower_bound":1586.0270463877794,"upper_bound":15410.351255266865},"point_estimate":3572.325791476208,"standard_error":3416.9513910713396},"Slope":{"confidence_interval":{"confidence_level":0.95,"lower_bound":374562.7891762945,"upper_bound":383328.22745859899},"point_estimate":378963.6423190976,"standard_error":2240.561321340781},"StdDev":{"confidence_interval":{"confidence_level":0.95,"lower_bound":15512.397362133048,"upper_bound":16846.195388141594},"point_estimate":16452.0981709739,"standard_error":346.97187130963877}}