{"Mean":{"confidence_interval":{"confidence_level":0.95,"lower_bound":1064.2532043987847,"upper_bound":1067.1706543362032},"point_estimate":1065.724421013816,"standard_error":0.743201080282023},"Median":{"confidence_interval":{"confidence_level":0.95,"lower_bound":1065.2118985279197,"upper_bound":1068.744363617603},"point_estimate":1067.1482055796317,"standard_error":1.0651552821247657},"MedianAbsDev":{"confidence_interval":{"confidence_level":0.95,"lower_bound":4.465736757120415,"upper_bound":8.876700282901182},"point_estimate":5.78980457627644,"standard_error":1.1776436398349564},"Slope":{"confidence_interval":{"confidence_level":0.95,"lower_bound":1062.7911324103253,"upper_bound":1066.6135391606536},"point_estimate":1064.743985237773,"standard_error":0.9763413739611155},"StdDev":{"confidence_interval":{"confidence_level":0.95,"lower_bound":6.518117043776156,"upper_bound":8.306398635712311},"point_estimate":7.465949468399533,"standard_error":0.4545790439933716}}