{"Mean":{"confidence_interval":{"confidence_level":0.95,"lower_bound":805.1477496665763,"upper_bound":806.7480897127279},"point_estimate":805.9342543846557,"standard_error":0.40909040960066919},"Median":{"confidence_interval":{"confidence_level":0.95,"lower_bound":803.085505612305,"upper_bound":805.0646831473785},"point_estimate":803.4091218187123,"standard_error":0.44966141696563385},"MedianAbsDev":{"confidence_interval":{"confidence_level":0.95,"lower_bound":1.000810671139849,"upper_bound":4.011409190527478},"point_estimate":1.6570478491279779,"standard_error":0.6667188313832118},"Slope":{"confidence_interval":{"confidence_level":0.95,"lower_bound":803.3464656403568,"upper_bound":804.5310695180218},"point_estimate":803.874216510129,"standard_error":0.30380400859994219},"StdDev":{"confidence_interval":{"confidence_level":0.95,"lower_bound":3.6488288426121078,"upper_bound":4.446809420590544},"point_estimate":4.096685308725956,"standard_error":0.20275100435182057}}