{"Mean":{"confidence_interval":{"confidence_level":0.95,"lower_bound":15.304373350094038,"upper_bound":15.878538980315966},"point_estimate":15.578933400645003,"standard_error":0.14681531088950987},"Median":{"confidence_interval":{"confidence_level":0.95,"lower_bound":14.952161296269221,"upper_bound":14.959946009971628},"point_estimate":14.953601224088788,"standard_error":0.00194205646360482},"MedianAbsDev":{"confidence_interval":{"confidence_level":0.95,"lower_bound":0.009106346640047267,"upper_bound":0.02226348136066922},"point_estimate":0.012535063061520137,"standard_error":0.0032821889383941535},"Slope":{"confidence_interval":{"confidence_level":0.95,"lower_bound":15.46010556742832,"upper_bound":16.31440030911734},"point_estimate":15.86326893691803,"standard_error":0.21809372109507448},"StdDev":{"confidence_interval":{"confidence_level":0.95,"lower_bound":1.1426881336932729,"upper_bound":1.7317768273291439},"point_estimate":1.4778831592873379,"standard_error":0.15294637447139407}}