{"Mean":{"confidence_interval":{"confidence_level":0.95,"lower_bound":1317.7746744241106,"upper_bound":1411.7158702592599},"point_estimate":1364.3544793725874,"standard_error":23.92414965869786},"Median":{"confidence_interval":{"confidence_level":0.95,"lower_bound":1164.3448505523068,"upper_bound":1541.6952703395917},"point_estimate":1166.7214981899193,"standard_error":84.74775344532427},"MedianAbsDev":{"confidence_interval":{"confidence_level":0.95,"lower_bound":8.045615366821967,"upper_bound":238.23668030303225},"point_estimate":14.625430206696182,"standard_error":51.215601391967819},"Slope":{"confidence_interval":{"confidence_level":0.95,"lower_bound":1339.667710935414,"upper_bound":1468.1369957940909},"point_estimate":1405.1936526711589,"standard_error":32.680313930835},"StdDev":{"confidence_interval":{"confidence_level":0.95,"lower_bound":226.64813475644366,"upper_bound":245.2055151915362},"point_estimate":239.98250526193855,"standard_error":4.85013836376697}}