{"Mean":{"confidence_interval":{"confidence_level":0.95,"lower_bound":368.3825327140885,"upper_bound":387.5617870382999},"point_estimate":377.5512133846225,"standard_error":4.911636024436161},"Median":{"confidence_interval":{"confidence_level":0.95,"lower_bound":351.30232861754657,"upper_bound":351.609535225978},"point_estimate":351.38306874287886,"standard_error":0.0830589325832725},"MedianAbsDev":{"confidence_interval":{"confidence_level":0.95,"lower_bound":0.22044355283943688,"upper_bound":0.6682845528538829},"point_estimate":0.3473481729065939,"standard_error":0.12062540974967449},"Slope":{"confidence_interval":{"confidence_level":0.95,"lower_bound":372.6464818221178,"upper_bound":398.63153530615127},"point_estimate":384.8732967797803,"standard_error":6.637672460772238},"StdDev":{"confidence_interval":{"confidence_level":0.95,"lower_bound":41.16008156261177,"upper_bound":54.844329413298819},"point_estimate":49.29905091797878,"standard_error":3.498588232363701}}