{"Mean":{"confidence_interval":{"confidence_level":0.95,"lower_bound":0.6993081702324007,"upper_bound":0.7594626390544758},"point_estimate":0.7275984564161109,"standard_error":0.015109813741153727},"Median":{"confidence_interval":{"confidence_level":0.95,"lower_bound":0.6607224488842759,"upper_bound":0.6697921303666743},"point_estimate":0.6638265843029672,"standard_error":0.0027717012174778637}}