{"Mean":{"confidence_interval":{"confidence_level":0.95,"lower_bound":9.131656869749947,"upper_bound":9.199435178634183},"point_estimate":9.16547897018526,"standard_error":0.017303826294600184},"Median":{"confidence_interval":{"confidence_level":0.95,"lower_bound":9.012781726281359,"upper_bound":9.291152550727018},"point_estimate":9.020036504269428,"standard_error":0.10151653912487536},"MedianAbsDev":{"confidence_interval":{"confidence_level":0.95,"lower_bound":0.023187689824725075,"upper_bound":0.29402003042395105},"point_estimate":0.04148646284159173,"standard_error":0.08949352233797764},"Slope":{"confidence_interval":{"confidence_level":0.95,"lower_bound":9.027725968581193,"upper_bound":9.058681627738105},"point_estimate":9.041026472911309,"standard_error":0.007927955521505284},"StdDev":{"confidence_interval":{"confidence_level":0.95,"lower_bound":0.16427701890605804,"upper_bound":0.1820870916630284},"point_estimate":0.17445621848540086,"standard_error":0.0045114310299996869}}