{"Mean":{"confidence_interval":{"confidence_level":0.95,"lower_bound":562000.91064404,"upper_bound":562735.1185621525},"point_estimate":562297.8309266312,"standard_error":193.22146191547589},"Median":{"confidence_interval":{"confidence_level":0.95,"lower_bound":561875.91875,"upper_bound":562032.2258064516},"point_estimate":561964.785742732,"standard_error":43.04123281304515},"MedianAbsDev":{"confidence_interval":{"confidence_level":0.95,"lower_bound":230.90039615483503,"upper_bound":418.3835815196625},"point_estimate":347.9482816187905,"standard_error":51.16297988163533},"Slope":{"confidence_interval":{"confidence_level":0.95,"lower_bound":561895.4360168957,"upper_bound":562446.3217255275},"point_estimate":562086.6285325846,"standard_error":154.92164753385564},"StdDev":{"confidence_interval":{"confidence_level":0.95,"lower_bound":524.5587291062127,"upper_bound":3157.427182908707},"point_estimate":1945.732316779672,"standard_error":796.6795665367226}}