{"Mean":{"confidence_interval":{"confidence_level":0.95,"lower_bound":1984.8707677204914,"upper_bound":1991.5546642749158},"point_estimate":1988.198071363689,"standard_error":1.7055979650176243},"Median":{"confidence_interval":{"confidence_level":0.95,"lower_bound":1982.5011410124812,"upper_bound":1992.1634167893963},"point_estimate":1986.597684889105,"standard_error":2.5299220956023515},"MedianAbsDev":{"confidence_interval":{"confidence_level":0.95,"lower_bound":13.658050986672294,"upper_bound":22.122861952810447},"point_estimate":17.342789614784367,"standard_error":2.167298325066958},"Slope":{"confidence_interval":{"confidence_level":0.95,"lower_bound":1982.0246604285733,"upper_bound":1990.4315244653083},"point_estimate":1986.2435613095084,"standard_error":2.144279200211306},"StdDev":{"confidence_interval":{"confidence_level":0.95,"lower_bound":14.8085406594205,"upper_bound":19.374011757974907},"point_estimate":17.15090608198241,"standard_error":1.17067554156257}}