{"Mean":{"confidence_interval":{"confidence_level":0.95,"lower_bound":0.05419639414334448,"upper_bound":0.09672316886326085},"point_estimate":0.07375820961508906,"standard_error":0.010473863379019727},"Median":{"confidence_interval":{"confidence_level":0.95,"lower_bound":0.008373761962285453,"upper_bound":0.013075891873261636},"point_estimate":0.011704510762773346,"standard_error":0.0011759153433763769}}