{"Mean":{"confidence_interval":{"confidence_level":0.95,"lower_bound":4249670.172126867,"upper_bound":4266645.886244261},"point_estimate":4256860.61242057,"standard_error":4408.620034577511},"Median":{"confidence_interval":{"confidence_level":0.95,"lower_bound":4242205.978582356,"upper_bound":4247705.140277778},"point_estimate":4243819.492519181,"standard_error":1497.1118163754659},"MedianAbsDev":{"confidence_interval":{"confidence_level":0.95,"lower_bound":6410.762545745021,"upper_bound":13473.718919489298},"point_estimate":9093.375739903087,"standard_error":1801.9221317794634},"Slope":{"confidence_interval":{"confidence_level":0.95,"lower_bound":4240593.9396822149,"upper_bound":4243891.849983343},"point_estimate":4242084.45146446,"standard_error":844.8664898819105},"StdDev":{"confidence_interval":{"confidence_level":0.95,"lower_bound":17305.6024508962,"upper_bound":69284.33000528292},"point_estimate":44368.621926071406,"standard_error":15155.414670997341}}