{"Mean":{"confidence_interval":{"confidence_level":0.95,"lower_bound":-0.012259775260929475,"upper_bound":0.012314447502328761},"point_estimate":-0.00038779372113229016,"standard_error":0.006292723835764627},"Median":{"confidence_interval":{"confidence_level":0.95,"lower_bound":0.0001175706064933113,"upper_bound":0.0008259870460924912},"point_estimate":0.00046969446551670124,"standard_error":0.00018915749996820436}}