{"Mean":{"confidence_interval":{"confidence_level":0.95,"lower_bound":-0.0014180298799978866,"upper_bound":0.00850165351588683},"point_estimate":0.003593269690336909,"standard_error":0.0025329676977248977},"Median":{"confidence_interval":{"confidence_level":0.95,"lower_bound":0.0025246993924813029,"upper_bound":0.011848891286345698},"point_estimate":0.009395223018137778,"standard_error":0.0030099376735434905}}