{"Mean":{"confidence_interval":{"confidence_level":0.95,"lower_bound":2798.0661818152427,"upper_bound":2842.7757034845014},"point_estimate":2819.533755895563,"standard_error":11.412186128791582},"Median":{"confidence_interval":{"confidence_level":0.95,"lower_bound":2759.9996947496949,"upper_bound":2808.2692280118678},"point_estimate":2805.4756423473438,"standard_error":13.06387934234462},"MedianAbsDev":{"confidence_interval":{"confidence_level":0.95,"lower_bound":57.21379319944983,"upper_bound":109.0889048612235},"point_estimate":88.04378497419667,"standard_error":13.662662332429522},"Slope":{"confidence_interval":{"confidence_level":0.95,"lower_bound":2796.6823271048817,"upper_bound":2861.7659518662519},"point_estimate":2827.359774982665,"standard_error":16.595151205679416},"StdDev":{"confidence_interval":{"confidence_level":0.95,"lower_bound":88.92552738094074,"upper_bound":136.47503630716603},"point_estimate":114.65725892040462,"standard_error":12.12271613545354}}