{"Mean":{"confidence_interval":{"confidence_level":0.95,"lower_bound":25096031.36554173,"upper_bound":26689561.216844657},"point_estimate":25877297.21789892,"standard_error":406664.1220219702},"Median":{"confidence_interval":{"confidence_level":0.95,"lower_bound":22320268.706666668,"upper_bound":26741691.553846156},"point_estimate":23979196.673446329,"standard_error":1126851.3794485464},"MedianAbsDev":{"confidence_interval":{"confidence_level":0.95,"lower_bound":239078.1274446981,"upper_bound":6409914.684355917},"point_estimate":2690476.6793514175,"standard_error":1585341.8163291109},"Slope":{"confidence_interval":{"confidence_level":0.95,"lower_bound":25709796.95480281,"upper_bound":27312857.47741617},"point_estimate":26520162.42790306,"standard_error":409647.6460571286},"StdDev":{"confidence_interval":{"confidence_level":0.95,"lower_bound":3622233.410740745,"upper_bound":4459411.827210132},"point_estimate":4080154.8327976416,"standard_error":213770.26439029707}}