{"Mean":{"confidence_interval":{"confidence_level":0.95,"lower_bound":203336.72401335339,"upper_bound":208742.17999726404},"point_estimate":205744.24531588079,"standard_error":1388.3100125997126},"Median":{"confidence_interval":{"confidence_level":0.95,"lower_bound":201169.71219512195,"upper_bound":201412.365625},"point_estimate":201298.0108225108,"standard_error":57.48679749748157},"MedianAbsDev":{"confidence_interval":{"confidence_level":0.95,"lower_bound":391.4786926794799,"upper_bound":763.8842926456033},"point_estimate":539.9413246670031,"standard_error":99.47876498238841},"Slope":{"confidence_interval":{"confidence_level":0.95,"lower_bound":203023.95722002147,"upper_bound":208190.63025647956},"point_estimate":205276.9645361312,"standard_error":1328.818711556187},"StdDev":{"confidence_interval":{"confidence_level":0.95,"lower_bound":6732.414776841464,"upper_bound":19908.647465447342},"point_estimate":13943.300759188745,"standard_error":3382.052604320782}}