{"Mean":{"confidence_interval":{"confidence_level":0.95,"lower_bound":34387909.69210049,"upper_bound":37651334.78138615},"point_estimate":36012795.211784567,"standard_error":834539.8257957432},"Median":{"confidence_interval":{"confidence_level":0.95,"lower_bound":34226422.30337079,"upper_bound":37752774.627224627},"point_estimate":35569044.905354458,"standard_error":929048.9587821033},"MedianAbsDev":{"confidence_interval":{"confidence_level":0.95,"lower_bound":7035927.469271064,"upper_bound":12221132.928455908},"point_estimate":10278559.192629278,"standard_error":1307675.7434412244},"Slope":{"confidence_interval":{"confidence_level":0.95,"lower_bound":36802875.41481505,"upper_bound":39322308.87964286},"point_estimate":37974493.05282991,"standard_error":644216.5587796075},"StdDev":{"confidence_interval":{"confidence_level":0.95,"lower_bound":7483058.013409373,"upper_bound":9158015.453527818},"point_estimate":8389944.86290719,"standard_error":426925.61721361507}}