{"Mean":{"confidence_interval":{"confidence_level":0.95,"lower_bound":33977421.657782558,"upper_bound":37118341.49596857},"point_estimate":35544184.93737903,"standard_error":802963.7777756018},"Median":{"confidence_interval":{"confidence_level":0.95,"lower_bound":33645784.4,"upper_bound":37224152.88175675},"point_estimate":35095891.02407673,"standard_error":907207.7426308672},"MedianAbsDev":{"confidence_interval":{"confidence_level":0.95,"lower_bound":6309455.492415108,"upper_bound":11473395.850751326},"point_estimate":9125292.7422068,"standard_error":1330418.0001788878},"Slope":{"confidence_interval":{"confidence_level":0.95,"lower_bound":36185540.04665564,"upper_bound":38602729.555141579},"point_estimate":37318412.64123836,"standard_error":617196.319911597},"StdDev":{"confidence_interval":{"confidence_level":0.95,"lower_bound":7187527.012632461,"upper_bound":8891632.903613966},"point_estimate":8104595.396721569,"standard_error":433088.72329388957}}