{"Mean":{"confidence_interval":{"confidence_level":0.95,"lower_bound":350.5136881470132,"upper_bound":350.7395732261188},"point_estimate":350.61976287485018,"standard_error":0.057747958459307979},"Median":{"confidence_interval":{"confidence_level":0.95,"lower_bound":350.32459997441006,"upper_bound":350.4837147519036},"point_estimate":350.3928165007112,"standard_error":0.04206339861402144},"MedianAbsDev":{"confidence_interval":{"confidence_level":0.95,"lower_bound":0.13312502395585835,"upper_bound":0.3252220827752245},"point_estimate":0.22929776952925683,"standard_error":0.04794130462030134},"Slope":{"confidence_interval":{"confidence_level":0.95,"lower_bound":350.29172132154329,"upper_bound":350.34424630261},"point_estimate":350.3149330341518,"standard_error":0.013386595753757615},"StdDev":{"confidence_interval":{"confidence_level":0.95,"lower_bound":0.4192502799523352,"upper_bound":0.7161865368248356},"point_estimate":0.5810615061012465,"standard_error":0.07593648805207418}}