{"Mean":{"confidence_interval":{"confidence_level":0.95,"lower_bound":4943226.051214748,"upper_bound":4972815.180775595},"point_estimate":4955989.593043348,"standard_error":7620.296882411466},"Median":{"confidence_interval":{"confidence_level":0.95,"lower_bound":4932336.553014552,"upper_bound":4938844.853658536},"point_estimate":4935002.923931624,"standard_error":1383.5298732306715},"MedianAbsDev":{"confidence_interval":{"confidence_level":0.95,"lower_bound":7370.621245620952,"upper_bound":13965.258424416077},"point_estimate":10222.54655795673,"standard_error":1638.8822136665622},"Slope":{"confidence_interval":{"confidence_level":0.95,"lower_bound":4929362.709997294,"upper_bound":4931414.024958452},"point_estimate":4930303.0491709769,"standard_error":522.6611929303549},"StdDev":{"confidence_interval":{"confidence_level":0.95,"lower_bound":29784.21721342123,"upper_bound":117150.75592968177},"point_estimate":76668.42456319432,"standard_error":23169.978528953896}}