{"Mean":{"confidence_interval":{"confidence_level":0.95,"lower_bound":4227483.196154672,"upper_bound":4242807.251889421},"point_estimate":4234303.044235075,"standard_error":3933.874386481864},"Median":{"confidence_interval":{"confidence_level":0.95,"lower_bound":4220571.539362699,"upper_bound":4226939.942857143},"point_estimate":4224172.3138864249,"standard_error":1792.24643535765},"MedianAbsDev":{"confidence_interval":{"confidence_level":0.95,"lower_bound":7665.401227027257,"upper_bound":14018.951207337937},"point_estimate":11247.205411756353,"standard_error":1755.7669127630555},"Slope":{"confidence_interval":{"confidence_level":0.95,"lower_bound":4217749.289619768,"upper_bound":4220651.4575938279},"point_estimate":4219086.63789567,"standard_error":741.8936188617455},"StdDev":{"confidence_interval":{"confidence_level":0.95,"lower_bound":18532.41328733605,"upper_bound":56582.3518929954},"point_estimate":39408.00893622072,"standard_error":9772.592368925432}}