{"Mean":{"confidence_interval":{"confidence_level":0.95,"lower_bound":937018.9850350764,"upper_bound":937746.3798009886},"point_estimate":937356.3868816211,"standard_error":185.94064899256609},"Median":{"confidence_interval":{"confidence_level":0.95,"lower_bound":936622.0157894737,"upper_bound":936855.3076923078},"point_estimate":936735.5515873015,"standard_error":48.08989317271417},"MedianAbsDev":{"confidence_interval":{"confidence_level":0.95,"lower_bound":327.4990352574213,"upper_bound":598.5567509477501},"point_estimate":461.38834173896137,"standard_error":70.69830491814212},"Slope":{"confidence_interval":{"confidence_level":0.95,"lower_bound":936405.3795753786,"upper_bound":936577.9383339947},"point_estimate":936495.6803398847,"standard_error":43.99763758403576},"StdDev":{"confidence_interval":{"confidence_level":0.95,"lower_bound":1184.986833124671,"upper_bound":2455.080354391158},"point_estimate":1873.9443503961955,"standard_error":324.10154243481687}}