{"Mean":{"confidence_interval":{"confidence_level":0.95,"lower_bound":110.33213331260798,"upper_bound":112.61509379731706},"point_estimate":111.47881409042837,"standard_error":0.5763908336240415},"Median":{"confidence_interval":{"confidence_level":0.95,"lower_bound":104.92762091371918,"upper_bound":116.3874347981422},"point_estimate":116.36976545503188,"standard_error":2.8032810246037638},"MedianAbsDev":{"confidence_interval":{"confidence_level":0.95,"lower_bound":0.09808733113448513,"upper_bound":7.243123187694853},"point_estimate":0.30676850441403138,"standard_error":1.332179795927065},"Slope":{"confidence_interval":{"confidence_level":0.95,"lower_bound":106.28445177671139,"upper_bound":107.95475961464075},"point_estimate":107.00928584830456,"standard_error":0.42862286299188259},"StdDev":{"confidence_interval":{"confidence_level":0.95,"lower_bound":5.483822517019948,"upper_bound":5.847552838991286},"point_estimate":5.765681070706541,"standard_error":0.09660051705978588}}