{"Mean":{"confidence_interval":{"confidence_level":0.95,"lower_bound":6817150.588940832,"upper_bound":6909072.384292464},"point_estimate":6861141.9807521239,"standard_error":23518.40474504102},"Median":{"confidence_interval":{"confidence_level":0.95,"lower_bound":6760112.541534111,"upper_bound":6828977.658823529},"point_estimate":6786123.4605263159,"standard_error":15425.956217333587},"MedianAbsDev":{"confidence_interval":{"confidence_level":0.95,"lower_bound":97061.48479891385,"upper_bound":157563.50544665109},"point_estimate":121639.81949001867,"standard_error":15394.169955611695},"Slope":{"confidence_interval":{"confidence_level":0.95,"lower_bound":6826494.236566246,"upper_bound":6941084.361876932},"point_estimate":6880182.708263632,"standard_error":29411.822283372156},"StdDev":{"confidence_interval":{"confidence_level":0.95,"lower_bound":180620.37436633279,"upper_bound":280726.5477083122},"point_estimate":236016.4079530928,"standard_error":25626.74555799152}}