{"Mean":{"confidence_interval":{"confidence_level":0.95,"lower_bound":0.06099130523536122,"upper_bound":0.11519615141156217},"point_estimate":0.08709052693209807,"standard_error":0.01337053293613907},"Median":{"confidence_interval":{"confidence_level":0.95,"lower_bound":0.011983833800144117,"upper_bound":0.013662741231061038},"point_estimate":0.01261037907640894,"standard_error":0.00038108712515813245}}