{"Mean":{"confidence_interval":{"confidence_level":0.95,"lower_bound":1203.1247473882802,"upper_bound":1277.619974975944},"point_estimate":1239.3046834228997,"standard_error":19.03179002014563},"Median":{"confidence_interval":{"confidence_level":0.95,"lower_bound":1135.5300608667399,"upper_bound":1137.7652875736204},"point_estimate":1136.6682618164696,"standard_error":0.5666973989960767},"MedianAbsDev":{"confidence_interval":{"confidence_level":0.95,"lower_bound":4.244615917226422,"upper_bound":7.97770310445777},"point_estimate":5.508423285156518,"standard_error":0.9382577468326148},"Slope":{"confidence_interval":{"confidence_level":0.95,"lower_bound":1137.2043383447017,"upper_bound":1144.4106655512306},"point_estimate":1140.2349988154177,"standard_error":1.8367922190710147},"StdDev":{"confidence_interval":{"confidence_level":0.95,"lower_bound":163.2787804143933,"upper_bound":212.27255655815285},"point_estimate":192.10819049615155,"standard_error":12.552381279049694}}