{"Mean":{"confidence_interval":{"confidence_level":0.95,"lower_bound":6590810.252187925,"upper_bound":6615084.880422053},"point_estimate":6601768.148507667,"standard_error":6218.092490415701},"Median":{"confidence_interval":{"confidence_level":0.95,"lower_bound":6582199.20324748,"upper_bound":6588859.275862069},"point_estimate":6584700.416211293,"standard_error":1606.2671356721185},"MedianAbsDev":{"confidence_interval":{"confidence_level":0.95,"lower_bound":11232.871243900086,"upper_bound":19065.3625785596},"point_estimate":14933.370824554017,"standard_error":1979.517476504345},"Slope":{"confidence_interval":{"confidence_level":0.95,"lower_bound":6589909.7740076989,"upper_bound":6613375.562053525},"point_estimate":6600483.180753658,"standard_error":6018.259766318566},"StdDev":{"confidence_interval":{"confidence_level":0.95,"lower_bound":32809.31103140215,"upper_bound":86669.32892108127},"point_estimate":62095.021800993294,"standard_error":13771.133443866804}}