{"Mean":{"confidence_interval":{"confidence_level":0.95,"lower_bound":2694970.3074254344,"upper_bound":2719578.624205626},"point_estimate":2706938.435304643,"standard_error":6262.215941109507},"Median":{"confidence_interval":{"confidence_level":0.95,"lower_bound":2680373.3846153847,"upper_bound":2700191.4751861046},"point_estimate":2693138.354166667,"standard_error":5365.120999342594},"MedianAbsDev":{"confidence_interval":{"confidence_level":0.95,"lower_bound":23482.56091655033,"upper_bound":42246.96098023924},"point_estimate":32764.123057559806,"standard_error":4713.04735806464},"Slope":{"confidence_interval":{"confidence_level":0.95,"lower_bound":2700650.033645021,"upper_bound":2729796.9464481759},"point_estimate":2714631.3390187679,"standard_error":7460.741482432182},"StdDev":{"confidence_interval":{"confidence_level":0.95,"lower_bound":47563.378579899494,"upper_bound":76466.81234966974},"point_estimate":62857.95942119886,"standard_error":7355.690502576347}}