{"Mean":{"confidence_interval":{"confidence_level":0.95,"lower_bound":1360351.279735792,"upper_bound":1365248.4410895587},"point_estimate":1362609.6278799177,"standard_error":1252.2056869718502},"Median":{"confidence_interval":{"confidence_level":0.95,"lower_bound":1355633.3461538463,"upper_bound":1362225.155080214},"point_estimate":1356786.0341880343,"standard_error":1695.2343062696598},"MedianAbsDev":{"confidence_interval":{"confidence_level":0.95,"lower_bound":2067.7399884364724,"upper_bound":9639.708217539184},"point_estimate":4068.6055061974254,"standard_error":2109.032644898149},"Slope":{"confidence_interval":{"confidence_level":0.95,"lower_bound":1361215.8880358993,"upper_bound":1366886.526247896},"point_estimate":1363923.6818117335,"standard_error":1446.091720938807},"StdDev":{"confidence_interval":{"confidence_level":0.95,"lower_bound":7636.767963345769,"upper_bound":16723.55529295807},"point_estimate":12555.402141957757,"standard_error":2312.8372086963297}}