{"Mean":{"confidence_interval":{"confidence_level":0.95,"lower_bound":47743188.90178801,"upper_bound":48147275.4052404},"point_estimate":47943430.50815758,"standard_error":103277.93484675224},"Median":{"confidence_interval":{"confidence_level":0.95,"lower_bound":47585471.58184904,"upper_bound":48201183.31818182},"point_estimate":47909070.86519608,"standard_error":170984.6020808243},"MedianAbsDev":{"confidence_interval":{"confidence_level":0.95,"lower_bound":762426.9967517174,"upper_bound":1274495.8364059972},"point_estimate":938278.9994118976,"standard_error":136920.30357693076},"Slope":{"confidence_interval":{"confidence_level":0.95,"lower_bound":47906117.03999462,"upper_bound":48171902.124098587},"point_estimate":48037998.42566573,"standard_error":67865.48699292494},"StdDev":{"confidence_interval":{"confidence_level":0.95,"lower_bound":882626.9173198335,"upper_bound":1178272.1971469152},"point_estimate":1038459.1052375545,"standard_error":75848.78953991654}}