{"Mean":{"confidence_interval":{"confidence_level":0.95,"lower_bound":4417202.278001854,"upper_bound":4559705.317072971},"point_estimate":4486654.826281161,"standard_error":36331.30382060567},"Median":{"confidence_interval":{"confidence_level":0.95,"lower_bound":4254997.791125542,"upper_bound":4274778.658333333},"point_estimate":4260369.813858695,"standard_error":5564.053679300305},"MedianAbsDev":{"confidence_interval":{"confidence_level":0.95,"lower_bound":16915.9155549927,"upper_bound":48838.57952774249},"point_estimate":25644.52787578733,"standard_error":8666.050377108075},"Slope":{"confidence_interval":{"confidence_level":0.95,"lower_bound":4425336.034807158,"upper_bound":4617777.658142243},"point_estimate":4517715.274210137,"standard_error":49335.94606327376},"StdDev":{"confidence_interval":{"confidence_level":0.95,"lower_bound":317053.1874852372,"upper_bound":399541.3318666809},"point_estimate":365914.6024091836,"standard_error":21222.621198854504}}