{"Mean":{"confidence_interval":{"confidence_level":0.95,"lower_bound":27643781.514753749,"upper_bound":27815550.460487326},"point_estimate":27728745.508519759,"standard_error":44069.68001376888},"Median":{"confidence_interval":{"confidence_level":0.95,"lower_bound":27595612.224390244,"upper_bound":27840694.9015625},"point_estimate":27730324.82450384,"standard_error":58717.7490521536},"MedianAbsDev":{"confidence_interval":{"confidence_level":0.95,"lower_bound":371236.9924172849,"upper_bound":623045.8658763011},"point_estimate":480121.7806247059,"standard_error":62783.701819879294},"Slope":{"confidence_interval":{"confidence_level":0.95,"lower_bound":27673871.672198785,"upper_bound":27848298.468134718},"point_estimate":27760440.463960396,"standard_error":44438.30718917194},"StdDev":{"confidence_interval":{"confidence_level":0.95,"lower_bound":382299.7707299653,"upper_bound":499558.5051938527},"point_estimate":443055.60541437866,"standard_error":29998.24703726202}}