{"Mean":{"confidence_interval":{"confidence_level":0.95,"lower_bound":49537.30881530148,"upper_bound":49878.77384511279},"point_estimate":49658.28644904787,"standard_error":102.01885333696487},"Median":{"confidence_interval":{"confidence_level":0.95,"lower_bound":49510.74746963562,"upper_bound":49528.24458204334},"point_estimate":49516.05972886762,"standard_error":4.629139914738111},"MedianAbsDev":{"confidence_interval":{"confidence_level":0.95,"lower_bound":22.613313012875495,"upper_bound":39.7789715363482},"point_estimate":28.862591736569859,"standard_error":4.299258739074618},"Slope":{"confidence_interval":{"confidence_level":0.95,"lower_bound":49504.19719386889,"upper_bound":50057.78371521215},"point_estimate":49683.92413492724,"standard_error":161.0104489305973},"StdDev":{"confidence_interval":{"confidence_level":0.95,"lower_bound":68.59736537004787,"upper_bound":1743.634964881058},"point_estimate":1022.5622307949629,"standard_error":580.0609642054247}}