{"Mean":{"confidence_interval":{"confidence_level":0.95,"lower_bound":39738728.74218831,"upper_bound":39896219.92952166},"point_estimate":39816610.74813397,"standard_error":39920.40015542705},"Median":{"confidence_interval":{"confidence_level":0.95,"lower_bound":39749603.516483519,"upper_bound":39905360.76470588},"point_estimate":39807961.275913808,"standard_error":35593.685469147036},"MedianAbsDev":{"confidence_interval":{"confidence_level":0.95,"lower_bound":209736.766680303,"upper_bound":367551.8173791151},"point_estimate":270566.5844483084,"standard_error":39033.838449350886},"Slope":{"confidence_interval":{"confidence_level":0.95,"lower_bound":39808438.40563258,"upper_bound":39918759.3873687},"point_estimate":39862177.65876459,"standard_error":28143.916282171136},"StdDev":{"confidence_interval":{"confidence_level":0.95,"lower_bound":311811.18963915909,"upper_bound":483933.2105141167},"point_estimate":399790.4713183692,"standard_error":44040.084516904666}}