{"Mean":{"confidence_interval":{"confidence_level":0.95,"lower_bound":21.646179872883225,"upper_bound":21.657051324889154},"point_estimate":21.651284707124196,"standard_error":0.0027734894524793515},"Median":{"confidence_interval":{"confidence_level":0.95,"lower_bound":21.645165560867058,"upper_bound":21.65327565138555},"point_estimate":21.647926832030146,"standard_error":0.002292171269223677},"MedianAbsDev":{"confidence_interval":{"confidence_level":0.95,"lower_bound":0.01268126474539667,"upper_bound":0.023241211387530045},"point_estimate":0.01768972990223768,"standard_error":0.0025914632087892075},"Slope":{"confidence_interval":{"confidence_level":0.95,"lower_bound":21.63684842455725,"upper_bound":21.644819984614047},"point_estimate":21.640836875356798,"standard_error":0.0020414456939491494},"StdDev":{"confidence_interval":{"confidence_level":0.95,"lower_bound":0.0192746779053944,"upper_bound":0.03706328855021395},"point_estimate":0.027802671314720387,"standard_error":0.004754710916647701}}