{"Mean":{"confidence_interval":{"confidence_level":0.95,"lower_bound":1207640.4237657027,"upper_bound":1249211.1901492046},"point_estimate":1227022.2404614378,"standard_error":10595.898855541294},"Median":{"confidence_interval":{"confidence_level":0.95,"lower_bound":1159721.3,"upper_bound":1265832.103448276},"point_estimate":1161002.5,"standard_error":20889.788805795903},"MedianAbsDev":{"confidence_interval":{"confidence_level":0.95,"lower_bound":1913.5003615479423,"upper_bound":140848.35570896566},"point_estimate":5552.606694278664,"standard_error":29686.845235559646},"Slope":{"confidence_interval":{"confidence_level":0.95,"lower_bound":1180787.7141322206,"upper_bound":1202859.032263435},"point_estimate":1190468.563862864,"standard_error":5622.658897473646},"StdDev":{"confidence_interval":{"confidence_level":0.95,"lower_bound":73049.35417753502,"upper_bound":138258.840956871},"point_estimate":106496.12636851896,"standard_error":16783.496398283147}}