{"Mean":{"confidence_interval":{"confidence_level":0.95,"lower_bound":-0.22786405825814963,"upper_bound":-0.17135516863842618},"point_estimate":-0.20097219729932959,"standard_error":0.01442662216033869},"Median":{"confidence_interval":{"confidence_level":0.95,"lower_bound":-0.30756622754588888,"upper_bound":-0.3072986391050138},"point_estimate":-0.30745548266249225,"standard_error":0.007302389810238669}}