{"Mean":{"confidence_interval":{"confidence_level":0.95,"lower_bound":0.7207175392721394,"upper_bound":0.7894033749239687},"point_estimate":0.7540425831616393,"standard_error":0.017241987865665898},"Median":{"confidence_interval":{"confidence_level":0.95,"lower_bound":0.6391727250415298,"upper_bound":0.6756623788469645},"point_estimate":0.6559939116029427,"standard_error":0.011344998062457849}}