{"Mean":{"confidence_interval":{"confidence_level":0.95,"lower_bound":0.9170871774303253,"upper_bound":0.9479620176200285},"point_estimate":0.932792564232938,"standard_error":0.007874901112355382},"Median":{"confidence_interval":{"confidence_level":0.95,"lower_bound":0.922728488402867,"upper_bound":0.9687076119740676},"point_estimate":0.9474651000718197,"standard_error":0.012077383008327522}}