{"Mean":{"confidence_interval":{"confidence_level":0.95,"lower_bound":-0.10069173537802,"upper_bound":-0.047595532586343029},"point_estimate":-0.0753512163258192,"standard_error":0.013572192970454655},"Median":{"confidence_interval":{"confidence_level":0.95,"lower_bound":-0.1952215727292423,"upper_bound":-0.0036688663674251389},"point_estimate":-0.19474363354569036,"standard_error":0.034603168435217799}}