{"Mean":{"confidence_interval":{"confidence_level":0.95,"lower_bound":945434.3530280384,"upper_bound":948173.746282913},"point_estimate":946677.5988026763,"standard_error":704.4797008582337},"Median":{"confidence_interval":{"confidence_level":0.95,"lower_bound":944513.4091880343,"upper_bound":944810.2151898735},"point_estimate":944669.773569277,"standard_error":80.31454684577736},"MedianAbsDev":{"confidence_interval":{"confidence_level":0.95,"lower_bound":337.11781801492386,"upper_bound":650.5468342032037},"point_estimate":454.5293018733309,"standard_error":81.42683351085432},"Slope":{"confidence_interval":{"confidence_level":0.95,"lower_bound":945548.5432111236,"upper_bound":952852.5590634077},"point_estimate":949111.6858504508,"standard_error":1839.4231677699136},"StdDev":{"confidence_interval":{"confidence_level":0.95,"lower_bound":3513.8119124235247,"upper_bound":9635.114189813432},"point_estimate":7093.618973221358,"standard_error":1471.204469024664}}