{"Mean":{"confidence_interval":{"confidence_level":0.95,"lower_bound":1794379.3308417369,"upper_bound":1829158.8529939342},"point_estimate":1812300.9261432847,"standard_error":8917.420909839218},"Median":{"confidence_interval":{"confidence_level":0.95,"lower_bound":1858182.0169753088,"upper_bound":1860651.0714285714},"point_estimate":1859089.2238095238,"standard_error":692.1502738827566},"MedianAbsDev":{"confidence_interval":{"confidence_level":0.95,"lower_bound":5141.912160577654,"upper_bound":12405.850419344919},"point_estimate":8213.651196714596,"standard_error":1751.1176772531777},"Slope":{"confidence_interval":{"confidence_level":0.95,"lower_bound":1738817.0733944909,"upper_bound":1793575.928649226},"point_estimate":1765424.8499807893,"standard_error":13959.479641013837},"StdDev":{"confidence_interval":{"confidence_level":0.95,"lower_bound":77054.30517198648,"upper_bound":98784.6399859399},"point_estimate":89907.04353157999,"standard_error":5589.064046826484}}