{"Mean":{"confidence_interval":{"confidence_level":0.95,"lower_bound":1917390.3201952158,"upper_bound":2008442.4698758566},"point_estimate":1961724.6037090375,"standard_error":23222.554317427417},"Median":{"confidence_interval":{"confidence_level":0.95,"lower_bound":1813568.121527778,"upper_bound":1816876.4},"point_estimate":1814199.16827957,"standard_error":1187.03091037613},"MedianAbsDev":{"confidence_interval":{"confidence_level":0.95,"lower_bound":2482.0928141164229,"upper_bound":7497.862579059248},"point_estimate":3763.5532374871825,"standard_error":1752.1015101337662},"Slope":{"confidence_interval":{"confidence_level":0.95,"lower_bound":1991872.9212208987,"upper_bound":2121798.7201962128},"point_estimate":2057035.0652105809,"standard_error":33324.470996652555},"StdDev":{"confidence_interval":{"confidence_level":0.95,"lower_bound":204549.61337145783,"upper_bound":251941.87946936457},"point_estimate":233078.28036238423,"standard_error":12187.40082983783}}