{"Mean":{"confidence_interval":{"confidence_level":0.95,"lower_bound":26.9805695903501,"upper_bound":27.38733375881963},"point_estimate":27.17232049956829,"standard_error":0.10431623096213683},"Median":{"confidence_interval":{"confidence_level":0.95,"lower_bound":26.75909286919417,"upper_bound":26.776348642371909},"point_estimate":26.771051251550849,"standard_error":0.004725838513161576},"MedianAbsDev":{"confidence_interval":{"confidence_level":0.95,"lower_bound":0.032126957435745489,"upper_bound":0.08285322934650033},"point_estimate":0.04471594938347813,"standard_error":0.013133176819140304},"Slope":{"confidence_interval":{"confidence_level":0.95,"lower_bound":27.36438465367495,"upper_bound":28.23250397963879},"point_estimate":27.81115065428873,"standard_error":0.22196902092706068},"StdDev":{"confidence_interval":{"confidence_level":0.95,"lower_bound":0.7748989586761874,"upper_bound":1.259260365986611},"point_estimate":1.0500867136510448,"standard_error":0.1221777219428661}}