{"Mean":{"confidence_interval":{"confidence_level":0.95,"lower_bound":33367861.726972678,"upper_bound":33606932.28421283},"point_estimate":33486825.843284385,"standard_error":60839.54635490169},"Median":{"confidence_interval":{"confidence_level":0.95,"lower_bound":33263068.506104329,"upper_bound":33648162.00621999},"point_estimate":33463285.179950764,"standard_error":102974.45846393769},"MedianAbsDev":{"confidence_interval":{"confidence_level":0.95,"lower_bound":489453.76015653487,"upper_bound":723213.7953603221},"point_estimate":615624.5904704804,"standard_error":59978.88858575099},"Slope":{"confidence_interval":{"confidence_level":0.95,"lower_bound":33379414.578361818,"upper_bound":33591818.41332859},"point_estimate":33483897.597186347,"standard_error":54298.8306323349},"StdDev":{"confidence_interval":{"confidence_level":0.95,"lower_bound":512955.9044995643,"upper_bound":702983.1309233883},"point_estimate":611213.2141284006,"standard_error":48678.24370543815}}