{"Mean":{"confidence_interval":{"confidence_level":0.95,"lower_bound":881.8019247480238,"upper_bound":896.4821727746343},"point_estimate":888.2192930143219,"standard_error":3.665587559484441},"Median":{"confidence_interval":{"confidence_level":0.95,"lower_bound":880.8362134478932,"upper_bound":881.0644985465116},"point_estimate":880.9188890551376,"standard_error":0.04886678787752257},"MedianAbsDev":{"confidence_interval":{"confidence_level":0.95,"lower_bound":0.4735731203145669,"upper_bound":0.82456015126619},"point_estimate":0.6718252150405587,"standard_error":0.09434033028049785},"Slope":{"confidence_interval":{"confidence_level":0.95,"lower_bound":881.9096396588846,"upper_bound":921.6542154539319},"point_estimate":900.5315438293222,"standard_error":10.034665275665539},"StdDev":{"confidence_interval":{"confidence_level":0.95,"lower_bound":4.451309102470939,"upper_bound":54.9829691919295},"point_estimate":36.936637173938638,"standard_error":11.2817066734734}}