{"Mean":{"confidence_interval":{"confidence_level":0.95,"lower_bound":4264.699279919849,"upper_bound":4300.291892445115},"point_estimate":4281.80685311966,"standard_error":9.093822764205522},"Median":{"confidence_interval":{"confidence_level":0.95,"lower_bound":4224.8936697016,"upper_bound":4273.088669950739},"point_estimate":4235.760301334611,"standard_error":12.057578648678597},"MedianAbsDev":{"confidence_interval":{"confidence_level":0.95,"lower_bound":20.3443325072438,"upper_bound":76.63103505003055},"point_estimate":38.36213686166459,"standard_error":14.549948480193234},"Slope":{"confidence_interval":{"confidence_level":0.95,"lower_bound":4251.963353173568,"upper_bound":4301.0358383647949},"point_estimate":4274.548769312174,"standard_error":12.553705017552004},"StdDev":{"confidence_interval":{"confidence_level":0.95,"lower_bound":72.14046937549618,"upper_bound":107.32732932358452},"point_estimate":91.38601646936363,"standard_error":9.003935526434957}}