{"Mean":{"confidence_interval":{"confidence_level":0.95,"lower_bound":294366889.34225097,"upper_bound":294793028.44769737},"point_estimate":294576009.50100269,"standard_error":108706.59097901806},"Median":{"confidence_interval":{"confidence_level":0.95,"lower_bound":294183924.26666668,"upper_bound":294611225.3232304},"point_estimate":294357812.2482518,"standard_error":109315.01128189289},"MedianAbsDev":{"confidence_interval":{"confidence_level":0.95,"lower_bound":671001.2815087601,"upper_bound":1193465.4311739505},"point_estimate":927012.1875738064,"standard_error":129075.25975163914},"Slope":{"confidence_interval":{"confidence_level":0.95,"lower_bound":294022893.8887109,"upper_bound":294356585.0366902},"point_estimate":294182855.86143347,"standard_error":85257.0849357582},"StdDev":{"confidence_interval":{"confidence_level":0.95,"lower_bound":919176.1993120224,"upper_bound":1257495.8428513027},"point_estimate":1096332.1389819023,"standard_error":86270.22018300402}}