{"Mean":{"confidence_interval":{"confidence_level":0.95,"lower_bound":53273352.65368281,"upper_bound":53921289.85010727},"point_estimate":53592107.75480781,"standard_error":165198.35383188277},"Median":{"confidence_interval":{"confidence_level":0.95,"lower_bound":53151582.83993688,"upper_bound":53882076.27941176},"point_estimate":53549220.030519489,"standard_error":197972.8878996101},"MedianAbsDev":{"confidence_interval":{"confidence_level":0.95,"lower_bound":1209210.0053598926,"upper_bound":2039185.1698710754},"point_estimate":1577784.7856732717,"standard_error":211295.52559866422},"Slope":{"confidence_interval":{"confidence_level":0.95,"lower_bound":53170041.902504619,"upper_bound":53749973.0644776},"point_estimate":53459175.4666115,"standard_error":147978.88130244593},"StdDev":{"confidence_interval":{"confidence_level":0.95,"lower_bound":1393476.9784803354,"upper_bound":1916052.2104708115},"point_estimate":1660635.6694069235,"standard_error":133605.45765537994}}