{"Mean":{"confidence_interval":{"confidence_level":0.95,"lower_bound":12248.777246119744,"upper_bound":12768.197768761876},"point_estimate":12500.234857612528,"standard_error":133.42545890786654},"Median":{"confidence_interval":{"confidence_level":0.95,"lower_bound":11734.079801825248,"upper_bound":11755.057995495496},"point_estimate":11741.933746246246,"standard_error":5.473777630839319},"MedianAbsDev":{"confidence_interval":{"confidence_level":0.95,"lower_bound":20.75766631318619,"upper_bound":55.683975815991228},"point_estimate":33.327224300479908,"standard_error":9.525261192344404},"Slope":{"confidence_interval":{"confidence_level":0.95,"lower_bound":12406.079685712237,"upper_bound":13140.93284720708},"point_estimate":12753.810206447026,"standard_error":188.05774938328146},"StdDev":{"confidence_interval":{"confidence_level":0.95,"lower_bound":1140.9711173599936,"upper_bound":1469.256316566725},"point_estimate":1336.7200429853306,"standard_error":84.50403832982177}}