{"Mean":{"confidence_interval":{"confidence_level":0.95,"lower_bound":151067.78292900019,"upper_bound":152461.13269030039},"point_estimate":151772.6580180856,"standard_error":356.29874986941607},"Median":{"confidence_interval":{"confidence_level":0.95,"lower_bound":154260.9380952381,"upper_bound":154439.15611946534},"point_estimate":154393.87525229873,"standard_error":370.6644916028026},"MedianAbsDev":{"confidence_interval":{"confidence_level":0.95,"lower_bound":220.67927685361964,"upper_bound":694.9795683434975},"point_estimate":358.0701576283921,"standard_error":266.7317935614913},"Slope":{"confidence_interval":{"confidence_level":0.95,"lower_bound":149962.52738388146,"upper_bound":151878.07750607484},"point_estimate":150929.2782477992,"standard_error":488.2419341891123},"StdDev":{"confidence_interval":{"confidence_level":0.95,"lower_bound":3311.3124381218897,"upper_bound":3715.174104925938},"point_estimate":3582.689484026597,"standard_error":105.38294982058311}}