{"Mean":{"confidence_interval":{"confidence_level":0.95,"lower_bound":3504.4032501690919,"upper_bound":3657.837010747138},"point_estimate":3579.8989823214067,"standard_error":39.11247861713606},"Median":{"confidence_interval":{"confidence_level":0.95,"lower_bound":3373.50159133788,"upper_bound":3379.9582567603049},"point_estimate":3376.5295330904057,"standard_error":1.7390890249016798},"MedianAbsDev":{"confidence_interval":{"confidence_level":0.95,"lower_bound":7.41812799595886,"upper_bound":16.81649220825448},"point_estimate":11.394228953336177,"standard_error":2.5540098119628089},"Slope":{"confidence_interval":{"confidence_level":0.95,"lower_bound":3531.8273032166305,"upper_bound":3736.135479848375},"point_estimate":3627.603922690471,"standard_error":52.16011033695041},"StdDev":{"confidence_interval":{"confidence_level":0.95,"lower_bound":325.26525199024959,"upper_bound":438.4630087081485},"point_estimate":392.68614121687519,"standard_error":28.52260401341525}}