{"Mean":{"confidence_interval":{"confidence_level":0.95,"lower_bound":794.1347997401495,"upper_bound":821.0966011107296},"point_estimate":806.8600659716733,"standard_error":6.900412791806128},"Median":{"confidence_interval":{"confidence_level":0.95,"lower_bound":781.0325868996699,"upper_bound":781.2963782337199},"point_estimate":781.114995382736,"standard_error":0.06314665662397053},"MedianAbsDev":{"confidence_interval":{"confidence_level":0.95,"lower_bound":0.36508958585295678,"upper_bound":0.75667743329069},"point_estimate":0.4740544295856193,"standard_error":0.09647016591408982},"Slope":{"confidence_interval":{"confidence_level":0.95,"lower_bound":798.5449962240095,"upper_bound":836.8959322088605},"point_estimate":816.2180222222896,"standard_error":9.786403937683286},"StdDev":{"confidence_interval":{"confidence_level":0.95,"lower_bound":50.13093922634634,"upper_bound":84.08573496589129},"point_estimate":69.51042577952308,"standard_error":8.651077658772462}}