{"Mean":{"confidence_interval":{"confidence_level":0.95,"lower_bound":3916109.6181100795,"upper_bound":3991527.7292787835},"point_estimate":3955750.7698672858,"standard_error":19195.15140714358},"Median":{"confidence_interval":{"confidence_level":0.95,"lower_bound":3943594.3818416728,"upper_bound":3988973.2272946864},"point_estimate":3969935.300412736,"standard_error":10962.282011084937},"MedianAbsDev":{"confidence_interval":{"confidence_level":0.95,"lower_bound":94001.59961289905,"upper_bound":174023.49961431125},"point_estimate":147438.29952498419,"standard_error":22465.996007701382},"Slope":{"confidence_interval":{"confidence_level":0.95,"lower_bound":3934735.400841422,"upper_bound":3987528.707777631},"point_estimate":3960831.929587705,"standard_error":13450.918769528616},"StdDev":{"confidence_interval":{"confidence_level":0.95,"lower_bound":127194.7541289535,"upper_bound":260944.60064823807},"point_estimate":193143.40668799424,"standard_error":35390.775590770434}}