{"Mean":{"confidence_interval":{"confidence_level":0.95,"lower_bound":6831.211497485992,"upper_bound":6847.880184340523},"point_estimate":6838.918336976033,"standard_error":4.29072859898277},"Median":{"confidence_interval":{"confidence_level":0.95,"lower_bound":6824.4807881773399,"upper_bound":6839.387356321839},"point_estimate":6830.676251486326,"standard_error":4.159185177471405},"MedianAbsDev":{"confidence_interval":{"confidence_level":0.95,"lower_bound":18.034944403458537,"upper_bound":28.657954534323407},"point_estimate":22.886009872824503,"standard_error":2.5765265530326535},"Slope":{"confidence_interval":{"confidence_level":0.95,"lower_bound":6818.701071542245,"upper_bound":6828.488973551772},"point_estimate":6823.596649827,"standard_error":2.4996182082282707},"StdDev":{"confidence_interval":{"confidence_level":0.95,"lower_bound":25.62297157070052,"upper_bound":58.690710618039208},"point_estimate":43.09249047488907,"standard_error":8.549252870174272}}