{"Mean":{"confidence_interval":{"confidence_level":0.95,"lower_bound":35702.80686706995,"upper_bound":35850.683428193806},"point_estimate":35768.944421676955,"standard_error":37.99168670737132},"Median":{"confidence_interval":{"confidence_level":0.95,"lower_bound":35654.561732804235,"upper_bound":35700.066836734695},"point_estimate":35679.12596006144,"standard_error":13.218532188777687},"MedianAbsDev":{"confidence_interval":{"confidence_level":0.95,"lower_bound":76.0671786521388,"upper_bound":124.1232028253903},"point_estimate":103.67205218494436,"standard_error":11.998676570629728},"Slope":{"confidence_interval":{"confidence_level":0.95,"lower_bound":35618.873083360704,"upper_bound":35956.411900958374},"point_estimate":35758.66471215352,"standard_error":90.71191078400305},"StdDev":{"confidence_interval":{"confidence_level":0.95,"lower_bound":182.76002840558898,"upper_bound":535.5954621646562},"point_estimate":380.92293109933618,"standard_error":89.96254663123054}}