{"Mean":{"confidence_interval":{"confidence_level":0.95,"lower_bound":0.002962946938626588,"upper_bound":0.0071688705928506},"point_estimate":0.005041350149303181,"standard_error":0.0010654566505687914},"Median":{"confidence_interval":{"confidence_level":0.95,"lower_bound":0.001861039324673186,"upper_bound":0.008174931515945172},"point_estimate":0.004523861407072394,"standard_error":0.0016819840383894625}}