{"Mean":{"confidence_interval":{"confidence_level":0.95,"lower_bound":6981302.693153726,"upper_bound":7522735.161372086},"point_estimate":7250733.455972032,"standard_error":138068.13576075249},"Median":{"confidence_interval":{"confidence_level":0.95,"lower_bound":5989251.050989345,"upper_bound":7930479.461538462},"point_estimate":6845603.128333334,"standard_error":520809.5983600483},"MedianAbsDev":{"confidence_interval":{"confidence_level":0.95,"lower_bound":155447.08362040588,"upper_bound":2402582.7830114036},"point_estimate":1411262.9699881615,"standard_error":683787.4624708725},"Slope":{"confidence_interval":{"confidence_level":0.95,"lower_bound":6861316.176013788,"upper_bound":7534869.264858998},"point_estimate":7191572.531887099,"standard_error":171419.51618186543},"StdDev":{"confidence_interval":{"confidence_level":0.95,"lower_bound":1281295.5762679536,"upper_bound":1465902.2740267439},"point_estimate":1387534.9256578668,"standard_error":47154.972032672864}}