{"Mean":{"confidence_interval":{"confidence_level":0.95,"lower_bound":24307.630271760598,"upper_bound":25212.957226466468},"point_estimate":24731.652975456935,"standard_error":231.26976865779165},"Median":{"confidence_interval":{"confidence_level":0.95,"lower_bound":23825.25681492109,"upper_bound":23908.715839063312},"point_estimate":23867.287010139764,"standard_error":24.55827513975511},"MedianAbsDev":{"confidence_interval":{"confidence_level":0.95,"lower_bound":54.55658216838818,"upper_bound":161.90718965631855},"point_estimate":104.72925627274603,"standard_error":30.6928925831954},"Slope":{"confidence_interval":{"confidence_level":0.95,"lower_bound":23970.328603098988,"upper_bound":24912.025982333114},"point_estimate":24361.14693278356,"standard_error":247.61231775110267},"StdDev":{"confidence_interval":{"confidence_level":0.95,"lower_bound":1647.7242686459472,"upper_bound":2855.3398647811475},"point_estimate":2329.8703841521926,"standard_error":312.50335359645546}}