{"Mean":{"confidence_interval":{"confidence_level":0.95,"lower_bound":15684.865176382134,"upper_bound":15696.937012355069},"point_estimate":15690.330421615037,"standard_error":3.1078229902491478},"Median":{"confidence_interval":{"confidence_level":0.95,"lower_bound":15679.230728530729,"upper_bound":15684.641594431312},"point_estimate":15680.81793519115,"standard_error":1.2685176788452247},"MedianAbsDev":{"confidence_interval":{"confidence_level":0.95,"lower_bound":6.847931839414001,"upper_bound":11.865249482836657},"point_estimate":8.674722669572047,"standard_error":1.2754013331915775},"Slope":{"confidence_interval":{"confidence_level":0.95,"lower_bound":15676.74630281416,"upper_bound":15679.65682807553},"point_estimate":15678.15177626718,"standard_error":0.7413955190916016},"StdDev":{"confidence_interval":{"confidence_level":0.95,"lower_bound":16.939499552236425,"upper_bound":43.286480273563807},"point_estimate":31.221075003007369,"standard_error":6.7806296053505898}}