{"Mean":{"confidence_interval":{"confidence_level":0.95,"lower_bound":273.6451704100606,"upper_bound":287.8749896781965},"point_estimate":280.5729814009132,"standard_error":3.6399708080092085},"Median":{"confidence_interval":{"confidence_level":0.95,"lower_bound":259.5791638911662,"upper_bound":259.9921221139971},"point_estimate":259.7020858843537,"standard_error":0.11419024083440782},"MedianAbsDev":{"confidence_interval":{"confidence_level":0.95,"lower_bound":0.36502858361343307,"upper_bound":0.9749912283197789},"point_estimate":0.5519544371781743,"standard_error":0.16434989058301373},"Slope":{"confidence_interval":{"confidence_level":0.95,"lower_bound":275.59034893371628,"upper_bound":294.0592109245611},"point_estimate":284.1794891375865,"standard_error":4.702747760410068},"StdDev":{"confidence_interval":{"confidence_level":0.95,"lower_bound":31.269240906293118,"upper_bound":40.09055759244706},"point_estimate":36.55383634034144,"standard_error":2.2762346098834338}}