{"Mean":{"confidence_interval":{"confidence_level":0.95,"lower_bound":82519.72402616902,"upper_bound":86730.93138564973},"point_estimate":84552.78651421263,"standard_error":1081.253701405438},"Median":{"confidence_interval":{"confidence_level":0.95,"lower_bound":78956.06336088154,"upper_bound":79055.83732057417},"point_estimate":78994.14520202021,"standard_error":24.463210480295069},"MedianAbsDev":{"confidence_interval":{"confidence_level":0.95,"lower_bound":98.23236716856015,"upper_bound":250.11843422414496},"point_estimate":151.76773775615704,"standard_error":37.62260913706478},"Slope":{"confidence_interval":{"confidence_level":0.95,"lower_bound":84792.52494628505,"upper_bound":91384.30896213978},"point_estimate":87990.89223262626,"standard_error":1680.0065867102749},"StdDev":{"confidence_interval":{"confidence_level":0.95,"lower_bound":8955.85407111524,"upper_bound":12165.028719191097},"point_estimate":10848.354821150615,"standard_error":814.377056758218}}