{"Mean":{"confidence_interval":{"confidence_level":0.95,"lower_bound":869.9471327312356,"upper_bound":910.1241854415838},"point_estimate":889.4653984899969,"standard_error":10.244191289762047},"Median":{"confidence_interval":{"confidence_level":0.95,"lower_bound":832.0794679186229,"upper_bound":832.7278012761814},"point_estimate":832.2368100332601,"standard_error":0.21823646145601287},"MedianAbsDev":{"confidence_interval":{"confidence_level":0.95,"lower_bound":0.6829651224954383,"upper_bound":1.6835339391159832},"point_estimate":0.9270505604732108,"standard_error":0.33247391109193838},"Slope":{"confidence_interval":{"confidence_level":0.95,"lower_bound":881.2689115260183,"upper_bound":936.9304489635197},"point_estimate":907.5161500904347,"standard_error":14.190996251965121},"StdDev":{"confidence_interval":{"confidence_level":0.95,"lower_bound":87.71580399657315,"upper_bound":114.05986499023358},"point_estimate":103.26814396861674,"standard_error":6.77428354273867}}