{"Mean":{"confidence_interval":{"confidence_level":0.95,"lower_bound":269202.74453319908,"upper_bound":270092.33402017326},"point_estimate":269634.6912231591,"standard_error":226.3717987598245},"Median":{"confidence_interval":{"confidence_level":0.95,"lower_bound":268208.9166666667,"upper_bound":268776.39285714286},"point_estimate":268346.47463768118,"standard_error":125.55356390973948},"MedianAbsDev":{"confidence_interval":{"confidence_level":0.95,"lower_bound":519.403244533331,"upper_bound":1295.5420111674749},"point_estimate":758.7983884857507,"standard_error":174.8133852984435},"Slope":{"confidence_interval":{"confidence_level":0.95,"lower_bound":269091.35894522906,"upper_bound":270354.56107686759},"point_estimate":269694.11502438309,"standard_error":323.1820717523521},"StdDev":{"confidence_interval":{"confidence_level":0.95,"lower_bound":1991.1606662361917,"upper_bound":2462.822357975005},"point_estimate":2272.7850347451837,"standard_error":120.72454831240316}}