{"Mean":{"confidence_interval":{"confidence_level":0.95,"lower_bound":7730.5803143108209,"upper_bound":7763.663295824225},"point_estimate":7746.441346758333,"standard_error":8.440355142623915},"Median":{"confidence_interval":{"confidence_level":0.95,"lower_bound":7707.723601398601,"upper_bound":7732.415695488722},"point_estimate":7720.88541168976,"standard_error":6.676302837685824},"MedianAbsDev":{"confidence_interval":{"confidence_level":0.95,"lower_bound":40.44310673628999,"upper_bound":72.9626838796118},"point_estimate":61.227163331202188,"standard_error":8.810575154908744},"Slope":{"confidence_interval":{"confidence_level":0.95,"lower_bound":7719.516522129357,"upper_bound":7757.853912991645},"point_estimate":7737.924691068648,"standard_error":9.824303310963967},"StdDev":{"confidence_interval":{"confidence_level":0.95,"lower_bound":67.75208752003072,"upper_bound":98.49289461446277},"point_estimate":84.5321620288184,"standard_error":7.851798312786893}}