{"Mean":{"confidence_interval":{"confidence_level":0.95,"lower_bound":52120578.46568399,"upper_bound":52496362.522491198},"point_estimate":52299285.581283908,"standard_error":95882.06569861972},"Median":{"confidence_interval":{"confidence_level":0.95,"lower_bound":52035613.10757576,"upper_bound":52259390.83054627},"point_estimate":52147406.29444444,"standard_error":60486.82932191217},"MedianAbsDev":{"confidence_interval":{"confidence_level":0.95,"lower_bound":419490.7457232369,"upper_bound":746326.0731325455},"point_estimate":595064.7138302281,"standard_error":83694.4639050923},"Slope":{"confidence_interval":{"confidence_level":0.95,"lower_bound":52228019.51432315,"upper_bound":52617381.94969314},"point_estimate":52420871.49183981,"standard_error":99011.23734939097},"StdDev":{"confidence_interval":{"confidence_level":0.95,"lower_bound":692549.3860066532,"upper_bound":1264339.3108426866},"point_estimate":965793.6376304756,"standard_error":152207.20297017008}}