{"Mean":{"confidence_interval":{"confidence_level":0.95,"lower_bound":487197.5108251178,"upper_bound":490440.10514348259},"point_estimate":488760.9715227843,"standard_error":830.1489920972017},"Median":{"confidence_interval":{"confidence_level":0.95,"lower_bound":484187.884057971,"upper_bound":484532.0},"point_estimate":484396.1246782497,"standard_error":89.76014241067297},"MedianAbsDev":{"confidence_interval":{"confidence_level":0.95,"lower_bound":448.0979133415972,"upper_bound":1035.2933112801773},"point_estimate":658.5570557325132,"standard_error":140.59624034789986},"Slope":{"confidence_interval":{"confidence_level":0.95,"lower_bound":489271.75667853149,"upper_bound":494526.7965705759},"point_estimate":491910.72933353038,"standard_error":1339.650337875767},"StdDev":{"confidence_interval":{"confidence_level":0.95,"lower_bound":7016.922407792117,"upper_bound":9240.390173685662},"point_estimate":8328.54541358402,"standard_error":568.4872640971339}}