{"Mean":{"confidence_interval":{"confidence_level":0.95,"lower_bound":40709.005931882944,"upper_bound":41048.7793624124},"point_estimate":40872.1189448582,"standard_error":86.99910414098082},"Median":{"confidence_interval":{"confidence_level":0.95,"lower_bound":40430.87111111111,"upper_bound":40476.22666666667},"point_estimate":40457.222091549294,"standard_error":10.923238217110148},"MedianAbsDev":{"confidence_interval":{"confidence_level":0.95,"lower_bound":64.98485125909575,"upper_bound":150.02469832476613},"point_estimate":108.55526946528114,"standard_error":23.48343974774183},"Slope":{"confidence_interval":{"confidence_level":0.95,"lower_bound":41091.52833340969,"upper_bound":41723.63763310104},"point_estimate":41427.73489144377,"standard_error":161.33607366174526},"StdDev":{"confidence_interval":{"confidence_level":0.95,"lower_bound":706.9231003488293,"upper_bound":995.2393704387184},"point_estimate":873.1538619777815,"standard_error":73.52883372099726}}