{"Mean":{"confidence_interval":{"confidence_level":0.95,"lower_bound":19543188.035131568,"upper_bound":19556628.639727106},"point_estimate":19549453.95575231,"standard_error":3414.1651171459286},"Median":{"confidence_interval":{"confidence_level":0.95,"lower_bound":19543207.007936509,"upper_bound":19550906.9375},"point_estimate":19547123.803863005,"standard_error":1632.091271908759},"MedianAbsDev":{"confidence_interval":{"confidence_level":0.95,"lower_bound":12706.751909968898,"upper_bound":24506.52302693401},"point_estimate":16515.426352925966,"standard_error":3150.634273621897},"Slope":{"confidence_interval":{"confidence_level":0.95,"lower_bound":19533094.612082583,"upper_bound":19546072.2847343},"point_estimate":19539950.258900547,"standard_error":3322.0191930037096},"StdDev":{"confidence_interval":{"confidence_level":0.95,"lower_bound":22239.848956874128,"upper_bound":47458.641753384974},"point_estimate":34304.356380500685,"standard_error":6872.524373657211}}