{"Mean":{"confidence_interval":{"confidence_level":0.95,"lower_bound":5925347.654630656,"upper_bound":5991089.415170555},"point_estimate":5956931.652146029,"standard_error":16772.87320079743},"Median":{"confidence_interval":{"confidence_level":0.95,"lower_bound":5888112.158730159,"upper_bound":5943549.949319728},"point_estimate":5913338.233597285,"standard_error":12939.973353314443},"MedianAbsDev":{"confidence_interval":{"confidence_level":0.95,"lower_bound":73727.56919751305,"upper_bound":123108.99299637533},"point_estimate":93606.37052504487,"standard_error":11868.342965280171},"Slope":{"confidence_interval":{"confidence_level":0.95,"lower_bound":5925945.741423375,"upper_bound":6007540.504192091},"point_estimate":5964788.316595241,"standard_error":20788.772672066043},"StdDev":{"confidence_interval":{"confidence_level":0.95,"lower_bound":132029.1026132611,"upper_bound":198898.1094570035},"point_estimate":168071.91816283857,"standard_error":17074.41202441519}}