{"Mean":{"confidence_interval":{"confidence_level":0.95,"lower_bound":23843.43402630807,"upper_bound":23887.211587305974},"point_estimate":23863.91070066394,"standard_error":11.16020996085457},"Median":{"confidence_interval":{"confidence_level":0.95,"lower_bound":23818.417840375587,"upper_bound":23837.845755693583},"point_estimate":23825.475824572255,"standard_error":5.087737499659053},"MedianAbsDev":{"confidence_interval":{"confidence_level":0.95,"lower_bound":39.77140786169129,"upper_bound":68.73777172459124},"point_estimate":53.72154748160587,"standard_error":7.539671411738461},"Slope":{"confidence_interval":{"confidence_level":0.95,"lower_bound":23808.769890815616,"upper_bound":23837.90159264746},"point_estimate":23821.854870696025,"standard_error":7.452500173601369},"StdDev":{"confidence_interval":{"confidence_level":0.95,"lower_bound":77.3127345716813,"upper_bound":146.33867703940067},"point_estimate":112.28084056764337,"standard_error":17.944106305140289}}