{"Mean":{"confidence_interval":{"confidence_level":0.95,"lower_bound":983051.186614808,"upper_bound":983504.3970855818},"point_estimate":983262.303630939,"standard_error":116.35921660158619},"Median":{"confidence_interval":{"confidence_level":0.95,"lower_bound":982780.5498533724,"upper_bound":983123.7586206896},"point_estimate":983018.0041666667,"standard_error":104.89972121098453},"MedianAbsDev":{"confidence_interval":{"confidence_level":0.95,"lower_bound":478.4268797118598,"upper_bound":783.7078201301811},"point_estimate":652.6187290850738,"standard_error":76.69279830816096},"Slope":{"confidence_interval":{"confidence_level":0.95,"lower_bound":982911.9625470423,"upper_bound":983291.6552469712},"point_estimate":983092.6723658933,"standard_error":96.94237882034466},"StdDev":{"confidence_interval":{"confidence_level":0.95,"lower_bound":748.4095123393122,"upper_bound":1533.506304470964},"point_estimate":1169.564206602507,"standard_error":201.37564214268864}}