{"Mean":{"confidence_interval":{"confidence_level":0.95,"lower_bound":5061.882747262559,"upper_bound":5075.140397137428},"point_estimate":5068.20017346873,"standard_error":3.405976881939762},"Median":{"confidence_interval":{"confidence_level":0.95,"lower_bound":5055.977593099095,"upper_bound":5069.725942231731},"point_estimate":5061.787544632621,"standard_error":3.332319395236747},"MedianAbsDev":{"confidence_interval":{"confidence_level":0.95,"lower_bound":16.702169645802156,"upper_bound":28.823662757798418},"point_estimate":21.487563702931177,"standard_error":3.0598865905345069},"Slope":{"confidence_interval":{"confidence_level":0.95,"lower_bound":5050.387536340491,"upper_bound":5061.641944906958},"point_estimate":5055.721996076397,"standard_error":2.8749037606860359},"StdDev":{"confidence_interval":{"confidence_level":0.95,"lower_bound":23.964535524136758,"upper_bound":43.55958372180676},"point_estimate":34.297628729567417,"standard_error":5.003520320521664}}