{"Mean":{"confidence_interval":{"confidence_level":0.95,"lower_bound":-0.001382915934420625,"upper_bound":0.0017736108968671378},"point_estimate":0.00016239482350277612,"standard_error":0.0008017834574653807},"Median":{"confidence_interval":{"confidence_level":0.95,"lower_bound":-0.002124992850219498,"upper_bound":-0.0011177095022465445},"point_estimate":-0.0016683093201738109,"standard_error":0.00032124605833929484}}