{"Mean":{"confidence_interval":{"confidence_level":0.95,"lower_bound":0.6634874449202965,"upper_bound":0.7007405934932733},"point_estimate":0.6822255076239194,"standard_error":0.009508694159303862},"Median":{"confidence_interval":{"confidence_level":0.95,"lower_bound":0.6429452528655859,"upper_bound":0.6939511042088402},"point_estimate":0.6669332488154387,"standard_error":0.013080296932513076}}