{"Mean":{"confidence_interval":{"confidence_level":0.95,"lower_bound":7041348.224101638,"upper_bound":7092326.8787323},"point_estimate":7064200.413648869,"standard_error":13018.083438699949},"Median":{"confidence_interval":{"confidence_level":0.95,"lower_bound":6987204.52631579,"upper_bound":7070256.382352941},"point_estimate":7020157.736733491,"standard_error":17472.878644071545},"MedianAbsDev":{"confidence_interval":{"confidence_level":0.95,"lower_bound":27882.182564371342,"upper_bound":132474.12293919919},"point_estimate":69888.72548757345,"standard_error":22464.132994542346},"Slope":{"confidence_interval":{"confidence_level":0.95,"lower_bound":7055258.316345046,"upper_bound":7105957.29142362},"point_estimate":7080570.945911039,"standard_error":12944.222793855886},"StdDev":{"confidence_interval":{"confidence_level":0.95,"lower_bound":81471.70669103378,"upper_bound":188607.58631519724},"point_estimate":131003.95549395893,"standard_error":33400.14690139607}}