{"Mean":{"confidence_interval":{"confidence_level":0.95,"lower_bound":775280.6734193619,"upper_bound":778465.6063070084},"point_estimate":776715.4795227246,"standard_error":813.6175202387443},"Median":{"confidence_interval":{"confidence_level":0.95,"lower_bound":773615.65625,"upper_bound":778139.006329114},"point_estimate":777582.3691176471,"standard_error":1012.9965931489137},"MedianAbsDev":{"confidence_interval":{"confidence_level":0.95,"lower_bound":5548.339617747181,"upper_bound":7827.057510289999},"point_estimate":7221.271576927357,"standard_error":547.209076043139},"Slope":{"confidence_interval":{"confidence_level":0.95,"lower_bound":774923.0479865676,"upper_bound":776905.4784268319},"point_estimate":775880.4274035762,"standard_error":507.7490795040567},"StdDev":{"confidence_interval":{"confidence_level":0.95,"lower_bound":4980.874901103512,"upper_bound":11962.46893600849},"point_estimate":8159.774456651728,"standard_error":2162.016121518691}}