{"Mean":{"confidence_interval":{"confidence_level":0.95,"lower_bound":4540508.054497788,"upper_bound":4605976.119679676},"point_estimate":4572465.585944811,"standard_error":16673.005376494642},"Median":{"confidence_interval":{"confidence_level":0.95,"lower_bound":4491106.6,"upper_bound":4623548.747368421},"point_estimate":4545626.201388888,"standard_error":30181.71132224989},"MedianAbsDev":{"confidence_interval":{"confidence_level":0.95,"lower_bound":145012.52714092413,"upper_bound":217999.85493062347},"point_estimate":190891.6079017892,"standard_error":17480.719647319587},"Slope":{"confidence_interval":{"confidence_level":0.95,"lower_bound":4501234.403499278,"upper_bound":4564130.977700613},"point_estimate":4532361.457907492,"standard_error":16112.737077034675},"StdDev":{"confidence_interval":{"confidence_level":0.95,"lower_bound":137747.18580311907,"upper_bound":199549.87592992615},"point_estimate":166952.13699344826,"standard_error":16162.398794599476}}