{"Mean":{"confidence_interval":{"confidence_level":0.95,"lower_bound":789752.5195519356,"upper_bound":791358.9127189148},"point_estimate":790365.8165756055,"standard_error":428.4644813834932},"Median":{"confidence_interval":{"confidence_level":0.95,"lower_bound":789354.4702380953,"upper_bound":789590.7330316743},"point_estimate":789468.7977855478,"standard_error":51.8028030321464},"MedianAbsDev":{"confidence_interval":{"confidence_level":0.95,"lower_bound":299.01454476257205,"upper_bound":564.7575837849202},"point_estimate":440.4742455965762,"standard_error":70.22767723127378},"Slope":{"confidence_interval":{"confidence_level":0.95,"lower_bound":789291.177661719,"upper_bound":789533.8645642641},"point_estimate":789386.4897280922,"standard_error":63.28328269469451},"StdDev":{"confidence_interval":{"confidence_level":0.95,"lower_bound":1049.470916643069,"upper_bound":7101.505717303331},"point_estimate":4289.4977183375099,"standard_error":1980.8889513530592}}