{"Mean":{"confidence_interval":{"confidence_level":0.95,"lower_bound":-0.004479267390140598,"upper_bound":-0.001851681024772915},"point_estimate":-0.003194605918231286,"standard_error":0.0006710283608185456},"Median":{"confidence_interval":{"confidence_level":0.95,"lower_bound":-0.0046781161738271349,"upper_bound":-0.0035147069316205927},"point_estimate":-0.0041279823282907028,"standard_error":0.00028714548125670657}}