{"Mean":{"confidence_interval":{"confidence_level":0.95,"lower_bound":147060.83975811257,"upper_bound":151788.35402426715},"point_estimate":149227.34918353769,"standard_error":1223.0393993910037},"Median":{"confidence_interval":{"confidence_level":0.95,"lower_bound":145211.6525974026,"upper_bound":145262.9364440469},"point_estimate":145233.43083592133,"standard_error":13.474157550306837},"MedianAbsDev":{"confidence_interval":{"confidence_level":0.95,"lower_bound":87.4552688278009,"upper_bound":156.97972603895546},"point_estimate":118.15576058629384,"standard_error":18.297884824304139},"Slope":{"confidence_interval":{"confidence_level":0.95,"lower_bound":148293.764458259,"upper_bound":156568.29766221564},"point_estimate":152174.74964723766,"standard_error":2124.7078523968355},"StdDev":{"confidence_interval":{"confidence_level":0.95,"lower_bound":8410.998002386857,"upper_bound":15320.295266883166},"point_estimate":12279.59317472711,"standard_error":1814.8742018539827}}