{"Mean":{"confidence_interval":{"confidence_level":0.95,"lower_bound":18822683.184585006,"upper_bound":18834998.69355954},"point_estimate":18828735.804340144,"standard_error":3143.521525738359},"Median":{"confidence_interval":{"confidence_level":0.95,"lower_bound":18823068.29432624,"upper_bound":18833037.897727275},"point_estimate":18829737.288185087,"standard_error":2758.9898542393968},"MedianAbsDev":{"confidence_interval":{"confidence_level":0.95,"lower_bound":15431.318366601174,"upper_bound":27335.63854560403},"point_estimate":20650.321662551705,"standard_error":3036.0283033400085},"Slope":{"confidence_interval":{"confidence_level":0.95,"lower_bound":18808756.52360436,"upper_bound":18821396.41588726},"point_estimate":18815240.26263337,"standard_error":3233.7751380087895},"StdDev":{"confidence_interval":{"confidence_level":0.95,"lower_bound":24582.191308737358,"upper_bound":38537.181017176255},"point_estimate":31539.41219555625,"standard_error":3580.6523720365196}}