{"Mean":{"confidence_interval":{"confidence_level":0.95,"lower_bound":9705751.607908622,"upper_bound":9805086.309190318},"point_estimate":9756776.957917288,"standard_error":25446.614239544597},"Median":{"confidence_interval":{"confidence_level":0.95,"lower_bound":9779456.620689655,"upper_bound":9831348.632772323},"point_estimate":9810271.698522168,"standard_error":15841.824487119331},"MedianAbsDev":{"confidence_interval":{"confidence_level":0.95,"lower_bound":93614.23472145194,"upper_bound":178873.7046341171},"point_estimate":123375.20392809533,"standard_error":22352.32262246351},"Slope":{"confidence_interval":{"confidence_level":0.95,"lower_bound":9722336.837467432,"upper_bound":9813444.965908247},"point_estimate":9771064.749862569,"standard_error":23377.335616465},"StdDev":{"confidence_interval":{"confidence_level":0.95,"lower_bound":194116.34238872588,"upper_bound":309353.7672334272},"point_estimate":255329.46515916638,"standard_error":29433.323152057477}}