{"Mean":{"confidence_interval":{"confidence_level":0.95,"lower_bound":9.649261907689258,"upper_bound":9.902685411993995},"point_estimate":9.782772803039818,"standard_error":0.06560511273301889},"Median":{"confidence_interval":{"confidence_level":0.95,"lower_bound":10.09924357717397,"upper_bound":10.102954066478173},"point_estimate":10.10165436166258,"standard_error":0.0008574655434085977},"MedianAbsDev":{"confidence_interval":{"confidence_level":0.95,"lower_bound":0.004746773337976452,"upper_bound":0.008153613078522995},"point_estimate":0.00611056830647857,"standard_error":0.0008583065464080302},"Slope":{"confidence_interval":{"confidence_level":0.95,"lower_bound":9.119193872674135,"upper_bound":9.562494806255528},"point_estimate":9.328553547806069,"standard_error":0.11331768010450082},"StdDev":{"confidence_interval":{"confidence_level":0.95,"lower_bound":0.545403717678414,"upper_bound":0.7457066557603871},"point_estimate":0.6589384113530282,"standard_error":0.052954345082313548}}