{"Mean":{"confidence_interval":{"confidence_level":0.95,"lower_bound":89118.15092378638,"upper_bound":93456.60374179716},"point_estimate":91204.67933187456,"standard_error":1107.1415084359219},"Median":{"confidence_interval":{"confidence_level":0.95,"lower_bound":85345.69308943089,"upper_bound":85445.9},"point_estimate":85386.93696901549,"standard_error":23.54902388105212},"MedianAbsDev":{"confidence_interval":{"confidence_level":0.95,"lower_bound":108.2142593228283,"upper_bound":247.53605442887793},"point_estimate":166.97275885505779,"standard_error":33.59598912864958},"Slope":{"confidence_interval":{"confidence_level":0.95,"lower_bound":89406.63995532856,"upper_bound":94796.83137971217},"point_estimate":91883.09878109452,"standard_error":1370.9708135669667},"StdDev":{"confidence_interval":{"confidence_level":0.95,"lower_bound":9260.578012298578,"upper_bound":12381.360699007095},"point_estimate":11100.072024437142,"standard_error":800.2455478371768}}