{"Mean":{"confidence_interval":{"confidence_level":0.95,"lower_bound":33335775.631906038,"upper_bound":33510419.19400531},"point_estimate":33421886.794212749,"standard_error":44341.87954311292},"Median":{"confidence_interval":{"confidence_level":0.95,"lower_bound":33333696.42857143,"upper_bound":33481761.012596899},"point_estimate":33412579.995341615,"standard_error":41425.61545072245},"MedianAbsDev":{"confidence_interval":{"confidence_level":0.95,"lower_bound":245179.17684127313,"upper_bound":443373.72589446758},"point_estimate":340975.68122671646,"standard_error":51710.844305735096},"Slope":{"confidence_interval":{"confidence_level":0.95,"lower_bound":33338979.241056544,"upper_bound":33474825.387501435},"point_estimate":33403611.02213684,"standard_error":34527.00659346333},"StdDev":{"confidence_interval":{"confidence_level":0.95,"lower_bound":359303.6008016623,"upper_bound":522315.5674221918},"point_estimate":444871.7218566562,"standard_error":41639.471931847474}}