{"Mean":{"confidence_interval":{"confidence_level":0.95,"lower_bound":949.9047515693928,"upper_bound":996.3888094389804},"point_estimate":973.2218800945244,"standard_error":11.879356369124201},"Median":{"confidence_interval":{"confidence_level":0.95,"lower_bound":857.9321969157566,"upper_bound":1094.5204983146985},"point_estimate":858.3121151533219,"standard_error":104.05376698578819},"MedianAbsDev":{"confidence_interval":{"confidence_level":0.95,"lower_bound":1.0129114516319909,"upper_bound":175.1405727243068},"point_estimate":1.915093523746574,"standard_error":46.31916711712719},"Slope":{"confidence_interval":{"confidence_level":0.95,"lower_bound":942.4321437399935,"upper_bound":1003.8114799957128},"point_estimate":974.0325426106969,"standard_error":15.674984848277422},"StdDev":{"confidence_interval":{"confidence_level":0.95,"lower_bound":115.62219095920718,"upper_bound":120.16057785712978},"point_estimate":119.15206268341436,"standard_error":1.1743111031153524}}