{"Mean":{"confidence_interval":{"confidence_level":0.95,"lower_bound":2532623.4736987284,"upper_bound":2547710.11093893},"point_estimate":2539375.0165116058,"standard_error":3878.884825145978},"Median":{"confidence_interval":{"confidence_level":0.95,"lower_bound":2523536.696969697,"upper_bound":2531697.3916666668},"point_estimate":2527036.4813266445,"standard_error":1921.217318798228},"MedianAbsDev":{"confidence_interval":{"confidence_level":0.95,"lower_bound":7544.603540769432,"upper_bound":15971.748354789795},"point_estimate":11527.369820928661,"standard_error":2213.359059901017},"Slope":{"confidence_interval":{"confidence_level":0.95,"lower_bound":2524053.1940104856,"upper_bound":2533845.580355067},"point_estimate":2528475.435158859,"standard_error":2513.3879603567036},"StdDev":{"confidence_interval":{"confidence_level":0.95,"lower_bound":20820.34063599541,"upper_bound":56686.356608213784},"point_estimate":38947.98551303304,"standard_error":9914.556241395869}}