{"Mean":{"confidence_interval":{"confidence_level":0.95,"lower_bound":428238.511610856,"upper_bound":432747.517826437},"point_estimate":430477.0549605213,"standard_error":1152.3946757253855},"Median":{"confidence_interval":{"confidence_level":0.95,"lower_bound":420584.07843137255,"upper_bound":443744.4528301887},"point_estimate":421108.6587301587,"standard_error":4728.63531991213},"MedianAbsDev":{"confidence_interval":{"confidence_level":0.95,"lower_bound":613.457586225929,"upper_bound":14475.81146641944},"point_estimate":1425.2610968934342,"standard_error":2821.83847262161},"Slope":{"confidence_interval":{"confidence_level":0.95,"lower_bound":423801.60711040426,"upper_bound":427663.13721279727},"point_estimate":425504.1846628245,"standard_error":986.1925496873263},"StdDev":{"confidence_interval":{"confidence_level":0.95,"lower_bound":10932.527198422042,"upper_bound":11772.855493973004},"point_estimate":11538.976345324192,"standard_error":218.35881820876168}}