{"Mean":{"confidence_interval":{"confidence_level":0.95,"lower_bound":188616.34994860326,"upper_bound":197053.7148518389},"point_estimate":192676.47151111294,"standard_error":2143.1957104287478},"Median":{"confidence_interval":{"confidence_level":0.95,"lower_bound":181653.5,"upper_bound":181771.86637681159},"point_estimate":181682.69022727276,"standard_error":32.60939788884667},"MedianAbsDev":{"confidence_interval":{"confidence_level":0.95,"lower_bound":119.02582152324936,"upper_bound":324.58244781722689},"point_estimate":180.41750171704065,"standard_error":52.91395281925451},"Slope":{"confidence_interval":{"confidence_level":0.95,"lower_bound":193415.69470743443,"upper_bound":206676.20102397545},"point_estimate":199873.9057650362,"standard_error":3367.7180524621155},"StdDev":{"confidence_interval":{"confidence_level":0.95,"lower_bound":17815.42230736584,"upper_bound":24286.774993960353},"point_estimate":21544.412339063685,"standard_error":1669.4518280526757}}