{"Mean":{"confidence_interval":{"confidence_level":0.95,"lower_bound":40.70262971774777,"upper_bound":40.73223983746054},"point_estimate":40.71605420031445,"standard_error":0.007589964350358174},"Median":{"confidence_interval":{"confidence_level":0.95,"lower_bound":40.683345192483127,"upper_bound":40.698599948146227},"point_estimate":40.68938358364971,"standard_error":0.0036787669826617828},"MedianAbsDev":{"confidence_interval":{"confidence_level":0.95,"lower_bound":0.01478145730567872,"upper_bound":0.03263177525523716},"point_estimate":0.022046332526800585,"standard_error":0.004223329374275781},"Slope":{"confidence_interval":{"confidence_level":0.95,"lower_bound":40.67928767287486,"upper_bound":40.704719031868638},"point_estimate":40.687904672122979,"standard_error":0.007071830073502351},"StdDev":{"confidence_interval":{"confidence_level":0.95,"lower_bound":0.04267208315986037,"upper_bound":0.10884858299742303},"point_estimate":0.07605509711070742,"standard_error":0.017838127969223767}}