{"Mean":{"confidence_interval":{"confidence_level":0.95,"lower_bound":60.48682626959572,"upper_bound":62.83941551471061},"point_estimate":61.62827660190723,"standard_error":0.6005831464132745},"Median":{"confidence_interval":{"confidence_level":0.95,"lower_bound":58.570174425974219,"upper_bound":58.63409987052731},"point_estimate":58.58930069655705,"standard_error":0.014726304433820217},"MedianAbsDev":{"confidence_interval":{"confidence_level":0.95,"lower_bound":0.08035646445395996,"upper_bound":0.18508907523039393},"point_estimate":0.1178763722670083,"standard_error":0.025117490496729346},"Slope":{"confidence_interval":{"confidence_level":0.95,"lower_bound":61.36495033248097,"upper_bound":64.81332000405857},"point_estimate":63.01413797367278,"standard_error":0.8826795985847517},"StdDev":{"confidence_interval":{"confidence_level":0.95,"lower_bound":4.935135901086574,"upper_bound":6.78832381054181},"point_estimate":6.034302878217395,"standard_error":0.46109850061380378}}