{"Mean":{"confidence_interval":{"confidence_level":0.95,"lower_bound":68938560.14292936,"upper_bound":69698498.50660774},"point_estimate":69314792.90883284,"standard_error":194178.7047423246},"Median":{"confidence_interval":{"confidence_level":0.95,"lower_bound":68916351.53846154,"upper_bound":69693775.6174968},"point_estimate":69400785.5585851,"standard_error":203246.69319512364},"MedianAbsDev":{"confidence_interval":{"confidence_level":0.95,"lower_bound":1376478.5478355166,"upper_bound":2223010.0054847465},"point_estimate":1802579.0392130339,"standard_error":212235.7003309954},"Slope":{"confidence_interval":{"confidence_level":0.95,"lower_bound":69175982.12340543,"upper_bound":69783231.29228887},"point_estimate":69486221.68364416,"standard_error":155330.9718296186},"StdDev":{"confidence_interval":{"confidence_level":0.95,"lower_bound":1637279.3112219594,"upper_bound":2229296.5842281978},"point_estimate":1948060.9468898734,"standard_error":151629.64200600095}}