{"Mean":{"confidence_interval":{"confidence_level":0.95,"lower_bound":85235.58567554542,"upper_bound":88963.08533834256},"point_estimate":87025.4007496167,"standard_error":953.8539788657638},"Median":{"confidence_interval":{"confidence_level":0.95,"lower_bound":82237.25638406538,"upper_bound":82349.94823232324},"point_estimate":82268.37645687646,"standard_error":26.875149413734687},"MedianAbsDev":{"confidence_interval":{"confidence_level":0.95,"lower_bound":92.7641250565425,"upper_bound":267.94870036693728},"point_estimate":154.52848442233677,"standard_error":40.09461191199754},"Slope":{"confidence_interval":{"confidence_level":0.95,"lower_bound":87805.33845389942,"upper_bound":93860.6564393672},"point_estimate":90784.63471579994,"standard_error":1551.3387964304419},"StdDev":{"confidence_interval":{"confidence_level":0.95,"lower_bound":7861.791831619766,"upper_bound":10821.236602340745},"point_estimate":9566.257912339068,"standard_error":765.4239974906957}}