{"Mean":{"confidence_interval":{"confidence_level":0.95,"lower_bound":9525140.455473366,"upper_bound":9652925.649091408},"point_estimate":9590130.382892866,"standard_error":32617.726384205704},"Median":{"confidence_interval":{"confidence_level":0.95,"lower_bound":9584042.698630138,"upper_bound":9768502.247311829},"point_estimate":9700813.508007952,"standard_error":47682.45680209513},"MedianAbsDev":{"confidence_interval":{"confidence_level":0.95,"lower_bound":191292.0611438686,"upper_bound":386348.5177446382},"point_estimate":278325.0198249592,"standard_error":50595.96516195311},"Slope":{"confidence_interval":{"confidence_level":0.95,"lower_bound":9557137.18101798,"upper_bound":9692687.69757744},"point_estimate":9629129.227397666,"standard_error":34651.236096338595},"StdDev":{"confidence_interval":{"confidence_level":0.95,"lower_bound":280066.9891301004,"upper_bound":369217.12005306818},"point_estimate":327954.15069147406,"standard_error":22699.857439384}}