{"Mean":{"confidence_interval":{"confidence_level":0.95,"lower_bound":-0.02166490406479267,"upper_bound":0.037217752958319878},"point_estimate":0.007333740776704234,"standard_error":0.015106595625399875},"Median":{"confidence_interval":{"confidence_level":0.95,"lower_bound":-0.0019054580399866517,"upper_bound":-0.00040966596649905096},"point_estimate":-0.0013437705810273038,"standard_error":0.00042173440164733}}