{"Mean":{"confidence_interval":{"confidence_level":0.95,"lower_bound":1170939.3073971086,"upper_bound":1200337.0620963644},"point_estimate":1185327.0288374986,"standard_error":7509.575621156221},"Median":{"confidence_interval":{"confidence_level":0.95,"lower_bound":1126689.0,"upper_bound":1218185.395199459},"point_estimate":1218071.7138539653,"standard_error":28840.387331000824},"MedianAbsDev":{"confidence_interval":{"confidence_level":0.95,"lower_bound":31201.151169658595,"upper_bound":139809.05212096175},"point_estimate":106105.93761568681,"standard_error":27641.583798410033},"Slope":{"confidence_interval":{"confidence_level":0.95,"lower_bound":1164915.5522596143,"upper_bound":1206072.1019927199},"point_estimate":1184808.051390572,"standard_error":10498.579020892505},"StdDev":{"confidence_interval":{"confidence_level":0.95,"lower_bound":64156.732378401175,"upper_bound":86932.05659274639},"point_estimate":75653.8709553443,"standard_error":5852.643817460107}}