{"Mean":{"confidence_interval":{"confidence_level":0.95,"lower_bound":130573034.54995492,"upper_bound":130974357.53802084},"point_estimate":130752044.39398201,"standard_error":102956.79446176505},"Median":{"confidence_interval":{"confidence_level":0.95,"lower_bound":130314630.03472223,"upper_bound":130720350.78125},"point_estimate":130493191.36540379,"standard_error":107545.46883609826},"MedianAbsDev":{"confidence_interval":{"confidence_level":0.95,"lower_bound":397739.31457837219,"upper_bound":880544.0214377969},"point_estimate":588082.6368462835,"standard_error":125261.90735165084},"Slope":{"confidence_interval":{"confidence_level":0.95,"lower_bound":130185701.22679937,"upper_bound":130659390.32647284},"point_estimate":130368328.83448796,"standard_error":125516.47068157475},"StdDev":{"confidence_interval":{"confidence_level":0.95,"lower_bound":529359.2886102861,"upper_bound":1527168.6714249033},"point_estimate":1033568.7743973254,"standard_error":273760.40086211}}