{"Mean":{"confidence_interval":{"confidence_level":0.95,"lower_bound":942734.8335118692,"upper_bound":947339.4604238258},"point_estimate":944920.0648934282,"standard_error":1179.687597922779},"Median":{"confidence_interval":{"confidence_level":0.95,"lower_bound":939954.175925926,"upper_bound":940453.8888888889},"point_estimate":940259.7232142857,"standard_error":128.9567417943043},"MedianAbsDev":{"confidence_interval":{"confidence_level":0.95,"lower_bound":768.8098157512852,"upper_bound":1667.3361151568757},"point_estimate":1162.933165537975,"standard_error":238.16841918804867},"Slope":{"confidence_interval":{"confidence_level":0.95,"lower_bound":946075.8018179109,"upper_bound":955224.4302438811},"point_estimate":950692.0724988917,"standard_error":2336.614264974404},"StdDev":{"confidence_interval":{"confidence_level":0.95,"lower_bound":8941.722051459306,"upper_bound":14085.168964817032},"point_estimate":11877.510216645625,"standard_error":1308.637201554715}}