{"Mean":{"confidence_interval":{"confidence_level":0.95,"lower_bound":1577290.7513279657,"upper_bound":1592343.6465087564},"point_estimate":1584058.8153657327,"standard_error":3864.445085681545},"Median":{"confidence_interval":{"confidence_level":0.95,"lower_bound":1569769.785103785,"upper_bound":1573635.9767441862},"point_estimate":1571160.8795454547,"standard_error":1022.2909108415095},"MedianAbsDev":{"confidence_interval":{"confidence_level":0.95,"lower_bound":3793.9653575924355,"upper_bound":8419.130060330914},"point_estimate":5246.386408831154,"standard_error":1262.0785104461655},"Slope":{"confidence_interval":{"confidence_level":0.95,"lower_bound":1569578.5074210494,"upper_bound":1590959.7249331023},"point_estimate":1577939.6565213537,"standard_error":5722.909508673267},"StdDev":{"confidence_interval":{"confidence_level":0.95,"lower_bound":19791.416054643203,"upper_bound":55319.94501034891},"point_estimate":38886.14889781824,"standard_error":9184.936125291137}}