{"Mean":{"confidence_interval":{"confidence_level":0.95,"lower_bound":51353.37749766245,"upper_bound":52663.708492412494},"point_estimate":51948.621219853725,"standard_error":338.602911053466},"Median":{"confidence_interval":{"confidence_level":0.95,"lower_bound":51046.13923076923,"upper_bound":51078.65403846154},"point_estimate":51072.2331547619,"standard_error":7.668980814645156},"MedianAbsDev":{"confidence_interval":{"confidence_level":0.95,"lower_bound":64.9755645521935,"upper_bound":123.27815324340635},"point_estimate":94.72816134898605,"standard_error":16.945580787327559},"Slope":{"confidence_interval":{"confidence_level":0.95,"lower_bound":51463.16873404682,"upper_bound":53407.69466653483},"point_estimate":52338.905456627755,"standard_error":500.1796504316442},"StdDev":{"confidence_interval":{"confidence_level":0.95,"lower_bound":2005.5841224352319,"upper_bound":4474.8519999089589},"point_estimate":3403.594203926263,"standard_error":653.567700084149}}