{"Mean":{"confidence_interval":{"confidence_level":0.95,"lower_bound":14965070.876368968,"upper_bound":15311383.765326234},"point_estimate":15132579.544963355,"standard_error":88511.37339914839},"Median":{"confidence_interval":{"confidence_level":0.95,"lower_bound":14534875.108695653,"upper_bound":14978670.159266409},"point_estimate":14802677.0234375,"standard_error":99178.37120785435},"MedianAbsDev":{"confidence_interval":{"confidence_level":0.95,"lower_bound":204241.1166017239,"upper_bound":821423.5460034624},"point_estimate":568288.4912676341,"standard_error":136365.33910544779},"Slope":{"confidence_interval":{"confidence_level":0.95,"lower_bound":14906765.037479934,"upper_bound":15369827.32387794},"point_estimate":15123737.490223142,"standard_error":118516.20434207397},"StdDev":{"confidence_interval":{"confidence_level":0.95,"lower_bound":737407.6290985512,"upper_bound":1019354.4110963744},"point_estimate":891320.0977686449,"standard_error":71987.72274802464}}