{"Mean":{"confidence_interval":{"confidence_level":0.95,"lower_bound":114.85697073613972,"upper_bound":119.15085904287573},"point_estimate":117.03325348517919,"standard_error":1.0961725678228527},"Median":{"confidence_interval":{"confidence_level":0.95,"lower_bound":118.0210499896784,"upper_bound":121.36640976718798},"point_estimate":119.76496773733155,"standard_error":0.9943431025574303},"MedianAbsDev":{"confidence_interval":{"confidence_level":0.95,"lower_bound":6.1029674155714999,"upper_bound":13.119713336662917},"point_estimate":8.85832938966863,"standard_error":1.8779929946874417},"Slope":{"confidence_interval":{"confidence_level":0.95,"lower_bound":114.34011111049074,"upper_bound":120.08629774048656},"point_estimate":117.30366398563125,"standard_error":1.463173926704475},"StdDev":{"confidence_interval":{"confidence_level":0.95,"lower_bound":9.566188286978374,"upper_bound":12.209324182528617},"point_estimate":11.007321475502208,"standard_error":0.6722182033300473}}