{"Mean":{"confidence_interval":{"confidence_level":0.95,"lower_bound":53605313.015765029,"upper_bound":53947494.44522048},"point_estimate":53772323.227623749,"standard_error":87344.21991535036},"Median":{"confidence_interval":{"confidence_level":0.95,"lower_bound":53444324.53030303,"upper_bound":53861463.4137931},"point_estimate":53601213.984126988,"standard_error":98944.73558365811},"MedianAbsDev":{"confidence_interval":{"confidence_level":0.95,"lower_bound":567056.1685840533,"upper_bound":1020099.8145298518},"point_estimate":870041.403098604,"standard_error":120125.14404564037},"Slope":{"confidence_interval":{"confidence_level":0.95,"lower_bound":53586872.97849532,"upper_bound":53867575.17255},"point_estimate":53724064.57576474,"standard_error":71609.40225493342},"StdDev":{"confidence_interval":{"confidence_level":0.95,"lower_bound":731439.1403057441,"upper_bound":1013709.1981094045},"point_estimate":881631.2884988709,"standard_error":71987.59656573044}}