{"Mean":{"confidence_interval":{"confidence_level":0.95,"lower_bound":57.778383936314749,"upper_bound":57.945792906395997},"point_estimate":57.84124239017291,"standard_error":0.046285545854100617},"Median":{"confidence_interval":{"confidence_level":0.95,"lower_bound":57.73624553978616,"upper_bound":57.77591733737084},"point_estimate":57.74445047868595,"standard_error":0.010114948035409242},"MedianAbsDev":{"confidence_interval":{"confidence_level":0.95,"lower_bound":0.03951901006459476,"upper_bound":0.0881791649212017},"point_estimate":0.06255419500792892,"standard_error":0.012198609455803826},"Slope":{"confidence_interval":{"confidence_level":0.95,"lower_bound":57.726491246274587,"upper_bound":58.16643033386644},"point_estimate":57.8676217345009,"standard_error":0.13077004581499933},"StdDev":{"confidence_interval":{"confidence_level":0.95,"lower_bound":0.10115780091546262,"upper_bound":0.7801049007636256},"point_estimate":0.46534678737412429,"standard_error":0.23270018705593238}}