{"Mean":{"confidence_interval":{"confidence_level":0.95,"lower_bound":24484.568659353936,"upper_bound":24858.799997698894},"point_estimate":24647.238499906307,"standard_error":97.24132362740207},"Median":{"confidence_interval":{"confidence_level":0.95,"lower_bound":24410.787601626016,"upper_bound":24429.713212469025},"point_estimate":24418.8881300813,"standard_error":4.617587719959934},"MedianAbsDev":{"confidence_interval":{"confidence_level":0.95,"lower_bound":27.297650318274056,"upper_bound":53.207708565164328},"point_estimate":38.11253341852489,"standard_error":6.559855765975889},"Slope":{"confidence_interval":{"confidence_level":0.95,"lower_bound":24448.806943773536,"upper_bound":24786.4951595619},"point_estimate":24589.654183970273,"standard_error":88.44535428415105},"StdDev":{"confidence_interval":{"confidence_level":0.95,"lower_bound":367.3070761167192,"upper_bound":1388.1783397712925},"point_estimate":979.2894914184099,"standard_error":258.395764312052}}