{"Mean":{"confidence_interval":{"confidence_level":0.95,"lower_bound":8.188191388927475,"upper_bound":8.230732799354542},"point_estimate":8.209706029477296,"standard_error":0.010875961802609099},"Median":{"confidence_interval":{"confidence_level":0.95,"lower_bound":8.27946088076758,"upper_bound":8.281627487979467},"point_estimate":8.280556705192371,"standard_error":0.0032496569875029226},"MedianAbsDev":{"confidence_interval":{"confidence_level":0.95,"lower_bound":0.0052719582766155418,"upper_bound":0.030039281769198409},"point_estimate":0.010234804407086478,"standard_error":0.008075204821920637},"Slope":{"confidence_interval":{"confidence_level":0.95,"lower_bound":8.108811630439805,"upper_bound":8.158013244071603},"point_estimate":8.131333973284818,"standard_error":0.012565473220204805},"StdDev":{"confidence_interval":{"confidence_level":0.95,"lower_bound":0.09962922902036639,"upper_bound":0.11507182115695336},"point_estimate":0.10944809322581872,"standard_error":0.003982955474463726}}