{"Mean":{"confidence_interval":{"confidence_level":0.95,"lower_bound":8478.003928620035,"upper_bound":8814.045887167795},"point_estimate":8647.41887798806,"standard_error":85.600431388441},"Median":{"confidence_interval":{"confidence_level":0.95,"lower_bound":8589.644859813085,"upper_bound":8963.073122187609},"point_estimate":8770.756530592978,"standard_error":101.4189722923478},"MedianAbsDev":{"confidence_interval":{"confidence_level":0.95,"lower_bound":553.5644137353339,"upper_bound":1267.4230360436685},"point_estimate":929.3114674578106,"standard_error":180.4953425846347},"Slope":{"confidence_interval":{"confidence_level":0.95,"lower_bound":8118.012882988388,"upper_bound":8542.341004201873},"point_estimate":8321.145700359128,"standard_error":108.32147555909185},"StdDev":{"confidence_interval":{"confidence_level":0.95,"lower_bound":764.6436210616845,"upper_bound":937.8654545119514},"point_estimate":859.243447178823,"standard_error":44.13170013549469}}