{"Mean":{"confidence_interval":{"confidence_level":0.95,"lower_bound":1176.097611204433,"upper_bound":1235.1126000301472},"point_estimate":1204.5376787468622,"standard_error":15.080259183083307},"Median":{"confidence_interval":{"confidence_level":0.95,"lower_bound":1129.4090199750313,"upper_bound":1131.0940596440597},"point_estimate":1130.3505769904023,"standard_error":0.40244515178879489},"MedianAbsDev":{"confidence_interval":{"confidence_level":0.95,"lower_bound":2.7364446220728144,"upper_bound":6.959572420642391},"point_estimate":4.065463562696303,"standard_error":1.0379299686749964},"Slope":{"confidence_interval":{"confidence_level":0.95,"lower_bound":1206.8333148107643,"upper_bound":1297.8274945423187},"point_estimate":1250.9567572527838,"standard_error":23.263603009062824},"StdDev":{"confidence_interval":{"confidence_level":0.95,"lower_bound":124.58750648277256,"upper_bound":171.1369181744574},"point_estimate":151.50415760743375,"standard_error":12.06263378419584}}