{"Mean":{"confidence_interval":{"confidence_level":0.95,"lower_bound":3621167.229270048,"upper_bound":3667953.370474123},"point_estimate":3644329.795993604,"standard_error":11987.148293129252},"Median":{"confidence_interval":{"confidence_level":0.95,"lower_bound":3671202.02020202,"upper_bound":3695059.4166666667},"point_estimate":3688403.888888889,"standard_error":8023.289770613065},"MedianAbsDev":{"confidence_interval":{"confidence_level":0.95,"lower_bound":26753.352380032822,"upper_bound":113026.27396590721},"point_estimate":55662.56552838543,"standard_error":21894.266598196205},"Slope":{"confidence_interval":{"confidence_level":0.95,"lower_bound":3591217.0527224557,"upper_bound":3644919.4543345544},"point_estimate":3618244.123522979,"standard_error":13644.35858349206},"StdDev":{"confidence_interval":{"confidence_level":0.95,"lower_bound":101424.10756288936,"upper_bound":138124.49397638025},"point_estimate":120339.73142440536,"standard_error":9434.178898586939}}