{"Mean":{"confidence_interval":{"confidence_level":0.95,"lower_bound":579096.4290785433,"upper_bound":596850.8037837761},"point_estimate":587383.7942240124,"standard_error":4531.506130269594},"Median":{"confidence_interval":{"confidence_level":0.95,"lower_bound":561232.2857142857,"upper_bound":563702.34375},"point_estimate":561648.1176470588,"standard_error":1815.6536947078733},"MedianAbsDev":{"confidence_interval":{"confidence_level":0.95,"lower_bound":631.9501569386097,"upper_bound":4575.126251383946},"point_estimate":1232.9257775229233,"standard_error":2705.0750148522508},"Slope":{"confidence_interval":{"confidence_level":0.95,"lower_bound":588142.9388274347,"upper_bound":611646.1700270299},"point_estimate":599493.0434298803,"standard_error":5992.393865435661},"StdDev":{"confidence_interval":{"confidence_level":0.95,"lower_bound":30852.120480317863,"upper_bound":60869.58555864361},"point_estimate":45637.07788905427,"standard_error":7900.739274369476}}