{"Mean":{"confidence_interval":{"confidence_level":0.95,"lower_bound":3855897.082755282,"upper_bound":3905427.4969907908},"point_estimate":3880309.7918414797,"standard_error":12627.839656618995},"Median":{"confidence_interval":{"confidence_level":0.95,"lower_bound":3774705.5454545456,"upper_bound":3934982.218322981},"point_estimate":3890335.9294642859,"standard_error":44709.484048356506},"MedianAbsDev":{"confidence_interval":{"confidence_level":0.95,"lower_bound":48064.29670415024,"upper_bound":203973.06095345494},"point_estimate":174693.49653071227,"standard_error":39544.958158995214},"Slope":{"confidence_interval":{"confidence_level":0.95,"lower_bound":3839064.4583925029,"upper_bound":3894954.946150652},"point_estimate":3867056.3517511456,"standard_error":14308.565035016369},"StdDev":{"confidence_interval":{"confidence_level":0.95,"lower_bound":113577.12388301674,"upper_bound":139127.44648371754},"point_estimate":127005.04069977779,"standard_error":6524.157097438494}}