{"Mean":{"confidence_interval":{"confidence_level":0.95,"lower_bound":120.98133795155639,"upper_bound":126.52697599464146},"point_estimate":123.68188722611794,"standard_error":1.4296844814566608},"Median":{"confidence_interval":{"confidence_level":0.95,"lower_bound":115.55992523682086,"upper_bound":115.76856689746967},"point_estimate":115.61290118593866,"standard_error":0.04760084140503042},"MedianAbsDev":{"confidence_interval":{"confidence_level":0.95,"lower_bound":0.11375107037934902,"upper_bound":0.40686135837297246},"point_estimate":0.19279468526831984,"standard_error":0.06897526278585678},"Slope":{"confidence_interval":{"confidence_level":0.95,"lower_bound":121.8326385250884,"upper_bound":129.14438661477784},"point_estimate":125.24564887521432,"standard_error":1.865916671744032},"StdDev":{"confidence_interval":{"confidence_level":0.95,"lower_bound":12.273281231458555,"upper_bound":15.792654581507114},"point_estimate":14.37443532588465,"standard_error":0.9039627514275186}}