{"Mean":{"confidence_interval":{"confidence_level":0.95,"lower_bound":89973.75332872893,"upper_bound":96057.92840311969},"point_estimate":93004.68699386418,"standard_error":1552.9897222278583},"Median":{"confidence_interval":{"confidence_level":0.95,"lower_bound":85742.14191729324,"upper_bound":97932.90476190477},"point_estimate":86021.65992935637,"standard_error":2982.3857794798157},"MedianAbsDev":{"confidence_interval":{"confidence_level":0.95,"lower_bound":13053.343961500072,"upper_bound":24225.15764517391},"point_estimate":15875.272301296329,"standard_error":3021.34277536167},"Slope":{"confidence_interval":{"confidence_level":0.95,"lower_bound":95449.90747610532,"upper_bound":103239.53500352663},"point_estimate":99456.0795349279,"standard_error":1991.7129924897034},"StdDev":{"confidence_interval":{"confidence_level":0.95,"lower_bound":14067.615864439755,"upper_bound":16925.364679918468},"point_estimate":15611.132959643968,"standard_error":727.6477077187338}}