{"Mean":{"confidence_interval":{"confidence_level":0.95,"lower_bound":1292596.0760748853,"upper_bound":1322474.1893560193},"point_estimate":1307482.2061422789,"standard_error":7623.699362614946},"Median":{"confidence_interval":{"confidence_level":0.95,"lower_bound":1240444.2971014493,"upper_bound":1393331.5222222224},"point_estimate":1242435.2232142857,"standard_error":35071.38018172646},"MedianAbsDev":{"confidence_interval":{"confidence_level":0.95,"lower_bound":2075.6568919097137,"upper_bound":95030.67858479053},"point_estimate":5262.337124918191,"standard_error":22697.3756804225},"Slope":{"confidence_interval":{"confidence_level":0.95,"lower_bound":1299189.9161047622,"upper_bound":1339600.0891372965},"point_estimate":1319541.2933619035,"standard_error":10342.579355906224},"StdDev":{"confidence_interval":{"confidence_level":0.95,"lower_bound":72804.141389986,"upper_bound":78141.07657918455},"point_estimate":76647.14539446308,"standard_error":1377.706845689231}}