{"Mean":{"confidence_interval":{"confidence_level":0.95,"lower_bound":4223605.314921993,"upper_bound":4258725.329497425},"point_estimate":4237279.525424087,"standard_error":9279.636183336635},"Median":{"confidence_interval":{"confidence_level":0.95,"lower_bound":4215618.7272727279,"upper_bound":4219642.159338662},"point_estimate":4217865.749061914,"standard_error":1189.7848734025302},"MedianAbsDev":{"confidence_interval":{"confidence_level":0.95,"lower_bound":5544.717147546294,"upper_bound":10742.775267611254},"point_estimate":8399.069802295291,"standard_error":1351.1188454130736},"Slope":{"confidence_interval":{"confidence_level":0.95,"lower_bound":4213160.963752705,"upper_bound":4297040.398315752},"point_estimate":4239703.774153982,"standard_error":25156.365575810236},"StdDev":{"confidence_interval":{"confidence_level":0.95,"lower_bound":22652.42077054611,"upper_bound":153062.25662193125},"point_estimate":93022.8505592351,"standard_error":41074.4009784098}}