{"Mean":{"confidence_interval":{"confidence_level":0.95,"lower_bound":6789314.496610964,"upper_bound":7310306.141804023},"point_estimate":7045049.48632574,"standard_error":132922.7907177874},"Median":{"confidence_interval":{"confidence_level":0.95,"lower_bound":5995507.933333334,"upper_bound":6844856.933083177},"point_estimate":6026818.064698795,"standard_error":224802.23556571795},"MedianAbsDev":{"confidence_interval":{"confidence_level":0.95,"lower_bound":25547.8736450974,"upper_bound":1275837.2352407554},"point_estimate":73218.7914270852,"standard_error":330338.72912133796},"Slope":{"confidence_interval":{"confidence_level":0.95,"lower_bound":6953410.304616359,"upper_bound":7672575.545985793},"point_estimate":7307065.28927442,"standard_error":183285.72878007845},"StdDev":{"confidence_interval":{"confidence_level":0.95,"lower_bound":1193837.6170288448,"upper_bound":1433424.0183005678},"point_estimate":1332217.6534946997,"standard_error":61342.80386779716}}