{"Mean":{"confidence_interval":{"confidence_level":0.95,"lower_bound":853.9382446096636,"upper_bound":854.5815481323359},"point_estimate":854.2334542197652,"standard_error":0.16483370298042153},"Median":{"confidence_interval":{"confidence_level":0.95,"lower_bound":853.5781956659556,"upper_bound":853.7700072424407},"point_estimate":853.6610275825984,"standard_error":0.05020851266269546},"MedianAbsDev":{"confidence_interval":{"confidence_level":0.95,"lower_bound":0.2384792048372494,"upper_bound":0.47811851239575717},"point_estimate":0.32889578573624098,"standard_error":0.0632815047391284},"Slope":{"confidence_interval":{"confidence_level":0.95,"lower_bound":853.4812862027487,"upper_bound":853.561132248286},"point_estimate":853.5178636286249,"standard_error":0.020344734302994977},"StdDev":{"confidence_interval":{"confidence_level":0.95,"lower_bound":0.9969736341532343,"upper_bound":2.187524620581064},"point_estimate":1.6582722732077946,"standard_error":0.3043574527446111}}