{"Mean":{"confidence_interval":{"confidence_level":0.95,"lower_bound":6266025.745167345,"upper_bound":6287531.937064723},"point_estimate":6276204.316946047,"standard_error":5490.519290088325},"Median":{"confidence_interval":{"confidence_level":0.95,"lower_bound":6260371.341871585,"upper_bound":6275459.719298245},"point_estimate":6268449.4521084339,"standard_error":3682.313218805723},"MedianAbsDev":{"confidence_interval":{"confidence_level":0.95,"lower_bound":21800.288876206978,"upper_bound":34579.21216393005},"point_estimate":29427.79784439443,"standard_error":3322.394433521038},"Slope":{"confidence_interval":{"confidence_level":0.95,"lower_bound":6270603.669822084,"upper_bound":6315134.245658107},"point_estimate":6291650.027128713,"standard_error":11435.550793430322},"StdDev":{"confidence_interval":{"confidence_level":0.95,"lower_bound":35006.87281826127,"upper_bound":72588.69192460939},"point_estimate":55217.43632428961,"standard_error":9633.912682277201}}