{"Mean":{"confidence_interval":{"confidence_level":0.95,"lower_bound":24448851.09123019,"upper_bound":24603400.592088634},"point_estimate":24523378.12249727,"standard_error":39582.53849308548},"Median":{"confidence_interval":{"confidence_level":0.95,"lower_bound":24374378.655279504,"upper_bound":24432495.475409837},"point_estimate":24401730.488811189,"standard_error":17051.82481828454},"MedianAbsDev":{"confidence_interval":{"confidence_level":0.95,"lower_bound":88090.03380561309,"upper_bound":168667.80259582884},"point_estimate":134867.4001786607,"standard_error":21915.383549910573},"Slope":{"confidence_interval":{"confidence_level":0.95,"lower_bound":24426684.72152819,"upper_bound":24593229.824404945},"point_estimate":24503267.850926557,"standard_error":42670.48497668635},"StdDev":{"confidence_interval":{"confidence_level":0.95,"lower_bound":309939.3691510043,"upper_bound":465978.3391972286},"point_estimate":396758.8141038168,"standard_error":39819.40511771047}}