{"Mean":{"confidence_interval":{"confidence_level":0.95,"lower_bound":6961521.926283612,"upper_bound":6986063.708567962},"point_estimate":6973008.628161154,"standard_error":6278.893133496158},"Median":{"confidence_interval":{"confidence_level":0.95,"lower_bound":6946773.643835616,"upper_bound":6976119.646621622},"point_estimate":6961796.078429101,"standard_error":7628.288626997668},"MedianAbsDev":{"confidence_interval":{"confidence_level":0.95,"lower_bound":39429.56007701504,"upper_bound":59666.928796921246},"point_estimate":50052.613988217345,"standard_error":5383.852909402369},"Slope":{"confidence_interval":{"confidence_level":0.95,"lower_bound":6942710.730854369,"upper_bound":6957868.321027017},"point_estimate":6949898.2195005179,"standard_error":3870.380146463609},"StdDev":{"confidence_interval":{"confidence_level":0.95,"lower_bound":43193.53024664328,"upper_bound":85485.92056043493},"point_estimate":62769.50518912053,"standard_error":11966.825347797007}}