{"Mean":{"confidence_interval":{"confidence_level":0.95,"lower_bound":4245553.610497143,"upper_bound":4256952.605659953},"point_estimate":4250730.273631416,"standard_error":2916.148072220886},"Median":{"confidence_interval":{"confidence_level":0.95,"lower_bound":4237108.117647059,"upper_bound":4245844.71875},"point_estimate":4241381.817225348,"standard_error":2065.785457124563},"MedianAbsDev":{"confidence_interval":{"confidence_level":0.95,"lower_bound":8219.322401685782,"upper_bound":17489.035265596944},"point_estimate":11568.21175521079,"standard_error":2276.788373340011},"Slope":{"confidence_interval":{"confidence_level":0.95,"lower_bound":4235788.004700528,"upper_bound":4243702.4686427679},"point_estimate":4239156.198451308,"standard_error":2051.6646769862265},"StdDev":{"confidence_interval":{"confidence_level":0.95,"lower_bound":17100.06559012923,"upper_bound":41830.183616355935},"point_estimate":29347.268813226005,"standard_error":6874.24165770908}}