{"Mean":{"confidence_interval":{"confidence_level":0.95,"lower_bound":288975995.69479897,"upper_bound":289553755.4850317},"point_estimate":289261821.22904029,"standard_error":147301.9494817204},"Median":{"confidence_interval":{"confidence_level":0.95,"lower_bound":288644602.7426901,"upper_bound":289384383.56636157},"point_estimate":289110760.02775189,"standard_error":201369.10564013673},"MedianAbsDev":{"confidence_interval":{"confidence_level":0.95,"lower_bound":1138291.5897311457,"upper_bound":1924523.1923889162},"point_estimate":1570942.428776163,"standard_error":195418.22420939627},"Slope":{"confidence_interval":{"confidence_level":0.95,"lower_bound":289588366.2402628,"upper_bound":290284754.0905248},"point_estimate":289945795.3451574,"standard_error":177062.87100482756},"StdDev":{"confidence_interval":{"confidence_level":0.95,"lower_bound":1279865.6343427213,"upper_bound":1664762.83735623},"point_estimate":1482613.111307217,"standard_error":98055.47003156996}}