{"Mean":{"confidence_interval":{"confidence_level":0.95,"lower_bound":72921709.36389321,"upper_bound":73292463.91230993},"point_estimate":73101996.63038118,"standard_error":94613.23166622952},"Median":{"confidence_interval":{"confidence_level":0.95,"lower_bound":72380355.25,"upper_bound":73298351.97262469},"point_estimate":72630198.72142858,"standard_error":274648.428231363},"MedianAbsDev":{"confidence_interval":{"confidence_level":0.95,"lower_bound":198276.012466026,"upper_bound":1343152.7814478013},"point_estimate":589507.9821408129,"standard_error":338168.9560120042},"Slope":{"confidence_interval":{"confidence_level":0.95,"lower_bound":73231536.6043518,"upper_bound":73635388.2194596},"point_estimate":73433338.68009754,"standard_error":102941.29032031473},"StdDev":{"confidence_interval":{"confidence_level":0.95,"lower_bound":802903.2972992122,"upper_bound":1080076.9751086087},"point_estimate":952568.6256078876,"standard_error":70521.05528272355}}