{"Mean":{"confidence_interval":{"confidence_level":0.95,"lower_bound":3560052.6222127627,"upper_bound":3614465.2505843637},"point_estimate":3586030.8465682317,"standard_error":13925.095121406965},"Median":{"confidence_interval":{"confidence_level":0.95,"lower_bound":3491146.584827683,"upper_bound":3635237.0},"point_estimate":3535539.1843434346,"standard_error":31828.900344693095},"MedianAbsDev":{"confidence_interval":{"confidence_level":0.95,"lower_bound":42329.76693888826,"upper_bound":165379.6719264239},"point_estimate":106151.78029007201,"standard_error":35549.54434123442},"Slope":{"confidence_interval":{"confidence_level":0.95,"lower_bound":3560627.2081071536,"upper_bound":3618761.60881552},"point_estimate":3588887.2242293485,"standard_error":14801.610511379891},"StdDev":{"confidence_interval":{"confidence_level":0.95,"lower_bound":106956.48741247479,"upper_bound":180506.7371445497},"point_estimate":140392.19774041445,"standard_error":20066.72531174216}}