{"Mean":{"confidence_interval":{"confidence_level":0.95,"lower_bound":339114.5029888236,"upper_bound":342766.3433400086},"point_estimate":340842.48739652437,"standard_error":937.0992602609043},"Median":{"confidence_interval":{"confidence_level":0.95,"lower_bound":335676.85185185188,"upper_bound":340181.78804963445},"point_estimate":336546.6653874269,"standard_error":1169.6179578210866},"MedianAbsDev":{"confidence_interval":{"confidence_level":0.95,"lower_bound":2492.7207321342577,"upper_bound":7595.173899171774},"point_estimate":4279.682610767423,"standard_error":1274.5714640166662},"Slope":{"confidence_interval":{"confidence_level":0.95,"lower_bound":339725.3107222449,"upper_bound":343308.7392183569},"point_estimate":341387.33925717949,"standard_error":916.0042825175232},"StdDev":{"confidence_interval":{"confidence_level":0.95,"lower_bound":6798.863509380622,"upper_bound":11656.695682099138},"point_estimate":9415.161762673724,"standard_error":1243.0872628255727}}