{"Mean":{"confidence_interval":{"confidence_level":0.95,"lower_bound":2319543.552668593,"upper_bound":2353889.469908795},"point_estimate":2336320.269831787,"standard_error":8774.496528552641},"Median":{"confidence_interval":{"confidence_level":0.95,"lower_bound":2271509.3463694986,"upper_bound":2337242.2516081875},"point_estimate":2274160.759404006,"standard_error":14359.199492820395},"MedianAbsDev":{"confidence_interval":{"confidence_level":0.95,"lower_bound":7358.367378089332,"upper_bound":100873.66380720982},"point_estimate":12187.2328260127,"standard_error":20699.587241803732},"Slope":{"confidence_interval":{"confidence_level":0.95,"lower_bound":2340311.9237400649,"upper_bound":2386134.486754343},"point_estimate":2362735.3403605737,"standard_error":11657.180933244765},"StdDev":{"confidence_interval":{"confidence_level":0.95,"lower_bound":76241.75696594479,"upper_bound":98251.22939585654},"point_estimate":88046.66757529808,"standard_error":5623.961823998668}}