{"Mean":{"confidence_interval":{"confidence_level":0.95,"lower_bound":70154.21566743299,"upper_bound":71523.08556888672},"point_estimate":70766.25364399485,"standard_error":352.07779418812177},"Median":{"confidence_interval":{"confidence_level":0.95,"lower_bound":69327.41711956522,"upper_bound":69887.38839285715},"point_estimate":69558.75137867648,"standard_error":166.87021822149709},"MedianAbsDev":{"confidence_interval":{"confidence_level":0.95,"lower_bound":1077.9341265330455,"upper_bound":2495.5135994457807},"point_estimate":1701.7549746807898,"standard_error":370.23208301633988},"Slope":{"confidence_interval":{"confidence_level":0.95,"lower_bound":70208.86768868912,"upper_bound":71308.37384348178},"point_estimate":70734.82181136398,"standard_error":280.10562451816306},"StdDev":{"confidence_interval":{"confidence_level":0.95,"lower_bound":2016.0442089895433,"upper_bound":5131.114974603679},"point_estimate":3522.1455730501745,"standard_error":921.4297762224826}}