{"Mean":{"confidence_interval":{"confidence_level":0.95,"lower_bound":491073.40194244906,"upper_bound":495208.8835155811},"point_estimate":493155.06812760108,"standard_error":1055.4115067205653},"Median":{"confidence_interval":{"confidence_level":0.95,"lower_bound":482244.1309216193,"upper_bound":502591.3711162551},"point_estimate":502401.0391744406,"standard_error":8362.310296527376},"MedianAbsDev":{"confidence_interval":{"confidence_level":0.95,"lower_bound":733.0907569867926,"upper_bound":13772.939335860654},"point_estimate":5627.235923511194,"standard_error":3855.919208018121},"Slope":{"confidence_interval":{"confidence_level":0.95,"lower_bound":486904.9249438759,"upper_bound":491842.3404474789},"point_estimate":489250.89013841687,"standard_error":1261.6591792471557},"StdDev":{"confidence_interval":{"confidence_level":0.95,"lower_bound":10246.095317412795,"upper_bound":10777.911690832574},"point_estimate":10607.050605460092,"standard_error":133.81388320131337}}