{"Mean":{"confidence_interval":{"confidence_level":0.95,"lower_bound":116.16402866054678,"upper_bound":120.10503908925341},"point_estimate":118.10369717082968,"standard_error":1.0096269853536233},"Median":{"confidence_interval":{"confidence_level":0.95,"lower_bound":112.6161922295361,"upper_bound":112.6837206621939},"point_estimate":112.63646602748122,"standard_error":0.015971425520368435},"MedianAbsDev":{"confidence_interval":{"confidence_level":0.95,"lower_bound":0.06511304346677129,"upper_bound":0.16285814758544529},"point_estimate":0.10285987765069808,"standard_error":0.024942724604946899},"Slope":{"confidence_interval":{"confidence_level":0.95,"lower_bound":120.74394411573285,"upper_bound":127.25506091171408},"point_estimate":124.12289516384198,"standard_error":1.6609959373317236},"StdDev":{"confidence_interval":{"confidence_level":0.95,"lower_bound":8.589745911699188,"upper_bound":11.32471100586158},"point_estimate":10.204447277826205,"standard_error":0.700430301477802}}