{"Mean":{"confidence_interval":{"confidence_level":0.95,"lower_bound":2241197.433946819,"upper_bound":2277353.92531614},"point_estimate":2258633.513598131,"standard_error":9235.352764850628},"Median":{"confidence_interval":{"confidence_level":0.95,"lower_bound":2198414.8980221517,"upper_bound":2221361.166666667},"point_estimate":2200071.2154213038,"standard_error":7193.398417974776},"MedianAbsDev":{"confidence_interval":{"confidence_level":0.95,"lower_bound":7932.0068451016609,"upper_bound":42546.02127300785},"point_estimate":11695.711641350152,"standard_error":10561.034131441103},"Slope":{"confidence_interval":{"confidence_level":0.95,"lower_bound":2237901.123906144,"upper_bound":2273815.7794297796},"point_estimate":2255291.8914733265,"standard_error":9148.291798208284},"StdDev":{"confidence_interval":{"confidence_level":0.95,"lower_bound":74541.50703533154,"upper_bound":108605.13570628553},"point_estimate":92847.46501978077,"standard_error":8702.957576632734}}