{"Mean":{"confidence_interval":{"confidence_level":0.95,"lower_bound":0.028490091456595754,"upper_bound":0.03698131287329552},"point_estimate":0.03269191459862686,"standard_error":0.0021574509959200857},"Median":{"confidence_interval":{"confidence_level":0.95,"lower_bound":0.02319077858490015,"upper_bound":0.04125744749401372},"point_estimate":0.036290348251692309,"standard_error":0.004348647361979937}}