{"Mean":{"confidence_interval":{"confidence_level":0.95,"lower_bound":341242.72244514859,"upper_bound":347467.349985651},"point_estimate":344217.5841074645,"standard_error":1587.769662684722},"Median":{"confidence_interval":{"confidence_level":0.95,"lower_bound":334384.90860215059,"upper_bound":343055.85777777779},"point_estimate":335583.17261904766,"standard_error":2505.0235696958545},"MedianAbsDev":{"confidence_interval":{"confidence_level":0.95,"lower_bound":3906.4772774203477,"upper_bound":14206.99733796908},"point_estimate":6389.963306247053,"standard_error":2994.3048094968396},"Slope":{"confidence_interval":{"confidence_level":0.95,"lower_bound":344470.5814623517,"upper_bound":353423.7291625477},"point_estimate":348981.14688636027,"standard_error":2280.7786300976988},"StdDev":{"confidence_interval":{"confidence_level":0.95,"lower_bound":12396.875023323293,"upper_bound":18998.358265602346},"point_estimate":15941.197173295426,"standard_error":1685.7309213638485}}