{"Mean":{"confidence_interval":{"confidence_level":0.95,"lower_bound":33184169.249214394,"upper_bound":33341344.85057986},"point_estimate":33262190.016047017,"standard_error":40017.72526730713},"Median":{"confidence_interval":{"confidence_level":0.95,"lower_bound":33125085.85964912,"upper_bound":33341813.36909227},"point_estimate":33238412.292349727,"standard_error":54841.210286576585},"MedianAbsDev":{"confidence_interval":{"confidence_level":0.95,"lower_bound":264389.0069778963,"upper_bound":397120.4600880875},"point_estimate":331811.9962326997,"standard_error":33435.64803145396},"Slope":{"confidence_interval":{"confidence_level":0.95,"lower_bound":33223479.324341738,"upper_bound":33360034.714833417},"point_estimate":33288510.743301315,"standard_error":34842.06774214204},"StdDev":{"confidence_interval":{"confidence_level":0.95,"lower_bound":317047.980480518,"upper_bound":483334.473138963},"point_estimate":401867.8207490257,"standard_error":42517.41774963453}}