{"Mean":{"confidence_interval":{"confidence_level":0.95,"lower_bound":82159474.60353366,"upper_bound":82994699.21714783},"point_estimate":82566662.36716675,"standard_error":213067.58637668054},"Median":{"confidence_interval":{"confidence_level":0.95,"lower_bound":82096468.57716719,"upper_bound":82779456.3409091},"point_estimate":82345935.00833333,"standard_error":157966.00813269407},"MedianAbsDev":{"confidence_interval":{"confidence_level":0.95,"lower_bound":1367764.8220673204,"upper_bound":2387307.6074207515},"point_estimate":1947188.671037154,"standard_error":263970.20552972887},"Slope":{"confidence_interval":{"confidence_level":0.95,"lower_bound":81464652.61201225,"upper_bound":82260995.35885993},"point_estimate":81856689.66359392,"standard_error":202764.7787942745},"StdDev":{"confidence_interval":{"confidence_level":0.95,"lower_bound":1726215.1756597395,"upper_bound":2560416.917605626},"point_estimate":2142781.502252029,"standard_error":214293.29085419546}}