{"Mean":{"confidence_interval":{"confidence_level":0.95,"lower_bound":2765.877798167108,"upper_bound":2799.0273964375817},"point_estimate":2781.7057998922934,"standard_error":8.468249773027168},"Median":{"confidence_interval":{"confidence_level":0.95,"lower_bound":2766.2001381586526,"upper_bound":2789.5576179667616},"point_estimate":2786.776297319966,"standard_error":5.931345559492785},"MedianAbsDev":{"confidence_interval":{"confidence_level":0.95,"lower_bound":26.469603535519974,"upper_bound":94.98227635203887},"point_estimate":61.94267625778004,"standard_error":18.93290583250035},"Slope":{"confidence_interval":{"confidence_level":0.95,"lower_bound":2761.602711971217,"upper_bound":2796.8620898287028},"point_estimate":2778.6254533360126,"standard_error":9.016629157220394},"StdDev":{"confidence_interval":{"confidence_level":0.95,"lower_bound":62.52612806792794,"upper_bound":104.99435245926293},"point_estimate":85.19615584266305,"standard_error":10.824653057109485}}