{"Mean":{"confidence_interval":{"confidence_level":0.95,"lower_bound":269088.6272569666,"upper_bound":269792.7686347878},"point_estimate":269431.09890441017,"standard_error":179.88246216078779},"Median":{"confidence_interval":{"confidence_level":0.95,"lower_bound":268462.34352836877,"upper_bound":268843.0714285714},"point_estimate":268550.1732772436,"standard_error":88.90358307724333},"MedianAbsDev":{"confidence_interval":{"confidence_level":0.95,"lower_bound":476.2565163816579,"upper_bound":982.2618641238487},"point_estimate":617.105687674064,"standard_error":121.90162997567869},"Slope":{"confidence_interval":{"confidence_level":0.95,"lower_bound":268843.98394754089,"upper_bound":269958.99482875867},"point_estimate":269395.30019654208,"standard_error":284.8354077532952},"StdDev":{"confidence_interval":{"confidence_level":0.95,"lower_bound":1492.72549542351,"upper_bound":2045.0081747465109},"point_estimate":1808.6462251209746,"standard_error":140.68943743154015}}