{"Mean":{"confidence_interval":{"confidence_level":0.95,"lower_bound":2513503.995419019,"upper_bound":2523187.8129401488},"point_estimate":2517834.465845841,"standard_error":2492.583805536293},"Median":{"confidence_interval":{"confidence_level":0.95,"lower_bound":2507479.1877283474,"upper_bound":2511595.1},"point_estimate":2509111.4260752687,"standard_error":919.5908898088048},"MedianAbsDev":{"confidence_interval":{"confidence_level":0.95,"lower_bound":4139.819320110902,"upper_bound":8725.163424565008},"point_estimate":6410.675851005885,"standard_error":1130.6603766406364},"Slope":{"confidence_interval":{"confidence_level":0.95,"lower_bound":2507034.277181077,"upper_bound":2512707.0948587099},"point_estimate":2509440.8180907347,"standard_error":1467.6754772658872},"StdDev":{"confidence_interval":{"confidence_level":0.95,"lower_bound":13761.190962256436,"upper_bound":36587.83637526013},"point_estimate":25065.209960472475,"standard_error":6520.6542548192769}}