{"Mean":{"confidence_interval":{"confidence_level":0.95,"lower_bound":0.011640265425518997,"upper_bound":0.01670143783527313},"point_estimate":0.014172694341219039,"standard_error":0.0012860181240310313},"Median":{"confidence_interval":{"confidence_level":0.95,"lower_bound":0.009424660813600827,"upper_bound":0.017306242103822368},"point_estimate":0.013353068088902909,"standard_error":0.0019090713108634494}}