{"Mean":{"confidence_interval":{"confidence_level":0.95,"lower_bound":13920371.959795334,"upper_bound":13991434.429891546},"point_estimate":13955008.262524242,"standard_error":18144.284610549865},"Median":{"confidence_interval":{"confidence_level":0.95,"lower_bound":13898620.52173913,"upper_bound":13951081.508214677},"point_estimate":13927041.75,"standard_error":13976.441244006173},"MedianAbsDev":{"confidence_interval":{"confidence_level":0.95,"lower_bound":88292.91888787394,"upper_bound":157983.09753648795},"point_estimate":118068.26972887012,"standard_error":18042.42657660248},"Slope":{"confidence_interval":{"confidence_level":0.95,"lower_bound":13958631.090814345,"upper_bound":14076146.961658512},"point_estimate":14015580.731647702,"standard_error":30057.484020451408},"StdDev":{"confidence_interval":{"confidence_level":0.95,"lower_bound":142732.99991447055,"upper_bound":220435.46614103314},"point_estimate":183281.2160740594,"standard_error":19902.576785720023}}