{"Mean":{"confidence_interval":{"confidence_level":0.95,"lower_bound":71529.28942793992,"upper_bound":72728.8002905869},"point_estimate":72172.88097377528,"standard_error":306.7313955854379},"Median":{"confidence_interval":{"confidence_level":0.95,"lower_bound":72709.1931773879,"upper_bound":73158.28},"point_estimate":72928.69576190476,"standard_error":113.27131301839693},"MedianAbsDev":{"confidence_interval":{"confidence_level":0.95,"lower_bound":761.6763231441981,"upper_bound":1302.171984497115},"point_estimate":1082.9002993261973,"standard_error":136.8164186135953},"Slope":{"confidence_interval":{"confidence_level":0.95,"lower_bound":72350.57533325705,"upper_bound":73208.77122834746},"point_estimate":72817.55956632679,"standard_error":218.7077601845809},"StdDev":{"confidence_interval":{"confidence_level":0.95,"lower_bound":1961.2573350351066,"upper_bound":3975.2904133970598},"point_estimate":3084.8441243576055,"standard_error":512.5889180127522}}