{"Mean":{"confidence_interval":{"confidence_level":0.95,"lower_bound":14554086.432901189,"upper_bound":14594644.96581579},"point_estimate":14573906.579539868,"standard_error":10366.385428737234},"Median":{"confidence_interval":{"confidence_level":0.95,"lower_bound":14514646.406318084,"upper_bound":14591856.965077606},"point_estimate":14554609.655122655,"standard_error":21828.849625570187},"MedianAbsDev":{"confidence_interval":{"confidence_level":0.95,"lower_bound":75626.43994542214,"upper_bound":135030.52160921214},"point_estimate":113720.14275029472,"standard_error":15702.27131018472},"Slope":{"confidence_interval":{"confidence_level":0.95,"lower_bound":14552089.16144902,"upper_bound":14608811.263554085},"point_estimate":14579426.111958033,"standard_error":14489.206093585788},"StdDev":{"confidence_interval":{"confidence_level":0.95,"lower_bound":89904.06508515885,"upper_bound":116559.96714553099},"point_estimate":104278.65104381886,"standard_error":6823.148547379887}}