{"Mean":{"confidence_interval":{"confidence_level":0.95,"lower_bound":0.4140949141428658,"upper_bound":0.44633606209060297},"point_estimate":0.4297709853393583,"standard_error":0.008228593750971774},"Median":{"confidence_interval":{"confidence_level":0.95,"lower_bound":0.387986579489938,"upper_bound":0.47220164866867267},"point_estimate":0.4084302278183809,"standard_error":0.024663654616439259}}