{"Mean":{"confidence_interval":{"confidence_level":0.95,"lower_bound":6907468.780917715,"upper_bound":6998827.133113075},"point_estimate":6951052.467293691,"standard_error":23352.41635028282},"Median":{"confidence_interval":{"confidence_level":0.95,"lower_bound":6856101.007164031,"upper_bound":6922792.823529412},"point_estimate":6874942.682186892,"standard_error":15603.81350524008},"MedianAbsDev":{"confidence_interval":{"confidence_level":0.95,"lower_bound":93597.82293617443,"upper_bound":165706.8632081151},"point_estimate":123634.13486671551,"standard_error":17593.04130766661},"Slope":{"confidence_interval":{"confidence_level":0.95,"lower_bound":6894735.196591511,"upper_bound":7038987.770012938},"point_estimate":6963033.922296438,"standard_error":36948.52636471894},"StdDev":{"confidence_interval":{"confidence_level":0.95,"lower_bound":174910.86887256756,"upper_bound":282879.134201226},"point_estimate":234013.26869555447,"standard_error":27470.532776466556}}