{"Mean":{"confidence_interval":{"confidence_level":0.95,"lower_bound":7108508.806632251,"upper_bound":7148037.559088155},"point_estimate":7127072.108152108,"standard_error":10096.847543242326},"Median":{"confidence_interval":{"confidence_level":0.95,"lower_bound":7078650.5,"upper_bound":7134062.702702703},"point_estimate":7107613.847643098,"standard_error":15320.067794239763},"MedianAbsDev":{"confidence_interval":{"confidence_level":0.95,"lower_bound":58871.341875458085,"upper_bound":102838.4259451516},"point_estimate":78865.74069985292,"standard_error":10708.758824621156},"Slope":{"confidence_interval":{"confidence_level":0.95,"lower_bound":7102081.390015559,"upper_bound":7153277.951848746},"point_estimate":7126712.641926998,"standard_error":13129.26278086639},"StdDev":{"confidence_interval":{"confidence_level":0.95,"lower_bound":72640.38712124442,"upper_bound":132714.24384148388},"point_estimate":101553.7389243778,"standard_error":15959.938735359328}}