{"Mean":{"confidence_interval":{"confidence_level":0.95,"lower_bound":0.6268078500132822,"upper_bound":0.6570338474882917},"point_estimate":0.6408352471353132,"standard_error":0.0076729004454363139},"Median":{"confidence_interval":{"confidence_level":0.95,"lower_bound":0.6129741925660353,"upper_bound":0.641458408780518},"point_estimate":0.6251092278509747,"standard_error":0.007083593557360632}}