{"Mean":{"confidence_interval":{"confidence_level":0.95,"lower_bound":3523312.048153134,"upper_bound":3563676.746882349},"point_estimate":3544832.908876626,"standard_error":10280.33354634816},"Median":{"confidence_interval":{"confidence_level":0.95,"lower_bound":3528007.1692307696,"upper_bound":3540712.3372340428},"point_estimate":3530911.9952017238,"standard_error":3192.481640348927},"MedianAbsDev":{"confidence_interval":{"confidence_level":0.95,"lower_bound":16895.861988413177,"upper_bound":70941.56335902029},"point_estimate":40711.433781538435,"standard_error":13431.99782995925},"Slope":{"confidence_interval":{"confidence_level":0.95,"lower_bound":3553493.722161779,"upper_bound":3580843.196746884},"point_estimate":3566329.140768435,"standard_error":7005.148987340028},"StdDev":{"confidence_interval":{"confidence_level":0.95,"lower_bound":63989.168160181245,"upper_bound":145603.96368455314},"point_estimate":102916.94495333008,"standard_error":22387.460105745326}}