{"Mean":{"confidence_interval":{"confidence_level":0.95,"lower_bound":44793887.48223664,"upper_bound":45149838.89008153},"point_estimate":44963977.40340755,"standard_error":91028.29954428923},"Median":{"confidence_interval":{"confidence_level":0.95,"lower_bound":44501318.847826089,"upper_bound":44901031.313432838},"point_estimate":44641236.50740741,"standard_error":101643.21932065065},"MedianAbsDev":{"confidence_interval":{"confidence_level":0.95,"lower_bound":395629.85887388637,"upper_bound":831250.687696328},"point_estimate":591731.3237579238,"standard_error":107495.67524874659},"Slope":{"confidence_interval":{"confidence_level":0.95,"lower_bound":44930507.68785608,"upper_bound":45311826.7378068},"point_estimate":45110492.70643417,"standard_error":97489.40243588687},"StdDev":{"confidence_interval":{"confidence_level":0.95,"lower_bound":700875.1671785341,"upper_bound":1114440.7809280328},"point_estimate":915768.5247791959,"standard_error":105914.36684603042}}