{"Mean":{"confidence_interval":{"confidence_level":0.95,"lower_bound":731.3217281846179,"upper_bound":769.3938979314547},"point_estimate":750.3104100999249,"standard_error":9.747224960835876},"Median":{"confidence_interval":{"confidence_level":0.95,"lower_bound":652.3593135928111,"upper_bound":845.2577639751553},"point_estimate":796.0999828810834,"standard_error":86.15403802716948},"MedianAbsDev":{"confidence_interval":{"confidence_level":0.95,"lower_bound":4.314034033610783,"upper_bound":144.84417798210255},"point_estimate":79.27425496536537,"standard_error":37.88771156013474},"Slope":{"confidence_interval":{"confidence_level":0.95,"lower_bound":716.3842350613484,"upper_bound":767.689677376012},"point_estimate":742.2157062937484,"standard_error":13.11978950730329},"StdDev":{"confidence_interval":{"confidence_level":0.95,"lower_bound":95.07192943836115,"upper_bound":98.70010231918174},"point_estimate":97.86821429821552,"standard_error":0.9406476393765756}}