{"Mean":{"confidence_interval":{"confidence_level":0.95,"lower_bound":487693.1938203555,"upper_bound":491679.71034378328},"point_estimate":489666.6656979984,"standard_error":1018.8880258237715},"Median":{"confidence_interval":{"confidence_level":0.95,"lower_bound":481297.61666666666,"upper_bound":495196.6666666667},"point_estimate":481419.15154536397,"standard_error":3244.500563237875},"MedianAbsDev":{"confidence_interval":{"confidence_level":0.95,"lower_bound":583.0429602557728,"upper_bound":11289.695783181323},"point_estimate":1094.4893617255007,"standard_error":2130.55277189437},"Slope":{"confidence_interval":{"confidence_level":0.95,"lower_bound":485855.20232215608,"upper_bound":490997.20670563637},"point_estimate":488392.9959213832,"standard_error":1312.9660544962797},"StdDev":{"confidence_interval":{"confidence_level":0.95,"lower_bound":9663.459253083578,"upper_bound":10514.194258621574},"point_estimate":10254.289946752811,"standard_error":221.75732538301154}}