{"Mean":{"confidence_interval":{"confidence_level":0.95,"lower_bound":-0.15738762184482867,"upper_bound":-0.1320218509629747},"point_estimate":-0.14509511054006364,"standard_error":0.006485735662391614},"Median":{"confidence_interval":{"confidence_level":0.95,"lower_bound":-0.15594670898948305,"upper_bound":-0.14256310616778312},"point_estimate":-0.1504825329496009,"standard_error":0.00342542322174002}}