{"Mean":{"confidence_interval":{"confidence_level":0.95,"lower_bound":6317011.007495989,"upper_bound":6351626.446458713},"point_estimate":6333468.543512813,"standard_error":8842.353694493864},"Median":{"confidence_interval":{"confidence_level":0.95,"lower_bound":6299309.1875,"upper_bound":6309491.085203366},"point_estimate":6302570.454358553,"standard_error":3094.255629002394},"MedianAbsDev":{"confidence_interval":{"confidence_level":0.95,"lower_bound":22243.32997151629,"upper_bound":46048.24105975252},"point_estimate":33134.05247856982,"standard_error":6021.249081821649},"Slope":{"confidence_interval":{"confidence_level":0.95,"lower_bound":6301207.145862713,"upper_bound":6325587.844304883},"point_estimate":6312140.431358061,"standard_error":6241.088553331866},"StdDev":{"confidence_interval":{"confidence_level":0.95,"lower_bound":65239.14114090525,"upper_bound":108796.46878638669},"point_estimate":89365.11608678362,"standard_error":11064.438908930719}}