{"Mean":{"confidence_interval":{"confidence_level":0.95,"lower_bound":87164.21672178013,"upper_bound":91846.62694658998},"point_estimate":89504.49641896095,"standard_error":1192.937874496104},"Median":{"confidence_interval":{"confidence_level":0.95,"lower_bound":85164.36537414967,"upper_bound":93920.66084237493},"point_estimate":85586.95323129252,"standard_error":2485.643267979925},"MedianAbsDev":{"confidence_interval":{"confidence_level":0.95,"lower_bound":9500.700915113664,"upper_bound":16318.624526590847},"point_estimate":15241.836353909153,"standard_error":1877.2454390458486},"Slope":{"confidence_interval":{"confidence_level":0.95,"lower_bound":91495.90942717516,"upper_bound":96753.65454742369},"point_estimate":94170.96083746755,"standard_error":1338.2673608538206},"StdDev":{"confidence_interval":{"confidence_level":0.95,"lower_bound":10447.012745876043,"upper_bound":13290.413825579797},"point_estimate":11957.460877763213,"standard_error":727.1897439616147}}