{"Mean":{"confidence_interval":{"confidence_level":0.95,"lower_bound":2381569.4415173369,"upper_bound":2395820.1418188216},"point_estimate":2387722.4817499329,"standard_error":3673.6611857326608},"Median":{"confidence_interval":{"confidence_level":0.95,"lower_bound":2376086.5901639347,"upper_bound":2377822.8181818185},"point_estimate":2376693.524395805,"standard_error":409.92033441894548},"MedianAbsDev":{"confidence_interval":{"confidence_level":0.95,"lower_bound":1995.995516230724,"upper_bound":4445.331214631162},"point_estimate":2968.6346057781745,"standard_error":654.2242961000316},"Slope":{"confidence_interval":{"confidence_level":0.95,"lower_bound":2375386.118606299,"upper_bound":2376099.286744065},"point_estimate":2375712.6008777895,"standard_error":182.07935793533162},"StdDev":{"confidence_interval":{"confidence_level":0.95,"lower_bound":14506.78004710085,"upper_bound":56573.153139879185},"point_estimate":36959.47584269224,"standard_error":11360.276026172432}}