{"Mean":{"confidence_interval":{"confidence_level":0.95,"lower_bound":5367997.051739352,"upper_bound":5563392.10314083},"point_estimate":5461969.877901517,"standard_error":49792.463167729584},"Median":{"confidence_interval":{"confidence_level":0.95,"lower_bound":5164538.844155844,"upper_bound":5238142.735714286},"point_estimate":5188011.608406361,"standard_error":19156.54702530948},"MedianAbsDev":{"confidence_interval":{"confidence_level":0.95,"lower_bound":46947.098577365046,"upper_bound":155037.23535716753},"point_estimate":81303.97570449992,"standard_error":28238.363671970696},"Slope":{"confidence_interval":{"confidence_level":0.95,"lower_bound":5310120.900546696,"upper_bound":5574597.698613665},"point_estimate":5431665.392306783,"standard_error":67815.49210815977},"StdDev":{"confidence_interval":{"confidence_level":0.95,"lower_bound":405883.7812262545,"upper_bound":571791.2230304293},"point_estimate":499403.36877866557,"standard_error":42322.24910951633}}