{"Mean":{"confidence_interval":{"confidence_level":0.95,"lower_bound":596719.6243402639,"upper_bound":600776.4554284536},"point_estimate":598729.3017973922,"standard_error":1034.090669165192},"Median":{"confidence_interval":{"confidence_level":0.95,"lower_bound":590869.5043139292,"upper_bound":594243.53125},"point_estimate":591144.9538087056,"standard_error":2120.0641249759798},"MedianAbsDev":{"confidence_interval":{"confidence_level":0.95,"lower_bound":1604.075621759371,"upper_bound":4781.835446223551},"point_estimate":2623.9744662775794,"standard_error":1439.0264951521525},"Slope":{"confidence_interval":{"confidence_level":0.95,"lower_bound":591341.6780317465,"upper_bound":592579.9784953232},"point_estimate":591885.3366129748,"standard_error":316.82335449885729},"StdDev":{"confidence_interval":{"confidence_level":0.95,"lower_bound":9663.066978640112,"upper_bound":10734.18393685451},"point_estimate":10369.697485436322,"standard_error":274.4200938221419}}