{"Mean":{"confidence_interval":{"confidence_level":0.95,"lower_bound":5817261.572219942,"upper_bound":5847784.822241366},"point_estimate":5831998.222285054,"standard_error":7775.4060437395669},"Median":{"confidence_interval":{"confidence_level":0.95,"lower_bound":5807561.5,"upper_bound":5836617.71875},"point_estimate":5825317.4476544619,"standard_error":8227.826586834912},"MedianAbsDev":{"confidence_interval":{"confidence_level":0.95,"lower_bound":40014.82030548619,"upper_bound":79039.79074787225},"point_estimate":58870.31964592037,"standard_error":10225.417860359445},"Slope":{"confidence_interval":{"confidence_level":0.95,"lower_bound":5817615.43372647,"upper_bound":5842567.061894267},"point_estimate":5830117.461631447,"standard_error":6372.2193674996919},"StdDev":{"confidence_interval":{"confidence_level":0.95,"lower_bound":61134.975642446465,"upper_bound":94902.32214111464},"point_estimate":78305.77795886892,"standard_error":8680.868924128812}}