{"Mean":{"confidence_interval":{"confidence_level":0.95,"lower_bound":3979593.466885949,"upper_bound":4019764.123218401},"point_estimate":3999793.4596584264,"standard_error":10235.85782757231},"Median":{"confidence_interval":{"confidence_level":0.95,"lower_bound":3980871.4916666669,"upper_bound":4015611.1739130436},"point_estimate":3995601.0032774249,"standard_error":9387.710456907562},"MedianAbsDev":{"confidence_interval":{"confidence_level":0.95,"lower_bound":49989.582744724474,"upper_bound":89566.80882949411},"point_estimate":66761.39230048013,"standard_error":9870.05665364863},"Slope":{"confidence_interval":{"confidence_level":0.95,"lower_bound":4001750.9523948405,"upper_bound":4023871.577755176},"point_estimate":4012651.4966573079,"standard_error":5630.868062428406},"StdDev":{"confidence_interval":{"confidence_level":0.95,"lower_bound":81700.71689829293,"upper_bound":123717.02433553834},"point_estimate":103365.32273119415,"standard_error":10757.635225254895}}