{"Mean":{"confidence_interval":{"confidence_level":0.95,"lower_bound":-0.1762027815245262,"upper_bound":-0.16003261063382785},"point_estimate":-0.16786013103781406,"standard_error":0.004150283189520573},"Median":{"confidence_interval":{"confidence_level":0.95,"lower_bound":-0.1540192591183681,"upper_bound":-0.14452150896816497},"point_estimate":-0.1490574303654294,"standard_error":0.002412491293495165}}