{"Mean":{"confidence_interval":{"confidence_level":0.95,"lower_bound":48728581.913857277,"upper_bound":49227577.57433487},"point_estimate":48973536.29448256,"standard_error":127727.93641559375},"Median":{"confidence_interval":{"confidence_level":0.95,"lower_bound":48345105.12772637,"upper_bound":48941237.09090909},"point_estimate":48586567.48365661,"standard_error":158106.95397758},"MedianAbsDev":{"confidence_interval":{"confidence_level":0.95,"lower_bound":705332.1406805784,"upper_bound":1412442.141085647},"point_estimate":1024412.6659757446,"standard_error":187296.72363980817},"Slope":{"confidence_interval":{"confidence_level":0.95,"lower_bound":49168491.24867066,"upper_bound":49833096.01766142},"point_estimate":49500761.85757943,"standard_error":169969.00321846925},"StdDev":{"confidence_interval":{"confidence_level":0.95,"lower_bound":1076173.0577844103,"upper_bound":1476911.446090099},"point_estimate":1286539.9404795403,"standard_error":102461.98052839234}}