{"Mean":{"confidence_interval":{"confidence_level":0.95,"lower_bound":4251178.12409512,"upper_bound":4273297.661600432},"point_estimate":4261713.9666589419,"standard_error":5647.13050187662},"Median":{"confidence_interval":{"confidence_level":0.95,"lower_bound":4235181.130084746,"upper_bound":4268978.0},"point_estimate":4265660.076406172,"standard_error":8688.900280610373},"MedianAbsDev":{"confidence_interval":{"confidence_level":0.95,"lower_bound":31273.864557939607,"upper_bound":69360.19481779436},"point_estimate":65340.39605588095,"standard_error":11191.901437459741},"Slope":{"confidence_interval":{"confidence_level":0.95,"lower_bound":4221724.080700753,"upper_bound":4231115.342132539},"point_estimate":4225849.496973548,"standard_error":2396.1342857552506},"StdDev":{"confidence_interval":{"confidence_level":0.95,"lower_bound":39499.81437846354,"upper_bound":72938.20844093513},"point_estimate":56748.67136365201,"standard_error":8626.439166294727}}