{"Mean":{"confidence_interval":{"confidence_level":0.95,"lower_bound":35.60830811614264,"upper_bound":35.62596007959662},"point_estimate":35.61637504552007,"standard_error":0.0045213022809088509},"Median":{"confidence_interval":{"confidence_level":0.95,"lower_bound":35.59735246864136,"upper_bound":35.60711614162496},"point_estimate":35.60133172817264,"standard_error":0.0024144312773195068},"MedianAbsDev":{"confidence_interval":{"confidence_level":0.95,"lower_bound":0.014976667848416984,"upper_bound":0.027517767374327149},"point_estimate":0.021250476344724269,"standard_error":0.003114857881213026},"Slope":{"confidence_interval":{"confidence_level":0.95,"lower_bound":35.59183616110109,"upper_bound":35.59752663556906},"point_estimate":35.5944145060395,"standard_error":0.0014527371186506284},"StdDev":{"confidence_interval":{"confidence_level":0.95,"lower_bound":0.02814143813743371,"upper_bound":0.06379588320435475},"point_estimate":0.04546406457991949,"standard_error":0.009930728655253402}}