{"Mean":{"confidence_interval":{"confidence_level":0.95,"lower_bound":36.544095834817287,"upper_bound":37.3813298687553},"point_estimate":36.94982925841125,"standard_error":0.21256394771612228},"Median":{"confidence_interval":{"confidence_level":0.95,"lower_bound":35.736397723513118,"upper_bound":35.796545549072849},"point_estimate":35.75420150735769,"standard_error":0.014926204821582533},"MedianAbsDev":{"confidence_interval":{"confidence_level":0.95,"lower_bound":0.040316595608583697,"upper_bound":0.12895185855704034},"point_estimate":0.06847562168661554,"standard_error":0.022405364734772838},"Slope":{"confidence_interval":{"confidence_level":0.95,"lower_bound":37.724724384035038,"upper_bound":39.020249018484708},"point_estimate":38.41052865331436,"standard_error":0.3306952506843327},"StdDev":{"confidence_interval":{"confidence_level":0.95,"lower_bound":1.8183924290320477,"upper_bound":2.3589917037395295},"point_estimate":2.139739859426786,"standard_error":0.13862094842873483}}