{"Mean":{"confidence_interval":{"confidence_level":0.95,"lower_bound":15161272.56393508,"upper_bound":15263236.40391737},"point_estimate":15209302.163957496,"standard_error":26046.787843442537},"Median":{"confidence_interval":{"confidence_level":0.95,"lower_bound":15068293.647058825,"upper_bound":15208097.035359802},"point_estimate":15116437.544005104,"standard_error":35060.352719369526},"MedianAbsDev":{"confidence_interval":{"confidence_level":0.95,"lower_bound":111347.43163176242,"upper_bound":253089.51351085815},"point_estimate":173552.71035165993,"standard_error":35338.93252679688},"Slope":{"confidence_interval":{"confidence_level":0.95,"lower_bound":15149415.209668128,"upper_bound":15263394.732285783},"point_estimate":15204518.537292745,"standard_error":29127.24794284231},"StdDev":{"confidence_interval":{"confidence_level":0.95,"lower_bound":182314.29382979917,"upper_bound":351627.6504580002},"point_estimate":261859.1479314415,"standard_error":47627.62391719226}}