{"Mean":{"confidence_interval":{"confidence_level":0.95,"lower_bound":0.06251360612678388,"upper_bound":0.06637890909598504},"point_estimate":0.0645284630898264,"standard_error":0.0009754131984282468},"Median":{"confidence_interval":{"confidence_level":0.95,"lower_bound":0.06352227979198788,"upper_bound":0.06684665441543639},"point_estimate":0.06523859463880033,"standard_error":0.0008163583795202455}}