{"Mean":{"confidence_interval":{"confidence_level":0.95,"lower_bound":15.314213374144629,"upper_bound":15.323024640622706},"point_estimate":15.318322467059069,"standard_error":0.0022606873457212907},"Median":{"confidence_interval":{"confidence_level":0.95,"lower_bound":15.313419737529467,"upper_bound":15.316836039237641},"point_estimate":15.315397249673424,"standard_error":0.0008825397198916594},"MedianAbsDev":{"confidence_interval":{"confidence_level":0.95,"lower_bound":0.008301946145697332,"upper_bound":0.018541738658045184},"point_estimate":0.01507628198514175,"standard_error":0.002457588696430511},"Slope":{"confidence_interval":{"confidence_level":0.95,"lower_bound":15.306657616986444,"upper_bound":15.311316981243234},"point_estimate":15.308958600142317,"standard_error":0.0011883442466450285},"StdDev":{"confidence_interval":{"confidence_level":0.95,"lower_bound":0.014652294638831474,"upper_bound":0.02982078992551328},"point_estimate":0.022687392527323395,"standard_error":0.003893047001455882}}