{"Mean":{"confidence_interval":{"confidence_level":0.95,"lower_bound":19421576.70830489,"upper_bound":19436449.88437181},"point_estimate":19428202.294255876,"standard_error":3831.251482957661},"Median":{"confidence_interval":{"confidence_level":0.95,"lower_bound":19417955.366666669,"upper_bound":19425724.97802198},"point_estimate":19421741.50008353,"standard_error":2114.102148058609},"MedianAbsDev":{"confidence_interval":{"confidence_level":0.95,"lower_bound":13281.347527011287,"upper_bound":20637.32549087107},"point_estimate":16913.512854724388,"standard_error":1882.147591047742},"Slope":{"confidence_interval":{"confidence_level":0.95,"lower_bound":19419863.036228837,"upper_bound":19426136.861601265},"point_estimate":19423081.57346239,"standard_error":1600.053867232405},"StdDev":{"confidence_interval":{"confidence_level":0.95,"lower_bound":18065.795869094974,"upper_bound":57337.95478368535},"point_estimate":38599.678011701944,"standard_error":10452.88187973545}}