{"Mean":{"confidence_interval":{"confidence_level":0.95,"lower_bound":3899546.7516433985,"upper_bound":3978771.1852768927},"point_estimate":3939854.2346089787,"standard_error":20263.497826035877},"Median":{"confidence_interval":{"confidence_level":0.95,"lower_bound":3909345.630653829,"upper_bound":3985689.317647059},"point_estimate":3941340.7388123928,"standard_error":20618.6659762564},"MedianAbsDev":{"confidence_interval":{"confidence_level":0.95,"lower_bound":106383.02897322309,"upper_bound":162195.08690941407},"point_estimate":135208.91177646628,"standard_error":14629.691054855095},"Slope":{"confidence_interval":{"confidence_level":0.95,"lower_bound":3933007.594339275,"upper_bound":3982379.132494102},"point_estimate":3958253.5061120146,"standard_error":12553.162701078902},"StdDev":{"confidence_interval":{"confidence_level":0.95,"lower_bound":147456.91872479433,"upper_bound":257515.77105384807},"point_estimate":204034.31328810185,"standard_error":28351.36652217805}}