{"Mean":{"confidence_interval":{"confidence_level":0.95,"lower_bound":65897418.782309208,"upper_bound":65970558.03062011},"point_estimate":65933706.48669767,"standard_error":18650.687115892943},"Median":{"confidence_interval":{"confidence_level":0.95,"lower_bound":65887353.315789479,"upper_bound":66033650.90909091},"point_estimate":65979631.93948718,"standard_error":39592.273440551355},"MedianAbsDev":{"confidence_interval":{"confidence_level":0.95,"lower_bound":107104.6877949788,"upper_bound":227116.13269892633},"point_estimate":175061.14716896617,"standard_error":33876.77195567345},"Slope":{"confidence_interval":{"confidence_level":0.95,"lower_bound":65765081.24567111,"upper_bound":65827066.930587779},"point_estimate":65794360.061010789,"standard_error":15774.255720401765},"StdDev":{"confidence_interval":{"confidence_level":0.95,"lower_bound":154634.1008049639,"upper_bound":223117.28567379487},"point_estimate":187216.81503698827,"standard_error":17801.631202767654}}