{"Mean":{"confidence_interval":{"confidence_level":0.95,"lower_bound":640.5869750489148,"upper_bound":665.0328030092808},"point_estimate":652.5978552905166,"standard_error":6.250598701219139},"Median":{"confidence_interval":{"confidence_level":0.95,"lower_bound":614.2302218448627,"upper_bound":617.960316485915},"point_estimate":616.0285539736507,"standard_error":0.9920190442062874},"MedianAbsDev":{"confidence_interval":{"confidence_level":0.95,"lower_bound":5.595743902465034,"upper_bound":17.405292371364234},"point_estimate":7.689890610643962,"standard_error":2.961992823846831},"Slope":{"confidence_interval":{"confidence_level":0.95,"lower_bound":645.70322016039,"upper_bound":680.0924400186276},"point_estimate":662.4296364012587,"standard_error":8.767066122917847},"StdDev":{"confidence_interval":{"confidence_level":0.95,"lower_bound":55.76386916401593,"upper_bound":67.231975929355},"point_estimate":62.79520032013669,"standard_error":2.9585117246690739}}