{"Mean":{"confidence_interval":{"confidence_level":0.95,"lower_bound":20.76059053774248,"upper_bound":20.774084984711828},"point_estimate":20.766875174915414,"standard_error":0.003453675123745558},"Median":{"confidence_interval":{"confidence_level":0.95,"lower_bound":20.75066582444785,"upper_bound":20.75594110066707},"point_estimate":20.753083515026533,"standard_error":0.0012041143863994228},"MedianAbsDev":{"confidence_interval":{"confidence_level":0.95,"lower_bound":0.005595250395620075,"upper_bound":0.012322974821464808},"point_estimate":0.00800098907819553,"standard_error":0.0017488376642893127},"Slope":{"confidence_interval":{"confidence_level":0.95,"lower_bound":20.74949438444777,"upper_bound":20.752679843257508},"point_estimate":20.750894047523614,"standard_error":0.0008150520891800805},"StdDev":{"confidence_interval":{"confidence_level":0.95,"lower_bound":0.021525378144320156,"upper_bound":0.04681217970157351},"point_estimate":0.03478827235518362,"standard_error":0.006530078808338425}}