{"Mean":{"confidence_interval":{"confidence_level":0.95,"lower_bound":3526187.06299615,"upper_bound":3570063.9070116586},"point_estimate":3548840.383416405,"standard_error":11152.769199066788},"Median":{"confidence_interval":{"confidence_level":0.95,"lower_bound":3527407.8607843138,"upper_bound":3532652.8044117649},"point_estimate":3530118.0715220954,"standard_error":2113.0808428328166},"MedianAbsDev":{"confidence_interval":{"confidence_level":0.95,"lower_bound":15456.619757351855,"upper_bound":51923.43951285715},"point_estimate":34266.96985710026,"standard_error":9978.138717004873},"Slope":{"confidence_interval":{"confidence_level":0.95,"lower_bound":3547320.357263925,"upper_bound":3565043.7839185467},"point_estimate":3555768.673941185,"standard_error":4527.344191652276},"StdDev":{"confidence_interval":{"confidence_level":0.95,"lower_bound":72435.91752103628,"upper_bound":153087.98952361273},"point_estimate":112262.46941827833,"standard_error":21402.22081073295}}