{"Mean":{"confidence_interval":{"confidence_level":0.95,"lower_bound":28409.40674321854,"upper_bound":29785.78080060615},"point_estimate":29088.371331780967,"standard_error":351.5601227293147},"Median":{"confidence_interval":{"confidence_level":0.95,"lower_bound":26435.05326417004,"upper_bound":26462.6766034327},"point_estimate":26442.369184502124,"standard_error":272.8511901506513},"MedianAbsDev":{"confidence_interval":{"confidence_level":0.95,"lower_bound":26.284959214719515,"upper_bound":78.52092061578189},"point_estimate":40.192068836916998,"standard_error":239.5671947810848},"Slope":{"confidence_interval":{"confidence_level":0.95,"lower_bound":27749.22573944701,"upper_bound":29708.08785090672},"point_estimate":28752.950773114626,"standard_error":499.48408826965047},"StdDev":{"confidence_interval":{"confidence_level":0.95,"lower_bound":3256.055985511842,"upper_bound":3683.0947290955548},"point_estimate":3536.7421770975086,"standard_error":112.38384989182753}}