{"Mean":{"confidence_interval":{"confidence_level":0.95,"lower_bound":315.7711083850829,"upper_bound":334.475324935552},"point_estimate":324.99822807288526,"standard_error":4.770057064322053},"Median":{"confidence_interval":{"confidence_level":0.95,"lower_bound":293.1506377993752,"upper_bound":293.3999613071371},"point_estimate":293.2878995311787,"standard_error":0.43477935058415936},"MedianAbsDev":{"confidence_interval":{"confidence_level":0.95,"lower_bound":0.4525777233955313,"upper_bound":1.7919046017540426},"point_estimate":0.9971910438681338,"standard_error":0.47546843098759708},"Slope":{"confidence_interval":{"confidence_level":0.95,"lower_bound":294.6675512092343,"upper_bound":298.0213130785658},"point_estimate":296.0710306798382,"standard_error":0.8570389510910536},"StdDev":{"confidence_interval":{"confidence_level":0.95,"lower_bound":43.205638041599048,"upper_bound":51.072188092661658},"point_estimate":48.13303369404335,"standard_error":2.045867136447908}}