{"Mean":{"confidence_interval":{"confidence_level":0.95,"lower_bound":-0.12507185629578053,"upper_bound":-0.1035433942846536},"point_estimate":-0.11387427351245438,"standard_error":0.005454835883890455},"Median":{"confidence_interval":{"confidence_level":0.95,"lower_bound":-0.12367930422322593,"upper_bound":-0.09887570396863454},"point_estimate":-0.10602112756489035,"standard_error":0.005561144623863032}}