{"Mean":{"confidence_interval":{"confidence_level":0.95,"lower_bound":9571145.279588154,"upper_bound":9577382.466070285},"point_estimate":9573850.78491747,"standard_error":1602.5197622608019},"Median":{"confidence_interval":{"confidence_level":0.95,"lower_bound":9568821.42857143,"upper_bound":9570683.465517242},"point_estimate":9569646.328125,"standard_error":470.557448121439},"MedianAbsDev":{"confidence_interval":{"confidence_level":0.95,"lower_bound":2158.26840095424,"upper_bound":4163.532791550131},"point_estimate":2868.1518018616804,"standard_error":510.3964081107443},"Slope":{"confidence_interval":{"confidence_level":0.95,"lower_bound":9568130.759847546,"upper_bound":9569608.81964623},"point_estimate":9568782.633926409,"standard_error":380.62397476091499},"StdDev":{"confidence_interval":{"confidence_level":0.95,"lower_bound":6292.08002647823,"upper_bound":24421.440114372977},"point_estimate":16055.274986401115,"standard_error":4751.155230728132}}