{"Mean":{"confidence_interval":{"confidence_level":0.95,"lower_bound":5410042.399683785,"upper_bound":5486813.68014601},"point_estimate":5445134.333329179,"standard_error":19633.337258985248},"Median":{"confidence_interval":{"confidence_level":0.95,"lower_bound":5352663.644444444,"upper_bound":5402472.095486112},"point_estimate":5375010.777911164,"standard_error":10469.794750535864},"MedianAbsDev":{"confidence_interval":{"confidence_level":0.95,"lower_bound":32368.271495326146,"upper_bound":88895.47118319216},"point_estimate":56972.88388689325,"standard_error":12907.737110533773},"Slope":{"confidence_interval":{"confidence_level":0.95,"lower_bound":5405546.076310728,"upper_bound":5550169.401813784},"point_estimate":5472131.628174967,"standard_error":36996.677428788345},"StdDev":{"confidence_interval":{"confidence_level":0.95,"lower_bound":120056.74148859956,"upper_bound":263460.611274799},"point_estimate":197406.64898433575,"standard_error":36612.824287982636}}