{"Mean":{"confidence_interval":{"confidence_level":0.95,"lower_bound":5090868.135485544,"upper_bound":5126979.502646957},"point_estimate":5108026.501743061,"standard_error":9240.249954067269},"Median":{"confidence_interval":{"confidence_level":0.95,"lower_bound":5066716.333333333,"upper_bound":5070959.0019286409},"point_estimate":5068551.912955465,"standard_error":1291.0902761539472},"MedianAbsDev":{"confidence_interval":{"confidence_level":0.95,"lower_bound":5625.5103583055529,"upper_bound":13889.689635111088},"point_estimate":7884.31512218057,"standard_error":2158.7509647527069},"Slope":{"confidence_interval":{"confidence_level":0.95,"lower_bound":5099316.06736954,"upper_bound":5149938.039137833},"point_estimate":5122986.597818826,"standard_error":12980.973227396302},"StdDev":{"confidence_interval":{"confidence_level":0.95,"lower_bound":69087.76329290844,"upper_bound":111303.22871299902},"point_estimate":92963.31400706222,"standard_error":10786.900496332944}}