{"Mean":{"confidence_interval":{"confidence_level":0.95,"lower_bound":320028.23687702548,"upper_bound":329103.4310494239},"point_estimate":323875.83170367075,"standard_error":2357.7921022422449},"Median":{"confidence_interval":{"confidence_level":0.95,"lower_bound":314196.18518518519,"upper_bound":316741.90625},"point_estimate":314634.07280219779,"standard_error":1265.6319126540728},"MedianAbsDev":{"confidence_interval":{"confidence_level":0.95,"lower_bound":972.2153892051928,"upper_bound":5460.080200909025},"point_estimate":1786.7718316117942,"standard_error":1800.4905851116474},"Slope":{"confidence_interval":{"confidence_level":0.95,"lower_bound":326666.9627681256,"upper_bound":336635.2633587658},"point_estimate":331352.5438266588,"standard_error":2543.0261700836756},"StdDev":{"confidence_interval":{"confidence_level":0.95,"lower_bound":9343.847188540598,"upper_bound":36874.13229807047},"point_estimate":23658.996243769117,"standard_error":7995.713668449483}}