{"Mean":{"confidence_interval":{"confidence_level":0.95,"lower_bound":22201.79496412817,"upper_bound":22374.635316758624},"point_estimate":22286.40066115287,"standard_error":44.1477230334357},"Median":{"confidence_interval":{"confidence_level":0.95,"lower_bound":22107.81369924141,"upper_bound":22488.50072621641},"point_estimate":22364.591280864195,"standard_error":111.74945307269981},"MedianAbsDev":{"confidence_interval":{"confidence_level":0.95,"lower_bound":288.48562989687476,"upper_bound":555.9993771225029},"point_estimate":458.4826969176275,"standard_error":73.18852244285515},"Slope":{"confidence_interval":{"confidence_level":0.95,"lower_bound":22198.686720011094,"upper_bound":22404.519190743},"point_estimate":22302.19401507315,"standard_error":52.58401971721147},"StdDev":{"confidence_interval":{"confidence_level":0.95,"lower_bound":359.9244389283526,"upper_bound":530.3579894564139},"point_estimate":443.80515096778427,"standard_error":44.08020283006044}}