{"Mean":{"confidence_interval":{"confidence_level":0.95,"lower_bound":36504.177391982616,"upper_bound":36687.81523370254},"point_estimate":36591.59929007826,"standard_error":46.966223127239327},"Median":{"confidence_interval":{"confidence_level":0.95,"lower_bound":36358.82994908655,"upper_bound":36415.95714285714},"point_estimate":36386.10354262673,"standard_error":16.420643612314188},"MedianAbsDev":{"confidence_interval":{"confidence_level":0.95,"lower_bound":79.24361640255131,"upper_bound":166.76449964190739},"point_estimate":112.82486564861876,"standard_error":22.32965139057566},"Slope":{"confidence_interval":{"confidence_level":0.95,"lower_bound":36609.49022210132,"upper_bound":36986.79213231078},"point_estimate":36805.25761215141,"standard_error":96.74394463811973},"StdDev":{"confidence_interval":{"confidence_level":0.95,"lower_bound":372.22115884421256,"upper_bound":547.9507587538495},"point_estimate":472.1310135279632,"standard_error":45.12486210699278}}