{"Mean":{"confidence_interval":{"confidence_level":0.95,"lower_bound":310.24398535498747,"upper_bound":326.30203658898076},"point_estimate":317.9759626509248,"standard_error":4.0989464906343919},"Median":{"confidence_interval":{"confidence_level":0.95,"lower_bound":298.9185972298081,"upper_bound":299.1394865878281},"point_estimate":299.0300877662862,"standard_error":0.04810842452399993},"MedianAbsDev":{"confidence_interval":{"confidence_level":0.95,"lower_bound":0.33347529239403969,"upper_bound":0.611187026419052},"point_estimate":0.424380436216756,"standard_error":0.2493953882917864},"Slope":{"confidence_interval":{"confidence_level":0.95,"lower_bound":327.01473161516517,"upper_bound":353.77672179271129},"point_estimate":340.5982391881332,"standard_error":6.847265592143873},"StdDev":{"confidence_interval":{"confidence_level":0.95,"lower_bound":34.15433150828724,"upper_bound":46.6606018311},"point_estimate":41.398984568744477,"standard_error":3.21957113424004}}