{"Mean":{"confidence_interval":{"confidence_level":0.95,"lower_bound":13922642.739759634,"upper_bound":13979525.848750536},"point_estimate":13950641.53760515,"standard_error":14500.781495071673},"Median":{"confidence_interval":{"confidence_level":0.95,"lower_bound":13917301.19426407,"upper_bound":13986908.402173914},"point_estimate":13956497.512820512,"standard_error":17273.739081282903},"MedianAbsDev":{"confidence_interval":{"confidence_level":0.95,"lower_bound":86749.17039579925,"upper_bound":140826.29625608296},"point_estimate":119092.77875898441,"standard_error":13249.625589142373},"Slope":{"confidence_interval":{"confidence_level":0.95,"lower_bound":13939523.271611203,"upper_bound":14027829.992955948},"point_estimate":13977551.417239545,"standard_error":22774.75495544736},"StdDev":{"confidence_interval":{"confidence_level":0.95,"lower_bound":107247.23545608549,"upper_bound":185029.4461184315},"point_estimate":145785.61568536817,"standard_error":20181.860826589225}}