{"Mean":{"confidence_interval":{"confidence_level":0.95,"lower_bound":57.73991281956527,"upper_bound":57.79264755031936},"point_estimate":57.76437124913043,"standard_error":0.01349176462895902},"Median":{"confidence_interval":{"confidence_level":0.95,"lower_bound":57.712165828567247,"upper_bound":57.76001524198453},"point_estimate":57.74773019910446,"standard_error":0.012851632676280088},"MedianAbsDev":{"confidence_interval":{"confidence_level":0.95,"lower_bound":0.06285182833925107,"upper_bound":0.10281842885942734},"point_estimate":0.08361389399945932,"standard_error":0.01013083907793432},"Slope":{"confidence_interval":{"confidence_level":0.95,"lower_bound":57.706454562838079,"upper_bound":57.73366564913985},"point_estimate":57.71989124904986,"standard_error":0.006950634648469494},"StdDev":{"confidence_interval":{"confidence_level":0.95,"lower_bound":0.08558707371797977,"upper_bound":0.18979963361196379},"point_estimate":0.13595478472745188,"standard_error":0.028784169049712754}}