{"Mean":{"confidence_interval":{"confidence_level":0.95,"lower_bound":13947377.324087492,"upper_bound":14062079.242010659},"point_estimate":14004138.209662244,"standard_error":29302.006126053406},"Median":{"confidence_interval":{"confidence_level":0.95,"lower_bound":13781721.829787234,"upper_bound":14076088.35},"point_estimate":13960597.398809525,"standard_error":78218.88868602948},"MedianAbsDev":{"confidence_interval":{"confidence_level":0.95,"lower_bound":133451.4267333685,"upper_bound":492151.2192423291},"point_estimate":350133.20665389238,"standard_error":94280.32486453693},"Slope":{"confidence_interval":{"confidence_level":0.95,"lower_bound":13946497.616264187,"upper_bound":14093599.58910153},"point_estimate":14018619.981519137,"standard_error":37626.53611444109},"StdDev":{"confidence_interval":{"confidence_level":0.95,"lower_bound":264909.3594593071,"upper_bound":316572.2682899035},"point_estimate":294097.8910149064,"standard_error":13222.931247234637}}