{"Mean":{"confidence_interval":{"confidence_level":0.95,"lower_bound":373550.68342113416,"upper_bound":377615.8815522648},"point_estimate":375572.7230021749,"standard_error":1040.5795454924062},"Median":{"confidence_interval":{"confidence_level":0.95,"lower_bound":366096.7034722222,"upper_bound":386981.7555555556},"point_estimate":367486.05555555559,"standard_error":6587.663405619973},"MedianAbsDev":{"confidence_interval":{"confidence_level":0.95,"lower_bound":479.06272066719569,"upper_bound":14480.302045394079},"point_estimate":3171.505564064879,"standard_error":3682.3475831340645},"Slope":{"confidence_interval":{"confidence_level":0.95,"lower_bound":375179.9417242241,"upper_bound":380636.9663630567},"point_estimate":377925.1177646421,"standard_error":1397.3261872369965},"StdDev":{"confidence_interval":{"confidence_level":0.95,"lower_bound":10025.325821060662,"upper_bound":10625.862829119871},"point_estimate":10453.888435969375,"standard_error":153.28362198935134}}