{"Mean":{"confidence_interval":{"confidence_level":0.95,"lower_bound":1809494.1845351088,"upper_bound":1813388.2220322507},"point_estimate":1811326.0779443468,"standard_error":993.1927823203948},"Median":{"confidence_interval":{"confidence_level":0.95,"lower_bound":1805773.7692185008,"upper_bound":1811287.375},"point_estimate":1807373.362244898,"standard_error":1574.7466111522668},"MedianAbsDev":{"confidence_interval":{"confidence_level":0.95,"lower_bound":4560.904328118619,"upper_bound":10652.622010878024},"point_estimate":6368.022214155206,"standard_error":1472.1333860043486},"Slope":{"confidence_interval":{"confidence_level":0.95,"lower_bound":1807358.1106469669,"upper_bound":1811337.491364963},"point_estimate":1809246.122122063,"standard_error":1014.3226205218056},"StdDev":{"confidence_interval":{"confidence_level":0.95,"lower_bound":7504.397958047205,"upper_bound":12925.101029165291},"point_estimate":9967.620607408811,"standard_error":1550.744208952701}}