{"Mean":{"confidence_interval":{"confidence_level":0.95,"lower_bound":19244930.847609208,"upper_bound":19271505.271319469},"point_estimate":19256726.799291403,"standard_error":6829.301733307436},"Median":{"confidence_interval":{"confidence_level":0.95,"lower_bound":19239929.40692008,"upper_bound":19250756.07142857},"point_estimate":19243552.7556899,"standard_error":2703.13967164151},"MedianAbsDev":{"confidence_interval":{"confidence_level":0.95,"lower_bound":17605.979723444125,"upper_bound":29649.038402451355},"point_estimate":23807.54017798161,"standard_error":3117.9088227565687},"Slope":{"confidence_interval":{"confidence_level":0.95,"lower_bound":19231388.996001845,"upper_bound":19243795.113830419},"point_estimate":19237669.695918427,"standard_error":3161.493618149094},"StdDev":{"confidence_interval":{"confidence_level":0.95,"lower_bound":34169.83341749213,"upper_bound":101925.27542040199},"point_estimate":68485.7734843654,"standard_error":18677.8333166281}}