{"Mean":{"confidence_interval":{"confidence_level":0.95,"lower_bound":36835.24080838303,"upper_bound":37163.36100152116},"point_estimate":36995.68732435285,"standard_error":83.88278279015292},"Median":{"confidence_interval":{"confidence_level":0.95,"lower_bound":36418.33843537415,"upper_bound":36560.632352941175},"point_estimate":36441.951410455484,"standard_error":38.083436516919118},"MedianAbsDev":{"confidence_interval":{"confidence_level":0.95,"lower_bound":92.01575770329038,"upper_bound":327.8736811784255},"point_estimate":150.33475944131645,"standard_error":58.70826556934246},"Slope":{"confidence_interval":{"confidence_level":0.95,"lower_bound":36831.01851546404,"upper_bound":37282.19344194093},"point_estimate":37044.835086765605,"standard_error":115.05902198758663},"StdDev":{"confidence_interval":{"confidence_level":0.95,"lower_bound":754.788100187819,"upper_bound":896.6556712977251},"point_estimate":841.9949361496972,"standard_error":36.66178879058582}}