{"Mean":{"confidence_interval":{"confidence_level":0.95,"lower_bound":0.07882564850595829,"upper_bound":0.12552680800538255},"point_estimate":0.10049994612863089,"standard_error":0.011901187571418558},"Median":{"confidence_interval":{"confidence_level":0.95,"lower_bound":0.04619524032534933,"upper_bound":0.11154459624711355},"point_estimate":0.08948052766452808,"standard_error":0.016034806905459645}}