{"Mean":{"confidence_interval":{"confidence_level":0.95,"lower_bound":949941.9164373342,"upper_bound":955369.5450793762},"point_estimate":952576.4067613093,"standard_error":1383.2493069746807},"Median":{"confidence_interval":{"confidence_level":0.95,"lower_bound":944690.4387755102,"upper_bound":945123.6912878788},"point_estimate":944925.1018099547,"standard_error":112.80114086066212},"MedianAbsDev":{"confidence_interval":{"confidence_level":0.95,"lower_bound":680.0370741517082,"upper_bound":1489.8877539545986},"point_estimate":1018.9746173270764,"standard_error":220.85848490150509},"Slope":{"confidence_interval":{"confidence_level":0.95,"lower_bound":954278.9961236751,"upper_bound":962712.3282770157},"point_estimate":958542.9456938082,"standard_error":2154.3492228235897},"StdDev":{"confidence_interval":{"confidence_level":0.95,"lower_bound":11893.859335633182,"upper_bound":15339.429144588297},"point_estimate":13922.362903345655,"standard_error":886.8186316870426}}