{"Mean":{"confidence_interval":{"confidence_level":0.95,"lower_bound":5207460.856392142,"upper_bound":5237125.302366151},"point_estimate":5220263.509022335,"standard_error":7647.334455027594},"Median":{"confidence_interval":{"confidence_level":0.95,"lower_bound":5196218.980148884,"upper_bound":5200475.404255319},"point_estimate":5198223.114718614,"standard_error":1158.6540650134519},"MedianAbsDev":{"confidence_interval":{"confidence_level":0.95,"lower_bound":6199.380180476241,"upper_bound":12268.562456603539},"point_estimate":8939.029689051533,"standard_error":1574.2064928783487},"Slope":{"confidence_interval":{"confidence_level":0.95,"lower_bound":5193590.691110745,"upper_bound":5195373.208791453},"point_estimate":5194399.455773607,"standard_error":453.6109187272194},"StdDev":{"confidence_interval":{"confidence_level":0.95,"lower_bound":30119.649939191488,"upper_bound":116814.41512316387},"point_estimate":76892.96525936124,"standard_error":22973.61971277675}}