{"Mean":{"confidence_interval":{"confidence_level":0.95,"lower_bound":10201429.261035327,"upper_bound":10494325.239911907},"point_estimate":10334904.026295793,"standard_error":75291.08948892873},"Median":{"confidence_interval":{"confidence_level":0.95,"lower_bound":10097709.435897436,"upper_bound":10121663.4},"point_estimate":10110687.426804124,"standard_error":5908.71710844403},"MedianAbsDev":{"confidence_interval":{"confidence_level":0.95,"lower_bound":27432.678706184,"upper_bound":56638.94299040075},"point_estimate":43592.35165433951,"standard_error":7487.607625880048},"Slope":{"confidence_interval":{"confidence_level":0.95,"lower_bound":10133293.984065436,"upper_bound":10256318.074192018},"point_estimate":10183303.419713315,"standard_error":31782.25281736204},"StdDev":{"confidence_interval":{"confidence_level":0.95,"lower_bound":415909.90772912869,"upper_bound":999929.6944721596},"point_estimate":752675.4955148879,"standard_error":147861.61432536078}}