{"Mean":{"confidence_interval":{"confidence_level":0.95,"lower_bound":626413.4753762343,"upper_bound":651078.3956004195},"point_estimate":638538.0065636992,"standard_error":6295.673334783073},"Median":{"confidence_interval":{"confidence_level":0.95,"lower_bound":591035.1206896552,"upper_bound":615886.0193266037},"point_estimate":591722.77402746,"standard_error":7605.189935760102},"MedianAbsDev":{"confidence_interval":{"confidence_level":0.95,"lower_bound":3272.74736199588,"upper_bound":42731.93510945913},"point_estimate":6284.313540801677,"standard_error":11225.069916858582},"Slope":{"confidence_interval":{"confidence_level":0.95,"lower_bound":654477.3413338641,"upper_bound":686563.3251126033},"point_estimate":671129.849408896,"standard_error":8188.128774536603},"StdDev":{"confidence_interval":{"confidence_level":0.95,"lower_bound":56569.97748700567,"upper_bound":68052.36137010364},"point_estimate":63213.403095339396,"standard_error":2929.3943078843965}}