{"Mean":{"confidence_interval":{"confidence_level":0.95,"lower_bound":19493235.270603256,"upper_bound":19504658.18957112},"point_estimate":19498324.734311474,"standard_error":2930.1465403328904},"Median":{"confidence_interval":{"confidence_level":0.95,"lower_bound":19492704.366666669,"upper_bound":19498857.152173915},"point_estimate":19494234.26403743,"standard_error":1502.8671487228453},"MedianAbsDev":{"confidence_interval":{"confidence_level":0.95,"lower_bound":8709.465491602761,"upper_bound":18743.0371356659},"point_estimate":12697.907607167544,"standard_error":2633.137704389249},"Slope":{"confidence_interval":{"confidence_level":0.95,"lower_bound":19493352.158531075,"upper_bound":19499770.622495448},"point_estimate":19496488.643907198,"standard_error":1641.6316403947533},"StdDev":{"confidence_interval":{"confidence_level":0.95,"lower_bound":15544.531515086062,"upper_bound":43990.22347004631},"point_estimate":29383.662670271053,"standard_error":8476.091403004091}}