{"Mean":{"confidence_interval":{"confidence_level":0.95,"lower_bound":26096.691719266226,"upper_bound":26963.76451432999},"point_estimate":26520.590887734383,"standard_error":221.93030025552808},"Median":{"confidence_interval":{"confidence_level":0.95,"lower_bound":24910.44695945946,"upper_bound":25176.05416666667},"point_estimate":24950.48773809524,"standard_error":97.19983464554346},"MedianAbsDev":{"confidence_interval":{"confidence_level":0.95,"lower_bound":81.55457501786958,"upper_bound":494.3769257705216},"point_estimate":157.52205152884924,"standard_error":133.84067776233764},"Slope":{"confidence_interval":{"confidence_level":0.95,"lower_bound":26229.522206098995,"upper_bound":27433.53512614873},"point_estimate":26816.000829688193,"standard_error":306.382244965685},"StdDev":{"confidence_interval":{"confidence_level":0.95,"lower_bound":2010.4894803993248,"upper_bound":2370.9001321191137},"point_estimate":2227.9961038609205,"standard_error":92.42554906958364}}