{"Mean":{"confidence_interval":{"confidence_level":0.95,"lower_bound":368535.1471934136,"upper_bound":371089.798265786},"point_estimate":369753.157965552,"standard_error":653.7310200823254},"Median":{"confidence_interval":{"confidence_level":0.95,"lower_bound":366548.68686868689,"upper_bound":366671.80035650628},"point_estimate":366597.6269607843,"standard_error":30.2747123232561},"MedianAbsDev":{"confidence_interval":{"confidence_level":0.95,"lower_bound":226.60430001753239,"upper_bound":442.1097992938357},"point_estimate":316.3615133518378,"standard_error":56.154009114843848},"Slope":{"confidence_interval":{"confidence_level":0.95,"lower_bound":371280.6462438996,"upper_bound":376006.30649763598},"point_estimate":373740.4630234964,"standard_error":1207.4317790287908},"StdDev":{"confidence_interval":{"confidence_level":0.95,"lower_bound":5261.069771218326,"upper_bound":7537.1208964424299},"point_estimate":6569.094808592867,"standard_error":582.4294087616813}}