{"Mean":{"confidence_interval":{"confidence_level":0.95,"lower_bound":11783792.091341252,"upper_bound":11817685.239217936},"point_estimate":11800159.602707727,"standard_error":8616.40076903154},"Median":{"confidence_interval":{"confidence_level":0.95,"lower_bound":11776148.430555556,"upper_bound":11804463.222222222},"point_estimate":11792056.394074675,"standard_error":6105.144365092928},"MedianAbsDev":{"confidence_interval":{"confidence_level":0.95,"lower_bound":39335.88402592564,"upper_bound":64619.15996657701},"point_estimate":53058.730603531556,"standard_error":6700.480495373133},"Slope":{"confidence_interval":{"confidence_level":0.95,"lower_bound":11769184.39792242,"upper_bound":11821986.946719807},"point_estimate":11792862.781185164,"standard_error":13588.070861050443},"StdDev":{"confidence_interval":{"confidence_level":0.95,"lower_bound":62834.07452659141,"upper_bound":107541.06291878363},"point_estimate":86444.60380979676,"standard_error":11469.313366949575}}