{"Mean":{"confidence_interval":{"confidence_level":0.95,"lower_bound":13775452.750523415,"upper_bound":13819244.909916193},"point_estimate":13797710.084378459,"standard_error":11136.31882124422},"Median":{"confidence_interval":{"confidence_level":0.95,"lower_bound":13767319.720833334,"upper_bound":13838723.444444444},"point_estimate":13809170.24245473,"standard_error":19003.604101231605},"MedianAbsDev":{"confidence_interval":{"confidence_level":0.95,"lower_bound":99123.49846744597,"upper_bound":150732.49813133197},"point_estimate":124529.04862888063,"standard_error":13269.604445566825},"Slope":{"confidence_interval":{"confidence_level":0.95,"lower_bound":13785447.306138574,"upper_bound":13836550.497901239},"point_estimate":13811551.67871435,"standard_error":13033.572683665983},"StdDev":{"confidence_interval":{"confidence_level":0.95,"lower_bound":94419.31529574798,"upper_bound":131773.12291546694},"point_estimate":111936.22920287306,"standard_error":9722.990513296612}}