{"Mean":{"confidence_interval":{"confidence_level":0.95,"lower_bound":278455.3222875833,"upper_bound":281896.23824066438},"point_estimate":279997.78292678078,"standard_error":885.897198310842},"Median":{"confidence_interval":{"confidence_level":0.95,"lower_bound":276766.8856382979,"upper_bound":277424.7974537037},"point_estimate":277216.03777777779,"standard_error":184.40864491546959},"MedianAbsDev":{"confidence_interval":{"confidence_level":0.95,"lower_bound":856.5600599763942,"upper_bound":1944.6151490818646},"point_estimate":1373.061469450465,"standard_error":277.2857681418762},"Slope":{"confidence_interval":{"confidence_level":0.95,"lower_bound":278211.30763056097,"upper_bound":287212.1975000398},"point_estimate":282377.83138096649,"standard_error":2296.1651920691217},"StdDev":{"confidence_interval":{"confidence_level":0.95,"lower_bound":3740.392012532727,"upper_bound":12558.118768185512},"point_estimate":8889.777940493772,"standard_error":2102.7204022588919}}