{"Mean":{"confidence_interval":{"confidence_level":0.95,"lower_bound":112.2379274520841,"upper_bound":115.95707913902231},"point_estimate":114.11670378968529,"standard_error":0.9492836571749841},"Median":{"confidence_interval":{"confidence_level":0.95,"lower_bound":113.2502305525544,"upper_bound":118.34822333749394},"point_estimate":116.39562661458496,"standard_error":1.2756205714155218},"MedianAbsDev":{"confidence_interval":{"confidence_level":0.95,"lower_bound":6.964222221565566,"upper_bound":13.452991250276837},"point_estimate":10.330161582378603,"standard_error":1.7561222986704202},"Slope":{"confidence_interval":{"confidence_level":0.95,"lower_bound":111.28468151791462,"upper_bound":115.94770485429817},"point_estimate":113.61444268342781,"standard_error":1.1909787684974019},"StdDev":{"confidence_interval":{"confidence_level":0.95,"lower_bound":8.478205023525245,"upper_bound":10.468250845034433},"point_estimate":9.546935876664989,"standard_error":0.507072333106586}}