{"Mean":{"confidence_interval":{"confidence_level":0.95,"lower_bound":5611972.929264781,"upper_bound":5836006.178895664},"point_estimate":5720826.10458061,"standard_error":57054.92757012905},"Median":{"confidence_interval":{"confidence_level":0.95,"lower_bound":5356651.449189985,"upper_bound":5465721.948717949},"point_estimate":5404566.604010025,"standard_error":29754.970308645294},"MedianAbsDev":{"confidence_interval":{"confidence_level":0.95,"lower_bound":71889.74765292034,"upper_bound":234756.48408147109},"point_estimate":141174.1473655876,"standard_error":44092.37348036879},"Slope":{"confidence_interval":{"confidence_level":0.95,"lower_bound":5707437.470445748,"upper_bound":6012335.121138186},"point_estimate":5855078.781055121,"standard_error":77806.11671339226},"StdDev":{"confidence_interval":{"confidence_level":0.95,"lower_bound":478099.1245137945,"upper_bound":643487.4610311752},"point_estimate":571490.0234513332,"standard_error":42201.42172324133}}