{"Mean":{"confidence_interval":{"confidence_level":0.95,"lower_bound":14320923.151159849,"upper_bound":14359901.419374938},"point_estimate":14340374.222631002,"standard_error":9947.8422841918},"Median":{"confidence_interval":{"confidence_level":0.95,"lower_bound":14324985.636363637,"upper_bound":14369876.047619049},"point_estimate":14348340.594276842,"standard_error":10260.379694796347},"MedianAbsDev":{"confidence_interval":{"confidence_level":0.95,"lower_bound":69802.09990978931,"upper_bound":123406.83917449048},"point_estimate":94905.45843559328,"standard_error":13816.221463608936},"Slope":{"confidence_interval":{"confidence_level":0.95,"lower_bound":14311089.14089967,"upper_bound":14358420.381854305},"point_estimate":14334510.150991578,"standard_error":12087.708664816588},"StdDev":{"confidence_interval":{"confidence_level":0.95,"lower_bound":85717.15607622355,"upper_bound":112820.26430968842},"point_estimate":99830.72934657797,"standard_error":6914.510053660476}}