{"Mean":{"confidence_interval":{"confidence_level":0.95,"lower_bound":49276258.70489851,"upper_bound":49636658.0820557},"point_estimate":49453769.204665299,"standard_error":92185.8320030124},"Median":{"confidence_interval":{"confidence_level":0.95,"lower_bound":49093048.372340429,"upper_bound":49577168.81818182},"point_estimate":49402589.92857143,"standard_error":112647.02596983053},"MedianAbsDev":{"confidence_interval":{"confidence_level":0.95,"lower_bound":581589.6994347744,"upper_bound":931581.8570098797},"point_estimate":724420.4318609611,"standard_error":91076.77480187325},"Slope":{"confidence_interval":{"confidence_level":0.95,"lower_bound":49295420.11435726,"upper_bound":49542735.11196968},"point_estimate":49418493.3287838,"standard_error":63037.9723991091},"StdDev":{"confidence_interval":{"confidence_level":0.95,"lower_bound":773351.1459470028,"upper_bound":1062631.4776755213},"point_estimate":928793.8878798843,"standard_error":74063.3189150982}}