{"Mean":{"confidence_interval":{"confidence_level":0.95,"lower_bound":27631096.47505109,"upper_bound":27777821.682515339},"point_estimate":27704175.152664428,"standard_error":37517.91814326645},"Median":{"confidence_interval":{"confidence_level":0.95,"lower_bound":27543535.20547945,"upper_bound":27791332.636135058},"point_estimate":27660103.807575756,"standard_error":58566.095882344125},"MedianAbsDev":{"confidence_interval":{"confidence_level":0.95,"lower_bound":389764.8610533565,"upper_bound":581200.7299461042},"point_estimate":516488.099643923,"standard_error":47940.18782727133},"Slope":{"confidence_interval":{"confidence_level":0.95,"lower_bound":27656904.200833247,"upper_bound":27786090.79977643},"point_estimate":27720945.239515295,"standard_error":32907.69708508831},"StdDev":{"confidence_interval":{"confidence_level":0.95,"lower_bound":342083.51152284778,"upper_bound":405923.5145929582},"point_estimate":377173.49910320216,"standard_error":16289.376511610504}}