{"Mean":{"confidence_interval":{"confidence_level":0.95,"lower_bound":0.569246866778975,"upper_bound":0.5827147076251728},"point_estimate":0.5763106866437053,"standard_error":0.003456797803686092},"Median":{"confidence_interval":{"confidence_level":0.95,"lower_bound":0.581284837330464,"upper_bound":0.5913728237830995},"point_estimate":0.5862427122118574,"standard_error":0.0023587224159324884}}