{"Mean":{"confidence_interval":{"confidence_level":0.95,"lower_bound":3912398.757123769,"upper_bound":3997451.4908595185},"point_estimate":3956657.9917457147,"standard_error":21733.30163587649},"Median":{"confidence_interval":{"confidence_level":0.95,"lower_bound":3949323.9861375906,"upper_bound":3993425.1491754127},"point_estimate":3970109.6681910569,"standard_error":11969.290036185877},"MedianAbsDev":{"confidence_interval":{"confidence_level":0.95,"lower_bound":84237.01949010622,"upper_bound":154980.9388157521},"point_estimate":113470.306686887,"standard_error":17958.215281497432},"Slope":{"confidence_interval":{"confidence_level":0.95,"lower_bound":3911208.3253310436,"upper_bound":3959669.0315560766},"point_estimate":3935659.652466381,"standard_error":12335.82633824743},"StdDev":{"confidence_interval":{"confidence_level":0.95,"lower_bound":153560.3913655697,"upper_bound":279445.4001777152},"point_estimate":218607.2489041828,"standard_error":32556.17202428842}}