{"Mean":{"confidence_interval":{"confidence_level":0.95,"lower_bound":42327.991477876305,"upper_bound":43914.46883071221},"point_estimate":43092.82818979779,"standard_error":403.33685845293726},"Median":{"confidence_interval":{"confidence_level":0.95,"lower_bound":40781.39232295482,"upper_bound":40808.118589743586},"point_estimate":40789.05570652174,"standard_error":7.750815709498078},"MedianAbsDev":{"confidence_interval":{"confidence_level":0.95,"lower_bound":23.371219728999408,"upper_bound":65.01762971808567},"point_estimate":36.37552962699571,"standard_error":11.932017056575808},"Slope":{"confidence_interval":{"confidence_level":0.95,"lower_bound":43293.14433462912,"upper_bound":45682.50411290799},"point_estimate":44462.90471269888,"standard_error":609.5548262598179},"StdDev":{"confidence_interval":{"confidence_level":0.95,"lower_bound":3479.394071987021,"upper_bound":4445.2801156979899},"point_estimate":4052.270699164302,"standard_error":250.55910039602785}}