{"Mean":{"confidence_interval":{"confidence_level":0.95,"lower_bound":7039.956805515737,"upper_bound":7059.058611287939},"point_estimate":7048.842372866065,"standard_error":4.88587575143955},"Median":{"confidence_interval":{"confidence_level":0.95,"lower_bound":7032.199379844961,"upper_bound":7048.231324876674},"point_estimate":7039.586401492741,"standard_error":3.160556571788585},"MedianAbsDev":{"confidence_interval":{"confidence_level":0.95,"lower_bound":22.47173548459646,"upper_bound":37.86952331367839},"point_estimate":31.176272534727898,"standard_error":3.875079261710135},"Slope":{"confidence_interval":{"confidence_level":0.95,"lower_bound":7024.514571769899,"upper_bound":7039.269954053195},"point_estimate":7032.115231005919,"standard_error":3.756154337486713},"StdDev":{"confidence_interval":{"confidence_level":0.95,"lower_bound":31.67758992443858,"upper_bound":65.17215544247796},"point_estimate":48.92077194250445,"standard_error":8.705720003796966}}