{"Mean":{"confidence_interval":{"confidence_level":0.95,"lower_bound":111.04153461987495,"upper_bound":115.30522670267503},"point_estimate":113.20092876584845,"standard_error":1.0898173642372365},"Median":{"confidence_interval":{"confidence_level":0.95,"lower_bound":113.63330852331485,"upper_bound":118.33840849256053},"point_estimate":116.29912923346605,"standard_error":1.243370581578964},"MedianAbsDev":{"confidence_interval":{"confidence_level":0.95,"lower_bound":6.3895577867405219,"upper_bound":14.13954618292781},"point_estimate":10.173556092268362,"standard_error":1.9629077582845312},"Slope":{"confidence_interval":{"confidence_level":0.95,"lower_bound":108.4957508846841,"upper_bound":113.78861562795469},"point_estimate":111.1524435219262,"standard_error":1.352527306048267},"StdDev":{"confidence_interval":{"confidence_level":0.95,"lower_bound":9.651857784092256,"upper_bound":11.996701307071577},"point_estimate":10.937558890409703,"standard_error":0.5994443598544723}}