{"Mean":{"confidence_interval":{"confidence_level":0.95,"lower_bound":7672.10882673925,"upper_bound":7703.326669953788},"point_estimate":7687.142285553257,"standard_error":7.982713636926357},"Median":{"confidence_interval":{"confidence_level":0.95,"lower_bound":7650.024153846154,"upper_bound":7672.94939271255},"point_estimate":7663.450116550117,"standard_error":5.329139704518628},"MedianAbsDev":{"confidence_interval":{"confidence_level":0.95,"lower_bound":34.71768157999332,"upper_bound":65.66203756240799},"point_estimate":52.86097333715992,"standard_error":8.222731597279921},"Slope":{"confidence_interval":{"confidence_level":0.95,"lower_bound":7651.646070683799,"upper_bound":7686.5190355377549},"point_estimate":7667.760269452433,"standard_error":8.941027255471779},"StdDev":{"confidence_interval":{"confidence_level":0.95,"lower_bound":62.584453839353738,"upper_bound":95.26346309307502},"point_estimate":80.16264805962203,"standard_error":8.330991993191852}}