{"Mean":{"confidence_interval":{"confidence_level":0.95,"lower_bound":6830836.015221377,"upper_bound":6875315.159300561},"point_estimate":6852306.717360702,"standard_error":11316.725464070818},"Median":{"confidence_interval":{"confidence_level":0.95,"lower_bound":6827726.375,"upper_bound":6860097.443181818},"point_estimate":6842100.192878183,"standard_error":8410.325503617456},"MedianAbsDev":{"confidence_interval":{"confidence_level":0.95,"lower_bound":47067.78803621168,"upper_bound":94601.71571800654},"point_estimate":70050.87159509088,"standard_error":12846.611102699046},"Slope":{"confidence_interval":{"confidence_level":0.95,"lower_bound":6833476.576237512,"upper_bound":6859588.433273649},"point_estimate":6846873.878374464,"standard_error":6625.399584384913},"StdDev":{"confidence_interval":{"confidence_level":0.95,"lower_bound":85224.42871314664,"upper_bound":144522.68385130669},"point_estimate":113656.92095106494,"standard_error":15552.190328386543}}