{"Mean":{"confidence_interval":{"confidence_level":0.95,"lower_bound":3724.44804852318,"upper_bound":3888.013586768783},"point_estimate":3807.0049611698839,"standard_error":41.554173489294409},"Median":{"confidence_interval":{"confidence_level":0.95,"lower_bound":3372.15965867408,"upper_bound":4175.526398000625},"point_estimate":4169.568886047964,"standard_error":289.7342844454048},"MedianAbsDev":{"confidence_interval":{"confidence_level":0.95,"lower_bound":34.86946068678627,"upper_bound":541.8584065232176},"point_estimate":85.63413804216073,"standard_error":129.08277378669795},"Slope":{"confidence_interval":{"confidence_level":0.95,"lower_bound":3437.894622828495,"upper_bound":3545.146488273695},"point_estimate":3484.2217012924559,"standard_error":27.476138197034609},"StdDev":{"confidence_interval":{"confidence_level":0.95,"lower_bound":403.46986199727299,"upper_bound":424.7201272772177},"point_estimate":419.3293841148824,"standard_error":5.423367322018449}}