{"Mean":{"confidence_interval":{"confidence_level":0.95,"lower_bound":87458.89259666072,"upper_bound":91733.47127810025},"point_estimate":89575.20854467385,"standard_error":1094.1023555205098},"Median":{"confidence_interval":{"confidence_level":0.95,"lower_bound":85817.19245607787,"upper_bound":88483.24686940966},"point_estimate":86385.20559440559,"standard_error":998.9957407646728},"MedianAbsDev":{"confidence_interval":{"confidence_level":0.95,"lower_bound":10330.549069188179,"upper_bound":16102.548703734585},"point_estimate":13366.582656879584,"standard_error":1575.6636908121046},"Slope":{"confidence_interval":{"confidence_level":0.95,"lower_bound":87350.40651800564,"upper_bound":92903.08798277079},"point_estimate":90106.18144547635,"standard_error":1417.387778810111},"StdDev":{"confidence_interval":{"confidence_level":0.95,"lower_bound":9906.415048263443,"upper_bound":11939.987551624681},"point_estimate":11008.169809422301,"standard_error":518.4584647650931}}