{"Mean":{"confidence_interval":{"confidence_level":0.95,"lower_bound":112.32223438013686,"upper_bound":117.40464884351379},"point_estimate":114.7538712710919,"standard_error":1.295656578458722},"Median":{"confidence_interval":{"confidence_level":0.95,"lower_bound":109.08244209979104,"upper_bound":109.11600084974117},"point_estimate":109.09617619243974,"standard_error":0.00928789752495146},"MedianAbsDev":{"confidence_interval":{"confidence_level":0.95,"lower_bound":0.048666333627432997,"upper_bound":0.11819116697700749},"point_estimate":0.07724310380496082,"standard_error":0.019582258205346409},"Slope":{"confidence_interval":{"confidence_level":0.95,"lower_bound":118.19878914010369,"upper_bound":128.02022643710044},"point_estimate":123.35395222550994,"standard_error":2.50960465197128},"StdDev":{"confidence_interval":{"confidence_level":0.95,"lower_bound":10.170873226729647,"upper_bound":15.133672971337555},"point_estimate":13.027432991874127,"standard_error":1.26818869943179}}