{"Mean":{"confidence_interval":{"confidence_level":0.95,"lower_bound":44855138.25654048,"upper_bound":45064646.057766158},"point_estimate":44954000.48178318,"standard_error":53607.80918080516},"Median":{"confidence_interval":{"confidence_level":0.95,"lower_bound":44719675.19841808,"upper_bound":44852911.551724139},"point_estimate":44761770.96944444,"standard_error":32574.93034049437},"MedianAbsDev":{"confidence_interval":{"confidence_level":0.95,"lower_bound":165298.6570200272,"upper_bound":324860.1090063165},"point_estimate":212102.4368833617,"standard_error":40501.52369603403},"Slope":{"confidence_interval":{"confidence_level":0.95,"lower_bound":44901836.47627214,"upper_bound":45090935.348864417},"point_estimate":44990372.7739471,"standard_error":48443.34574521888},"StdDev":{"confidence_interval":{"confidence_level":0.95,"lower_bound":381461.1269311937,"upper_bound":672874.9264745793},"point_estimate":539320.1645519763,"standard_error":74601.65904385918}}