{"Mean":{"confidence_interval":{"confidence_level":0.95,"lower_bound":8813692.781295222,"upper_bound":8821276.35946609},"point_estimate":8817754.593866606,"standard_error":1937.4063629372129},"Median":{"confidence_interval":{"confidence_level":0.95,"lower_bound":8817564.80169256,"upper_bound":8822965.387755102},"point_estimate":8820477.413768117,"standard_error":1386.9020006049264},"MedianAbsDev":{"confidence_interval":{"confidence_level":0.95,"lower_bound":8841.652481420226,"upper_bound":13486.41014089056},"point_estimate":11702.277979924522,"standard_error":1148.483288547533},"Slope":{"confidence_interval":{"confidence_level":0.95,"lower_bound":8816762.176384325,"upper_bound":8820951.23011704},"point_estimate":8818759.78349638,"standard_error":1070.1626427617637},"StdDev":{"confidence_interval":{"confidence_level":0.95,"lower_bound":11922.297284180631,"upper_bound":26815.91004166577},"point_estimate":19552.42032544735,"standard_error":3879.949375262517}}