{"Mean":{"confidence_interval":{"confidence_level":0.95,"lower_bound":71886.1805525971,"upper_bound":73519.27228258334},"point_estimate":72655.77027748047,"standard_error":416.40164588091457},"Median":{"confidence_interval":{"confidence_level":0.95,"lower_bound":71289.60606060607,"upper_bound":71525.0},"point_estimate":71431.51206349206,"standard_error":63.82301405306762},"MedianAbsDev":{"confidence_interval":{"confidence_level":0.95,"lower_bound":671.4151495515704,"upper_bound":3491.7941144185367},"point_estimate":1723.510047376269,"standard_error":897.4127873321392},"Slope":{"confidence_interval":{"confidence_level":0.95,"lower_bound":72016.90451201538,"upper_bound":74243.96816755126},"point_estimate":73114.24504605685,"standard_error":566.5885203370649},"StdDev":{"confidence_interval":{"confidence_level":0.95,"lower_bound":2976.8576509156148,"upper_bound":5302.275712769258},"point_estimate":4183.678530975184,"standard_error":594.6910426485365}}