{"Mean":{"confidence_interval":{"confidence_level":0.95,"lower_bound":83052.30083042103,"upper_bound":87203.00696847326},"point_estimate":85045.66976765446,"standard_error":1061.321384280318},"Median":{"confidence_interval":{"confidence_level":0.95,"lower_bound":79914.16157262278,"upper_bound":80223.68996212122},"point_estimate":79997.33946078431,"standard_error":68.09945478720103},"MedianAbsDev":{"confidence_interval":{"confidence_level":0.95,"lower_bound":130.7468542580772,"upper_bound":574.1733164730575},"point_estimate":249.5954849586487,"standard_error":99.95226026662727},"Slope":{"confidence_interval":{"confidence_level":0.95,"lower_bound":83392.08530447347,"upper_bound":88546.54757582877},"point_estimate":85751.48125338654,"standard_error":1318.102195927155},"StdDev":{"confidence_interval":{"confidence_level":0.95,"lower_bound":8554.808384809641,"upper_bound":12230.701025669308},"point_estimate":10664.889838472107,"standard_error":944.2732943925691}}