{"Mean":{"confidence_interval":{"confidence_level":0.95,"lower_bound":412458.1774490789,"upper_bound":413359.1733100537},"point_estimate":412871.28507157709,"standard_error":230.85920907732035},"Median":{"confidence_interval":{"confidence_level":0.95,"lower_bound":411964.8768115942,"upper_bound":412339.8803418803},"point_estimate":412106.80740740746,"standard_error":98.35909309234822},"MedianAbsDev":{"confidence_interval":{"confidence_level":0.95,"lower_bound":441.5496855330765,"upper_bound":1042.9188019859606},"point_estimate":646.2477785049998,"standard_error":154.068521571224},"Slope":{"confidence_interval":{"confidence_level":0.95,"lower_bound":411826.80484636136,"upper_bound":412156.377577435},"point_estimate":411980.7266351411,"standard_error":84.26908717063506},"StdDev":{"confidence_interval":{"confidence_level":0.95,"lower_bound":1382.419687092538,"upper_bound":3170.1510834249786},"point_estimate":2335.599211193447,"standard_error":459.1934570133605}}