{"Mean":{"confidence_interval":{"confidence_level":0.95,"lower_bound":7181165.175503446,"upper_bound":7273515.675852319},"point_estimate":7218204.261846491,"standard_error":24189.880302591257},"Median":{"confidence_interval":{"confidence_level":0.95,"lower_bound":7164916.0250329379,"upper_bound":7198919.276098901},"point_estimate":7184606.602941176,"standard_error":8172.369511396944},"MedianAbsDev":{"confidence_interval":{"confidence_level":0.95,"lower_bound":63010.63366315569,"upper_bound":106500.61817486686},"point_estimate":83141.76657661126,"standard_error":11258.38647803076},"Slope":{"confidence_interval":{"confidence_level":0.95,"lower_bound":7171893.941630908,"upper_bound":7211030.21093043},"point_estimate":7191377.496296735,"standard_error":10008.494696602955},"StdDev":{"confidence_interval":{"confidence_level":0.95,"lower_bound":72323.98040661938,"upper_bound":394172.5522101109},"point_estimate":242961.03126041554,"standard_error":98863.40165919508}}