{"Mean":{"confidence_interval":{"confidence_level":0.95,"lower_bound":3498398.3765196318,"upper_bound":3536700.956964615},"point_estimate":3518983.4271556206,"standard_error":9783.47895380695},"Median":{"confidence_interval":{"confidence_level":0.95,"lower_bound":3500918.8863636364,"upper_bound":3536996.4875},"point_estimate":3505127.7203448277,"standard_error":12366.281834314148},"MedianAbsDev":{"confidence_interval":{"confidence_level":0.95,"lower_bound":38255.65101885473,"upper_bound":65522.007544354514},"point_estimate":53482.91851579788,"standard_error":6787.598699472617},"Slope":{"confidence_interval":{"confidence_level":0.95,"lower_bound":3528384.1469069158,"upper_bound":3546240.919414},"point_estimate":3536998.840517216,"standard_error":4556.067580661762},"StdDev":{"confidence_interval":{"confidence_level":0.95,"lower_bound":59033.50773692597,"upper_bound":140828.33126046926},"point_estimate":98445.27541292142,"standard_error":22705.49882372928}}