{"Mean":{"confidence_interval":{"confidence_level":0.95,"lower_bound":28745529.495106564,"upper_bound":28919238.484211357},"point_estimate":28835189.684687117,"standard_error":44326.55546395881},"Median":{"confidence_interval":{"confidence_level":0.95,"lower_bound":28782234.98149671,"upper_bound":28861231.988773057},"point_estimate":28816646.28970588,"standard_error":19261.48151426742},"MedianAbsDev":{"confidence_interval":{"confidence_level":0.95,"lower_bound":111243.82700929087,"upper_bound":177217.34357509545},"point_estimate":140768.256178801,"standard_error":17140.14812048836},"Slope":{"confidence_interval":{"confidence_level":0.95,"lower_bound":28827405.51280795,"upper_bound":28928305.474605115},"point_estimate":28872594.366818385,"standard_error":25892.40025718162},"StdDev":{"confidence_interval":{"confidence_level":0.95,"lower_bound":291030.35314750866,"upper_bound":588709.0141313678},"point_estimate":445807.41543110299,"standard_error":76274.23314407576}}