{"Mean":{"confidence_interval":{"confidence_level":0.95,"lower_bound":8.79176136001307,"upper_bound":9.084709618357442},"point_estimate":8.935108362092898,"standard_error":0.07466013647979276},"Median":{"confidence_interval":{"confidence_level":0.95,"lower_bound":8.440536693011019,"upper_bound":8.46135864483441},"point_estimate":8.443306717993622,"standard_error":0.006917493609321761},"MedianAbsDev":{"confidence_interval":{"confidence_level":0.95,"lower_bound":0.01115950308036105,"upper_bound":0.04212086775587072},"point_estimate":0.016683248303054854,"standard_error":0.010002195890301848},"Slope":{"confidence_interval":{"confidence_level":0.95,"lower_bound":8.92525590952712,"upper_bound":9.338785152879848},"point_estimate":9.125802462038884,"standard_error":0.10520645912163689},"StdDev":{"confidence_interval":{"confidence_level":0.95,"lower_bound":0.6663193782040944,"upper_bound":0.8029725085466155},"point_estimate":0.7511824647364216,"standard_error":0.03491560161191268}}