{"Mean":{"confidence_interval":{"confidence_level":0.95,"lower_bound":6240307.507093905,"upper_bound":6270894.59446223},"point_estimate":6254671.735398886,"standard_error":7792.623744648278},"Median":{"confidence_interval":{"confidence_level":0.95,"lower_bound":6234023.757446809,"upper_bound":6249415.0},"point_estimate":6239731.310126582,"standard_error":3958.485686979774},"MedianAbsDev":{"confidence_interval":{"confidence_level":0.95,"lower_bound":23487.321629170772,"upper_bound":35004.24390223509},"point_estimate":30501.337542975794,"standard_error":2899.9787854533685},"Slope":{"confidence_interval":{"confidence_level":0.95,"lower_bound":6241282.530576217,"upper_bound":6275417.075270479},"point_estimate":6256269.840425595,"standard_error":8736.95397116217},"StdDev":{"confidence_interval":{"confidence_level":0.95,"lower_bound":48925.5135837639,"upper_bound":103150.40038675348},"point_estimate":78555.66692067545,"standard_error":13847.391052202805}}