{"Mean":{"confidence_interval":{"confidence_level":0.95,"lower_bound":554563.0441105224,"upper_bound":598778.6002186706},"point_estimate":577213.490909299,"standard_error":11286.54156232935},"Median":{"confidence_interval":{"confidence_level":0.95,"lower_bound":609168.7272727273,"upper_bound":612761.402014652},"point_estimate":610619.6938405797,"standard_error":933.4205308682365},"MedianAbsDev":{"confidence_interval":{"confidence_level":0.95,"lower_bound":9859.642914647442,"upper_bound":139678.30917572889},"point_estimate":27469.92198958418,"standard_error":47240.0112474127},"Slope":{"confidence_interval":{"confidence_level":0.95,"lower_bound":535372.5566303488,"upper_bound":599428.5864120082},"point_estimate":567471.0606236146,"standard_error":16403.918247523805},"StdDev":{"confidence_interval":{"confidence_level":0.95,"lower_bound":98753.09545349646,"upper_bound":125383.8957620289},"point_estimate":113819.38074967214,"standard_error":6808.335779608056}}