{"Mean":{"confidence_interval":{"confidence_level":0.95,"lower_bound":8576750.711783087,"upper_bound":8767518.911691124},"point_estimate":8666582.140330879,"standard_error":48803.891363473835},"Median":{"confidence_interval":{"confidence_level":0.95,"lower_bound":8482726.936373875,"upper_bound":8492569.969474279},"point_estimate":8487972.855181024,"standard_error":2853.7328738481758},"MedianAbsDev":{"confidence_interval":{"confidence_level":0.95,"lower_bound":18525.365096933612,"upper_bound":34112.47126379432},"point_estimate":25287.861706182088,"standard_error":3995.2199840824775},"Slope":{"confidence_interval":{"confidence_level":0.95,"lower_bound":8565447.011099389,"upper_bound":8801347.670187135},"point_estimate":8672381.140469928,"standard_error":60424.11316731208},"StdDev":{"confidence_interval":{"confidence_level":0.95,"lower_bound":356727.976247679,"upper_bound":593517.3833507196},"point_estimate":491690.46471268226,"standard_error":60460.44378080923}}