{"Mean":{"confidence_interval":{"confidence_level":0.95,"lower_bound":283313.6631695941,"upper_bound":284040.8310963367},"point_estimate":283665.2970922466,"standard_error":185.6428979208544},"Median":{"confidence_interval":{"confidence_level":0.95,"lower_bound":282623.2063492064,"upper_bound":282824.41092592597},"point_estimate":282743.0379807692,"standard_error":51.06417685933444},"MedianAbsDev":{"confidence_interval":{"confidence_level":0.95,"lower_bound":335.2850672618176,"upper_bound":689.7744914472144},"point_estimate":529.3008323569236,"standard_error":93.64552453159719},"Slope":{"confidence_interval":{"confidence_level":0.95,"lower_bound":283574.3495377551,"upper_bound":284796.72817560666},"point_estimate":284176.01356287868,"standard_error":313.23187463117037},"StdDev":{"confidence_interval":{"confidence_level":0.95,"lower_bound":1576.0328486122585,"upper_bound":2085.670864995075},"point_estimate":1870.8492865645708,"standard_error":130.69303504104574}}