{"Mean":{"confidence_interval":{"confidence_level":0.95,"lower_bound":962212.3314535826,"upper_bound":968912.2602738921},"point_estimate":965569.2193935498,"standard_error":1710.833621019276},"Median":{"confidence_interval":{"confidence_level":0.95,"lower_bound":949720.3487903227,"upper_bound":981617.0359649123},"point_estimate":950444.3969298245,"standard_error":13376.205538599399},"MedianAbsDev":{"confidence_interval":{"confidence_level":0.95,"lower_bound":2718.634724517793,"upper_bound":27847.973254409248},"point_estimate":4777.328536862093,"standard_error":7648.539982162041},"Slope":{"confidence_interval":{"confidence_level":0.95,"lower_bound":956533.1162627502,"upper_bound":965221.2143136566},"point_estimate":960948.9245396778,"standard_error":2219.107711280606},"StdDev":{"confidence_interval":{"confidence_level":0.95,"lower_bound":16574.960635281954,"upper_bound":17567.05236177688},"point_estimate":17196.38758840629,"standard_error":251.01851346600825}}