{"Mean":{"confidence_interval":{"confidence_level":0.95,"lower_bound":4354.402553647861,"upper_bound":4452.0061865587399},"point_estimate":4401.483286556771,"standard_error":24.944463243531354},"Median":{"confidence_interval":{"confidence_level":0.95,"lower_bound":4262.988787571767,"upper_bound":4333.1277141298419},"point_estimate":4289.758429135209,"standard_error":17.248938672888824},"MedianAbsDev":{"confidence_interval":{"confidence_level":0.95,"lower_bound":83.37442072725497,"upper_bound":170.84937402082626},"point_estimate":117.38286159212167,"standard_error":21.33394202113102},"Slope":{"confidence_interval":{"confidence_level":0.95,"lower_bound":4375.08350279466,"upper_bound":4510.972057929302},"point_estimate":4439.308115152067,"standard_error":34.67226575021005},"StdDev":{"confidence_interval":{"confidence_level":0.95,"lower_bound":209.99592251291433,"upper_bound":282.49786997293156},"point_estimate":250.50852160191415,"standard_error":18.459893911494665}}