{"Mean":{"confidence_interval":{"confidence_level":0.95,"lower_bound":1896411.1863793948,"upper_bound":1911162.483085102},"point_estimate":1903202.2317942724,"standard_error":3772.806272504691},"Median":{"confidence_interval":{"confidence_level":0.95,"lower_bound":1885502.581632653,"upper_bound":1895468.0506329116},"point_estimate":1890773.1990248226,"standard_error":2467.8933922140129},"MedianAbsDev":{"confidence_interval":{"confidence_level":0.95,"lower_bound":9156.571994280359,"upper_bound":21095.23684034028},"point_estimate":14342.937682337131,"standard_error":2727.300824218029},"Slope":{"confidence_interval":{"confidence_level":0.95,"lower_bound":1899967.5349106717,"upper_bound":1915617.3393292239},"point_estimate":1907305.761211763,"standard_error":3998.3761408631664},"StdDev":{"confidence_interval":{"confidence_level":0.95,"lower_bound":22668.517788448793,"upper_bound":51280.657775295556},"point_estimate":38020.3365214163,"standard_error":7414.608051943332}}