{"Mean":{"confidence_interval":{"confidence_level":0.95,"lower_bound":666.603639108203,"upper_bound":709.9121071634191},"point_estimate":688.5779118444101,"standard_error":11.04366043434975},"Median":{"confidence_interval":{"confidence_level":0.95,"lower_bound":764.6282460663547,"upper_bound":767.9440179951068},"point_estimate":766.6438426381292,"standard_error":5.131771600652934},"MedianAbsDev":{"confidence_interval":{"confidence_level":0.95,"lower_bound":4.712648441650171,"upper_bound":17.00258967255318},"point_estimate":8.237590258463197,"standard_error":6.198225978649124},"Slope":{"confidence_interval":{"confidence_level":0.95,"lower_bound":625.9839085424012,"upper_bound":685.8519765683942},"point_estimate":656.1420196261561,"standard_error":15.322745612479066},"StdDev":{"confidence_interval":{"confidence_level":0.95,"lower_bound":101.2323582524833,"upper_bound":116.29872789445479},"point_estimate":110.92405295827023,"standard_error":3.9007239439366905}}