{"Mean":{"confidence_interval":{"confidence_level":0.95,"lower_bound":6460889.758569773,"upper_bound":6571391.644196948},"point_estimate":6515570.867979756,"standard_error":28225.18072262406},"Median":{"confidence_interval":{"confidence_level":0.95,"lower_bound":6448533.066666666,"upper_bound":6570826.347105393},"point_estimate":6508435.64491967,"standard_error":31068.16768213139},"MedianAbsDev":{"confidence_interval":{"confidence_level":0.95,"lower_bound":210274.47572338987,"upper_bound":332754.51229859827},"point_estimate":273582.90312817439,"standard_error":31207.850908904686},"Slope":{"confidence_interval":{"confidence_level":0.95,"lower_bound":6477715.589296537,"upper_bound":6568795.88729202},"point_estimate":6523280.745107138,"standard_error":23254.573554536753},"StdDev":{"confidence_interval":{"confidence_level":0.95,"lower_bound":241538.57151473774,"upper_bound":320595.3809031281},"point_estimate":283055.20475498246,"standard_error":20189.267435290636}}