{"Mean":{"confidence_interval":{"confidence_level":0.95,"lower_bound":18777296.475883984,"upper_bound":18791912.37861985},"point_estimate":18784085.949924455,"standard_error":3726.4737128657759},"Median":{"confidence_interval":{"confidence_level":0.95,"lower_bound":18779043.61029412,"upper_bound":18785677.826036868},"point_estimate":18783610.278072504,"standard_error":1693.7166894017774},"MedianAbsDev":{"confidence_interval":{"confidence_level":0.95,"lower_bound":13913.502974047215,"upper_bound":27447.221998669633},"point_estimate":20283.184724269875,"standard_error":3505.3168590874518},"Slope":{"confidence_interval":{"confidence_level":0.95,"lower_bound":18776075.798136258,"upper_bound":18787072.98946898},"point_estimate":18781852.822133885,"standard_error":2797.717755832412},"StdDev":{"confidence_interval":{"confidence_level":0.95,"lower_bound":22386.020531969472,"upper_bound":53326.23439760526},"point_estimate":37473.115187534866,"standard_error":8447.337749463542}}