{"Mean":{"confidence_interval":{"confidence_level":0.95,"lower_bound":186.1313979462126,"upper_bound":195.30363038238938},"point_estimate":190.55293322298727,"standard_error":2.355861006033471},"Median":{"confidence_interval":{"confidence_level":0.95,"lower_bound":178.17314047855178,"upper_bound":178.35021204683776},"point_estimate":178.2386386243711,"standard_error":0.048991779817156088},"MedianAbsDev":{"confidence_interval":{"confidence_level":0.95,"lower_bound":0.19605894208694278,"upper_bound":0.4350543135723984},"point_estimate":0.2749359053173243,"standard_error":0.06314832852452626},"Slope":{"confidence_interval":{"confidence_level":0.95,"lower_bound":193.87646751591996,"upper_bound":208.8870343473018},"point_estimate":201.4458267021762,"standard_error":3.8336606029789559},"StdDev":{"confidence_interval":{"confidence_level":0.95,"lower_bound":19.688859756347168,"upper_bound":26.414992326585339},"point_estimate":23.650658075597744,"standard_error":1.7106220074689405}}