{"Mean":{"confidence_interval":{"confidence_level":0.95,"lower_bound":48115849.59357891,"upper_bound":48472806.897415447},"point_estimate":48290458.664740707,"standard_error":90832.3004209665},"Median":{"confidence_interval":{"confidence_level":0.95,"lower_bound":47907596.227250959,"upper_bound":48386222.350709859},"point_estimate":48086885.61821659,"standard_error":119993.52877015283},"MedianAbsDev":{"confidence_interval":{"confidence_level":0.95,"lower_bound":772076.4951120357,"upper_bound":1135720.1793197978},"point_estimate":999510.804011512,"standard_error":90726.65335968189},"Slope":{"confidence_interval":{"confidence_level":0.95,"lower_bound":48074365.05532975,"upper_bound":48401628.327426988},"point_estimate":48235252.03006059,"standard_error":83638.74962174427},"StdDev":{"confidence_interval":{"confidence_level":0.95,"lower_bound":763254.4201638965,"upper_bound":1044390.0086377892},"point_estimate":912987.5714891416,"standard_error":71924.55114064501}}