{"Mean":{"confidence_interval":{"confidence_level":0.95,"lower_bound":2214589.2816115648,"upper_bound":2215528.705989503},"point_estimate":2215052.449752847,"standard_error":239.9682366286643},"Median":{"confidence_interval":{"confidence_level":0.95,"lower_bound":2214344.7178321678,"upper_bound":2215720.1875},"point_estimate":2214763.20414031,"standard_error":442.62574670050477},"MedianAbsDev":{"confidence_interval":{"confidence_level":0.95,"lower_bound":1384.6289900248208,"upper_bound":2107.774211142631},"point_estimate":1682.449205083377,"standard_error":183.4370146916044},"Slope":{"confidence_interval":{"confidence_level":0.95,"lower_bound":2214704.574815983,"upper_bound":2216128.95975862},"point_estimate":2215416.1336426779,"standard_error":357.64056169879685},"StdDev":{"confidence_interval":{"confidence_level":0.95,"lower_bound":1668.1346084863422,"upper_bound":3074.7315086555306},"point_estimate":2405.9746591213499,"standard_error":361.8252150685083}}