{"Mean":{"confidence_interval":{"confidence_level":0.95,"lower_bound":7666.2184747793739,"upper_bound":7765.396880872259},"point_estimate":7713.794652419212,"standard_error":25.32380956721003},"Median":{"confidence_interval":{"confidence_level":0.95,"lower_bound":7578.433333333333,"upper_bound":7620.517857142857},"point_estimate":7591.459718284783,"standard_error":9.13867356851793},"MedianAbsDev":{"confidence_interval":{"confidence_level":0.95,"lower_bound":50.21010409347516,"upper_bound":110.26360902665611},"point_estimate":67.10656703065725,"standard_error":13.808347256019747},"Slope":{"confidence_interval":{"confidence_level":0.95,"lower_bound":7651.51820283674,"upper_bound":7791.455925214831},"point_estimate":7717.836028931251,"standard_error":35.84199471065314},"StdDev":{"confidence_interval":{"confidence_level":0.95,"lower_bound":203.83825272744739,"upper_bound":292.57105310174389},"point_estimate":254.1426717390784,"standard_error":22.614380602897833}}