{"Mean":{"confidence_interval":{"confidence_level":0.95,"lower_bound":46655024.85930246,"upper_bound":47044924.84017517},"point_estimate":46845560.23324104,"standard_error":99486.2362424077},"Median":{"confidence_interval":{"confidence_level":0.95,"lower_bound":46444773.38636363,"upper_bound":47015968.80899471},"point_estimate":46750321.74350649,"standard_error":146466.289012977},"MedianAbsDev":{"confidence_interval":{"confidence_level":0.95,"lower_bound":748183.9381744411,"upper_bound":1185456.1645080343},"point_estimate":1043303.0184803914,"standard_error":107981.71818717016},"Slope":{"confidence_interval":{"confidence_level":0.95,"lower_bound":46364333.46019002,"upper_bound":46695750.98563654},"point_estimate":46527553.61027634,"standard_error":84548.09957719232},"StdDev":{"confidence_interval":{"confidence_level":0.95,"lower_bound":788815.519807193,"upper_bound":1239086.585335693},"point_estimate":1000110.8828248365,"standard_error":118307.75848150328}}