{"Mean":{"confidence_interval":{"confidence_level":0.95,"lower_bound":5241128.997750711,"upper_bound":5443039.284741057},"point_estimate":5339631.476346386,"standard_error":51600.94439662349},"Median":{"confidence_interval":{"confidence_level":0.95,"lower_bound":4984008.650663167,"upper_bound":5489829.869565218},"point_estimate":5432738.897515528,"standard_error":178193.94592940316},"MedianAbsDev":{"confidence_interval":{"confidence_level":0.95,"lower_bound":206246.7193772203,"upper_bound":943769.6175933136},"point_estimate":792906.1924296231,"standard_error":230774.9071752098},"Slope":{"confidence_interval":{"confidence_level":0.95,"lower_bound":5143814.406651646,"upper_bound":5416787.3162255729},"point_estimate":5276278.832049653,"standard_error":70014.17971744565},"StdDev":{"confidence_interval":{"confidence_level":0.95,"lower_bound":444872.87388746839,"upper_bound":576031.4970789318},"point_estimate":517624.0825356889,"standard_error":33475.960455005166}}