{"Mean":{"confidence_interval":{"confidence_level":0.95,"lower_bound":88745.57366642884,"upper_bound":92878.46091215399},"point_estimate":90713.43923765492,"standard_error":1062.1322326455343},"Median":{"confidence_interval":{"confidence_level":0.95,"lower_bound":85450.42488841908,"upper_bound":85514.94596702318},"point_estimate":85476.27167203435,"standard_error":19.44763758363397},"MedianAbsDev":{"confidence_interval":{"confidence_level":0.95,"lower_bound":76.43103168970254,"upper_bound":190.35413570878519},"point_estimate":126.33836230383146,"standard_error":31.02514905647001},"Slope":{"confidence_interval":{"confidence_level":0.95,"lower_bound":89944.82762898512,"upper_bound":95910.2481995103},"point_estimate":92772.95411137383,"standard_error":1519.229437234219},"StdDev":{"confidence_interval":{"confidence_level":0.95,"lower_bound":8720.123359705,"upper_bound":12114.029813018999},"point_estimate":10716.734000204615,"standard_error":865.2400807142586}}