{"Mean":{"confidence_interval":{"confidence_level":0.95,"lower_bound":0.08595979315983654,"upper_bound":0.13761962414279783},"point_estimate":0.11352223810865025,"standard_error":0.01352319508926645},"Median":{"confidence_interval":{"confidence_level":0.95,"lower_bound":0.01145319751279968,"upper_bound":0.01243306990669768},"point_estimate":0.011717284100412284,"standard_error":0.013257352242795605}}