{"Mean":{"confidence_interval":{"confidence_level":0.95,"lower_bound":-0.02334369151800167,"upper_bound":0.0019301799390132526},"point_estimate":-0.010596729609028244,"standard_error":0.006438036132530162},"Median":{"confidence_interval":{"confidence_level":0.95,"lower_bound":-0.012434496420979158,"upper_bound":-0.009209285647982069},"point_estimate":-0.01078157148355452,"standard_error":0.0008157581620078387}}