{"Mean":{"confidence_interval":{"confidence_level":0.95,"lower_bound":24100551.864264624,"upper_bound":25655774.98240711},"point_estimate":24852979.563838874,"standard_error":397725.2208212765},"Median":{"confidence_interval":{"confidence_level":0.95,"lower_bound":22168050.533333336,"upper_bound":22711804.5},"point_estimate":22172759.817307693,"standard_error":187296.33571894395},"MedianAbsDev":{"confidence_interval":{"confidence_level":0.95,"lower_bound":5173.691624266171,"upper_bound":812078.6398770886},"point_estimate":12505.495384486667,"standard_error":277661.9644938749},"Slope":{"confidence_interval":{"confidence_level":0.95,"lower_bound":24256570.026283128,"upper_bound":26042526.055906524},"point_estimate":25125954.603567315,"standard_error":455922.3241258502},"StdDev":{"confidence_interval":{"confidence_level":0.95,"lower_bound":3353579.212334489,"upper_bound":4524253.625666022},"point_estimate":4000732.3817575837,"standard_error":299435.7605706601}}