{"Mean":{"confidence_interval":{"confidence_level":0.95,"lower_bound":5092268.0182747519,"upper_bound":5146815.860633103},"point_estimate":5120255.25754669,"standard_error":13916.759526068796},"Median":{"confidence_interval":{"confidence_level":0.95,"lower_bound":5104475.065217392,"upper_bound":5159923.259806296},"point_estimate":5126739.265151516,"standard_error":12571.236525394119},"MedianAbsDev":{"confidence_interval":{"confidence_level":0.95,"lower_bound":75399.9590243465,"upper_bound":122451.0090013764},"point_estimate":98396.60959458875,"standard_error":12328.883515262825},"Slope":{"confidence_interval":{"confidence_level":0.95,"lower_bound":5126225.47892159,"upper_bound":5168122.740890426},"point_estimate":5146687.278492685,"standard_error":10688.31063927229},"StdDev":{"confidence_interval":{"confidence_level":0.95,"lower_bound":102179.52890891834,"upper_bound":173857.40373391019},"point_estimate":139879.3731125387,"standard_error":18359.812527714865}}