{"Mean":{"confidence_interval":{"confidence_level":0.95,"lower_bound":25551717.415348405,"upper_bound":25591929.110762489},"point_estimate":25572694.872246077,"standard_error":10262.21842531466},"Median":{"confidence_interval":{"confidence_level":0.95,"lower_bound":25575917.53968254,"upper_bound":25610763.329310344},"point_estimate":25598219.68320447,"standard_error":8471.840408632064},"MedianAbsDev":{"confidence_interval":{"confidence_level":0.95,"lower_bound":46599.7658253023,"upper_bound":83952.81915734883},"point_estimate":61328.61692580607,"standard_error":9426.873870721083},"Slope":{"confidence_interval":{"confidence_level":0.95,"lower_bound":25605055.343424158,"upper_bound":25625910.27201495},"point_estimate":25615602.915034728,"standard_error":5312.133845411372},"StdDev":{"confidence_interval":{"confidence_level":0.95,"lower_bound":75778.69689326415,"upper_bound":127940.2645793047},"point_estimate":103175.32877790566,"standard_error":13340.249399249302}}