{"Mean":{"confidence_interval":{"confidence_level":0.95,"lower_bound":253953.87397007054,"upper_bound":254466.11297545106},"point_estimate":254194.11086913758,"standard_error":131.03515083195274},"Median":{"confidence_interval":{"confidence_level":0.95,"lower_bound":253606.162371134,"upper_bound":254041.35353535354},"point_estimate":253800.46444444447,"standard_error":102.83058657061241},"MedianAbsDev":{"confidence_interval":{"confidence_level":0.95,"lower_bound":471.91109336384616,"upper_bound":882.9079069723056},"point_estimate":588.3597164263317,"standard_error":108.68908389036821},"Slope":{"confidence_interval":{"confidence_level":0.95,"lower_bound":253707.0550995762,"upper_bound":254265.4513929305},"point_estimate":253967.20544111127,"standard_error":142.85078711072218},"StdDev":{"confidence_interval":{"confidence_level":0.95,"lower_bound":934.3867044152188,"upper_bound":1707.1021058347386},"point_estimate":1317.8735635371177,"standard_error":201.7198001067814}}