{"Mean":{"confidence_interval":{"confidence_level":0.95,"lower_bound":876.9398969898919,"upper_bound":877.5365008421252},"point_estimate":877.2118315522453,"standard_error":0.1526027472975321},"Median":{"confidence_interval":{"confidence_level":0.95,"lower_bound":876.6693787697866,"upper_bound":876.8903957404175},"point_estimate":876.7715879469756,"standard_error":0.057370751124865299},"MedianAbsDev":{"confidence_interval":{"confidence_level":0.95,"lower_bound":0.3401937330528851,"upper_bound":0.6914283543480296},"point_estimate":0.4920689514153514,"standard_error":0.08944664214007883},"Slope":{"confidence_interval":{"confidence_level":0.95,"lower_bound":876.435984799128,"upper_bound":876.6295754171756},"point_estimate":876.536757485704,"standard_error":0.04949699008756707},"StdDev":{"confidence_interval":{"confidence_level":0.95,"lower_bound":0.9234639177206768,"upper_bound":2.1114515966108229},"point_estimate":1.5337921383585032,"standard_error":0.30985634673467135}}