{"Mean":{"confidence_interval":{"confidence_level":0.95,"lower_bound":2848.747681304218,"upper_bound":2863.4741567671846},"point_estimate":2855.874943292194,"standard_error":3.766269691746958},"Median":{"confidence_interval":{"confidence_level":0.95,"lower_bound":2835.3188495157958,"upper_bound":2844.380611270296},"point_estimate":2838.6793205153255,"standard_error":2.037331538484721},"MedianAbsDev":{"confidence_interval":{"confidence_level":0.95,"lower_bound":10.733821403477079,"upper_bound":21.085510925795146},"point_estimate":15.447593395018968,"standard_error":2.7793624338820859},"Slope":{"confidence_interval":{"confidence_level":0.95,"lower_bound":2838.72894320797,"upper_bound":2855.8641292533527},"point_estimate":2846.520913407938,"standard_error":4.374702305551702},"StdDev":{"confidence_interval":{"confidence_level":0.95,"lower_bound":31.617928281670335,"upper_bound":42.71862477349566},"point_estimate":37.92130133718589,"standard_error":2.8400553159378258}}