{"Mean":{"confidence_interval":{"confidence_level":0.95,"lower_bound":4452.443623536336,"upper_bound":4665.160530906057},"point_estimate":4541.749169743549,"standard_error":55.038599220300657},"Median":{"confidence_interval":{"confidence_level":0.95,"lower_bound":4268.262885700891,"upper_bound":4723.163591470258},"point_estimate":4357.990423740511,"standard_error":160.94023775752079},"MedianAbsDev":{"confidence_interval":{"confidence_level":0.95,"lower_bound":107.70928850323684,"upper_bound":510.84384175072207},"point_estimate":248.81111865928967,"standard_error":125.7892627194892},"Slope":{"confidence_interval":{"confidence_level":0.95,"lower_bound":4429.622521663943,"upper_bound":4563.045594927375},"point_estimate":4495.2098612547829,"standard_error":34.09354127081842},"StdDev":{"confidence_interval":{"confidence_level":0.95,"lower_bound":267.92231155656779,"upper_bound":863.5753033181322},"point_estimate":551.861820967365,"standard_error":199.28450772136046}}