{"Mean":{"confidence_interval":{"confidence_level":0.95,"lower_bound":9.649520801751516,"upper_bound":9.90761062146726},"point_estimate":9.782593894776614,"standard_error":0.06607031052477593},"Median":{"confidence_interval":{"confidence_level":0.95,"lower_bound":10.10967559302838,"upper_bound":10.113569869104108},"point_estimate":10.111420918378439,"standard_error":0.0009073260295257088},"MedianAbsDev":{"confidence_interval":{"confidence_level":0.95,"lower_bound":0.006473351485262631,"upper_bound":0.015643927241732373},"point_estimate":0.009848939741888607,"standard_error":0.0023432042884829267},"Slope":{"confidence_interval":{"confidence_level":0.95,"lower_bound":9.183001129283943,"upper_bound":9.618170084615996},"point_estimate":9.395507259953078,"standard_error":0.11086258772945797},"StdDev":{"confidence_interval":{"confidence_level":0.95,"lower_bound":0.5488336478541901,"upper_bound":0.7487293067080646},"point_estimate":0.6665739150158498,"standard_error":0.05086740281079782}}