{"Mean":{"confidence_interval":{"confidence_level":0.95,"lower_bound":2323.656958243699,"upper_bound":2448.4703560065206},"point_estimate":2386.6754115552359,"standard_error":31.802511460555704},"Median":{"confidence_interval":{"confidence_level":0.95,"lower_bound":2029.732271762208,"upper_bound":2651.1188855014736},"point_estimate":2644.5275032532019,"standard_error":143.52567121444489},"MedianAbsDev":{"confidence_interval":{"confidence_level":0.95,"lower_bound":27.430310875955418,"upper_bound":376.12130970255427},"point_estimate":56.97840404402758,"standard_error":72.85253909779698},"Slope":{"confidence_interval":{"confidence_level":0.95,"lower_bound":2207.6968601711989,"upper_bound":2374.6091616904097},"point_estimate":2291.6645177718648,"standard_error":42.6466606534942},"StdDev":{"confidence_interval":{"confidence_level":0.95,"lower_bound":304.1024231954875,"upper_bound":325.9557051746257},"point_estimate":320.07276506487485,"standard_error":5.679895170627957}}