{"Mean":{"confidence_interval":{"confidence_level":0.95,"lower_bound":45943229.476834509,"upper_bound":46322268.72625076},"point_estimate":46133344.51470192,"standard_error":96578.74103747685},"Median":{"confidence_interval":{"confidence_level":0.95,"lower_bound":45921596.19139175,"upper_bound":46488581.42377545},"point_estimate":46228248.41223404,"standard_error":162172.29293210596},"MedianAbsDev":{"confidence_interval":{"confidence_level":0.95,"lower_bound":747272.0899954506,"upper_bound":1186841.604434179},"point_estimate":1002143.7892258923,"standard_error":111817.65524375062},"Slope":{"confidence_interval":{"confidence_level":0.95,"lower_bound":45868984.73609547,"upper_bound":46286397.04232117},"point_estimate":46075696.23380819,"standard_error":106364.83275885416},"StdDev":{"confidence_interval":{"confidence_level":0.95,"lower_bound":835457.823547633,"upper_bound":1096632.3890706057},"point_estimate":973253.2160127527,"standard_error":66598.4299394402}}