{"Mean":{"confidence_interval":{"confidence_level":0.95,"lower_bound":7178427.550214546,"upper_bound":7221612.636353882},"point_estimate":7198609.53487923,"standard_error":11048.085471384691},"Median":{"confidence_interval":{"confidence_level":0.95,"lower_bound":7146397.24137931,"upper_bound":7202454.821428572},"point_estimate":7188081.735294118,"standard_error":14508.114128362255},"MedianAbsDev":{"confidence_interval":{"confidence_level":0.95,"lower_bound":69930.25320648373,"upper_bound":143136.29359700506},"point_estimate":125678.8589558134,"standard_error":19631.723344108308},"Slope":{"confidence_interval":{"confidence_level":0.95,"lower_bound":7156416.46042624,"upper_bound":7195199.950390288},"point_estimate":7175284.147267622,"standard_error":9880.333923293},"StdDev":{"confidence_interval":{"confidence_level":0.95,"lower_bound":78740.82816196823,"upper_bound":150127.18753952397},"point_estimate":110684.58596997467,"standard_error":21412.0411675782}}