{"Mean":{"confidence_interval":{"confidence_level":0.95,"lower_bound":-0.003562629507577985,"upper_bound":0.0006234499818082208},"point_estimate":-0.0014770831520938277,"standard_error":0.0010803699956565964},"Median":{"confidence_interval":{"confidence_level":0.95,"lower_bound":-0.0036298307959753419,"upper_bound":-0.0019249070526529133},"point_estimate":-0.0025953919506164215,"standard_error":0.00044026859421319314}}