{"Mean":{"confidence_interval":{"confidence_level":0.95,"lower_bound":-0.24429909216102639,"upper_bound":-0.19555685191346407},"point_estimate":-0.2212108192170813,"standard_error":0.012451949447015283},"Median":{"confidence_interval":{"confidence_level":0.95,"lower_bound":-0.30418896038606749,"upper_bound":-0.30095576352763878},"point_estimate":-0.30294393254382936,"standard_error":0.0059618968453827888}}