{"Mean":{"confidence_interval":{"confidence_level":0.95,"lower_bound":33217709.305441057,"upper_bound":33425536.4729077},"point_estimate":33320416.693563988,"standard_error":53004.5521445152},"Median":{"confidence_interval":{"confidence_level":0.95,"lower_bound":33158261.83116883,"upper_bound":33357132.248237179},"point_estimate":33248263.180555557,"standard_error":48968.03879643015},"MedianAbsDev":{"confidence_interval":{"confidence_level":0.95,"lower_bound":321361.8599567288,"upper_bound":571988.5595949675},"point_estimate":394013.2268424891,"standard_error":65471.66613852615},"Slope":{"confidence_interval":{"confidence_level":0.95,"lower_bound":33227252.768621327,"upper_bound":33431091.303479729},"point_estimate":33327206.07011379,"standard_error":52176.14855792068},"StdDev":{"confidence_interval":{"confidence_level":0.95,"lower_bound":438643.4355032814,"upper_bound":619105.5485345019},"point_estimate":533387.6839682887,"standard_error":46005.49754513662}}