{"Mean":{"confidence_interval":{"confidence_level":0.95,"lower_bound":-0.009989169622237806,"upper_bound":-0.0015635705666787129},"point_estimate":-0.005786137356939891,"standard_error":0.0021398281430388508},"Median":{"confidence_interval":{"confidence_level":0.95,"lower_bound":-0.006247095484785969,"upper_bound":-0.0048992922481621019},"point_estimate":-0.005590384969550333,"standard_error":0.00034311309664153547}}