{"Mean":{"confidence_interval":{"confidence_level":0.95,"lower_bound":727.996300885682,"upper_bound":766.9743876259462},"point_estimate":747.4086803123687,"standard_error":9.91848937964572},"Median":{"confidence_interval":{"confidence_level":0.95,"lower_bound":662.1205472677373,"upper_bound":853.4228735161879},"point_estimate":662.290246937611,"standard_error":57.05043599189017},"MedianAbsDev":{"confidence_interval":{"confidence_level":0.95,"lower_bound":14.125737630037597,"upper_bound":137.06934039576235},"point_estimate":15.08250985033926,"standard_error":34.22175302085882},"Slope":{"confidence_interval":{"confidence_level":0.95,"lower_bound":711.8154348886204,"upper_bound":765.498663026495},"point_estimate":738.7796572204609,"standard_error":13.669762195363252},"StdDev":{"confidence_interval":{"confidence_level":0.95,"lower_bound":95.22252078825328,"upper_bound":101.54604674567517},"point_estimate":99.66847017229869,"standard_error":1.6125588096969815}}