{"Mean":{"confidence_interval":{"confidence_level":0.95,"lower_bound":25485040.762537026,"upper_bound":25521435.179443607},"point_estimate":25503375.85301212,"standard_error":9308.294455107587},"Median":{"confidence_interval":{"confidence_level":0.95,"lower_bound":25490077.2,"upper_bound":25528709.583333333},"point_estimate":25511944.27014652,"standard_error":8631.698698039987},"MedianAbsDev":{"confidence_interval":{"confidence_level":0.95,"lower_bound":50609.54348793711,"upper_bound":82453.61311253971},"point_estimate":62323.94040015831,"standard_error":8154.170164402965},"Slope":{"confidence_interval":{"confidence_level":0.95,"lower_bound":25523769.239379839,"upper_bound":25550921.846498215},"point_estimate":25537151.01684055,"standard_error":6903.448318881423},"StdDev":{"confidence_interval":{"confidence_level":0.95,"lower_bound":75798.3529429379,"upper_bound":109659.76074851344},"point_estimate":93444.86301176778,"standard_error":8640.97152677378}}