{"Mean":{"confidence_interval":{"confidence_level":0.95,"lower_bound":45196218.15144433,"upper_bound":45853462.08294925},"point_estimate":45511661.37012063,"standard_error":167412.02012664808},"Median":{"confidence_interval":{"confidence_level":0.95,"lower_bound":44979631.75862069,"upper_bound":45362755.440476197},"point_estimate":45176030.44791667,"standard_error":83323.95807623194},"MedianAbsDev":{"confidence_interval":{"confidence_level":0.95,"lower_bound":834903.6841176336,"upper_bound":1605200.2501005545},"point_estimate":1252474.0027452748,"standard_error":196347.28339906547},"Slope":{"confidence_interval":{"confidence_level":0.95,"lower_bound":44939045.149313557,"upper_bound":45378410.8370907},"point_estimate":45150067.647873509,"standard_error":111867.02017867881},"StdDev":{"confidence_interval":{"confidence_level":0.95,"lower_bound":1306423.6337357315,"upper_bound":2012889.7975657206},"point_estimate":1681382.7242486489,"standard_error":181458.55374306424}}