{"Mean":{"confidence_interval":{"confidence_level":0.95,"lower_bound":37.91463405871228,"upper_bound":38.914146479525},"point_estimate":38.413622501825539,"standard_error":0.25408621413107027},"Median":{"confidence_interval":{"confidence_level":0.95,"lower_bound":35.68525859696543,"upper_bound":40.741743767622107},"point_estimate":40.73292145360212,"standard_error":1.897793148354984},"MedianAbsDev":{"confidence_interval":{"confidence_level":0.95,"lower_bound":0.06217248609259723,"upper_bound":3.6993816981169056},"point_estimate":0.5346548914137179,"standard_error":1.084500547459775},"Slope":{"confidence_interval":{"confidence_level":0.95,"lower_bound":37.28407377839297,"upper_bound":38.58729805009398},"point_estimate":37.944200178601949,"standard_error":0.3336274461814747},"StdDev":{"confidence_interval":{"confidence_level":0.95,"lower_bound":2.459881460157363,"upper_bound":2.5906806060489626},"point_estimate":2.553176925867664,"standard_error":0.03336443954845013}}