{"Mean":{"confidence_interval":{"confidence_level":0.95,"lower_bound":412746.27812880059,"upper_bound":413626.8198630339},"point_estimate":413158.6444587981,"standard_error":225.6529606454823},"Median":{"confidence_interval":{"confidence_level":0.95,"lower_bound":412403.53225806457,"upper_bound":412727.28819444446},"point_estimate":412584.8066427954,"standard_error":82.93736250677213},"MedianAbsDev":{"confidence_interval":{"confidence_level":0.95,"lower_bound":777.9967030460215,"upper_bound":1524.072370917675},"point_estimate":1118.666549781566,"standard_error":196.64427658267739},"Slope":{"confidence_interval":{"confidence_level":0.95,"lower_bound":412233.99343048335,"upper_bound":412802.8466512861},"point_estimate":412501.9863789961,"standard_error":145.1988585302036},"StdDev":{"confidence_interval":{"confidence_level":0.95,"lower_bound":1479.2252365821449,"upper_bound":2981.140699984238},"point_estimate":2270.38229203669,"standard_error":386.0722664910513}}