{"Mean":{"confidence_interval":{"confidence_level":0.95,"lower_bound":231890.7991834626,"upper_bound":241472.06042826249},"point_estimate":236714.09055604976,"standard_error":2447.246168201062},"Median":{"confidence_interval":{"confidence_level":0.95,"lower_bound":250314.55764705884,"upper_bound":250560.3234126984},"point_estimate":250484.45861538463,"standard_error":428.9840203703155},"MedianAbsDev":{"confidence_interval":{"confidence_level":0.95,"lower_bound":475.2943705618359,"upper_bound":5940.333014264579},"point_estimate":1057.7825724706068,"standard_error":2263.3881332690646},"Slope":{"confidence_interval":{"confidence_level":0.95,"lower_bound":224001.15832854724,"upper_bound":237582.4691992146},"point_estimate":230793.47422609724,"standard_error":3468.1202320288577},"StdDev":{"confidence_interval":{"confidence_level":0.95,"lower_bound":21485.23609570207,"upper_bound":27479.132286598477},"point_estimate":24570.12764785539,"standard_error":1526.8724322971237}}