{"Mean":{"confidence_interval":{"confidence_level":0.95,"lower_bound":894.4344313303029,"upper_bound":929.0163817303412},"point_estimate":911.499301208644,"standard_error":8.827168090951523},"Median":{"confidence_interval":{"confidence_level":0.95,"lower_bound":865.1451895838645,"upper_bound":865.6806402439024},"point_estimate":865.2445192853091,"standard_error":0.15098543823618669},"MedianAbsDev":{"confidence_interval":{"confidence_level":0.95,"lower_bound":0.7138847113311232,"upper_bound":1.6889221582244412},"point_estimate":1.0344353743410404,"standard_error":0.2537481616767699},"Slope":{"confidence_interval":{"confidence_level":0.95,"lower_bound":904.2536246996592,"upper_bound":951.7246227913494},"point_estimate":926.6842436007083,"standard_error":12.222115617147976},"StdDev":{"confidence_interval":{"confidence_level":0.95,"lower_bound":73.33929776990901,"upper_bound":98.90470455786488},"point_estimate":88.68957635519678,"standard_error":6.439631036795783}}