{"Mean":{"confidence_interval":{"confidence_level":0.95,"lower_bound":42548.6559658176,"upper_bound":44080.31740932883},"point_estimate":43290.28248306023,"standard_error":393.74751515625368},"Median":{"confidence_interval":{"confidence_level":0.95,"lower_bound":41072.4409122807,"upper_bound":41092.8285},"point_estimate":41085.41579545455,"standard_error":5.018628307398548},"MedianAbsDev":{"confidence_interval":{"confidence_level":0.95,"lower_bound":36.735549351812597,"upper_bound":85.84921017587806},"point_estimate":59.648915625826408,"standard_error":12.926364561561039},"Slope":{"confidence_interval":{"confidence_level":0.95,"lower_bound":42162.16271245872,"upper_bound":43645.684024769485},"point_estimate":42826.15220440373,"standard_error":379.62909670889686},"StdDev":{"confidence_interval":{"confidence_level":0.95,"lower_bound":3388.888850882626,"upper_bound":4372.505100714802},"point_estimate":3972.987173916821,"standard_error":250.692367457568}}