{"Mean":{"confidence_interval":{"confidence_level":0.95,"lower_bound":3566284.493139651,"upper_bound":3628407.737669221},"point_estimate":3594652.911401777,"standard_error":15906.453936896833},"Median":{"confidence_interval":{"confidence_level":0.95,"lower_bound":3504050.6,"upper_bound":3555784.052631579},"point_estimate":3523732.243790456,"standard_error":16199.582768276363},"MedianAbsDev":{"confidence_interval":{"confidence_level":0.95,"lower_bound":19971.445312102558,"upper_bound":91679.81544663223},"point_estimate":47854.81642481944,"standard_error":21150.55735118377},"Slope":{"confidence_interval":{"confidence_level":0.95,"lower_bound":3576635.9938847657,"upper_bound":3636051.0054239335},"point_estimate":3606232.3001329984,"standard_error":15159.033305250814},"StdDev":{"confidence_interval":{"confidence_level":0.95,"lower_bound":102649.99328545506,"upper_bound":225465.51045574706},"point_estimate":159769.95889431687,"standard_error":36828.10853406045}}