{"Mean":{"confidence_interval":{"confidence_level":0.95,"lower_bound":24665955.07984587,"upper_bound":26425734.897270714},"point_estimate":25522239.252911979,"standard_error":450768.17175777387},"Median":{"confidence_interval":{"confidence_level":0.95,"lower_bound":22219052.19117647,"upper_bound":24188245.20148749},"point_estimate":22221994.416666666,"standard_error":664603.9495113301},"MedianAbsDev":{"confidence_interval":{"confidence_level":0.95,"lower_bound":6909.063481659646,"upper_bound":2926069.333115684},"point_estimate":15455.89207156807,"standard_error":983378.8028960292},"Slope":{"confidence_interval":{"confidence_level":0.95,"lower_bound":24196229.55449948,"upper_bound":25891420.66724046},"point_estimate":25027263.07200532,"standard_error":433801.13120069887},"StdDev":{"confidence_interval":{"confidence_level":0.95,"lower_bound":3865647.2324139608,"upper_bound":5038262.185988962},"point_estimate":4526830.760448551,"standard_error":301546.4016829581}}