{"Mean":{"confidence_interval":{"confidence_level":0.95,"lower_bound":2625114.7947297499,"upper_bound":2640734.6487115},"point_estimate":2631084.840319677,"standard_error":4245.527720750461},"Median":{"confidence_interval":{"confidence_level":0.95,"lower_bound":2623871.346411804,"upper_bound":2630448.8828976035},"point_estimate":2626633.3342816506,"standard_error":1778.2566222340416},"MedianAbsDev":{"confidence_interval":{"confidence_level":0.95,"lower_bound":7948.589601551742,"upper_bound":12675.5716452076},"point_estimate":10163.148689567974,"standard_error":1182.7558774688176},"Slope":{"confidence_interval":{"confidence_level":0.95,"lower_bound":2622092.651321773,"upper_bound":2628491.224413839},"point_estimate":2625075.033423969,"standard_error":1631.9507092855625},"StdDev":{"confidence_interval":{"confidence_level":0.95,"lower_bound":9590.031085173747,"upper_bound":71008.06576020045},"point_estimate":42559.01417494943,"standard_error":20431.158376508713}}