{"Mean":{"confidence_interval":{"confidence_level":0.95,"lower_bound":23813.422472308004,"upper_bound":23850.109937170837},"point_estimate":23830.957539334595,"standard_error":9.421214167198603},"Median":{"confidence_interval":{"confidence_level":0.95,"lower_bound":23779.846301020407,"upper_bound":23813.181139122316},"point_estimate":23788.21763285024,"standard_error":8.11346846113045},"MedianAbsDev":{"confidence_interval":{"confidence_level":0.95,"lower_bound":33.606564460429648,"upper_bound":76.1364972246948},"point_estimate":48.19344181106245,"standard_error":9.981303619329485},"Slope":{"confidence_interval":{"confidence_level":0.95,"lower_bound":23787.434307962165,"upper_bound":23817.489017471707},"point_estimate":23801.37522662501,"standard_error":7.68028857835769},"StdDev":{"confidence_interval":{"confidence_level":0.95,"lower_bound":72.1334130407078,"upper_bound":115.08728985766013},"point_estimate":94.73440736955853,"standard_error":11.014441606489129}}