{"Mean":{"confidence_interval":{"confidence_level":0.95,"lower_bound":7911356.077776128,"upper_bound":8005096.00649315},"point_estimate":7959976.337689353,"standard_error":23879.998387464206},"Median":{"confidence_interval":{"confidence_level":0.95,"lower_bound":7927859.3,"upper_bound":7996445.454545454},"point_estimate":7955074.311027569,"standard_error":16650.243064445134},"MedianAbsDev":{"confidence_interval":{"confidence_level":0.95,"lower_bound":103302.8583962163,"upper_bound":162941.77373894448},"point_estimate":128927.15520976973,"standard_error":15360.9179636717},"Slope":{"confidence_interval":{"confidence_level":0.95,"lower_bound":7905357.210710823,"upper_bound":7963791.848900274},"point_estimate":7933867.636459287,"standard_error":14902.424978889107},"StdDev":{"confidence_interval":{"confidence_level":0.95,"lower_bound":157767.02535797098,"upper_bound":316966.12294817218},"point_estimate":239994.4836174005,"standard_error":41081.68150538631}}