{"Mean":{"confidence_interval":{"confidence_level":0.95,"lower_bound":26959364.89455594,"upper_bound":26968040.053059173},"point_estimate":26963470.95388915,"standard_error":2215.47421252862},"Median":{"confidence_interval":{"confidence_level":0.95,"lower_bound":26959399.609811568,"upper_bound":26964667.0754717},"point_estimate":26961136.62913441,"standard_error":1356.0952549102795},"MedianAbsDev":{"confidence_interval":{"confidence_level":0.95,"lower_bound":11951.28017069018,"upper_bound":20158.91062018479},"point_estimate":14606.263069509196,"standard_error":1970.643628969152},"Slope":{"confidence_interval":{"confidence_level":0.95,"lower_bound":26960374.277107456,"upper_bound":26975717.045650904},"point_estimate":26966812.31038274,"standard_error":3983.5992957698438},"StdDev":{"confidence_interval":{"confidence_level":0.95,"lower_bound":15052.915516697245,"upper_bound":29913.78300431228},"point_estimate":22151.878229547554,"standard_error":3974.6033843971615}}