{"Mean":{"confidence_interval":{"confidence_level":0.95,"lower_bound":551732.053013957,"upper_bound":581477.3042496191},"point_estimate":567141.8000592071,"standard_error":7613.209499642361},"Median":{"confidence_interval":{"confidence_level":0.95,"lower_bound":569043.0674603175,"upper_bound":574793.1655965757},"point_estimate":571382.7222222223,"standard_error":1806.2525138279532},"MedianAbsDev":{"confidence_interval":{"confidence_level":0.95,"lower_bound":9830.290910759712,"upper_bound":19961.349105825895},"point_estimate":12805.199974521234,"standard_error":2499.8744207659717},"Slope":{"confidence_interval":{"confidence_level":0.95,"lower_bound":537843.5043612095,"upper_bound":596933.7209543828},"point_estimate":568681.1036343038,"standard_error":15093.15712030294},"StdDev":{"confidence_interval":{"confidence_level":0.95,"lower_bound":58308.879907020004,"upper_bound":91788.88783933124},"point_estimate":76629.64562073564,"standard_error":8545.444255172719}}