{"Mean":{"confidence_interval":{"confidence_level":0.95,"lower_bound":27318.572783424064,"upper_bound":28476.106189688682},"point_estimate":27879.713930164933,"standard_error":294.1237307335741},"Median":{"confidence_interval":{"confidence_level":0.95,"lower_bound":26341.61150579151,"upper_bound":26372.797297297297},"point_estimate":26356.504968203495,"standard_error":6.671628565746452},"MedianAbsDev":{"confidence_interval":{"confidence_level":0.95,"lower_bound":41.61713876056201,"upper_bound":86.49276099539878},"point_estimate":62.379402295589,"standard_error":10.401610756547669},"Slope":{"confidence_interval":{"confidence_level":0.95,"lower_bound":28742.12592554256,"upper_bound":30669.747319931153},"point_estimate":29757.13336238263,"standard_error":491.4645424801228},"StdDev":{"confidence_interval":{"confidence_level":0.95,"lower_bound":2467.274750741862,"upper_bound":3309.6616039194157},"point_estimate":2959.6022925708027,"standard_error":215.4996450489682}}