{"Mean":{"confidence_interval":{"confidence_level":0.95,"lower_bound":42231055.81500805,"upper_bound":42386888.56347915},"point_estimate":42304492.14740342,"standard_error":39847.50557932732},"Median":{"confidence_interval":{"confidence_level":0.95,"lower_bound":42153998.6375,"upper_bound":42233050.46305348},"point_estimate":42177920.69634873,"standard_error":23903.06103340811},"MedianAbsDev":{"confidence_interval":{"confidence_level":0.95,"lower_bound":107361.54234582912,"upper_bound":229784.02000420114},"point_estimate":166758.40060898884,"standard_error":32224.720171895224},"Slope":{"confidence_interval":{"confidence_level":0.95,"lower_bound":42219697.82399067,"upper_bound":42315129.869679849},"point_estimate":42265827.440070938,"standard_error":24382.411496300716},"StdDev":{"confidence_interval":{"confidence_level":0.95,"lower_bound":266370.70517509666,"upper_bound":524953.1775230353},"point_estimate":402718.1872146111,"standard_error":66418.64569563068}}