{"Mean":{"confidence_interval":{"confidence_level":0.95,"lower_bound":2558194.5726472556,"upper_bound":2604456.445924026},"point_estimate":2579330.5159787589,"standard_error":11890.423177318968},"Median":{"confidence_interval":{"confidence_level":0.95,"lower_bound":2534585.5854978358,"upper_bound":2546065.272727273},"point_estimate":2539324.0271460015,"standard_error":2466.1811717753478},"MedianAbsDev":{"confidence_interval":{"confidence_level":0.95,"lower_bound":15282.177697478362,"upper_bound":30116.149458796423},"point_estimate":19888.675924521922,"standard_error":3813.3544900488798},"Slope":{"confidence_interval":{"confidence_level":0.95,"lower_bound":2547674.8051878858,"upper_bound":2632262.1314905288},"point_estimate":2585241.5896734155,"standard_error":21697.70700592781},"StdDev":{"confidence_interval":{"confidence_level":0.95,"lower_bound":69197.70912280216,"upper_bound":157944.39895018939},"point_estimate":119231.21090230906,"standard_error":23061.927952084043}}