{"Mean":{"confidence_interval":{"confidence_level":0.95,"lower_bound":164683.23816439266,"upper_bound":172487.7886093122},"point_estimate":168639.22093154203,"standard_error":1985.3637154963049},"Median":{"confidence_interval":{"confidence_level":0.95,"lower_bound":183877.0865251898,"upper_bound":183985.94581280789},"point_estimate":183919.02538553882,"standard_error":2670.21669477678},"MedianAbsDev":{"confidence_interval":{"confidence_level":0.95,"lower_bound":320.4314466002653,"upper_bound":2454.7678397524935},"point_estimate":824.9268787547915,"standard_error":2182.412116664624},"Slope":{"confidence_interval":{"confidence_level":0.95,"lower_bound":158093.80982318673,"upper_bound":168684.64403231315},"point_estimate":163428.42268614495,"standard_error":2708.6890588529815},"StdDev":{"confidence_interval":{"confidence_level":0.95,"lower_bound":18511.212361634865,"upper_bound":20660.80354075633},"point_estimate":19958.9989782162,"standard_error":559.3646320559062}}