{"Mean":{"confidence_interval":{"confidence_level":0.95,"lower_bound":2577686.796058765,"upper_bound":2595482.4035611518},"point_estimate":2586118.5266781,"standard_error":4545.803903753362},"Median":{"confidence_interval":{"confidence_level":0.95,"lower_bound":2565006.630952381,"upper_bound":2579190.7352642279},"point_estimate":2571953.858974359,"standard_error":3438.114607730294},"MedianAbsDev":{"confidence_interval":{"confidence_level":0.95,"lower_bound":19430.370398223815,"upper_bound":36941.04685628064},"point_estimate":27818.382318762404,"standard_error":4383.185524276031},"Slope":{"confidence_interval":{"confidence_level":0.95,"lower_bound":2567107.9121759289,"upper_bound":2577458.578272101},"point_estimate":2572033.3808748337,"standard_error":2636.910330673732},"StdDev":{"confidence_interval":{"confidence_level":0.95,"lower_bound":32470.278464802177,"upper_bound":57199.837081345555},"point_estimate":45504.55203812177,"standard_error":6322.428761884598}}