{"Mean":{"confidence_interval":{"confidence_level":0.95,"lower_bound":436.3019809604002,"upper_bound":462.5033726509381},"point_estimate":449.368079171226,"standard_error":6.6337420581805859},"Median":{"confidence_interval":{"confidence_level":0.95,"lower_bound":387.95262267343488,"upper_bound":521.2539162333792},"point_estimate":389.42011491047028,"standard_error":50.76758893020334},"MedianAbsDev":{"confidence_interval":{"confidence_level":0.95,"lower_bound":0.7255680374493528,"upper_bound":85.62983310992449},"point_estimate":3.640408512415506,"standard_error":21.14919472858465},"Slope":{"confidence_interval":{"confidence_level":0.95,"lower_bound":437.0549746029345,"upper_bound":472.24129373534557},"point_estimate":454.92331665482518,"standard_error":8.967734796219445},"StdDev":{"confidence_interval":{"confidence_level":0.95,"lower_bound":64.38566825965296,"upper_bound":67.24074477328766},"point_estimate":66.7495875098256,"standard_error":0.7548060626175662}}