{"Mean":{"confidence_interval":{"confidence_level":0.95,"lower_bound":206.66193475075628,"upper_bound":207.84658838296648},"point_estimate":207.1299579566155,"standard_error":0.3147598294043158},"Median":{"confidence_interval":{"confidence_level":0.95,"lower_bound":206.61210803082316,"upper_bound":206.7810708549636},"point_estimate":206.67402292905474,"standard_error":0.04363753427810776},"MedianAbsDev":{"confidence_interval":{"confidence_level":0.95,"lower_bound":0.26180984314362895,"upper_bound":0.4898893190302525},"point_estimate":0.35933130571214458,"standard_error":0.06065235098575507},"Slope":{"confidence_interval":{"confidence_level":0.95,"lower_bound":206.44682905976343,"upper_bound":208.3271391812806},"point_estimate":207.17193164244689,"standard_error":0.5050051385502495},"StdDev":{"confidence_interval":{"confidence_level":0.95,"lower_bound":0.4165506625434148,"upper_bound":5.18730882566917},"point_estimate":3.175243966492115,"standard_error":1.3610427219412347}}