{"Mean":{"confidence_interval":{"confidence_level":0.95,"lower_bound":250071.05647569776,"upper_bound":250578.99012641019},"point_estimate":250304.26442479206,"standard_error":130.50487937403765},"Median":{"confidence_interval":{"confidence_level":0.95,"lower_bound":249902.09,"upper_bound":250076.38988095238},"point_estimate":249954.4401489118,"standard_error":50.36637541026869},"MedianAbsDev":{"confidence_interval":{"confidence_level":0.95,"lower_bound":316.84674294626219,"upper_bound":694.2607902572765},"point_estimate":529.3129006028117,"standard_error":95.39260176533156},"Slope":{"confidence_interval":{"confidence_level":0.95,"lower_bound":249824.5854400021,"upper_bound":250197.56709075647},"point_estimate":249985.56134106694,"standard_error":96.0436385383795},"StdDev":{"confidence_interval":{"confidence_level":0.95,"lower_bound":760.778016369322,"upper_bound":1773.9028562783809},"point_estimate":1310.6736781782796,"standard_error":259.3519981594007}}