{"Mean":{"confidence_interval":{"confidence_level":0.95,"lower_bound":14421422.431874892,"upper_bound":14510809.798956702},"point_estimate":14457793.706202712,"standard_error":23317.735018948435},"Median":{"confidence_interval":{"confidence_level":0.95,"lower_bound":14382953.717813764,"upper_bound":14413652.975},"point_estimate":14391096.401955147,"standard_error":8725.708240987688},"MedianAbsDev":{"confidence_interval":{"confidence_level":0.95,"lower_bound":41481.45745644318,"upper_bound":89471.11780818408},"point_estimate":55917.91678634948,"standard_error":12573.254870529312},"Slope":{"confidence_interval":{"confidence_level":0.95,"lower_bound":14398930.115643645,"upper_bound":14523334.034940785},"point_estimate":14443496.282048176,"standard_error":34234.025011131096},"StdDev":{"confidence_interval":{"confidence_level":0.95,"lower_bound":87351.31863367339,"upper_bound":376745.19313475079},"point_estimate":234465.33412566718,"standard_error":93237.72627369667}}