{"Mean":{"confidence_interval":{"confidence_level":0.95,"lower_bound":294772621.1151244,"upper_bound":295628592.0010978},"point_estimate":295193143.19028237,"standard_error":218399.6907421475},"Median":{"confidence_interval":{"confidence_level":0.95,"lower_bound":293879851.3815789,"upper_bound":294886794.7291667},"point_estimate":294150933.1583333,"standard_error":299260.6791952667},"MedianAbsDev":{"confidence_interval":{"confidence_level":0.95,"lower_bound":1081345.910632373,"upper_bound":2688846.5382771359},"point_estimate":1665923.9344651118,"standard_error":421801.6105759652},"Slope":{"confidence_interval":{"confidence_level":0.95,"lower_bound":294732642.5839163,"upper_bound":295724209.761079},"point_estimate":295255354.94500079,"standard_error":252387.02653175107},"StdDev":{"confidence_interval":{"confidence_level":0.95,"lower_bound":1902174.5196696437,"upper_bound":2469071.6073763675},"point_estimate":2204921.4922590197,"standard_error":144831.08283478596}}