{"Mean":{"confidence_interval":{"confidence_level":0.95,"lower_bound":17132668.205923216,"upper_bound":17224149.861305298},"point_estimate":17177559.967382034,"standard_error":23316.777779535},"Median":{"confidence_interval":{"confidence_level":0.95,"lower_bound":17057550.35,"upper_bound":17199577.414236115},"point_estimate":17127884.86764706,"standard_error":35887.45106985758},"MedianAbsDev":{"confidence_interval":{"confidence_level":0.95,"lower_bound":167405.85928062176,"upper_bound":299931.1473705763},"point_estimate":235200.15727567787,"standard_error":33583.51328148335},"Slope":{"confidence_interval":{"confidence_level":0.95,"lower_bound":17137824.3634599,"upper_bound":17248391.233748776},"point_estimate":17191141.049292156,"standard_error":28239.30563793273},"StdDev":{"confidence_interval":{"confidence_level":0.95,"lower_bound":199612.0155749172,"upper_bound":266086.2872761872},"point_estimate":233811.6411220996,"standard_error":17017.06707802769}}