{"Mean":{"confidence_interval":{"confidence_level":0.95,"lower_bound":5128.420825595033,"upper_bound":5143.565301415068},"point_estimate":5135.867329105191,"standard_error":3.860882028566698},"Median":{"confidence_interval":{"confidence_level":0.95,"lower_bound":5122.898786512027,"upper_bound":5140.73591400009},"point_estimate":5127.830513222771,"standard_error":4.774890562944797},"MedianAbsDev":{"confidence_interval":{"confidence_level":0.95,"lower_bound":26.95849775149637,"upper_bound":42.905666274354228},"point_estimate":33.253868571997227,"standard_error":4.084394783630456},"Slope":{"confidence_interval":{"confidence_level":0.95,"lower_bound":5111.816700133929,"upper_bound":5124.814142007415},"point_estimate":5118.1356682444679,"standard_error":3.3164957735134998},"StdDev":{"confidence_interval":{"confidence_level":0.95,"lower_bound":32.27408830147055,"upper_bound":44.75034121995016},"point_estimate":38.751821661253227,"standard_error":3.196287904583229}}