{"Mean":{"confidence_interval":{"confidence_level":0.95,"lower_bound":5508216.313702904,"upper_bound":5772739.301662299},"point_estimate":5635042.645307813,"standard_error":67437.56827202089},"Median":{"confidence_interval":{"confidence_level":0.95,"lower_bound":5208099.488372093,"upper_bound":5329415.804878049},"point_estimate":5272086.006324111,"standard_error":32882.1568362965},"MedianAbsDev":{"confidence_interval":{"confidence_level":0.95,"lower_bound":69399.01975438665,"upper_bound":247303.97565500436},"point_estimate":161495.2610367901,"standard_error":48633.016149272305},"Slope":{"confidence_interval":{"confidence_level":0.95,"lower_bound":5603111.165739629,"upper_bound":5956153.698988757},"point_estimate":5773400.983998817,"standard_error":90077.19720279606},"StdDev":{"confidence_interval":{"confidence_level":0.95,"lower_bound":537213.6251708869,"upper_bound":823690.2423662576},"point_estimate":678012.164828905,"standard_error":74383.02833609896}}