{"Mean":{"confidence_interval":{"confidence_level":0.95,"lower_bound":40785.045255491095,"upper_bound":42192.4647848394},"point_estimate":41478.00104990674,"standard_error":359.2634670313962},"Median":{"confidence_interval":{"confidence_level":0.95,"lower_bound":38775.7239010989,"upper_bound":39491.09011561355},"point_estimate":38878.8259817106,"standard_error":282.6017054271437},"MedianAbsDev":{"confidence_interval":{"confidence_level":0.95,"lower_bound":197.89886897112087,"upper_bound":1297.2005777458758},"point_estimate":366.4627757765613,"standard_error":392.2672026853448},"Slope":{"confidence_interval":{"confidence_level":0.95,"lower_bound":41307.13879343835,"upper_bound":43321.90022140967},"point_estimate":42296.16905605256,"standard_error":513.1808180562492},"StdDev":{"confidence_interval":{"confidence_level":0.95,"lower_bound":3290.4879351987576,"upper_bound":3793.729117202142},"point_estimate":3608.9922040189705,"standard_error":130.2213785768581}}