{"Mean":{"confidence_interval":{"confidence_level":0.95,"lower_bound":24831750.678733607,"upper_bound":24905288.146621638},"point_estimate":24867736.987711125,"standard_error":18694.895436738087},"Median":{"confidence_interval":{"confidence_level":0.95,"lower_bound":24821859.225352114,"upper_bound":24886190.818181818},"point_estimate":24850241.784996533,"standard_error":17551.453959601247},"MedianAbsDev":{"confidence_interval":{"confidence_level":0.95,"lower_bound":96042.36561555795,"upper_bound":173533.3019207166},"point_estimate":126806.30667755072,"standard_error":19433.918319433207},"Slope":{"confidence_interval":{"confidence_level":0.95,"lower_bound":24833078.83133829,"upper_bound":24884549.912368999},"point_estimate":24858333.764424415,"standard_error":13144.174789388213},"StdDev":{"confidence_interval":{"confidence_level":0.95,"lower_bound":143987.26832161656,"upper_bound":229557.23158432079},"point_estimate":188110.2266567737,"standard_error":21970.411591149044}}