{"Mean":{"confidence_interval":{"confidence_level":0.95,"lower_bound":0.5045486909507204,"upper_bound":0.5216443094309573},"point_estimate":0.5132349726546472,"standard_error":0.004398496166365419},"Median":{"confidence_interval":{"confidence_level":0.95,"lower_bound":0.5106710099423786,"upper_bound":0.5244813502183017},"point_estimate":0.5160951666156,"standard_error":0.0032764562465340759}}