{"Mean":{"confidence_interval":{"confidence_level":0.95,"lower_bound":917.9765636775,"upper_bound":937.1283517013844},"point_estimate":926.8348740419383,"standard_error":4.916795461822936},"Median":{"confidence_interval":{"confidence_level":0.95,"lower_bound":911.2902311652312,"upper_bound":911.6905406799773},"point_estimate":911.5028822673054,"standard_error":0.10104511890258442},"MedianAbsDev":{"confidence_interval":{"confidence_level":0.95,"lower_bound":0.5043617455063416,"upper_bound":1.0528998234333367},"point_estimate":0.7266325696154212,"standard_error":0.14293749550024716},"Slope":{"confidence_interval":{"confidence_level":0.95,"lower_bound":916.4110667910866,"upper_bound":951.1119168458591},"point_estimate":932.3342552253421,"standard_error":8.90230584792637},"StdDev":{"confidence_interval":{"confidence_level":0.95,"lower_bound":31.2105116937756,"upper_bound":63.129447553872157},"point_estimate":49.51491999910404,"standard_error":8.230268877529046}}