{"Mean":{"confidence_interval":{"confidence_level":0.95,"lower_bound":389.22781925633276,"upper_bound":419.18260111836329},"point_estimate":403.8361596447248,"standard_error":7.63558441145022},"Median":{"confidence_interval":{"confidence_level":0.95,"lower_bound":340.7733543417367,"upper_bound":427.9177666493198},"point_estimate":341.4906862745098,"standard_error":22.330088741909348},"MedianAbsDev":{"confidence_interval":{"confidence_level":0.95,"lower_bound":0.9636829063118415,"upper_bound":29.44640030879875},"point_estimate":2.1499586411292768,"standard_error":11.485937070614203},"Slope":{"confidence_interval":{"confidence_level":0.95,"lower_bound":387.3709069631148,"upper_bound":427.6498406038686},"point_estimate":407.2864969304724,"standard_error":10.293684715443023},"StdDev":{"confidence_interval":{"confidence_level":0.95,"lower_bound":72.01409122516364,"upper_bound":78.35502356712529},"point_estimate":76.64768038744615,"standard_error":1.6782910828294045}}