{"Mean":{"confidence_interval":{"confidence_level":0.95,"lower_bound":24982062.26029347,"upper_bound":25094322.609903046},"point_estimate":25035485.825577946,"standard_error":28608.406662314228},"Median":{"confidence_interval":{"confidence_level":0.95,"lower_bound":24955105.891304349,"upper_bound":25026963.346428574},"point_estimate":24989259.311938537,"standard_error":16277.272198056466},"MedianAbsDev":{"confidence_interval":{"confidence_level":0.95,"lower_bound":93470.12947368085,"upper_bound":156794.39191618286},"point_estimate":123351.75508076239,"standard_error":15925.807068470729},"Slope":{"confidence_interval":{"confidence_level":0.95,"lower_bound":24992343.70497029,"upper_bound":25065608.809062374},"point_estimate":25028080.68762524,"standard_error":18670.379628881452},"StdDev":{"confidence_interval":{"confidence_level":0.95,"lower_bound":185383.82898658495,"upper_bound":375991.6671750756},"point_estimate":288251.7499080012,"standard_error":48792.725735361695}}