{"Mean":{"confidence_interval":{"confidence_level":0.95,"lower_bound":5197645.437224746,"upper_bound":5294935.829927699},"point_estimate":5245577.3756920429,"standard_error":24834.257960767543},"Median":{"confidence_interval":{"confidence_level":0.95,"lower_bound":5066714.386666667,"upper_bound":5097244.949152542},"point_estimate":5068800.654527163,"standard_error":11333.977208392842},"MedianAbsDev":{"confidence_interval":{"confidence_level":0.95,"lower_bound":7941.903292372957,"upper_bound":53511.6832133666},"point_estimate":14712.686390769433,"standard_error":15863.297334246037},"Slope":{"confidence_interval":{"confidence_level":0.95,"lower_bound":5155115.665809144,"upper_bound":5277161.127815351},"point_estimate":5213884.459707404,"standard_error":31228.683952315158},"StdDev":{"confidence_interval":{"confidence_level":0.95,"lower_bound":223782.28226663845,"upper_bound":265983.34127715139},"point_estimate":249576.7259639106,"standard_error":10823.018051648263}}