{"Mean":{"confidence_interval":{"confidence_level":0.95,"lower_bound":41114.32651049264,"upper_bound":45311.527952421064},"point_estimate":42692.96616781517,"standard_error":1148.9994064830945},"Median":{"confidence_interval":{"confidence_level":0.95,"lower_bound":39983.89866666667,"upper_bound":40049.46247058823},"point_estimate":40006.113894736845,"standard_error":16.510084338844047},"MedianAbsDev":{"confidence_interval":{"confidence_level":0.95,"lower_bound":86.77679594445361,"upper_bound":202.51092249573348},"point_estimate":118.8408896401554,"standard_error":26.299800768641},"Slope":{"confidence_interval":{"confidence_level":0.95,"lower_bound":41767.02714295089,"upper_bound":43830.62769281087},"point_estimate":42780.87308491208,"standard_error":528.2490674889533},"StdDev":{"confidence_interval":{"confidence_level":0.95,"lower_bound":2779.0070485738244,"upper_bound":19390.23335617439},"point_estimate":11598.675284168052,"standard_error":5729.516895583562}}