{"Mean":{"confidence_interval":{"confidence_level":0.95,"lower_bound":4852.150046297923,"upper_bound":4939.63962767233},"point_estimate":4895.368361168492,"standard_error":22.37899970690588},"Median":{"confidence_interval":{"confidence_level":0.95,"lower_bound":4735.74243281471,"upper_bound":4846.8568806318839},"point_estimate":4765.121145685997,"standard_error":42.530990939749447},"MedianAbsDev":{"confidence_interval":{"confidence_level":0.95,"lower_bound":87.61529583505761,"upper_bound":273.561987267023},"point_estimate":134.99400264399714,"standard_error":42.90962490447539},"Slope":{"confidence_interval":{"confidence_level":0.95,"lower_bound":4855.037348191268,"upper_bound":4977.284248462873},"point_estimate":4913.824036785975,"standard_error":31.243141492526367},"StdDev":{"confidence_interval":{"confidence_level":0.95,"lower_bound":207.1489523534786,"upper_bound":237.66431334942565},"point_estimate":224.65130098165944,"standard_error":7.720163141400389}}