{"Mean":{"confidence_interval":{"confidence_level":0.95,"lower_bound":4019497.3541036935,"upper_bound":4072885.9054356219},"point_estimate":4045916.8030374215,"standard_error":13589.911579184636},"Median":{"confidence_interval":{"confidence_level":0.95,"lower_bound":3999880.2003968257,"upper_bound":4045295.7560975609},"point_estimate":4030941.371875,"standard_error":11068.388796268782},"MedianAbsDev":{"confidence_interval":{"confidence_level":0.95,"lower_bound":70286.52825301729,"upper_bound":113675.17062456829},"point_estimate":93359.79388327179,"standard_error":11466.4554011762},"Slope":{"confidence_interval":{"confidence_level":0.95,"lower_bound":4041847.2570648926,"upper_bound":4118203.5143770126},"point_estimate":4078516.9193320528,"standard_error":19547.53799952661},"StdDev":{"confidence_interval":{"confidence_level":0.95,"lower_bound":111554.59059617552,"upper_bound":157254.84940056207},"point_estimate":135972.0709944131,"standard_error":11623.997711421112}}