{"Mean":{"confidence_interval":{"confidence_level":0.95,"lower_bound":5982468.463409142,"upper_bound":6052193.143852064},"point_estimate":6016243.777669715,"standard_error":17766.592878368865},"Median":{"confidence_interval":{"confidence_level":0.95,"lower_bound":5944649.963414635,"upper_bound":5994695.878289474},"point_estimate":5962814.662058372,"standard_error":15167.375997727002},"MedianAbsDev":{"confidence_interval":{"confidence_level":0.95,"lower_bound":80137.25898170713,"upper_bound":146249.47551414066},"point_estimate":104916.98218444892,"standard_error":18552.862086318644},"Slope":{"confidence_interval":{"confidence_level":0.95,"lower_bound":5992858.951376831,"upper_bound":6080803.459967104},"point_estimate":6034358.346948426,"standard_error":22468.43685674436},"StdDev":{"confidence_interval":{"confidence_level":0.95,"lower_bound":144106.20069059838,"upper_bound":208116.38472107953},"point_estimate":178583.73539355276,"standard_error":16359.899828441228}}