{"Mean":{"confidence_interval":{"confidence_level":0.95,"lower_bound":79228.06295820872,"upper_bound":82793.46868869559},"point_estimate":80928.01340213929,"standard_error":912.4985550497816},"Median":{"confidence_interval":{"confidence_level":0.95,"lower_bound":76408.4071969697,"upper_bound":76485.44586530264},"point_estimate":76442.08501602564,"standard_error":19.25577499227672},"MedianAbsDev":{"confidence_interval":{"confidence_level":0.95,"lower_bound":78.3510834882915,"upper_bound":192.6696289905068},"point_estimate":125.90248249288372,"standard_error":30.368789608660035},"Slope":{"confidence_interval":{"confidence_level":0.95,"lower_bound":81597.4301412761,"upper_bound":87478.57633274395},"point_estimate":84497.65078296636,"standard_error":1502.2201777573778},"StdDev":{"confidence_interval":{"confidence_level":0.95,"lower_bound":7457.724948607642,"upper_bound":10423.834348097766},"point_estimate":9185.008809602166,"standard_error":750.0079126449066}}