{"Mean":{"confidence_interval":{"confidence_level":0.95,"lower_bound":23334821.551542384,"upper_bound":23409005.46572454},"point_estimate":23370825.408231155,"standard_error":18925.354433764292},"Median":{"confidence_interval":{"confidence_level":0.95,"lower_bound":23311222.291327914,"upper_bound":23382882.09375},"point_estimate":23345685.021527374,"standard_error":17693.294816317317},"MedianAbsDev":{"confidence_interval":{"confidence_level":0.95,"lower_bound":93906.28516828628,"upper_bound":158149.7374014402},"point_estimate":124214.87778138674,"standard_error":16223.470952849699},"Slope":{"confidence_interval":{"confidence_level":0.95,"lower_bound":23314282.35596462,"upper_bound":23367062.411592086},"point_estimate":23339280.408910894,"standard_error":13456.359250347774},"StdDev":{"confidence_interval":{"confidence_level":0.95,"lower_bound":137023.9331125343,"upper_bound":239577.6191503841},"point_estimate":190541.04562236704,"standard_error":26373.849566914232}}