{"Mean":{"confidence_interval":{"confidence_level":0.95,"lower_bound":2393909.8262197009,"upper_bound":2430069.018478816},"point_estimate":2410965.2785464769,"standard_error":9244.616131963565},"Median":{"confidence_interval":{"confidence_level":0.95,"lower_bound":2373999.347826087,"upper_bound":2374788.103448276},"point_estimate":2374333.5090011616,"standard_error":186.19953732773329},"MedianAbsDev":{"confidence_interval":{"confidence_level":0.95,"lower_bound":1314.1005449896914,"upper_bound":2842.3334428789569},"point_estimate":1795.7567941437713,"standard_error":397.9942166793047},"Slope":{"confidence_interval":{"confidence_level":0.95,"lower_bound":2402463.695773912,"upper_bound":2454802.021121817},"point_estimate":2426812.1500132998,"standard_error":13366.935986043014},"StdDev":{"confidence_interval":{"confidence_level":0.95,"lower_bound":65965.59198488682,"upper_bound":113917.41121663878},"point_estimate":92988.25319046267,"standard_error":12173.715501999619}}