{"Mean":{"confidence_interval":{"confidence_level":0.95,"lower_bound":1600844.1475667943,"upper_bound":1632802.6022150489},"point_estimate":1616027.7476517126,"standard_error":8165.055144873408},"Median":{"confidence_interval":{"confidence_level":0.95,"lower_bound":1570929.8328591749,"upper_bound":1588756.8333333333},"point_estimate":1575514.5472027972,"standard_error":4125.1305929737659},"MedianAbsDev":{"confidence_interval":{"confidence_level":0.95,"lower_bound":7951.093301517889,"upper_bound":32599.91079750698},"point_estimate":14767.581831758083,"standard_error":5773.129372271117},"Slope":{"confidence_interval":{"confidence_level":0.95,"lower_bound":1590639.65347444,"upper_bound":1640187.8302033528},"point_estimate":1613178.4147982859,"standard_error":12714.650999861788},"StdDev":{"confidence_interval":{"confidence_level":0.95,"lower_bound":61172.884989575454,"upper_bound":99505.01749686395},"point_estimate":82313.00853536157,"standard_error":9812.724640641201}}