{"Mean":{"confidence_interval":{"confidence_level":0.95,"lower_bound":563.5829056505141,"upper_bound":588.4970394322409},"point_estimate":575.5408322530217,"standard_error":6.378919173743027},"Median":{"confidence_interval":{"confidence_level":0.95,"lower_bound":545.2740355117597,"upper_bound":545.721333289669},"point_estimate":545.3841820494847,"standard_error":0.12108306384473995},"MedianAbsDev":{"confidence_interval":{"confidence_level":0.95,"lower_bound":0.4303227143011578,"upper_bound":1.1197509618068096},"point_estimate":0.6064292005190218,"standard_error":0.18780486005889195},"Slope":{"confidence_interval":{"confidence_level":0.95,"lower_bound":582.1805732796547,"upper_bound":624.5975257843019},"point_estimate":603.136318681651,"standard_error":10.825690572457729},"StdDev":{"confidence_interval":{"confidence_level":0.95,"lower_bound":51.20478495080928,"upper_bound":73.25758251136772},"point_estimate":63.82637537617224,"standard_error":5.622445409207414}}