{"Mean":{"confidence_interval":{"confidence_level":0.95,"lower_bound":14268570.829259525,"upper_bound":14302946.78411054},"point_estimate":14285454.628173082,"standard_error":8783.334265802727},"Median":{"confidence_interval":{"confidence_level":0.95,"lower_bound":14231457.050945627,"upper_bound":14309526.253968254},"point_estimate":14259764.94933726,"standard_error":19289.381921650245},"MedianAbsDev":{"confidence_interval":{"confidence_level":0.95,"lower_bound":63437.63751099093,"upper_bound":120678.16508614515},"point_estimate":92076.68995775003,"standard_error":13234.965980354289},"Slope":{"confidence_interval":{"confidence_level":0.95,"lower_bound":14274480.347859724,"upper_bound":14318443.05739395},"point_estimate":14295823.665246048,"standard_error":11235.963423810706},"StdDev":{"confidence_interval":{"confidence_level":0.95,"lower_bound":77356.42638290223,"upper_bound":98089.8787449936},"point_estimate":88556.0484023751,"standard_error":5286.912280231505}}