{"Mean":{"confidence_interval":{"confidence_level":0.95,"lower_bound":4000236.9794768777,"upper_bound":4060376.269853634},"point_estimate":4030074.449511543,"standard_error":15338.687055771035},"Median":{"confidence_interval":{"confidence_level":0.95,"lower_bound":3991548.64,"upper_bound":4030508.8805765269},"point_estimate":4012981.6275391278,"standard_error":9754.656057806273},"MedianAbsDev":{"confidence_interval":{"confidence_level":0.95,"lower_bound":51489.84822145343,"upper_bound":127039.31601773072},"point_estimate":68432.02734829775,"standard_error":17042.72613460981},"Slope":{"confidence_interval":{"confidence_level":0.95,"lower_bound":4038792.0595337015,"upper_bound":4104592.325270171},"point_estimate":4069717.6341244278,"standard_error":16857.66410506292},"StdDev":{"confidence_interval":{"confidence_level":0.95,"lower_bound":127010.3630864398,"upper_bound":177508.69345375236},"point_estimate":153844.72784184104,"standard_error":12855.147536566852}}