{"Mean":{"confidence_interval":{"confidence_level":0.95,"lower_bound":26426098.910818835,"upper_bound":26496466.591846747},"point_estimate":26464918.967685507,"standard_error":18097.68272066292},"Median":{"confidence_interval":{"confidence_level":0.95,"lower_bound":26486997.613636365,"upper_bound":26529712.383838387},"point_estimate":26508552.680614659,"standard_error":10218.898794822677},"MedianAbsDev":{"confidence_interval":{"confidence_level":0.95,"lower_bound":53054.94756069486,"upper_bound":97713.79738687135},"point_estimate":73051.41741128659,"standard_error":10785.68943832959},"Slope":{"confidence_interval":{"confidence_level":0.95,"lower_bound":26522396.389256654,"upper_bound":26542274.21776476},"point_estimate":26532472.784415548,"standard_error":5077.160941117932},"StdDev":{"confidence_interval":{"confidence_level":0.95,"lower_bound":91894.12028163536,"upper_bound":259780.37085263287},"point_estimate":181553.9157549935,"standard_error":43659.97582664419}}