{"Mean":{"confidence_interval":{"confidence_level":0.95,"lower_bound":6239651.685554654,"upper_bound":6252731.905934467},"point_estimate":6246363.591076665,"standard_error":3324.4435238835287},"Median":{"confidence_interval":{"confidence_level":0.95,"lower_bound":6239428.322033898,"upper_bound":6252011.022608696},"point_estimate":6247684.729767827,"standard_error":3078.591317241602},"MedianAbsDev":{"confidence_interval":{"confidence_level":0.95,"lower_bound":17159.163663639803,"upper_bound":27497.84611705138},"point_estimate":21245.299090627545,"standard_error":2621.54850865826},"Slope":{"confidence_interval":{"confidence_level":0.95,"lower_bound":6239313.326861311,"upper_bound":6247888.171708272},"point_estimate":6243597.907604552,"standard_error":2186.8817375180258},"StdDev":{"confidence_interval":{"confidence_level":0.95,"lower_bound":24555.788857919415,"upper_bound":42752.488522725915},"point_estimate":33406.1569698862,"standard_error":4747.933447042759}}