{"Mean":{"confidence_interval":{"confidence_level":0.95,"lower_bound":72188355.47657007,"upper_bound":72812405.70157652},"point_estimate":72494464.3939746,"standard_error":159126.16539843335},"Median":{"confidence_interval":{"confidence_level":0.95,"lower_bound":72029522.01469757,"upper_bound":72572128.625},"point_estimate":72257335.48605252,"standard_error":139764.4144606517},"MedianAbsDev":{"confidence_interval":{"confidence_level":0.95,"lower_bound":908336.4230310031,"upper_bound":1663785.2578306609},"point_estimate":1236677.654837968,"standard_error":193798.41678970314},"Slope":{"confidence_interval":{"confidence_level":0.95,"lower_bound":72128737.72883116,"upper_bound":72555594.43612649},"point_estimate":72342735.56217823,"standard_error":108948.6532236341},"StdDev":{"confidence_interval":{"confidence_level":0.95,"lower_bound":1322061.8462457562,"upper_bound":1851487.1590484982},"point_estimate":1602752.8243624878,"standard_error":134897.44823700857}}