{"Mean":{"confidence_interval":{"confidence_level":0.95,"lower_bound":0.5448713610823259,"upper_bound":0.5636251540692038},"point_estimate":0.5542518260174805,"standard_error":0.004771754225175303},"Median":{"confidence_interval":{"confidence_level":0.95,"lower_bound":0.5380742101903389,"upper_bound":0.5559535046259276},"point_estimate":0.5472193857128767,"standard_error":0.004551412633115613}}