{"Mean":{"confidence_interval":{"confidence_level":0.95,"lower_bound":8.13324924935059,"upper_bound":8.18345178831593},"point_estimate":8.157926178654876,"standard_error":0.01281294531383401},"Median":{"confidence_interval":{"confidence_level":0.95,"lower_bound":8.066161768017724,"upper_bound":8.076483550900388},"point_estimate":8.068678097272742,"standard_error":0.00499177991381259},"MedianAbsDev":{"confidence_interval":{"confidence_level":0.95,"lower_bound":0.007443792784578922,"upper_bound":0.0238170158039129},"point_estimate":0.011849032789181657,"standard_error":0.006382548049843863},"Slope":{"confidence_interval":{"confidence_level":0.95,"lower_bound":8.15540720381537,"upper_bound":8.223896685219444},"point_estimate":8.191041894906152,"standard_error":0.01743947785116092},"StdDev":{"confidence_interval":{"confidence_level":0.95,"lower_bound":0.11674562739878167,"upper_bound":0.13696174773716117},"point_estimate":0.1291003185579735,"standard_error":0.005196045506329219}}