{"Mean":{"confidence_interval":{"confidence_level":0.95,"lower_bound":126.27506598290144,"upper_bound":131.84104863650129},"point_estimate":128.98761990462183,"standard_error":1.4128842918169496},"Median":{"confidence_interval":{"confidence_level":0.95,"lower_bound":122.99288747346073,"upper_bound":123.07868527364944},"point_estimate":123.035535228007,"standard_error":0.023153860236422357},"MedianAbsDev":{"confidence_interval":{"confidence_level":0.95,"lower_bound":0.19218837071386117,"upper_bound":0.4732155411116253},"point_estimate":0.32477031753897525,"standard_error":0.07533274744306873},"Slope":{"confidence_interval":{"confidence_level":0.95,"lower_bound":126.16416260149993,"upper_bound":132.22480639434918},"point_estimate":128.88892765393568,"standard_error":1.5496403132155139},"StdDev":{"confidence_interval":{"confidence_level":0.95,"lower_bound":10.926229311999656,"upper_bound":16.565856084624863},"point_estimate":14.212061435678948,"standard_error":1.4321699205022285}}