{"Mean":{"confidence_interval":{"confidence_level":0.95,"lower_bound":1814596.9588064913,"upper_bound":1816064.1896935113},"point_estimate":1815274.6682249646,"standard_error":375.3922946014482},"Median":{"confidence_interval":{"confidence_level":0.95,"lower_bound":1813715.945945946,"upper_bound":1814240.3333333333},"point_estimate":1813962.0020637899,"standard_error":137.28052996387965},"MedianAbsDev":{"confidence_interval":{"confidence_level":0.95,"lower_bound":815.3796664089719,"upper_bound":1763.3394070027},"point_estimate":1166.1575128214393,"standard_error":228.82674075055383},"Slope":{"confidence_interval":{"confidence_level":0.95,"lower_bound":1813796.2004703873,"upper_bound":1814880.6944554642},"point_estimate":1814292.9037653318,"standard_error":278.4367316775558},"StdDev":{"confidence_interval":{"confidence_level":0.95,"lower_bound":2341.714511374588,"upper_bound":5028.193628243374},"point_estimate":3774.7787617804899,"standard_error":689.7829181150152}}