{"Mean":{"confidence_interval":{"confidence_level":0.95,"lower_bound":51092.33071929086,"upper_bound":51397.2562472829},"point_estimate":51243.65173478352,"standard_error":78.07467638240648},"Median":{"confidence_interval":{"confidence_level":0.95,"lower_bound":50740.61380952381,"upper_bound":51423.20868347339},"point_estimate":51228.94379758173,"standard_error":153.79583361784936},"MedianAbsDev":{"confidence_interval":{"confidence_level":0.95,"lower_bound":681.9774037602881,"upper_bound":1242.1543578627846},"point_estimate":953.3622870394341,"standard_error":156.56492851341143},"Slope":{"confidence_interval":{"confidence_level":0.95,"lower_bound":50874.32963233957,"upper_bound":51293.0514198006},"point_estimate":51067.79128403246,"standard_error":106.67364083929819},"StdDev":{"confidence_interval":{"confidence_level":0.95,"lower_bound":696.8271679570655,"upper_bound":852.1074113393668},"point_estimate":782.3604353004805,"standard_error":39.519542241192429}}