{"Mean":{"confidence_interval":{"confidence_level":0.95,"lower_bound":15143782.487549568,"upper_bound":15175357.119170627},"point_estimate":15159898.797957423,"standard_error":8056.317734303665},"Median":{"confidence_interval":{"confidence_level":0.95,"lower_bound":15143476.7,"upper_bound":15172572.2},"point_estimate":15158556.760465116,"standard_error":7151.075161762182},"MedianAbsDev":{"confidence_interval":{"confidence_level":0.95,"lower_bound":41742.743970278425,"upper_bound":71322.87171539459},"point_estimate":59018.80184639365,"standard_error":7394.330344133572},"Slope":{"confidence_interval":{"confidence_level":0.95,"lower_bound":15143645.728469065,"upper_bound":15170399.758838058},"point_estimate":15157300.398873948,"standard_error":6806.864222525351},"StdDev":{"confidence_interval":{"confidence_level":0.95,"lower_bound":59942.032669142944,"upper_bound":102799.0469342607},"point_estimate":80745.81668348694,"standard_error":11174.381169885111}}