{"Mean":{"confidence_interval":{"confidence_level":0.95,"lower_bound":1811333.7766757075,"upper_bound":1812031.5816366035},"point_estimate":1811655.5841898656,"standard_error":179.25953611834087},"Median":{"confidence_interval":{"confidence_level":0.95,"lower_bound":1811035.1756038648,"upper_bound":1811301.6304347828},"point_estimate":1811176.4917613636,"standard_error":62.15019007105741},"MedianAbsDev":{"confidence_interval":{"confidence_level":0.95,"lower_bound":392.5723961553317,"upper_bound":934.601952819132},"point_estimate":562.5556077786519,"standard_error":127.80457812734933},"Slope":{"confidence_interval":{"confidence_level":0.95,"lower_bound":1810979.5029082816,"upper_bound":1811319.5989255876},"point_estimate":1811142.0122476726,"standard_error":86.96212188990997},"StdDev":{"confidence_interval":{"confidence_level":0.95,"lower_bound":1016.4143196302076,"upper_bound":2435.8245456560205},"point_estimate":1801.3539740945569,"standard_error":359.7265754935241}}