{"Mean":{"confidence_interval":{"confidence_level":0.95,"lower_bound":1910543.964575344,"upper_bound":1994623.2333761487},"point_estimate":1952322.9505928087,"standard_error":21465.696684823954},"Median":{"confidence_interval":{"confidence_level":0.95,"lower_bound":1778941.1833333334,"upper_bound":2069126.1063829787},"point_estimate":1789761.0265384615,"standard_error":66098.62828219548},"MedianAbsDev":{"confidence_interval":{"confidence_level":0.95,"lower_bound":26961.018905879926,"upper_bound":255812.52572937608},"point_estimate":44507.42069654781,"standard_error":47999.576726563086},"Slope":{"confidence_interval":{"confidence_level":0.95,"lower_bound":1916031.2852210785,"upper_bound":2027126.5591222712},"point_estimate":1972144.2893364859,"standard_error":28263.462871909192},"StdDev":{"confidence_interval":{"confidence_level":0.95,"lower_bound":202918.48143172725,"upper_bound":222372.2010876171},"point_estimate":215676.96060722436,"standard_error":4957.940694106798}}