{"Mean":{"confidence_interval":{"confidence_level":0.95,"lower_bound":71050.40934234289,"upper_bound":72385.25060678453},"point_estimate":71700.97275333824,"standard_error":340.4503973000377},"Median":{"confidence_interval":{"confidence_level":0.95,"lower_bound":70310.41634615384,"upper_bound":73805.3765625},"point_estimate":71616.71927083333,"standard_error":714.9711227230737},"MedianAbsDev":{"confidence_interval":{"confidence_level":0.95,"lower_bound":2433.349793467749,"upper_bound":4349.374548206883},"point_estimate":3656.171000203623,"standard_error":397.72596842821897},"Slope":{"confidence_interval":{"confidence_level":0.95,"lower_bound":70989.83391350806,"upper_bound":72729.48393430103},"point_estimate":71859.19141255357,"standard_error":442.7189010107272},"StdDev":{"confidence_interval":{"confidence_level":0.95,"lower_bound":2824.3480123276106,"upper_bound":4128.63767601153},"point_estimate":3415.5066875803629,"standard_error":347.5971321671773}}