{"Mean":{"confidence_interval":{"confidence_level":0.95,"lower_bound":1816663.7947825785,"upper_bound":1817930.1700568358},"point_estimate":1817260.098674905,"standard_error":322.88957943386938},"Median":{"confidence_interval":{"confidence_level":0.95,"lower_bound":1815836.2474226806,"upper_bound":1816520.1112612612},"point_estimate":1816264.2046568627,"standard_error":163.8432420726652},"MedianAbsDev":{"confidence_interval":{"confidence_level":0.95,"lower_bound":869.0316720983891,"upper_bound":1643.626158182178},"point_estimate":1248.4021171695209,"standard_error":210.35522257662894},"Slope":{"confidence_interval":{"confidence_level":0.95,"lower_bound":1815754.2810034599,"upper_bound":1816931.4799336838},"point_estimate":1816284.445763263,"standard_error":301.87372510654338},"StdDev":{"confidence_interval":{"confidence_level":0.95,"lower_bound":2249.7136776661816,"upper_bound":4103.264012800762},"point_estimate":3241.9625493789869,"standard_error":473.6790382519242}}