{"Mean":{"confidence_interval":{"confidence_level":0.95,"lower_bound":5666352.654839581,"upper_bound":5744829.798201054},"point_estimate":5703889.4095546449,"standard_error":20094.352685128226},"Median":{"confidence_interval":{"confidence_level":0.95,"lower_bound":5627056.6095238099,"upper_bound":5701045.577521244},"point_estimate":5648631.902777778,"standard_error":19193.510428169673},"MedianAbsDev":{"confidence_interval":{"confidence_level":0.95,"lower_bound":114719.72286477595,"upper_bound":179447.5362450348},"point_estimate":142046.88101176566,"standard_error":16190.874245053814},"Slope":{"confidence_interval":{"confidence_level":0.95,"lower_bound":5690939.255980677,"upper_bound":5765095.09485819},"point_estimate":5726613.400815723,"standard_error":18914.544834203985},"StdDev":{"confidence_interval":{"confidence_level":0.95,"lower_bound":148549.6606745668,"upper_bound":255348.87944456974},"point_estimate":201150.59260982908,"standard_error":27917.18157306074}}