{"Mean":{"confidence_interval":{"confidence_level":0.95,"lower_bound":19.82045718239889,"upper_bound":20.668381503434256},"point_estimate":20.242067835355959,"standard_error":0.21265616549452327},"Median":{"confidence_interval":{"confidence_level":0.95,"lower_bound":18.436299552332529,"upper_bound":22.372739659657499},"point_estimate":18.469806078284415,"standard_error":0.8456318623439152},"MedianAbsDev":{"confidence_interval":{"confidence_level":0.95,"lower_bound":0.03633939840633095,"upper_bound":0.981226929230454},"point_estimate":0.09597042084566089,"standard_error":0.4322654381637446},"Slope":{"confidence_interval":{"confidence_level":0.95,"lower_bound":19.66812707472796,"upper_bound":20.764872326080697},"point_estimate":20.201396106210465,"standard_error":0.2809919002696329},"StdDev":{"confidence_interval":{"confidence_level":0.95,"lower_bound":2.0205535171464117,"upper_bound":2.1684627318083056},"point_estimate":2.1329554841247075,"standard_error":0.03939782068729164}}