{"Mean":{"confidence_interval":{"confidence_level":0.95,"lower_bound":-0.0012043962148656743,"upper_bound":0.0015347059705994645},"point_estimate":0.0002137510435653578,"standard_error":0.0007039154963780633},"Median":{"confidence_interval":{"confidence_level":0.95,"lower_bound":-0.001929607495484209,"upper_bound":0.001666009218172837},"point_estimate":-0.000393198810403117,"standard_error":0.0009286958671887093}}