{"Mean":{"confidence_interval":{"confidence_level":0.95,"lower_bound":55.27918625778736,"upper_bound":56.909966949340269},"point_estimate":56.07654371003122,"standard_error":0.41644592509714586},"Median":{"confidence_interval":{"confidence_level":0.95,"lower_bound":53.14397305684864,"upper_bound":53.30440941364555},"point_estimate":53.1678060887015,"standard_error":0.1091835878859745},"MedianAbsDev":{"confidence_interval":{"confidence_level":0.95,"lower_bound":0.08965153036103554,"upper_bound":0.338064295421043},"point_estimate":0.14066767660247735,"standard_error":0.12234438768810803},"Slope":{"confidence_interval":{"confidence_level":0.95,"lower_bound":56.19322246423767,"upper_bound":58.58187453252728},"point_estimate":57.44951276470457,"standard_error":0.6104330793204879},"StdDev":{"confidence_interval":{"confidence_level":0.95,"lower_bound":3.784330478404263,"upper_bound":4.434894419772078},"point_estimate":4.194014061368189,"standard_error":0.16757949698917416}}