{"Mean":{"confidence_interval":{"confidence_level":0.95,"lower_bound":2478049.006845116,"upper_bound":2522067.0238034867},"point_estimate":2500106.1767357147,"standard_error":11254.042127863386},"Median":{"confidence_interval":{"confidence_level":0.95,"lower_bound":2379618.4488721808,"upper_bound":2601607.5263157899},"point_estimate":2600033.331232493,"standard_error":77966.42496279709},"MedianAbsDev":{"confidence_interval":{"confidence_level":0.95,"lower_bound":6699.065201520369,"upper_bound":166138.5198738895},"point_estimate":32290.95566263917,"standard_error":47253.80969016338},"Slope":{"confidence_interval":{"confidence_level":0.95,"lower_bound":2447397.823411474,"upper_bound":2503831.328595688},"point_estimate":2475541.0851396487,"standard_error":14458.5795626574},"StdDev":{"confidence_interval":{"confidence_level":0.95,"lower_bound":108426.28234903186,"upper_bound":114816.37795251716},"point_estimate":112786.45020945664,"standard_error":1620.4000528403249}}