{"Mean":{"confidence_interval":{"confidence_level":0.95,"lower_bound":149493.86146736137,"upper_bound":149662.99777800547},"point_estimate":149572.69513361396,"standard_error":43.33937476897941},"Median":{"confidence_interval":{"confidence_level":0.95,"lower_bound":149384.11904761906,"upper_bound":149447.4502164502},"point_estimate":149406.73355002379,"standard_error":15.212864515099702},"MedianAbsDev":{"confidence_interval":{"confidence_level":0.95,"lower_bound":85.01057788690412,"upper_bound":173.32880943562774},"point_estimate":117.81717129480069,"standard_error":20.639724840558338},"Slope":{"confidence_interval":{"confidence_level":0.95,"lower_bound":149353.44516348365,"upper_bound":149382.49940957706},"point_estimate":149366.78724988918,"standard_error":7.394023456829396},"StdDev":{"confidence_interval":{"confidence_level":0.95,"lower_bound":286.2313422994442,"upper_bound":567.4813862719094},"point_estimate":435.03534024623,"standard_error":72.1651118190328}}