{"Mean":{"confidence_interval":{"confidence_level":0.95,"lower_bound":1610420.2951033195,"upper_bound":1631099.6845896452},"point_estimate":1619826.770710593,"standard_error":5299.919783949541},"Median":{"confidence_interval":{"confidence_level":0.95,"lower_bound":1598937.5675675676,"upper_bound":1602381.142857143},"point_estimate":1600001.037202381,"standard_error":904.9679413030797},"MedianAbsDev":{"confidence_interval":{"confidence_level":0.95,"lower_bound":3519.921133805183,"upper_bound":7865.76678843282},"point_estimate":4308.029018304673,"standard_error":1085.8971590391937},"Slope":{"confidence_interval":{"confidence_level":0.95,"lower_bound":1607457.7875439644,"upper_bound":1632104.4786914564},"point_estimate":1618674.4981646224,"standard_error":6324.107432597673},"StdDev":{"confidence_interval":{"confidence_level":0.95,"lower_bound":29948.59502304916,"upper_bound":73350.29867514389},"point_estimate":53079.299756055894,"standard_error":11187.322618153134}}