{"Mean":{"confidence_interval":{"confidence_level":0.95,"lower_bound":8238507.913074574,"upper_bound":8248754.077565429},"point_estimate":8243046.488236334,"standard_error":2628.7999764351236},"Median":{"confidence_interval":{"confidence_level":0.95,"lower_bound":8235214.307692308,"upper_bound":8241513.4363636369},"point_estimate":8237964.156926407,"standard_error":1568.986449245014},"MedianAbsDev":{"confidence_interval":{"confidence_level":0.95,"lower_bound":8365.3286232245,"upper_bound":13022.244683698134},"point_estimate":10907.843022180998,"standard_error":1208.0356668039809},"Slope":{"confidence_interval":{"confidence_level":0.95,"lower_bound":8231212.382242944,"upper_bound":8235512.46626583},"point_estimate":8233287.417277967,"standard_error":1095.5309370072978},"StdDev":{"confidence_interval":{"confidence_level":0.95,"lower_bound":11843.215994639357,"upper_bound":38826.70147143684},"point_estimate":26502.31523588377,"standard_error":7090.5613169922139}}