{"Mean":{"confidence_interval":{"confidence_level":0.95,"lower_bound":443112.16173709146,"upper_bound":452349.23235299749},"point_estimate":447419.6339257428,"standard_error":2364.3160581604777},"Median":{"confidence_interval":{"confidence_level":0.95,"lower_bound":438833.781401468,"upper_bound":441174.2169642857},"point_estimate":440118.5842592593,"standard_error":599.9394834316415},"MedianAbsDev":{"confidence_interval":{"confidence_level":0.95,"lower_bound":3537.355161053378,"upper_bound":5969.872132098364},"point_estimate":4917.670956582733,"standard_error":643.0391336003663},"Slope":{"confidence_interval":{"confidence_level":0.95,"lower_bound":447398.45065994237,"upper_bound":467505.94881879098},"point_estimate":457283.5003989951,"standard_error":5137.296442563294},"StdDev":{"confidence_interval":{"confidence_level":0.95,"lower_bound":16234.1579479171,"upper_bound":29426.21389658866},"point_estimate":23753.65817784268,"standard_error":3377.329734369903}}