{"Mean":{"confidence_interval":{"confidence_level":0.95,"lower_bound":297695383.9283543,"upper_bound":298439701.7710802},"point_estimate":298064409.2347496,"standard_error":189561.38856759223},"Median":{"confidence_interval":{"confidence_level":0.95,"lower_bound":297584915.9394541,"upper_bound":298830695.9125},"point_estimate":298569813.6202227,"standard_error":344063.44574287367},"MedianAbsDev":{"confidence_interval":{"confidence_level":0.95,"lower_bound":1456986.4044457703,"upper_bound":2610852.012745293},"point_estimate":2116740.4600611606,"standard_error":288427.31169734816},"Slope":{"confidence_interval":{"confidence_level":0.95,"lower_bound":296511086.77999356,"upper_bound":297202465.32071438},"point_estimate":296835400.86085417,"standard_error":176857.24332847558},"StdDev":{"confidence_interval":{"confidence_level":0.95,"lower_bound":1685636.1058293437,"upper_bound":2087556.8769400856},"point_estimate":1897588.7555788735,"standard_error":102736.98071167391}}