{"Mean":{"confidence_interval":{"confidence_level":0.95,"lower_bound":2727.5900618284847,"upper_bound":2786.4756457045698},"point_estimate":2756.0509693293927,"standard_error":15.05930697353823},"Median":{"confidence_interval":{"confidence_level":0.95,"lower_bound":2664.8239247311828,"upper_bound":2701.8353494623659},"point_estimate":2682.5542769119249,"standard_error":11.125605132282493},"MedianAbsDev":{"confidence_interval":{"confidence_level":0.95,"lower_bound":44.05265258419411,"upper_bound":97.8776428549335},"point_estimate":69.68325585371635,"standard_error":15.812390553144818},"Slope":{"confidence_interval":{"confidence_level":0.95,"lower_bound":2728.2851969778787,"upper_bound":2822.667725708709},"point_estimate":2773.2797402320877,"standard_error":24.13520458019729},"StdDev":{"confidence_interval":{"confidence_level":0.95,"lower_bound":125.2496661184182,"upper_bound":172.6802246189022},"point_estimate":151.29782782519079,"standard_error":12.11001756318577}}