{"Mean":{"confidence_interval":{"confidence_level":0.95,"lower_bound":2019868.1190696685,"upper_bound":2062776.9955743256},"point_estimate":2041108.7966503099,"standard_error":10936.864184746844},"Median":{"confidence_interval":{"confidence_level":0.95,"lower_bound":1953938.2073170732,"upper_bound":2022669.9387755104},"point_estimate":1971195.4305555556,"standard_error":20275.851941662353},"MedianAbsDev":{"confidence_interval":{"confidence_level":0.95,"lower_bound":20304.637557813134,"upper_bound":121192.73659902919},"point_estimate":45050.505155585844,"standard_error":22979.211125998052},"Slope":{"confidence_interval":{"confidence_level":0.95,"lower_bound":2020353.0639868456,"upper_bound":2077804.7082165778},"point_estimate":2048828.9307580908,"standard_error":14710.119020075685},"StdDev":{"confidence_interval":{"confidence_level":0.95,"lower_bound":101958.09347466337,"upper_bound":115159.28801647041},"point_estimate":110095.51093419997,"standard_error":3360.881809258409}}