{"Mean":{"confidence_interval":{"confidence_level":0.95,"lower_bound":3308221.0732248637,"upper_bound":3382473.885982824},"point_estimate":3344241.3844092695,"standard_error":18934.5777664642},"Median":{"confidence_interval":{"confidence_level":0.95,"lower_bound":3236919.612993421,"upper_bound":3398205.222222222},"point_estimate":3371688.1613275615,"standard_error":52622.1765413021},"MedianAbsDev":{"confidence_interval":{"confidence_level":0.95,"lower_bound":134103.4128385306,"upper_bound":279871.07339246096},"point_estimate":210200.42871266046,"standard_error":37101.38308517682},"Slope":{"confidence_interval":{"confidence_level":0.95,"lower_bound":3290637.7061288419,"upper_bound":3396465.6845457928},"point_estimate":3341183.859574405,"standard_error":27048.736255114716},"StdDev":{"confidence_interval":{"confidence_level":0.95,"lower_bound":150929.8338327816,"upper_bound":236697.14627215474},"point_estimate":191308.56520846889,"standard_error":22666.048564230725}}