{"Mean":{"confidence_interval":{"confidence_level":0.95,"lower_bound":250065.86560746304,"upper_bound":251580.60680981965},"point_estimate":250740.70264922858,"standard_error":389.48031305010087},"Median":{"confidence_interval":{"confidence_level":0.95,"lower_bound":249545.72282608695,"upper_bound":249813.47591463413},"point_estimate":249611.6672008547,"standard_error":75.8955674737127},"MedianAbsDev":{"confidence_interval":{"confidence_level":0.95,"lower_bound":383.0519261540066,"upper_bound":776.1658097526197},"point_estimate":498.3841269038251,"standard_error":103.97406286951206},"Slope":{"confidence_interval":{"confidence_level":0.95,"lower_bound":249605.56002948574,"upper_bound":250164.96439624448},"point_estimate":249856.83801684646,"standard_error":143.8878262516092},"StdDev":{"confidence_interval":{"confidence_level":0.95,"lower_bound":1968.6389197556308,"upper_bound":5530.0158906711},"point_estimate":3916.160401836686,"standard_error":933.4966407640858}}