{"Mean":{"confidence_interval":{"confidence_level":0.95,"lower_bound":14580737.179674168,"upper_bound":14609819.26678269},"point_estimate":14594691.274551092,"standard_error":7410.922147671852},"Median":{"confidence_interval":{"confidence_level":0.95,"lower_bound":14565140.7,"upper_bound":14593520.28},"point_estimate":14581210.907738096,"standard_error":7032.516239933915},"MedianAbsDev":{"confidence_interval":{"confidence_level":0.95,"lower_bound":42793.98397338913,"upper_bound":79155.87848932726},"point_estimate":52385.59187839353,"standard_error":10150.691301246598},"Slope":{"confidence_interval":{"confidence_level":0.95,"lower_bound":14576505.0655924,"upper_bound":14614590.524232736},"point_estimate":14593841.240662037,"standard_error":9752.465368628378},"StdDev":{"confidence_interval":{"confidence_level":0.95,"lower_bound":55710.328128354035,"upper_bound":91129.83728757383},"point_estimate":74430.79786685693,"standard_error":9075.369292541372}}