{"Mean":{"confidence_interval":{"confidence_level":0.95,"lower_bound":15294502.048569005,"upper_bound":15391564.820018776},"point_estimate":15341325.731196369,"standard_error":24758.52926556188},"Median":{"confidence_interval":{"confidence_level":0.95,"lower_bound":15181956.920588237,"upper_bound":15319534.454185522},"point_estimate":15246320.784210526,"standard_error":33777.36161566638},"MedianAbsDev":{"confidence_interval":{"confidence_level":0.95,"lower_bound":86300.64680172909,"upper_bound":261943.19310184429},"point_estimate":168911.61652730083,"standard_error":42243.00923601826},"Slope":{"confidence_interval":{"confidence_level":0.95,"lower_bound":15235799.24627114,"upper_bound":15329966.713461595},"point_estimate":15279850.81780405,"standard_error":24117.474597387743},"StdDev":{"confidence_interval":{"confidence_level":0.95,"lower_bound":204548.07964113906,"upper_bound":286211.589477796},"point_estimate":248410.35937015899,"standard_error":20852.82515040117}}