{"Mean":{"confidence_interval":{"confidence_level":0.95,"lower_bound":312262.29068015018,"upper_bound":314092.8551004757},"point_estimate":313159.70583186097,"standard_error":467.2935148787057},"Median":{"confidence_interval":{"confidence_level":0.95,"lower_bound":309756.3229166667,"upper_bound":314238.76923076927},"point_estimate":310418.0510162602,"standard_error":981.3666872409282},"MedianAbsDev":{"confidence_interval":{"confidence_level":0.95,"lower_bound":1424.2898682399978,"upper_bound":6245.204293419754},"point_estimate":2505.7738254132775,"standard_error":1133.113760028825},"Slope":{"confidence_interval":{"confidence_level":0.95,"lower_bound":311642.58306340247,"upper_bound":313828.8148804186},"point_estimate":312727.6702194473,"standard_error":558.4702330146062},"StdDev":{"confidence_interval":{"confidence_level":0.95,"lower_bound":4059.3090656511137,"upper_bound":5381.296771906355},"point_estimate":4685.308032947149,"standard_error":346.41485502224267}}