{"Mean":{"confidence_interval":{"confidence_level":0.95,"lower_bound":286.2130781095289,"upper_bound":303.25124890362738},"point_estimate":293.9772938343495,"standard_error":4.3707144194591749},"Median":{"confidence_interval":{"confidence_level":0.95,"lower_bound":274.6651991945355,"upper_bound":274.80800839307576},"point_estimate":274.69645970104969,"standard_error":0.039702739740985187},"MedianAbsDev":{"confidence_interval":{"confidence_level":0.95,"lower_bound":0.14788378101492606,"upper_bound":0.38267727840878659},"point_estimate":0.2127873032122471,"standard_error":0.06187755132361558},"Slope":{"confidence_interval":{"confidence_level":0.95,"lower_bound":293.9555416015382,"upper_bound":314.5978604566647},"point_estimate":304.19157386293446,"standard_error":5.2761525914506299},"StdDev":{"confidence_interval":{"confidence_level":0.95,"lower_bound":28.17140952661938,"upper_bound":60.89169474236759},"point_estimate":43.91628832318672,"standard_error":9.446325032971658}}