{"Mean":{"confidence_interval":{"confidence_level":0.95,"lower_bound":3486197.2462039256,"upper_bound":3495290.758387723},"point_estimate":3490111.3067144437,"standard_error":2340.32185539371},"Median":{"confidence_interval":{"confidence_level":0.95,"lower_bound":3482329.2678571429,"upper_bound":3483504.4958333338},"point_estimate":3482676.13546798,"standard_error":284.15763975572716},"MedianAbsDev":{"confidence_interval":{"confidence_level":0.95,"lower_bound":1293.9664561271357,"upper_bound":2791.196935168699},"point_estimate":1808.0231151382134,"standard_error":376.34733278754967},"Slope":{"confidence_interval":{"confidence_level":0.95,"lower_bound":3485818.1550856076,"upper_bound":3493807.091400212},"point_estimate":3489557.7612767845,"standard_error":2040.382822825836},"StdDev":{"confidence_interval":{"confidence_level":0.95,"lower_bound":10656.052930226679,"upper_bound":36071.99784949412},"point_estimate":23588.095172932648,"standard_error":7502.454559559233}}