{"Mean":{"confidence_interval":{"confidence_level":0.95,"lower_bound":522189.9123099429,"upper_bound":524360.5144211496},"point_estimate":523301.71767823447,"standard_error":551.5450074417892},"Median":{"confidence_interval":{"confidence_level":0.95,"lower_bound":525798.2282608695,"upper_bound":526655.5103723405},"point_estimate":526406.227997449,"standard_error":201.4648151279794},"MedianAbsDev":{"confidence_interval":{"confidence_level":0.95,"lower_bound":1063.966051155621,"upper_bound":2596.9878200306559},"point_estimate":1496.8873690492606,"standard_error":385.4159318005008},"Slope":{"confidence_interval":{"confidence_level":0.95,"lower_bound":520785.0058948678,"upper_bound":523782.961560012},"point_estimate":522323.93168464608,"standard_error":762.4599206370323},"StdDev":{"confidence_interval":{"confidence_level":0.95,"lower_bound":4880.918166780967,"upper_bound":5983.57702635066},"point_estimate":5535.625020826016,"standard_error":282.5366868732887}}