{"Mean":{"confidence_interval":{"confidence_level":0.95,"lower_bound":37944.99724641343,"upper_bound":38022.4659267323},"point_estimate":37980.37626816617,"standard_error":19.798043094130187},"Median":{"confidence_interval":{"confidence_level":0.95,"lower_bound":37909.55335267569,"upper_bound":37930.18456790123},"point_estimate":37920.63820222925,"standard_error":5.07062584095038},"MedianAbsDev":{"confidence_interval":{"confidence_level":0.95,"lower_bound":40.04737679945187,"upper_bound":80.70573216779789},"point_estimate":61.72636412814785,"standard_error":10.142149462780136},"Slope":{"confidence_interval":{"confidence_level":0.95,"lower_bound":37888.42819704258,"upper_bound":37932.21778164649},"point_estimate":37907.31794602346,"standard_error":11.258155394341748},"StdDev":{"confidence_interval":{"confidence_level":0.95,"lower_bound":115.03801869925722,"upper_bound":268.9420348965635},"point_estimate":198.56127800204173,"standard_error":39.259347220044379}}