{"Mean":{"confidence_interval":{"confidence_level":0.95,"lower_bound":346.1189951080101,"upper_bound":348.3453245103454},"point_estimate":346.8994518612967,"standard_error":0.6838511427761644},"Median":{"confidence_interval":{"confidence_level":0.95,"lower_bound":345.96300956997268,"upper_bound":346.30842447593008},"point_estimate":346.18637455586659,"standard_error":0.08694950489637693},"MedianAbsDev":{"confidence_interval":{"confidence_level":0.95,"lower_bound":0.4053112474328421,"upper_bound":0.7232866196950827},"point_estimate":0.5066427061079104,"standard_error":0.08173421227115258},"Slope":{"confidence_interval":{"confidence_level":0.95,"lower_bound":345.84580874691957,"upper_bound":352.4231487283238},"point_estimate":347.94286758556657,"standard_error":1.9706559957534494},"StdDev":{"confidence_interval":{"confidence_level":0.95,"lower_bound":0.5352349624770202,"upper_bound":11.729950767942697},"point_estimate":6.857451826184831,"standard_error":4.010907713126637}}