{"Mean":{"confidence_interval":{"confidence_level":0.95,"lower_bound":46880247.37732556,"upper_bound":47261118.894647087},"point_estimate":47069846.590048957,"standard_error":97159.81445975839},"Median":{"confidence_interval":{"confidence_level":0.95,"lower_bound":46886719.97894737,"upper_bound":47255330.571428578},"point_estimate":47023027.12142857,"standard_error":92535.07737555758},"MedianAbsDev":{"confidence_interval":{"confidence_level":0.95,"lower_bound":692763.5401297521,"upper_bound":1140177.9009864678},"point_estimate":897904.5049001386,"standard_error":111545.57773206519},"Slope":{"confidence_interval":{"confidence_level":0.95,"lower_bound":46942344.495082098,"upper_bound":47432927.968659},"point_estimate":47180112.186230238,"standard_error":125483.12797915102},"StdDev":{"confidence_interval":{"confidence_level":0.95,"lower_bound":803291.6655323714,"upper_bound":1154272.362463821},"point_estimate":978288.066619167,"standard_error":89941.269078086}}