{"Mean":{"confidence_interval":{"confidence_level":0.95,"lower_bound":0.8506870206329295,"upper_bound":0.9123717260051251},"point_estimate":0.8806415887256374,"standard_error":0.015812703494546118},"Median":{"confidence_interval":{"confidence_level":0.95,"lower_bound":0.841115658028303,"upper_bound":0.8647619975814762},"point_estimate":0.8447960277612534,"standard_error":0.01058410381591379}}