{"Mean":{"confidence_interval":{"confidence_level":0.95,"lower_bound":12059.314556819816,"upper_bound":12504.396343463273},"point_estimate":12268.749014784455,"standard_error":115.51633681310499},"Median":{"confidence_interval":{"confidence_level":0.95,"lower_bound":11702.688345864663,"upper_bound":11711.32045558608},"point_estimate":11705.46405279503,"standard_error":2.2044290175638525},"MedianAbsDev":{"confidence_interval":{"confidence_level":0.95,"lower_bound":7.130970290910123,"upper_bound":18.298425000956667},"point_estimate":10.455916941936654,"standard_error":2.829939778218247},"Slope":{"confidence_interval":{"confidence_level":0.95,"lower_bound":12308.427242476884,"upper_bound":13029.55465930447},"point_estimate":12660.854124356998,"standard_error":184.17076410147744},"StdDev":{"confidence_interval":{"confidence_level":0.95,"lower_bound":951.3375661594164,"upper_bound":1312.293880228299},"point_estimate":1158.457461425544,"standard_error":93.61142321437119}}