{"Mean":{"confidence_interval":{"confidence_level":0.95,"lower_bound":80678017.15215369,"upper_bound":81623178.01160151},"point_estimate":81151711.7683502,"standard_error":240371.8483348506},"Median":{"confidence_interval":{"confidence_level":0.95,"lower_bound":80758709.04047619,"upper_bound":81574400.04444444},"point_estimate":81252223.68627452,"standard_error":221967.32145064669},"MedianAbsDev":{"confidence_interval":{"confidence_level":0.95,"lower_bound":1292804.1004063939,"upper_bound":1966695.4294549567},"point_estimate":1664006.2832169848,"standard_error":173500.93943782443},"Slope":{"confidence_interval":{"confidence_level":0.95,"lower_bound":80759263.19916922,"upper_bound":81304078.20276614},"point_estimate":81036212.2213152,"standard_error":138810.2068647355},"StdDev":{"confidence_interval":{"confidence_level":0.95,"lower_bound":1814092.1514595489,"upper_bound":2970472.8246712356},"point_estimate":2416517.7985950836,"standard_error":295375.5351425733}}