{"Mean":{"confidence_interval":{"confidence_level":0.95,"lower_bound":1591785.5551335202,"upper_bound":1631882.162642402},"point_estimate":1611275.039134517,"standard_error":10232.747449051512},"Median":{"confidence_interval":{"confidence_level":0.95,"lower_bound":1531426.673076923,"upper_bound":1647841.4},"point_estimate":1536712.9074212895,"standard_error":34916.15292830621},"MedianAbsDev":{"confidence_interval":{"confidence_level":0.95,"lower_bound":7287.438205351273,"upper_bound":168100.1112551619},"point_estimate":20142.889994219924,"standard_error":47633.185248407135},"Slope":{"confidence_interval":{"confidence_level":0.95,"lower_bound":1539310.4178774078,"upper_bound":1556075.8280974548},"point_estimate":1546521.3125639132,"standard_error":4310.245952493165},"StdDev":{"confidence_interval":{"confidence_level":0.95,"lower_bound":86904.17051958409,"upper_bound":117455.94027729158},"point_estimate":102743.78064618587,"standard_error":7783.05922611965}}