{"Mean":{"confidence_interval":{"confidence_level":0.95,"lower_bound":419313.5814831137,"upper_bound":420033.98038696128},"point_estimate":419640.07917667875,"standard_error":184.22321363148485},"Median":{"confidence_interval":{"confidence_level":0.95,"lower_bound":418939.63333333338,"upper_bound":419561.2478718638},"point_estimate":419244.52797619046,"standard_error":140.62496929681456},"MedianAbsDev":{"confidence_interval":{"confidence_level":0.95,"lower_bound":670.715524255679,"upper_bound":1117.6847593238054},"point_estimate":798.3245965486751,"standard_error":108.1426402710214},"Slope":{"confidence_interval":{"confidence_level":0.95,"lower_bound":418799.97022948667,"upper_bound":419194.43139249077},"point_estimate":418992.18271907788,"standard_error":100.45963746196816},"StdDev":{"confidence_interval":{"confidence_level":0.95,"lower_bound":1036.7220058694109,"upper_bound":2637.060559877644},"point_estimate":1841.524413041597,"standard_error":434.24676245574269}}