{"Mean":{"confidence_interval":{"confidence_level":0.95,"lower_bound":389.17874709253246,"upper_bound":411.8881757925204},"point_estimate":400.3244160500779,"standard_error":5.797685350728645},"Median":{"confidence_interval":{"confidence_level":0.95,"lower_bound":360.74873582264379,"upper_bound":360.9718003275377},"point_estimate":360.8241448173042,"standard_error":0.5671431012691615},"MedianAbsDev":{"confidence_interval":{"confidence_level":0.95,"lower_bound":0.18141907961551288,"upper_bound":0.5241550424951932},"point_estimate":0.29201464473813917,"standard_error":0.6068060981256981},"Slope":{"confidence_interval":{"confidence_level":0.95,"lower_bound":390.8326841569044,"upper_bound":422.98880328064726},"point_estimate":406.9334904378417,"standard_error":8.21592681056448},"StdDev":{"confidence_interval":{"confidence_level":0.95,"lower_bound":52.360443529933778,"upper_bound":61.9573558345304},"point_estimate":58.35014095523593,"standard_error":2.4812377992663787}}