{"Mean":{"confidence_interval":{"confidence_level":0.95,"lower_bound":366.3028772998663,"upper_bound":384.366290717958},"point_estimate":374.83908299621677,"standard_error":4.682745740182613},"Median":{"confidence_interval":{"confidence_level":0.95,"lower_bound":352.37108727731387,"upper_bound":352.52221971576815},"point_estimate":352.42393950135888,"standard_error":0.03537113122618815},"MedianAbsDev":{"confidence_interval":{"confidence_level":0.95,"lower_bound":0.15180164370724609,"upper_bound":0.3696273440724289},"point_estimate":0.2561695965135983,"standard_error":0.05604926511763108},"Slope":{"confidence_interval":{"confidence_level":0.95,"lower_bound":389.2445200308408,"upper_bound":420.80856028684999},"point_estimate":405.86622084875378,"standard_error":8.087975918814009},"StdDev":{"confidence_interval":{"confidence_level":0.95,"lower_bound":38.90821338945258,"upper_bound":53.23018537001388},"point_estimate":47.03221215490785,"standard_error":3.784140953205884}}