{"Mean":{"confidence_interval":{"confidence_level":0.95,"lower_bound":364.0063335908454,"upper_bound":368.55448406111568},"point_estimate":365.6140698224866,"standard_error":1.3132812216009864},"Median":{"confidence_interval":{"confidence_level":0.95,"lower_bound":363.6970271789313,"upper_bound":363.90074063138209},"point_estimate":363.81001567929487,"standard_error":0.05690692022579929},"MedianAbsDev":{"confidence_interval":{"confidence_level":0.95,"lower_bound":0.2098696647150123,"upper_bound":0.4720349669483032},"point_estimate":0.33284777468517398,"standard_error":0.07443508249163518},"Slope":{"confidence_interval":{"confidence_level":0.95,"lower_bound":363.68109460032658,"upper_bound":376.78988560513559},"point_estimate":368.2819165946104,"standard_error":3.7439241876003095},"StdDev":{"confidence_interval":{"confidence_level":0.95,"lower_bound":0.5999195184552578,"upper_bound":22.296267215403199},"point_estimate":13.118600722477922,"standard_error":7.196271680283922}}