{"Mean":{"confidence_interval":{"confidence_level":0.95,"lower_bound":78109967.19901724,"upper_bound":78308646.6525541},"point_estimate":78208598.49731551,"standard_error":50484.07287924095},"Median":{"confidence_interval":{"confidence_level":0.95,"lower_bound":78055826.47089359,"upper_bound":78316863.82608696},"point_estimate":78210203.69309262,"standard_error":64081.02239791377},"MedianAbsDev":{"confidence_interval":{"confidence_level":0.95,"lower_bound":399970.3872074548,"upper_bound":650106.4062095605},"point_estimate":546839.6451031643,"standard_error":63188.62831455643},"Slope":{"confidence_interval":{"confidence_level":0.95,"lower_bound":77975078.0954813,"upper_bound":78222492.3037586},"point_estimate":78096037.23054825,"standard_error":63299.81828061961},"StdDev":{"confidence_interval":{"confidence_level":0.95,"lower_bound":440856.96654200818,"upper_bound":564721.4197214939},"point_estimate":506764.4762208109,"standard_error":31654.351159683152}}