{"Mean":{"confidence_interval":{"confidence_level":0.95,"lower_bound":-0.004998218260190004,"upper_bound":0.002485628501344327},"point_estimate":-0.0005402370746825369,"standard_error":0.001960432765438108},"Median":{"confidence_interval":{"confidence_level":0.95,"lower_bound":0.002208837959428056,"upper_bound":0.002762668411763869},"point_estimate":0.0024824840103390146,"standard_error":0.00014465473181641568}}