{"Mean":{"confidence_interval":{"confidence_level":0.95,"lower_bound":15585914.680811132,"upper_bound":15598162.327022188},"point_estimate":15592015.012265042,"standard_error":3124.574120669648},"Median":{"confidence_interval":{"confidence_level":0.95,"lower_bound":15589300.568965517,"upper_bound":15598014.36},"point_estimate":15593199.369586297,"standard_error":2151.086742384673},"MedianAbsDev":{"confidence_interval":{"confidence_level":0.95,"lower_bound":14555.637570971876,"upper_bound":29567.97061190532},"point_estimate":21096.91900541405,"standard_error":3749.114205237656},"Slope":{"confidence_interval":{"confidence_level":0.95,"lower_bound":15585918.76416028,"upper_bound":15593958.679838965},"point_estimate":15590015.162899364,"standard_error":2046.7990465486037},"StdDev":{"confidence_interval":{"confidence_level":0.95,"lower_bound":24200.039996870088,"upper_bound":38467.34284514488},"point_estimate":31396.031009188886,"standard_error":3654.809483384074}}