{"Mean":{"confidence_interval":{"confidence_level":0.95,"lower_bound":360836.9569321902,"upper_bound":362297.2348333464},"point_estimate":361499.69130138595,"standard_error":375.253854005252},"Median":{"confidence_interval":{"confidence_level":0.95,"lower_bound":360500.32361111117,"upper_bound":361030.7291666667},"point_estimate":360746.87270847309,"standard_error":138.76604545121135},"MedianAbsDev":{"confidence_interval":{"confidence_level":0.95,"lower_bound":849.7772281079488,"upper_bound":1528.2964981716305},"point_estimate":1217.2480681331054,"standard_error":164.15562826418376},"Slope":{"confidence_interval":{"confidence_level":0.95,"lower_bound":360762.2104380308,"upper_bound":363385.9874148136},"point_estimate":361969.4278400079,"standard_error":672.4977182050427},"StdDev":{"confidence_interval":{"confidence_level":0.95,"lower_bound":2022.4545981055165,"upper_bound":5044.958920021975},"point_estimate":3769.2041329654305,"standard_error":733.0988349602001}}