{"Mean":{"confidence_interval":{"confidence_level":0.95,"lower_bound":352.35963162032177,"upper_bound":352.5937144245394},"point_estimate":352.47018818039927,"standard_error":0.059541469496947},"Median":{"confidence_interval":{"confidence_level":0.95,"lower_bound":352.17245205965909,"upper_bound":352.28170955882356},"point_estimate":352.2372216297665,"standard_error":0.031762931707764559},"MedianAbsDev":{"confidence_interval":{"confidence_level":0.95,"lower_bound":0.14052602692932313,"upper_bound":0.29778200145432229},"point_estimate":0.23455986063842319,"standard_error":0.04339751460469518},"Slope":{"confidence_interval":{"confidence_level":0.95,"lower_bound":352.11774132998587,"upper_bound":352.1779362082537},"point_estimate":352.1450924628377,"standard_error":0.01534575784484285},"StdDev":{"confidence_interval":{"confidence_level":0.95,"lower_bound":0.43573480558885238,"upper_bound":0.739671203775305},"point_estimate":0.5997659881432222,"standard_error":0.07743423848619526}}