{"Mean":{"confidence_interval":{"confidence_level":0.95,"lower_bound":15.550232550488412,"upper_bound":16.225219667831636},"point_estimate":15.872155197413893,"standard_error":0.17339737496011063},"Median":{"confidence_interval":{"confidence_level":0.95,"lower_bound":14.95501608683793,"upper_bound":14.964862041515979},"point_estimate":14.957553274176729,"standard_error":0.002623110301231341},"MedianAbsDev":{"confidence_interval":{"confidence_level":0.95,"lower_bound":0.009380862420844556,"upper_bound":0.023637583622777078},"point_estimate":0.013256183897669728,"standard_error":0.00384644268572752},"Slope":{"confidence_interval":{"confidence_level":0.95,"lower_bound":15.85562474981737,"upper_bound":16.850569641433876},"point_estimate":16.3338057270806,"standard_error":0.2550849249703331},"StdDev":{"confidence_interval":{"confidence_level":0.95,"lower_bound":1.4512152294039447,"upper_bound":1.936583817648592},"point_estimate":1.734855484491392,"standard_error":0.12458033340682541}}