{"Mean":{"confidence_interval":{"confidence_level":0.95,"lower_bound":69895.7232903939,"upper_bound":69971.54462844548},"point_estimate":69930.7671135895,"standard_error":19.38824686838969},"Median":{"confidence_interval":{"confidence_level":0.95,"lower_bound":69852.4547008547,"upper_bound":69890.50735735736},"point_estimate":69871.40393772893,"standard_error":9.468419269660555},"MedianAbsDev":{"confidence_interval":{"confidence_level":0.95,"lower_bound":43.28124417734418,"upper_bound":82.39234291405478},"point_estimate":59.49457368736063,"standard_error":9.636595795682686},"Slope":{"confidence_interval":{"confidence_level":0.95,"lower_bound":69827.3047447958,"upper_bound":69850.5546762455},"point_estimate":69839.15485187921,"standard_error":5.920596092875935},"StdDev":{"confidence_interval":{"confidence_level":0.95,"lower_bound":122.21438276799813,"upper_bound":259.07186912295028},"point_estimate":194.45642493172898,"standard_error":35.31053949215136}}