{"Mean":{"confidence_interval":{"confidence_level":0.95,"lower_bound":7648815.219639805,"upper_bound":7774620.005137248},"point_estimate":7710228.869573189,"standard_error":32118.05599203997},"Median":{"confidence_interval":{"confidence_level":0.95,"lower_bound":7474612.738636363,"upper_bound":7744358.074374577},"point_estimate":7502790.857142857,"standard_error":86283.48776427585},"MedianAbsDev":{"confidence_interval":{"confidence_level":0.95,"lower_bound":101883.6905311869,"upper_bound":400552.386084552},"point_estimate":149962.92879025764,"standard_error":101565.19173002064},"Slope":{"confidence_interval":{"confidence_level":0.95,"lower_bound":7676239.651119316,"upper_bound":7867383.806708427},"point_estimate":7769273.109803458,"standard_error":48576.37803790491},"StdDev":{"confidence_interval":{"confidence_level":0.95,"lower_bound":275767.6834910814,"upper_bound":363980.60350630639},"point_estimate":322987.024713839,"standard_error":22472.364075564037}}