{"Mean":{"confidence_interval":{"confidence_level":0.95,"lower_bound":4195392.992895258,"upper_bound":4205375.0564786479},"point_estimate":4199950.222044767,"standard_error":2552.8239630531895},"Median":{"confidence_interval":{"confidence_level":0.95,"lower_bound":4189850.349936749,"upper_bound":4194738.580632716},"point_estimate":4192028.825,"standard_error":1477.9057144724189},"MedianAbsDev":{"confidence_interval":{"confidence_level":0.95,"lower_bound":7007.613543347783,"upper_bound":12821.192110560329},"point_estimate":10010.76845817085,"standard_error":1488.5249742049219},"Slope":{"confidence_interval":{"confidence_level":0.95,"lower_bound":4188090.6588352315,"upper_bound":4191870.9764442879},"point_estimate":4189819.363975174,"standard_error":970.4702817635572},"StdDev":{"confidence_interval":{"confidence_level":0.95,"lower_bound":14690.888856798576,"upper_bound":35547.19332402759},"point_estimate":25632.07523711654,"standard_error":5427.348409891359}}