{"Mean":{"confidence_interval":{"confidence_level":0.95,"lower_bound":-0.002646515613538594,"upper_bound":-0.0014729763258372858},"point_estimate":-0.0020653720080519024,"standard_error":0.00029865014411382783},"Median":{"confidence_interval":{"confidence_level":0.95,"lower_bound":-0.0023573300088011175,"upper_bound":-0.0015232368635280658},"point_estimate":-0.0018847003267630225,"standard_error":0.00020691637783506225}}