{"Mean":{"confidence_interval":{"confidence_level":0.95,"lower_bound":6979007.12832476,"upper_bound":7138994.935151113},"point_estimate":7054263.12450084,"standard_error":41000.10876546682},"Median":{"confidence_interval":{"confidence_level":0.95,"lower_bound":6896795.023809524,"upper_bound":6914132.535714285},"point_estimate":6906720.258333333,"standard_error":4606.401630474154},"MedianAbsDev":{"confidence_interval":{"confidence_level":0.95,"lower_bound":21882.8145322757,"upper_bound":41370.881378315134},"point_estimate":29846.86861540996,"standard_error":4788.321040990758},"Slope":{"confidence_interval":{"confidence_level":0.95,"lower_bound":6975864.791238841,"upper_bound":7266958.373680481},"point_estimate":7114228.726833161,"standard_error":75009.24493972586},"StdDev":{"confidence_interval":{"confidence_level":0.95,"lower_bound":293432.4435926157,"upper_bound":503745.9594082172},"point_estimate":411928.39052838468,"standard_error":53986.94482738804}}