{"Mean":{"confidence_interval":{"confidence_level":0.95,"lower_bound":0.7704372647254904,"upper_bound":0.7979252945312386},"point_estimate":0.7834765135847848,"standard_error":0.0070407025690391099},"Median":{"confidence_interval":{"confidence_level":0.95,"lower_bound":0.7561196684377918,"upper_bound":0.7913631442433995},"point_estimate":0.7720586129447764,"standard_error":0.009015564152476601}}