{"Mean":{"confidence_interval":{"confidence_level":0.95,"lower_bound":5094252.494984825,"upper_bound":5124993.2935527139},"point_estimate":5107508.256177131,"standard_error":7936.336286682093},"Median":{"confidence_interval":{"confidence_level":0.95,"lower_bound":5082297.872727273,"upper_bound":5087264.666666667},"point_estimate":5084722.11135499,"standard_error":1291.056861707416},"MedianAbsDev":{"confidence_interval":{"confidence_level":0.95,"lower_bound":6296.021366990351,"upper_bound":13038.212816252339},"point_estimate":8958.60245478305,"standard_error":1747.6998881857649},"Slope":{"confidence_interval":{"confidence_level":0.95,"lower_bound":5079774.623896829,"upper_bound":5081934.190257906},"point_estimate":5080814.328630117,"standard_error":548.0953611642121},"StdDev":{"confidence_interval":{"confidence_level":0.95,"lower_bound":30809.112702530125,"upper_bound":121810.05179733508},"point_estimate":79649.15528921719,"standard_error":24428.171441679562}}