{"Mean":{"confidence_interval":{"confidence_level":0.95,"lower_bound":1116.7171566869443,"upper_bound":1118.3324789172035},"point_estimate":1117.4777488119292,"standard_error":0.4122771990460463},"Median":{"confidence_interval":{"confidence_level":0.95,"lower_bound":1115.4365628275028,"upper_bound":1117.006954052283},"point_estimate":1116.06588915272,"standard_error":0.4490279180592988},"MedianAbsDev":{"confidence_interval":{"confidence_level":0.95,"lower_bound":1.5384796563676398,"upper_bound":2.9330236069385338},"point_estimate":1.960849350079102,"standard_error":0.3538662033503851},"Slope":{"confidence_interval":{"confidence_level":0.95,"lower_bound":1115.324086141884,"upper_bound":1116.34131299807},"point_estimate":1115.8033569830485,"standard_error":0.2596087380679654},"StdDev":{"confidence_interval":{"confidence_level":0.95,"lower_bound":2.913732384023053,"upper_bound":5.2194056649363349},"point_estimate":4.144300811262911,"standard_error":0.5894078091735726}}