{"Mean":{"confidence_interval":{"confidence_level":0.95,"lower_bound":-0.1521690627618706,"upper_bound":-0.11681430064707915},"point_estimate":-0.134987596052336,"standard_error":0.00899239075114575},"Median":{"confidence_interval":{"confidence_level":0.95,"lower_bound":-0.20827531989871074,"upper_bound":-0.020684647961601078},"point_estimate":-0.20794973622094105,"standard_error":0.05144242380864157}}