{"Mean":{"confidence_interval":{"confidence_level":0.95,"lower_bound":200.5585302406282,"upper_bound":209.66421315866328},"point_estimate":205.03910527002129,"standard_error":2.326145567469608},"Median":{"confidence_interval":{"confidence_level":0.95,"lower_bound":186.2290612334319,"upper_bound":196.16572226656025},"point_estimate":186.47943513345747,"standard_error":4.824906123940247},"MedianAbsDev":{"confidence_interval":{"confidence_level":0.95,"lower_bound":0.30627275445554577,"upper_bound":2.0887340070652478},"point_estimate":0.6729159147155985,"standard_error":3.3351812603367416},"Slope":{"confidence_interval":{"confidence_level":0.95,"lower_bound":202.01392229012476,"upper_bound":214.46628213057788},"point_estimate":208.21636809921299,"standard_error":3.181331594484196},"StdDev":{"confidence_interval":{"confidence_level":0.95,"lower_bound":21.80422660003803,"upper_bound":24.01753993372998},"point_estimate":23.33753236830391,"standard_error":0.5785960579522437}}