{"Mean":{"confidence_interval":{"confidence_level":0.95,"lower_bound":304473150.9616832,"upper_bound":305043792.90001896},"point_estimate":304754506.1690209,"standard_error":145331.31662919676},"Median":{"confidence_interval":{"confidence_level":0.95,"lower_bound":304320759.03409096,"upper_bound":304959733.95102599},"point_estimate":304800590.90753427,"standard_error":158998.67363754658},"MedianAbsDev":{"confidence_interval":{"confidence_level":0.95,"lower_bound":985563.6180732815,"upper_bound":1819672.7282780659},"point_estimate":1374415.2004599192,"standard_error":217407.080645491},"Slope":{"confidence_interval":{"confidence_level":0.95,"lower_bound":304182649.0575693,"upper_bound":304609929.91508039},"point_estimate":304393805.06172016,"standard_error":108972.7579739203},"StdDev":{"confidence_interval":{"confidence_level":0.95,"lower_bound":1233852.2284301457,"upper_bound":1663369.560586705},"point_estimate":1459904.9497446134,"standard_error":109799.03920359681}}