{"Mean":{"confidence_interval":{"confidence_level":0.95,"lower_bound":73049.99701176732,"upper_bound":75888.40874704796},"point_estimate":74410.2580518297,"standard_error":727.7192259650988},"Median":{"confidence_interval":{"confidence_level":0.95,"lower_bound":70737.19885057472,"upper_bound":70842.77217194569},"point_estimate":70778.74797979798,"standard_error":25.37257870750792},"MedianAbsDev":{"confidence_interval":{"confidence_level":0.95,"lower_bound":74.80914294190295,"upper_bound":216.945475375176},"point_estimate":126.51686444362626,"standard_error":35.72430681072975},"Slope":{"confidence_interval":{"confidence_level":0.95,"lower_bound":76364.99424858889,"upper_bound":81324.43447787284},"point_estimate":78960.02077119354,"standard_error":1264.3702231659068},"StdDev":{"confidence_interval":{"confidence_level":0.95,"lower_bound":6016.997510186612,"upper_bound":8269.55231017942},"point_estimate":7310.445160403107,"standard_error":584.3901980633473}}