{"Mean":{"confidence_interval":{"confidence_level":0.95,"lower_bound":0.01947791889465695,"upper_bound":0.023406523016932414},"point_estimate":0.021471615240949317,"standard_error":0.0010018198222645208},"Median":{"confidence_interval":{"confidence_level":0.95,"lower_bound":0.021383663735301048,"upper_bound":0.025210841829308884},"point_estimate":0.022770015565196867,"standard_error":0.0009677499756983554}}