{"Mean":{"confidence_interval":{"confidence_level":0.95,"lower_bound":10154621.926917639,"upper_bound":10254298.033465673},"point_estimate":10199184.660336156,"standard_error":25649.878588459676},"Median":{"confidence_interval":{"confidence_level":0.95,"lower_bound":10109499.75862069,"upper_bound":10139963.515463919},"point_estimate":10124895.138224349,"standard_error":7290.3638107915789},"MedianAbsDev":{"confidence_interval":{"confidence_level":0.95,"lower_bound":39398.6802710496,"upper_bound":77459.46873815067},"point_estimate":59955.8402624442,"standard_error":9470.159794174739},"Slope":{"confidence_interval":{"confidence_level":0.95,"lower_bound":10117925.149893698,"upper_bound":10140012.730250907},"point_estimate":10128329.00685976,"standard_error":5628.914566261295},"StdDev":{"confidence_interval":{"confidence_level":0.95,"lower_bound":113350.99459355594,"upper_bound":366174.17549919916},"point_estimate":258505.26027243748,"standard_error":63803.2682840115}}