{"Mean":{"confidence_interval":{"confidence_level":0.95,"lower_bound":73574636.87157619,"upper_bound":73957339.84338059},"point_estimate":73761666.5198439,"standard_error":97432.65943737995},"Median":{"confidence_interval":{"confidence_level":0.95,"lower_bound":73469522.19711539,"upper_bound":73909624.57843137},"point_estimate":73721926.9395428,"standard_error":104866.88366232177},"MedianAbsDev":{"confidence_interval":{"confidence_level":0.95,"lower_bound":704588.3141755697,"upper_bound":1136371.384144006},"point_estimate":873975.9935208543,"standard_error":112512.1785754031},"Slope":{"confidence_interval":{"confidence_level":0.95,"lower_bound":73564702.69963368,"upper_bound":73923592.44747982},"point_estimate":73741996.66028965,"standard_error":91574.76529892019},"StdDev":{"confidence_interval":{"confidence_level":0.95,"lower_bound":808894.445549463,"upper_bound":1141831.2862575304},"point_estimate":979518.2283381458,"standard_error":85336.5597874379}}