{"Mean":{"confidence_interval":{"confidence_level":0.95,"lower_bound":774.1793148610511,"upper_bound":807.8096420122101},"point_estimate":790.3812003506162,"standard_error":8.565588831800003},"Median":{"confidence_interval":{"confidence_level":0.95,"lower_bound":752.159325889948,"upper_bound":752.5223853624646},"point_estimate":752.3287717788503,"standard_error":0.09259086343851332},"MedianAbsDev":{"confidence_interval":{"confidence_level":0.95,"lower_bound":0.36111730497938646,"upper_bound":0.8762545104253975},"point_estimate":0.6028103291959441,"standard_error":0.13235728792220195},"Slope":{"confidence_interval":{"confidence_level":0.95,"lower_bound":811.9727601365723,"upper_bound":875.696753290735},"point_estimate":845.4922788229203,"standard_error":16.280660258749607},"StdDev":{"confidence_interval":{"confidence_level":0.95,"lower_bound":68.10473470366347,"upper_bound":99.86496438234647},"point_estimate":86.13155793081194,"standard_error":8.222487862077863}}