{"Mean":{"confidence_interval":{"confidence_level":0.95,"lower_bound":32.11171202027278,"upper_bound":33.26430501023922},"point_estimate":32.67672687644707,"standard_error":0.2940749910205825},"Median":{"confidence_interval":{"confidence_level":0.95,"lower_bound":30.255370743678605,"upper_bound":33.28999649421843},"point_estimate":30.305071154149709,"standard_error":0.8269113889787826},"MedianAbsDev":{"confidence_interval":{"confidence_level":0.95,"lower_bound":0.06694076286927706,"upper_bound":1.7195194148503675},"point_estimate":0.14590491508131712,"standard_error":0.4728610453470241},"Slope":{"confidence_interval":{"confidence_level":0.95,"lower_bound":32.20743902073848,"upper_bound":33.77038214305065},"point_estimate":32.980619642359858,"standard_error":0.3972684668812269},"StdDev":{"confidence_interval":{"confidence_level":0.95,"lower_bound":2.7714891332311279,"upper_bound":3.0191491379786665},"point_estimate":2.9488492620813466,"standard_error":0.06532745640919979}}