{"Mean":{"confidence_interval":{"confidence_level":0.95,"lower_bound":307874.3934364588,"upper_bound":309003.23058059488},"point_estimate":308402.9239838691,"standard_error":288.9438509910311},"Median":{"confidence_interval":{"confidence_level":0.95,"lower_bound":307281.0358187135,"upper_bound":307594.4566993464},"point_estimate":307491.6875,"standard_error":72.54833241913127},"MedianAbsDev":{"confidence_interval":{"confidence_level":0.95,"lower_bound":558.3607872097521,"upper_bound":996.2211117126061},"point_estimate":737.2187006726375,"standard_error":107.40810727633527},"Slope":{"confidence_interval":{"confidence_level":0.95,"lower_bound":308457.0855766095,"upper_bound":310411.0156778576},"point_estimate":309442.4500391606,"standard_error":498.6416877170442},"StdDev":{"confidence_interval":{"confidence_level":0.95,"lower_bound":2032.30619070574,"upper_bound":3718.660052146511},"point_estimate":2898.8757999487377,"standard_error":435.2129979341218}}