{"Mean":{"confidence_interval":{"confidence_level":0.95,"lower_bound":124.07873658590138,"upper_bound":128.20133447064112},"point_estimate":126.0994199870042,"standard_error":1.0587095671456484},"Median":{"confidence_interval":{"confidence_level":0.95,"lower_bound":120.16683165558182,"upper_bound":120.32996791847519},"point_estimate":120.22488005884472,"standard_error":0.03892820794233213},"MedianAbsDev":{"confidence_interval":{"confidence_level":0.95,"lower_bound":0.16459531198433614,"upper_bound":0.4238013999273069},"point_estimate":0.25170222330317229,"standard_error":0.06532283675478616},"Slope":{"confidence_interval":{"confidence_level":0.95,"lower_bound":125.62103292278951,"upper_bound":131.54901755933217},"point_estimate":128.44881485349584,"standard_error":1.515029223430512},"StdDev":{"confidence_interval":{"confidence_level":0.95,"lower_bound":9.005303625039497,"upper_bound":11.692305778238922},"point_estimate":10.608898229712122,"standard_error":0.6947670899989971}}