{"Mean":{"confidence_interval":{"confidence_level":0.95,"lower_bound":7797.498377376976,"upper_bound":7918.429364162384},"point_estimate":7856.385915081144,"standard_error":30.80462915232341},"Median":{"confidence_interval":{"confidence_level":0.95,"lower_bound":7657.802459235499,"upper_bound":7745.258274886181},"point_estimate":7678.131544542882,"standard_error":23.530359183936594},"MedianAbsDev":{"confidence_interval":{"confidence_level":0.95,"lower_bound":45.08566146141068,"upper_bound":166.49083052494687},"point_estimate":76.36813118675426,"standard_error":31.38783993471555},"Slope":{"confidence_interval":{"confidence_level":0.95,"lower_bound":7780.787855190738,"upper_bound":7963.3722041599989},"point_estimate":7872.452499876853,"standard_error":46.762283379261919},"StdDev":{"confidence_interval":{"confidence_level":0.95,"lower_bound":266.1144136164819,"upper_bound":342.9691843097755},"point_estimate":310.62154946271706,"standard_error":19.661670057547359}}