{"Mean":{"confidence_interval":{"confidence_level":0.95,"lower_bound":14329046.97906853,"upper_bound":14376225.213422439},"point_estimate":14352767.2122319,"standard_error":12023.650006593041},"Median":{"confidence_interval":{"confidence_level":0.95,"lower_bound":14324752.685185185,"upper_bound":14381599.851782365},"point_estimate":14347177.072727273,"standard_error":14546.86250947848},"MedianAbsDev":{"confidence_interval":{"confidence_level":0.95,"lower_bound":69957.1285989166,"upper_bound":118042.53326594238},"point_estimate":90801.63725867713,"standard_error":12302.110985756502},"Slope":{"confidence_interval":{"confidence_level":0.95,"lower_bound":14344772.799397652,"upper_bound":14386611.11576097},"point_estimate":14365128.853480125,"standard_error":10648.020769964502},"StdDev":{"confidence_interval":{"confidence_level":0.95,"lower_bound":93557.51270252788,"upper_bound":147040.15289684715},"point_estimate":120433.31151670254,"standard_error":13785.714357476392}}