{"Mean":{"confidence_interval":{"confidence_level":0.95,"lower_bound":66295541.036974888,"upper_bound":72459884.10434056},"point_estimate":69374159.02501628,"standard_error":1573310.181096446},"Median":{"confidence_interval":{"confidence_level":0.95,"lower_bound":65807302.45396826,"upper_bound":72154703.08},"point_estimate":69410564.0526197,"standard_error":1621552.1152633986},"MedianAbsDev":{"confidence_interval":{"confidence_level":0.95,"lower_bound":13325214.289780349,"upper_bound":22374973.54619917},"point_estimate":17171363.551790209,"standard_error":2326935.8585039458},"Slope":{"confidence_interval":{"confidence_level":0.95,"lower_bound":70972883.97933212,"upper_bound":75863930.82293609},"point_estimate":73263185.27203192,"standard_error":1241168.5747110008},"StdDev":{"confidence_interval":{"confidence_level":0.95,"lower_bound":14053035.316559662,"upper_bound":17377994.58244327},"point_estimate":15830561.48173459,"standard_error":852060.608884211}}