{"Mean":{"confidence_interval":{"confidence_level":0.95,"lower_bound":53538377.995337788,"upper_bound":54176178.554883968},"point_estimate":53852336.11779512,"standard_error":162351.9503726871},"Median":{"confidence_interval":{"confidence_level":0.95,"lower_bound":53397846.43055555,"upper_bound":54105247.0},"point_estimate":53809250.3053814,"standard_error":184711.93198982228},"MedianAbsDev":{"confidence_interval":{"confidence_level":0.95,"lower_bound":1087300.69211499,"upper_bound":1787321.2305062006},"point_estimate":1343971.768548333,"standard_error":177646.09861894288},"Slope":{"confidence_interval":{"confidence_level":0.95,"lower_bound":53659179.722432669,"upper_bound":54059924.62248667},"point_estimate":53858459.32425299,"standard_error":101943.64391740135},"StdDev":{"confidence_interval":{"confidence_level":0.95,"lower_bound":1356568.065052774,"upper_bound":1891117.3746475676},"point_estimate":1631899.9315230707,"standard_error":137198.44646760738}}