{"Mean":{"confidence_interval":{"confidence_level":0.95,"lower_bound":19.081541175773933,"upper_bound":19.777115312464887},"point_estimate":19.418721727650504,"standard_error":0.17757188146258255},"Median":{"confidence_interval":{"confidence_level":0.95,"lower_bound":18.41425988798394,"upper_bound":18.44153058701954},"point_estimate":18.42113296925244,"standard_error":0.006741190844991096},"MedianAbsDev":{"confidence_interval":{"confidence_level":0.95,"lower_bound":0.01712367016739096,"upper_bound":0.05671257099987647},"point_estimate":0.029187874620761769,"standard_error":0.009729370140222868},"Slope":{"confidence_interval":{"confidence_level":0.95,"lower_bound":19.197874852463497,"upper_bound":20.092921697047744},"point_estimate":19.61958707586516,"standard_error":0.22835437331785317},"StdDev":{"confidence_interval":{"confidence_level":0.95,"lower_bound":1.5246939632955335,"upper_bound":1.974050115075784},"point_estimate":1.7891869124165044,"standard_error":0.11606552010099478}}