{"Mean":{"confidence_interval":{"confidence_level":0.95,"lower_bound":33084920.405662367,"upper_bound":33318778.16284649},"point_estimate":33205919.761110814,"standard_error":59563.23813189735},"Median":{"confidence_interval":{"confidence_level":0.95,"lower_bound":33105494.846376815,"upper_bound":33298758.6},"point_estimate":33225728.100998466,"standard_error":49280.43243487328},"MedianAbsDev":{"confidence_interval":{"confidence_level":0.95,"lower_bound":350751.5343564584,"upper_bound":570466.1577309284},"point_estimate":445752.1375394426,"standard_error":53728.120928356715},"Slope":{"confidence_interval":{"confidence_level":0.95,"lower_bound":33239144.586013695,"upper_bound":33393459.408061699},"point_estimate":33315942.188928624,"standard_error":39359.17088345753},"StdDev":{"confidence_interval":{"confidence_level":0.95,"lower_bound":443080.99505621517,"upper_bound":767639.6122292996},"point_estimate":599539.3326022356,"standard_error":85095.69319256721}}