{"Mean":{"confidence_interval":{"confidence_level":0.95,"lower_bound":4417.952916975656,"upper_bound":4519.8112084340159},"point_estimate":4467.954425581633,"standard_error":26.030359328549954},"Median":{"confidence_interval":{"confidence_level":0.95,"lower_bound":4297.968920444183,"upper_bound":4383.344380328551},"point_estimate":4333.3205024529629,"standard_error":20.105160525126079},"MedianAbsDev":{"confidence_interval":{"confidence_level":0.95,"lower_bound":87.2063552986305,"upper_bound":224.88154091585143},"point_estimate":133.93720372815484,"standard_error":34.14579581701758},"Slope":{"confidence_interval":{"confidence_level":0.95,"lower_bound":4406.03757365258,"upper_bound":4536.196285727239},"point_estimate":4466.43341419927,"standard_error":33.27042507627042},"StdDev":{"confidence_interval":{"confidence_level":0.95,"lower_bound":232.96297008437979,"upper_bound":285.1347123735601},"point_estimate":261.94633723979339,"standard_error":13.245933066123183}}