{"Mean":{"confidence_interval":{"confidence_level":0.95,"lower_bound":249617.83231101527,"upper_bound":252870.2703780035},"point_estimate":251015.8469246279,"standard_error":834.8051498818821},"Median":{"confidence_interval":{"confidence_level":0.95,"lower_bound":249107.4182926829,"upper_bound":249483.28842592595},"point_estimate":249302.72586980923,"standard_error":95.25146137710627},"MedianAbsDev":{"confidence_interval":{"confidence_level":0.95,"lower_bound":594.1850292867615,"upper_bound":1015.4151492995524},"point_estimate":857.2360260341299,"standard_error":106.64292019179345},"Slope":{"confidence_interval":{"confidence_level":0.95,"lower_bound":249188.22717234447,"upper_bound":255030.6333647958},"point_estimate":251722.2650325107,"standard_error":1495.5821012720997},"StdDev":{"confidence_interval":{"confidence_level":0.95,"lower_bound":1382.7518854377195,"upper_bound":12566.68128845278},"point_estimate":8392.577442237789,"standard_error":2768.2975786135259}}