{"Mean":{"confidence_interval":{"confidence_level":0.95,"lower_bound":23821003.465718647,"upper_bound":23900727.02380504},"point_estimate":23861070.03022046,"standard_error":20328.767106616044},"Median":{"confidence_interval":{"confidence_level":0.95,"lower_bound":23821133.781956525,"upper_bound":23874137.15909091},"point_estimate":23858989.256578946,"standard_error":15725.600872981247},"MedianAbsDev":{"confidence_interval":{"confidence_level":0.95,"lower_bound":89951.6242133602,"upper_bound":154897.29239013373},"point_estimate":127264.25744909645,"standard_error":17080.06722092471},"Slope":{"confidence_interval":{"confidence_level":0.95,"lower_bound":23829982.119765756,"upper_bound":23878497.220846706},"point_estimate":23853836.277425745,"standard_error":12377.095233368607},"StdDev":{"confidence_interval":{"confidence_level":0.95,"lower_bound":145410.3263199796,"upper_bound":256943.1148700411},"point_estimate":204046.99761399523,"standard_error":28449.82676809149}}