{"Mean":{"confidence_interval":{"confidence_level":0.95,"lower_bound":0.003677617088050367,"upper_bound":0.009426471223254768},"point_estimate":0.006306514746716285,"standard_error":0.0014384041475803995},"Median":{"confidence_interval":{"confidence_level":0.95,"lower_bound":-0.0008760969199231915,"upper_bound":0.0011880059307165234},"point_estimate":0.0000019456140336604479,"standard_error":0.0005008541846347081}}