{"Mean":{"confidence_interval":{"confidence_level":0.95,"lower_bound":556487.9056916272,"upper_bound":567514.8591553606},"point_estimate":561941.0980470163,"standard_error":2818.4037334653764},"Median":{"confidence_interval":{"confidence_level":0.95,"lower_bound":557187.720913242,"upper_bound":579454.0696202532},"point_estimate":579178.9306006495,"standard_error":5962.677293716613},"MedianAbsDev":{"confidence_interval":{"confidence_level":0.95,"lower_bound":1683.2807815863867,"upper_bound":36130.91058457554},"point_estimate":13222.666376878644,"standard_error":11947.55849434541},"Slope":{"confidence_interval":{"confidence_level":0.95,"lower_bound":549405.7546114245,"upper_bound":566342.2347593963},"point_estimate":557478.7251544258,"standard_error":4318.326229408564},"StdDev":{"confidence_interval":{"confidence_level":0.95,"lower_bound":23847.210367331732,"upper_bound":33656.452918515046},"point_estimate":28123.53490909287,"standard_error":2664.2419909806819}}