{"Mean":{"confidence_interval":{"confidence_level":0.95,"lower_bound":25058151.923015626,"upper_bound":26633985.096905274},"point_estimate":25828285.641949666,"standard_error":401223.034815429},"Median":{"confidence_interval":{"confidence_level":0.95,"lower_bound":22877038.663157897,"upper_bound":25880113.68362283},"point_estimate":25007325.87451844,"standard_error":956811.2652593118},"MedianAbsDev":{"confidence_interval":{"confidence_level":0.95,"lower_bound":1007049.8279322293,"upper_bound":5376166.092892652},"point_estimate":4162261.910607294,"standard_error":1405260.4474244244},"Slope":{"confidence_interval":{"confidence_level":0.95,"lower_bound":25705836.619554555,"upper_bound":27216544.01983512},"point_estimate":26466042.895049506,"standard_error":384508.96078079889},"StdDev":{"confidence_interval":{"confidence_level":0.95,"lower_bound":3482274.1392042825,"upper_bound":4477041.899657248},"point_estimate":4024899.3819162796,"standard_error":253402.60339158763}}