{"Mean":{"confidence_interval":{"confidence_level":0.95,"lower_bound":14320265.654499449,"upper_bound":14338128.18196707},"point_estimate":14329091.453204822,"standard_error":4565.8431648481259},"Median":{"confidence_interval":{"confidence_level":0.95,"lower_bound":14300285.5125,"upper_bound":14334652.4375},"point_estimate":14309281.460784315,"standard_error":9958.492433479845},"MedianAbsDev":{"confidence_interval":{"confidence_level":0.95,"lower_bound":28347.320492355397,"upper_bound":73020.7109685258},"point_estimate":41125.50454120058,"standard_error":13083.746212019983},"Slope":{"confidence_interval":{"confidence_level":0.95,"lower_bound":14325745.410295608,"upper_bound":14348494.654868814},"point_estimate":14337042.563041229,"standard_error":5810.16938187995},"StdDev":{"confidence_interval":{"confidence_level":0.95,"lower_bound":41724.13000265344,"upper_bound":49170.965028818566},"point_estimate":45984.41493716324,"standard_error":1897.3249387820104}}