{"Mean":{"confidence_interval":{"confidence_level":0.95,"lower_bound":69943024.65761668,"upper_bound":70766688.15711455},"point_estimate":70342069.1165448,"standard_error":211245.29835841942},"Median":{"confidence_interval":{"confidence_level":0.95,"lower_bound":69544692.42222223,"upper_bound":70312428.54545455},"point_estimate":69839807.19672132,"standard_error":175008.47710767558},"MedianAbsDev":{"confidence_interval":{"confidence_level":0.95,"lower_bound":1098796.625363787,"upper_bound":2154241.0131842058},"point_estimate":1536035.8916910385,"standard_error":282726.6668969721},"Slope":{"confidence_interval":{"confidence_level":0.95,"lower_bound":69863902.38807716,"upper_bound":70522424.24541648},"point_estimate":70185904.97639132,"standard_error":168571.4814821364},"StdDev":{"confidence_interval":{"confidence_level":0.95,"lower_bound":1657121.3116014498,"upper_bound":2548165.712199038},"point_estimate":2126979.805089396,"standard_error":227631.0560478035}}