{"Mean":{"confidence_interval":{"confidence_level":0.95,"lower_bound":53561834.640238348,"upper_bound":54135657.82251044},"point_estimate":53852945.21310601,"standard_error":146277.5818491168},"Median":{"confidence_interval":{"confidence_level":0.95,"lower_bound":53946479.503631968,"upper_bound":54330558.56755009},"point_estimate":54090229.622670818,"standard_error":95501.5645378394},"MedianAbsDev":{"confidence_interval":{"confidence_level":0.95,"lower_bound":944254.3645061358,"upper_bound":1717815.7963239528},"point_estimate":1269186.6245059092,"standard_error":186865.27854966967},"Slope":{"confidence_interval":{"confidence_level":0.95,"lower_bound":53678778.147400539,"upper_bound":54225564.88801101},"point_estimate":53965714.275031778,"standard_error":139936.0830924772},"StdDev":{"confidence_interval":{"confidence_level":0.95,"lower_bound":1231701.0378370295,"upper_bound":1697180.1962182907},"point_estimate":1475869.8247460833,"standard_error":119064.10617670992}}