{"Mean":{"confidence_interval":{"confidence_level":0.95,"lower_bound":609428.7792840699,"upper_bound":638921.9684358486},"point_estimate":624828.7274398459,"standard_error":7536.358520478144},"Median":{"confidence_interval":{"confidence_level":0.95,"lower_bound":627422.2640796704,"upper_bound":632429.9285099052},"point_estimate":629720.0171875,"standard_error":1197.5102592995309},"MedianAbsDev":{"confidence_interval":{"confidence_level":0.95,"lower_bound":7478.180935689207,"upper_bound":13954.389481780408},"point_estimate":10043.265363077984,"standard_error":1649.2875177778697},"Slope":{"confidence_interval":{"confidence_level":0.95,"lower_bound":603155.7837779513,"upper_bound":657106.1706444167},"point_estimate":631744.8333234816,"standard_error":13759.18013705674},"StdDev":{"confidence_interval":{"confidence_level":0.95,"lower_bound":55614.09193829311,"upper_bound":92331.83023435174},"point_estimate":75765.75589907938,"standard_error":9376.951170535616}}