{"Mean":{"confidence_interval":{"confidence_level":0.95,"lower_bound":47645002.681704219,"upper_bound":47736550.74011126},"point_estimate":47680068.225188698,"standard_error":24786.566884695792},"Median":{"confidence_interval":{"confidence_level":0.95,"lower_bound":47671383.59890109,"upper_bound":47689275.692307699},"point_estimate":47680514.00296496,"standard_error":4529.708454002305},"MedianAbsDev":{"confidence_interval":{"confidence_level":0.95,"lower_bound":23842.261225998285,"upper_bound":50099.43296534175},"point_estimate":36561.739116093515,"standard_error":6713.377812622438},"Slope":{"confidence_interval":{"confidence_level":0.95,"lower_bound":47614858.76527745,"upper_bound":47733529.92912384},"point_estimate":47658222.46284912,"standard_error":32212.294852600942},"StdDev":{"confidence_interval":{"confidence_level":0.95,"lower_bound":64833.48022337263,"upper_bound":415881.43687585028},"point_estimate":248893.59079752424,"standard_error":119652.63927450826}}