{"Mean":{"confidence_interval":{"confidence_level":0.95,"lower_bound":52258588.92377835,"upper_bound":52913510.677452888},"point_estimate":52575687.19497231,"standard_error":167197.26115516664},"Median":{"confidence_interval":{"confidence_level":0.95,"lower_bound":51928136.41805556,"upper_bound":52726440.86486486},"point_estimate":52140538.49258242,"standard_error":220188.22573319698},"MedianAbsDev":{"confidence_interval":{"confidence_level":0.95,"lower_bound":1136271.3355418409,"upper_bound":1932351.920414707},"point_estimate":1511236.7957509033,"standard_error":206899.09142170746},"Slope":{"confidence_interval":{"confidence_level":0.95,"lower_bound":52342366.46892559,"upper_bound":52942153.27569353},"point_estimate":52648352.024456929,"standard_error":152742.33793870238},"StdDev":{"confidence_interval":{"confidence_level":0.95,"lower_bound":1328232.9625054035,"upper_bound":2044444.551778848},"point_estimate":1677369.5957895446,"standard_error":186386.68058883196}}