{"Mean":{"confidence_interval":{"confidence_level":0.95,"lower_bound":2701.418568226662,"upper_bound":2753.497196759494},"point_estimate":2726.150897436508,"standard_error":13.293371447050595},"Median":{"confidence_interval":{"confidence_level":0.95,"lower_bound":2674.516846361186,"upper_bound":2711.23194265401},"point_estimate":2704.9726158950836,"standard_error":13.192230396246807},"MedianAbsDev":{"confidence_interval":{"confidence_level":0.95,"lower_bound":55.314264453228947,"upper_bound":118.24112001827653},"point_estimate":107.61442144208182,"standard_error":18.73811516700218},"Slope":{"confidence_interval":{"confidence_level":0.95,"lower_bound":2702.873535947805,"upper_bound":2774.248904283339},"point_estimate":2736.4508446292995,"standard_error":18.25210929664218},"StdDev":{"confidence_interval":{"confidence_level":0.95,"lower_bound":102.12907643323676,"upper_bound":158.43206270194217},"point_estimate":133.25551160964228,"standard_error":14.295567508278115}}