{"Mean":{"confidence_interval":{"confidence_level":0.95,"lower_bound":307245.771173773,"upper_bound":314491.2981258433},"point_estimate":310774.4680723881,"standard_error":1850.1309921726475},"Median":{"confidence_interval":{"confidence_level":0.95,"lower_bound":298995.79545454549,"upper_bound":300210.5395014045},"point_estimate":300078.3686079546,"standard_error":372.84872028030659},"MedianAbsDev":{"confidence_interval":{"confidence_level":0.95,"lower_bound":1480.8216024980566,"upper_bound":3490.0792925610628},"point_estimate":2541.5867865280458,"standard_error":605.131096481954},"Slope":{"confidence_interval":{"confidence_level":0.95,"lower_bound":308868.685518995,"upper_bound":317931.5952581126},"point_estimate":313138.5291894488,"standard_error":2306.6759219455186},"StdDev":{"confidence_interval":{"confidence_level":0.95,"lower_bound":15588.295610137196,"upper_bound":21083.829866920816},"point_estimate":18579.56800796405,"standard_error":1402.7066677302076}}