{"Mean":{"confidence_interval":{"confidence_level":0.95,"lower_bound":33794668.28790592,"upper_bound":36860360.15452595},"point_estimate":35326877.979521948,"standard_error":781449.0207837855},"Median":{"confidence_interval":{"confidence_level":0.95,"lower_bound":32492584.911111114,"upper_bound":36868180.54320987},"point_estimate":35408281.20554902,"standard_error":1166807.614646074},"MedianAbsDev":{"confidence_interval":{"confidence_level":0.95,"lower_bound":7339605.216070166,"upper_bound":12267466.040864135},"point_estimate":10579628.839441734,"standard_error":1316140.0195957926},"Slope":{"confidence_interval":{"confidence_level":0.95,"lower_bound":36014278.749446768,"upper_bound":38450835.77297904},"point_estimate":37149447.16091326,"standard_error":621972.9090596186},"StdDev":{"confidence_interval":{"confidence_level":0.95,"lower_bound":7036512.057123703,"upper_bound":8515709.563728789},"point_estimate":7836194.338307168,"standard_error":377375.41934489717}}