{"Mean":{"confidence_interval":{"confidence_level":0.95,"lower_bound":426805.1954614438,"upper_bound":429611.32124919097},"point_estimate":428138.51038478,"standard_error":719.834650223683},"Median":{"confidence_interval":{"confidence_level":0.95,"lower_bound":425124.45652173916,"upper_bound":425346.94689542488},"point_estimate":425236.96274509807,"standard_error":60.967905897808019},"MedianAbsDev":{"confidence_interval":{"confidence_level":0.95,"lower_bound":244.9655593627097,"upper_bound":485.3154534188284},"point_estimate":332.3704491482957,"standard_error":64.04916724888},"Slope":{"confidence_interval":{"confidence_level":0.95,"lower_bound":429038.9689814957,"upper_bound":434891.5479839652},"point_estimate":432056.53159647309,"standard_error":1502.3922518636824},"StdDev":{"confidence_interval":{"confidence_level":0.95,"lower_bound":5465.068251915837,"upper_bound":8576.176057778888},"point_estimate":7228.43331134525,"standard_error":805.1669414074431}}