{"Mean":{"confidence_interval":{"confidence_level":0.95,"lower_bound":1371607.564719166,"upper_bound":1384606.8586529962},"point_estimate":1377209.783540761,"standard_error":3357.409062251954},"Median":{"confidence_interval":{"confidence_level":0.95,"lower_bound":1365210.358974359,"upper_bound":1366849.5833333333},"point_estimate":1365630.1870588237,"standard_error":439.1885225307584},"MedianAbsDev":{"confidence_interval":{"confidence_level":0.95,"lower_bound":1647.139911260885,"upper_bound":4239.917422453643},"point_estimate":2280.145442931268,"standard_error":677.463370100043},"Slope":{"confidence_interval":{"confidence_level":0.95,"lower_bound":1372587.6205415389,"upper_bound":1389740.869174147},"point_estimate":1379916.429980789,"standard_error":4426.8927620600429},"StdDev":{"confidence_interval":{"confidence_level":0.95,"lower_bound":13917.917410350257,"upper_bound":52020.96167638171},"point_estimate":33848.19355594616,"standard_error":10728.733714423939}}