{"Mean":{"confidence_interval":{"confidence_level":0.95,"lower_bound":137357.69604208676,"upper_bound":138269.8446782997},"point_estimate":137804.65832619067,"standard_error":233.24230665762003},"Median":{"confidence_interval":{"confidence_level":0.95,"lower_bound":136321.015625,"upper_bound":136542.9322916667},"point_estimate":136426.58829365078,"standard_error":55.97508101568317},"MedianAbsDev":{"confidence_interval":{"confidence_level":0.95,"lower_bound":339.06329803801096,"upper_bound":740.5818524770439},"point_estimate":501.08198957501107,"standard_error":108.78716535496416},"Slope":{"confidence_interval":{"confidence_level":0.95,"lower_bound":137370.62089070009,"upper_bound":138496.69693996132},"point_estimate":137894.50665213538,"standard_error":287.7800157532231},"StdDev":{"confidence_interval":{"confidence_level":0.95,"lower_bound":2077.3235466178737,"upper_bound":2530.1857968244178},"point_estimate":2351.5255645072095,"standard_error":116.79884981861405}}