{"Mean":{"confidence_interval":{"confidence_level":0.95,"lower_bound":23087663.774670409,"upper_bound":23225245.711714519},"point_estimate":23157274.605309845,"standard_error":35124.102315944656},"Median":{"confidence_interval":{"confidence_level":0.95,"lower_bound":23132362.804347826,"upper_bound":23275437.089285714},"point_estimate":23202410.239906834,"standard_error":31387.912343540585},"MedianAbsDev":{"confidence_interval":{"confidence_level":0.95,"lower_bound":196232.99393597467,"upper_bound":325497.46465277476},"point_estimate":272562.8717740141,"standard_error":32753.348963706758},"Slope":{"confidence_interval":{"confidence_level":0.95,"lower_bound":23165696.307699305,"upper_bound":23304635.934200415},"point_estimate":23232951.277872027,"standard_error":35369.28852526956},"StdDev":{"confidence_interval":{"confidence_level":0.95,"lower_bound":276544.75851673659,"upper_bound":424526.1564643888},"point_estimate":353142.40283221457,"standard_error":37733.687965437384}}