{"Mean":{"confidence_interval":{"confidence_level":0.95,"lower_bound":180.25795553924008,"upper_bound":180.38544432481354},"point_estimate":180.3173624466001,"standard_error":0.032579475490199519},"Median":{"confidence_interval":{"confidence_level":0.95,"lower_bound":180.16895601636157,"upper_bound":180.2241597516194},"point_estimate":180.19356413727054,"standard_error":0.013674736830728332},"MedianAbsDev":{"confidence_interval":{"confidence_level":0.95,"lower_bound":0.07376777273841612,"upper_bound":0.1444652409717336},"point_estimate":0.10750626473151229,"standard_error":0.017787281734004655},"Slope":{"confidence_interval":{"confidence_level":0.95,"lower_bound":180.14277682044324,"upper_bound":180.17081129061934},"point_estimate":180.15508062473729,"standard_error":0.007156528425026866},"StdDev":{"confidence_interval":{"confidence_level":0.95,"lower_bound":0.22600307120485317,"upper_bound":0.41566219248886568},"point_estimate":0.32962540638456486,"standard_error":0.04832121824345075}}