{"Mean":{"confidence_interval":{"confidence_level":0.95,"lower_bound":-0.18673767337950604,"upper_bound":-0.1437384461145207},"point_estimate":-0.16654830844606584,"standard_error":0.010988540721215515},"Median":{"confidence_interval":{"confidence_level":0.95,"lower_bound":-0.23671509226073995,"upper_bound":-0.23546935930276159},"point_estimate":-0.23581355600889043,"standard_error":0.0002689512454688118}}