{"Mean":{"confidence_interval":{"confidence_level":0.95,"lower_bound":2717.3334020301106,"upper_bound":2769.9420851772686},"point_estimate":2741.7920830529794,"standard_error":13.468839604837829},"Median":{"confidence_interval":{"confidence_level":0.95,"lower_bound":2676.020682936611,"upper_bound":2715.0094372646019},"point_estimate":2679.0342421915,"standard_error":10.021468632193411},"MedianAbsDev":{"confidence_interval":{"confidence_level":0.95,"lower_bound":12.468542306629104,"upper_bound":63.6601550055476},"point_estimate":18.256135093034936,"standard_error":13.153253812046913},"Slope":{"confidence_interval":{"confidence_level":0.95,"lower_bound":2704.843089237284,"upper_bound":2757.883598234965},"point_estimate":2728.7155655132198,"standard_error":13.510729502968717},"StdDev":{"confidence_interval":{"confidence_level":0.95,"lower_bound":87.532297101115,"upper_bound":179.5873281531247},"point_estimate":135.021444742056,"standard_error":23.72517497586721}}