{"Mean":{"confidence_interval":{"confidence_level":0.95,"lower_bound":250736.04276796443,"upper_bound":254553.73991701913},"point_estimate":252348.94231317024,"standard_error":988.3845152082349},"Median":{"confidence_interval":{"confidence_level":0.95,"lower_bound":250118.9411764706,"upper_bound":250465.69155844156},"point_estimate":250258.5468132411,"standard_error":85.0646405303589},"MedianAbsDev":{"confidence_interval":{"confidence_level":0.95,"lower_bound":567.9086673369358,"upper_bound":1151.0741014665353},"point_estimate":783.8016477806028,"standard_error":148.9435327837693},"Slope":{"confidence_interval":{"confidence_level":0.95,"lower_bound":250438.411257126,"upper_bound":252179.69625809228},"point_estimate":251153.82577877938,"standard_error":449.2252403165089},"StdDev":{"confidence_interval":{"confidence_level":0.95,"lower_bound":1681.691589107204,"upper_bound":15078.205825150879},"point_estimate":9923.772561712953,"standard_error":3412.6031454279266}}