{"Mean":{"confidence_interval":{"confidence_level":0.95,"lower_bound":1812666.8369341104,"upper_bound":1813350.4114148627},"point_estimate":1812993.3046194616,"standard_error":174.30194736614696},"Median":{"confidence_interval":{"confidence_level":0.95,"lower_bound":1812259.1857142859,"upper_bound":1813058.9},"point_estimate":1812552.7684210526,"standard_error":191.30655335289954},"MedianAbsDev":{"confidence_interval":{"confidence_level":0.95,"lower_bound":987.5938458571197,"upper_bound":1553.244507889529},"point_estimate":1169.7048523105064,"standard_error":142.8825060309468},"Slope":{"confidence_interval":{"confidence_level":0.95,"lower_bound":1811997.3862781367,"upper_bound":1812397.1859141768},"point_estimate":1812189.2987202602,"standard_error":102.35808032758716},"StdDev":{"confidence_interval":{"confidence_level":0.95,"lower_bound":1280.9981216605307,"upper_bound":2171.0968588862185},"point_estimate":1745.799564594409,"standard_error":228.3377422757719}}