{"Mean":{"confidence_interval":{"confidence_level":0.95,"lower_bound":811.9698270050685,"upper_bound":870.7312497952444},"point_estimate":836.7654749277405,"standard_error":15.239788302948567},"Median":{"confidence_interval":{"confidence_level":0.95,"lower_bound":785.531170060628,"upper_bound":785.8535522850145},"point_estimate":785.6344795241246,"standard_error":0.08563926202550484},"MedianAbsDev":{"confidence_interval":{"confidence_level":0.95,"lower_bound":0.3765688007708639,"upper_bound":0.8601384088343785},"point_estimate":0.5310228359895609,"standard_error":0.13309508896786127},"Slope":{"confidence_interval":{"confidence_level":0.95,"lower_bound":835.1497634418564,"upper_bound":893.5613643049087},"point_estimate":864.3940187274991,"standard_error":14.908778333250864},"StdDev":{"confidence_interval":{"confidence_level":0.95,"lower_bound":71.50020120501933,"upper_bound":236.7747912360417},"point_estimate":153.36415196850218,"standard_error":52.63020067841537}}