{"Mean":{"confidence_interval":{"confidence_level":0.95,"lower_bound":10873.087507873955,"upper_bound":10882.44438915428},"point_estimate":10877.45631823519,"standard_error":2.398914841017366},"Median":{"confidence_interval":{"confidence_level":0.95,"lower_bound":10868.757593805836,"upper_bound":10872.925675675675},"point_estimate":10870.326783723523,"standard_error":1.1875315729118046},"MedianAbsDev":{"confidence_interval":{"confidence_level":0.95,"lower_bound":6.412886309446666,"upper_bound":12.241255296713753},"point_estimate":9.305763108199978,"standard_error":1.3877358734448107},"Slope":{"confidence_interval":{"confidence_level":0.95,"lower_bound":10865.927350249707,"upper_bound":10869.142617492143},"point_estimate":10867.517225474008,"standard_error":0.8200769957218727},"StdDev":{"confidence_interval":{"confidence_level":0.95,"lower_bound":15.701937089560984,"upper_bound":31.026872016889738},"point_estimate":24.116922306262695,"standard_error":3.920580141975458}}