{"Mean":{"confidence_interval":{"confidence_level":0.95,"lower_bound":3680068.3564551898,"upper_bound":3711918.928690561},"point_estimate":3695456.0613758226,"standard_error":8128.785363795242},"Median":{"confidence_interval":{"confidence_level":0.95,"lower_bound":3649895.8789556964,"upper_bound":3652173.745},"point_estimate":3651045.5246015249,"standard_error":767.8172563182562},"MedianAbsDev":{"confidence_interval":{"confidence_level":0.95,"lower_bound":3759.0378284517657,"upper_bound":11750.185476392415},"point_estimate":6161.669014829071,"standard_error":2082.7224999854286},"Slope":{"confidence_interval":{"confidence_level":0.95,"lower_bound":3676982.8869550388,"upper_bound":3712211.1883542288},"point_estimate":3693108.7298182358,"standard_error":8998.889468290323},"StdDev":{"confidence_interval":{"confidence_level":0.95,"lower_bound":66788.24229209234,"upper_bound":92706.95627793654},"point_estimate":81558.06479834987,"standard_error":6623.553995194572}}