{"Mean":{"confidence_interval":{"confidence_level":0.95,"lower_bound":3385708.9387555608,"upper_bound":3480508.491821669},"point_estimate":3432193.6519749409,"standard_error":24251.217957749788},"Median":{"confidence_interval":{"confidence_level":0.95,"lower_bound":3316151.492857143,"upper_bound":3459965.6387130806},"point_estimate":3427771.154761905,"standard_error":37275.33837825733},"MedianAbsDev":{"confidence_interval":{"confidence_level":0.95,"lower_bound":233676.87793848956,"upper_bound":363441.38405056306},"point_estimate":334262.0525769493,"standard_error":32263.53812305701},"Slope":{"confidence_interval":{"confidence_level":0.95,"lower_bound":3317524.980518939,"upper_bound":3427786.063905862},"point_estimate":3369842.3371538349,"standard_error":28143.424780382833},"StdDev":{"confidence_interval":{"confidence_level":0.95,"lower_bound":208131.9137226626,"upper_bound":284675.79433218637},"point_estimate":243580.8564243843,"standard_error":20192.814812181517}}