{"Mean":{"confidence_interval":{"confidence_level":0.95,"lower_bound":6356682.556294896,"upper_bound":6783286.688276174},"point_estimate":6561792.867439428,"standard_error":109356.71217784715},"Median":{"confidence_interval":{"confidence_level":0.95,"lower_bound":5902744.333333333,"upper_bound":5949672.0},"point_estimate":5910487.716475096,"standard_error":15070.297377499206},"MedianAbsDev":{"confidence_interval":{"confidence_level":0.95,"lower_bound":21579.89061329335,"upper_bound":93056.39322143584},"point_estimate":35413.00473658828,"standard_error":22320.81112370961},"Slope":{"confidence_interval":{"confidence_level":0.95,"lower_bound":6601624.510065178,"upper_bound":7236227.59923458},"point_estimate":6910921.364341658,"standard_error":162207.15862908323},"StdDev":{"confidence_interval":{"confidence_level":0.95,"lower_bound":900238.0029679703,"upper_bound":1258836.75313782},"point_estimate":1101379.4413690342,"standard_error":91552.97549705842}}