{"Mean":{"confidence_interval":{"confidence_level":0.95,"lower_bound":55388339.13229989,"upper_bound":55890946.400079417},"point_estimate":55641632.8014726,"standard_error":128434.2594252876},"Median":{"confidence_interval":{"confidence_level":0.95,"lower_bound":55440811.45454545,"upper_bound":55827850.353232759},"point_estimate":55626662.287912089,"standard_error":96881.22285939995},"MedianAbsDev":{"confidence_interval":{"confidence_level":0.95,"lower_bound":755183.1118373172,"upper_bound":1383423.488905394},"point_estimate":1046244.999085241,"standard_error":161289.33514509208},"Slope":{"confidence_interval":{"confidence_level":0.95,"lower_bound":55555264.30195739,"upper_bound":55915922.08079694},"point_estimate":55732994.44821634,"standard_error":92008.1902561863},"StdDev":{"confidence_interval":{"confidence_level":0.95,"lower_bound":1074913.8715664535,"upper_bound":1491119.4383299237},"point_estimate":1293316.9851924638,"standard_error":106333.78959779017}}