{"Mean":{"confidence_interval":{"confidence_level":0.95,"lower_bound":3541324.2437167966,"upper_bound":3633497.6213286875},"point_estimate":3579273.944074461,"standard_error":23898.601413032087},"Median":{"confidence_interval":{"confidence_level":0.95,"lower_bound":3529308.1410052909,"upper_bound":3546734.56},"point_estimate":3532416.692635659,"standard_error":4381.1799463226},"MedianAbsDev":{"confidence_interval":{"confidence_level":0.95,"lower_bound":13526.985422706397,"upper_bound":54407.93087844818},"point_estimate":39425.00453627286,"standard_error":12203.587402951605},"Slope":{"confidence_interval":{"confidence_level":0.95,"lower_bound":3549683.2986847835,"upper_bound":3568047.5635956597},"point_estimate":3558386.473882075,"standard_error":4689.693552451834},"StdDev":{"confidence_interval":{"confidence_level":0.95,"lower_bound":74370.88052006235,"upper_bound":391635.43697768528},"point_estimate":240333.59439674015,"standard_error":97660.78025011007}}