{"Mean":{"confidence_interval":{"confidence_level":0.95,"lower_bound":21772.634655134843,"upper_bound":21910.537840495912},"point_estimate":21839.190259866984,"standard_error":35.05824499072526},"Median":{"confidence_interval":{"confidence_level":0.95,"lower_bound":21717.973725348726,"upper_bound":21906.905303030304},"point_estimate":21785.254399018377,"standard_error":46.18048638029619},"MedianAbsDev":{"confidence_interval":{"confidence_level":0.95,"lower_bound":246.18523482438116,"upper_bound":368.25827137877317},"point_estimate":307.96000364116278,"standard_error":31.94980625447622},"Slope":{"confidence_interval":{"confidence_level":0.95,"lower_bound":21739.651020563502,"upper_bound":21931.75853727342},"point_estimate":21832.462962333546,"standard_error":49.11583755983163},"StdDev":{"confidence_interval":{"confidence_level":0.95,"lower_bound":267.0572305185847,"upper_bound":431.7118415157038},"point_estimate":353.07386033701865,"standard_error":42.27554189522593}}