{"Mean":{"confidence_interval":{"confidence_level":0.95,"lower_bound":6945203.20291687,"upper_bound":6960538.0793256419},"point_estimate":6952459.984174304,"standard_error":3926.191994904783},"Median":{"confidence_interval":{"confidence_level":0.95,"lower_bound":6932867.208333333,"upper_bound":6952138.824578989},"point_estimate":6942999.256060606,"standard_error":4903.893112882373},"MedianAbsDev":{"confidence_interval":{"confidence_level":0.95,"lower_bound":22024.38702991571,"upper_bound":38739.056884970654},"point_estimate":30400.58105264264,"standard_error":4363.696675820918},"Slope":{"confidence_interval":{"confidence_level":0.95,"lower_bound":6930114.8821581839,"upper_bound":6938614.691411624},"point_estimate":6934132.818457219,"standard_error":2168.4841378595567},"StdDev":{"confidence_interval":{"confidence_level":0.95,"lower_bound":27956.368601077564,"upper_bound":51920.26014018346},"point_estimate":39339.358350329254,"standard_error":6477.254008765512}}