{"Mean":{"confidence_interval":{"confidence_level":0.95,"lower_bound":0.07533394418791267,"upper_bound":0.11721179734749263},"point_estimate":0.09585680759936199,"standard_error":0.010682458412692315},"Median":{"confidence_interval":{"confidence_level":0.95,"lower_bound":0.03521089741480177,"upper_bound":0.07818452948110077},"point_estimate":0.04981821495775174,"standard_error":0.01119317104422225}}