{"Mean":{"confidence_interval":{"confidence_level":0.95,"lower_bound":3318.0642925385079,"upper_bound":3324.238643228926},"point_estimate":3320.96825997039,"standard_error":1.5769836560677937},"Median":{"confidence_interval":{"confidence_level":0.95,"lower_bound":3314.6557209169006,"upper_bound":3318.5842672662286},"point_estimate":3316.6304794188865,"standard_error":0.9283840971838305},"MedianAbsDev":{"confidence_interval":{"confidence_level":0.95,"lower_bound":5.498568144884197,"upper_bound":10.385137466539284},"point_estimate":7.952025933885973,"standard_error":1.195373911966695},"Slope":{"confidence_interval":{"confidence_level":0.95,"lower_bound":3313.855908022311,"upper_bound":3317.3662407742924},"point_estimate":3315.566519675494,"standard_error":0.8954211421233812},"StdDev":{"confidence_interval":{"confidence_level":0.95,"lower_bound":10.821878971181674,"upper_bound":20.296752144757126},"point_estimate":15.851728258482464,"standard_error":2.419786182238352}}