{"Mean":{"confidence_interval":{"confidence_level":0.95,"lower_bound":71515.26888576188,"upper_bound":73197.01140770476},"point_estimate":72198.70249550352,"standard_error":438.8921027563137},"Median":{"confidence_interval":{"confidence_level":0.95,"lower_bound":71008.83373590982,"upper_bound":71603.89648033126},"point_estimate":71347.56805555555,"standard_error":174.03229447519858},"MedianAbsDev":{"confidence_interval":{"confidence_level":0.95,"lower_bound":660.8856516189727,"upper_bound":1076.9779773863175},"point_estimate":803.1515632717404,"standard_error":100.83913994788581},"Slope":{"confidence_interval":{"confidence_level":0.95,"lower_bound":71264.75375913386,"upper_bound":72544.73379545687},"point_estimate":71791.66211418157,"standard_error":334.074724670218},"StdDev":{"confidence_interval":{"confidence_level":0.95,"lower_bound":1450.6339526409002,"upper_bound":7071.107802834775},"point_estimate":4400.932790827132,"standard_error":1737.677475919067}}