{"Mean":{"confidence_interval":{"confidence_level":0.95,"lower_bound":0.8810097117239318,"upper_bound":0.8911885052123593},"point_estimate":0.8856579694825211,"standard_error":0.00259675383162946},"Median":{"confidence_interval":{"confidence_level":0.95,"lower_bound":0.8842204333348314,"upper_bound":0.8892561730123653},"point_estimate":0.886904023417842,"standard_error":0.0012779319142743145}}