{"Mean":{"confidence_interval":{"confidence_level":0.95,"lower_bound":13882746.154309906,"upper_bound":13995884.712605872},"point_estimate":13938128.691385474,"standard_error":28917.81452653724},"Median":{"confidence_interval":{"confidence_level":0.95,"lower_bound":13724315.536585367,"upper_bound":13900162.166666668},"point_estimate":13778232.018255579,"standard_error":55649.160337205336},"MedianAbsDev":{"confidence_interval":{"confidence_level":0.95,"lower_bound":60607.45167723242,"upper_bound":299832.84319690286},"point_estimate":142730.007721757,"standard_error":75068.36778894835},"Slope":{"confidence_interval":{"confidence_level":0.95,"lower_bound":13878714.372015443,"upper_bound":14002698.268524768},"point_estimate":13937801.163921975,"standard_error":31649.042433728897},"StdDev":{"confidence_interval":{"confidence_level":0.95,"lower_bound":252827.01858842214,"upper_bound":319503.58415961297},"point_estimate":290364.92080301317,"standard_error":17054.210245284066}}