{"Mean":{"confidence_interval":{"confidence_level":0.95,"lower_bound":3515974.133960698,"upper_bound":3554222.728921867},"point_estimate":3536556.895438871,"standard_error":9787.300765935515},"Median":{"confidence_interval":{"confidence_level":0.95,"lower_bound":3522782.04494382,"upper_bound":3541861.1944444447},"point_estimate":3526456.1534280937,"standard_error":4462.190900152875},"MedianAbsDev":{"confidence_interval":{"confidence_level":0.95,"lower_bound":26379.271942906318,"upper_bound":61771.53398972772},"point_estimate":42247.35256525876,"standard_error":8212.805754695217},"Slope":{"confidence_interval":{"confidence_level":0.95,"lower_bound":3545424.39047462,"upper_bound":3563941.4612233436},"point_estimate":3554190.4594000296,"standard_error":4720.09502896094},"StdDev":{"confidence_interval":{"confidence_level":0.95,"lower_bound":59842.73761959193,"upper_bound":140199.80117479544},"point_estimate":98358.10223742576,"standard_error":22353.44290620948}}