{"Mean":{"confidence_interval":{"confidence_level":0.95,"lower_bound":15107403.12454318,"upper_bound":15167583.23532668},"point_estimate":15136113.400897196,"standard_error":15359.634054306705},"Median":{"confidence_interval":{"confidence_level":0.95,"lower_bound":15060350.333333333,"upper_bound":15120491.262264785},"point_estimate":15091508.098522168,"standard_error":16470.82194002984},"MedianAbsDev":{"confidence_interval":{"confidence_level":0.95,"lower_bound":73543.77865849628,"upper_bound":142351.5009920159},"point_estimate":110686.00690889651,"standard_error":19549.537479145347},"Slope":{"confidence_interval":{"confidence_level":0.95,"lower_bound":15096754.594922442,"upper_bound":15170462.400564086},"point_estimate":15131637.033876164,"standard_error":18835.15899995685},"StdDev":{"confidence_interval":{"confidence_level":0.95,"lower_bound":113385.3562041943,"upper_bound":191055.45198633805},"point_estimate":154155.04232185448,"standard_error":19947.114161109785}}