{"Mean":{"confidence_interval":{"confidence_level":0.95,"lower_bound":0.7097811314071584,"upper_bound":0.7298480034043287},"point_estimate":0.7196677602256778,"standard_error":0.005160118831697292},"Median":{"confidence_interval":{"confidence_level":0.95,"lower_bound":0.7009734539334656,"upper_bound":0.7291465667713757},"point_estimate":0.716869975749086,"standard_error":0.007044218938251829}}