{"Mean":{"confidence_interval":{"confidence_level":0.95,"lower_bound":4313245.264187443,"upper_bound":4384342.902503839},"point_estimate":4345415.380680904,"standard_error":18077.84994494621},"Median":{"confidence_interval":{"confidence_level":0.95,"lower_bound":4298200.604166667,"upper_bound":4301164.2},"point_estimate":4299466.160931174,"standard_error":842.0222266827005},"MedianAbsDev":{"confidence_interval":{"confidence_level":0.95,"lower_bound":4146.617734886312,"upper_bound":10652.746410340858},"point_estimate":6808.810074903017,"standard_error":1692.6752518727799},"Slope":{"confidence_interval":{"confidence_level":0.95,"lower_bound":4300429.158261227,"upper_bound":4422341.138969262},"point_estimate":4355065.571913699,"standard_error":31096.362699771467},"StdDev":{"confidence_interval":{"confidence_level":0.95,"lower_bound":90292.15582013184,"upper_bound":247069.9794810945},"point_estimate":181884.032534179,"standard_error":39716.91543667281}}