{"Mean":{"confidence_interval":{"confidence_level":0.95,"lower_bound":7666407.52108955,"upper_bound":7784079.057606594},"point_estimate":7724104.524285517,"standard_error":29992.255887863408},"Median":{"confidence_interval":{"confidence_level":0.95,"lower_bound":7467904.717460318,"upper_bound":7786564.997790698},"point_estimate":7537278.683766234,"standard_error":97075.70747507531},"MedianAbsDev":{"confidence_interval":{"confidence_level":0.95,"lower_bound":20536.052328745278,"upper_bound":434109.31985392156},"point_estimate":124506.42369138726,"standard_error":133507.3459313259},"Slope":{"confidence_interval":{"confidence_level":0.95,"lower_bound":7681301.563739405,"upper_bound":7835217.92301562},"point_estimate":7756322.619113344,"standard_error":39252.50442624651},"StdDev":{"confidence_interval":{"confidence_level":0.95,"lower_bound":263260.5341366421,"upper_bound":333959.2582254743},"point_estimate":301649.50571547276,"standard_error":18090.148840495243}}