{"Mean":{"confidence_interval":{"confidence_level":0.95,"lower_bound":991.92116480108,"upper_bound":1030.4843667628894},"point_estimate":1011.1209017940922,"standard_error":9.821026186887832},"Median":{"confidence_interval":{"confidence_level":0.95,"lower_bound":915.0644318983768,"upper_bound":1112.6357385836512},"point_estimate":953.8691205965289,"standard_error":84.52567162441163},"MedianAbsDev":{"confidence_interval":{"confidence_level":0.95,"lower_bound":1.623332592113988,"upper_bound":130.51117849045679},"point_estimate":62.89763486624977,"standard_error":37.812703829999829},"Slope":{"confidence_interval":{"confidence_level":0.95,"lower_bound":987.0520851525713,"upper_bound":1038.9893831289408},"point_estimate":1013.2285417602694,"standard_error":13.246962533482274},"StdDev":{"confidence_interval":{"confidence_level":0.95,"lower_bound":96.02815214484136,"upper_bound":99.93671853056515},"point_estimate":98.96482552044864,"standard_error":1.0158937571600604}}