{"Mean":{"confidence_interval":{"confidence_level":0.95,"lower_bound":0.5560496967194953,"upper_bound":0.5825238468371982},"point_estimate":0.5692981303418931,"standard_error":0.006778986896700831},"Median":{"confidence_interval":{"confidence_level":0.95,"lower_bound":0.566145706975415,"upper_bound":0.5872268721561542},"point_estimate":0.5743214873102784,"standard_error":0.0055349913710803408}}