{"Mean":{"confidence_interval":{"confidence_level":0.95,"lower_bound":2042.4433587464412,"upper_bound":2047.4840977391728},"point_estimate":2044.8342009663309,"standard_error":1.2823195018156473},"Median":{"confidence_interval":{"confidence_level":0.95,"lower_bound":2040.9430641821946,"upper_bound":2046.0330112721418},"point_estimate":2043.5021647298473,"standard_error":1.3161758056417153},"MedianAbsDev":{"confidence_interval":{"confidence_level":0.95,"lower_bound":6.960198720036644,"upper_bound":11.333464965008498},"point_estimate":8.657182974988471,"standard_error":1.1144906825786576},"Slope":{"confidence_interval":{"confidence_level":0.95,"lower_bound":2039.041222219378,"upper_bound":2043.1190591590619},"point_estimate":2041.09013007651,"standard_error":1.036463325390303},"StdDev":{"confidence_interval":{"confidence_level":0.95,"lower_bound":8.922278034275216,"upper_bound":17.23498969105541},"point_estimate":12.898354169702909,"standard_error":2.2363103269238766}}