{"Mean":{"confidence_interval":{"confidence_level":0.95,"lower_bound":-0.0011317855010328476,"upper_bound":0.0008387454302888449},"point_estimate":-0.00012120770865808872,"standard_error":0.0005023173951153668},"Median":{"confidence_interval":{"confidence_level":0.95,"lower_bound":-0.003953579315171374,"upper_bound":0.0010691166003848896},"point_estimate":-0.0032496454186283776,"standard_error":0.0015169725021863003}}