{"Mean":{"confidence_interval":{"confidence_level":0.95,"lower_bound":395.0840339556217,"upper_bound":410.15007572081069},"point_estimate":402.19564751604067,"standard_error":3.8339220253724446},"Median":{"confidence_interval":{"confidence_level":0.95,"lower_bound":389.3502928158497,"upper_bound":389.5212814645309},"point_estimate":389.4337866652798,"standard_error":0.04440663568286765},"MedianAbsDev":{"confidence_interval":{"confidence_level":0.95,"lower_bound":0.16807883965971619,"upper_bound":0.3374890070881831},"point_estimate":0.25148628969687855,"standard_error":0.04322458291410195},"Slope":{"confidence_interval":{"confidence_level":0.95,"lower_bound":389.3460252978485,"upper_bound":389.58836929019216},"point_estimate":389.4460991722178,"standard_error":0.062278685844057487},"StdDev":{"confidence_interval":{"confidence_level":0.95,"lower_bound":26.113554565887847,"upper_bound":47.71863501509306},"point_estimate":38.604557012525429,"standard_error":5.424667370957664}}