{"Mean":{"confidence_interval":{"confidence_level":0.95,"lower_bound":4363489.173292312,"upper_bound":4430362.4558584629},"point_estimate":4393628.903843117,"standard_error":17203.761072597445},"Median":{"confidence_interval":{"confidence_level":0.95,"lower_bound":4344326.5,"upper_bound":4355196.466666667},"point_estimate":4351075.576830006,"standard_error":2721.555044816127},"MedianAbsDev":{"confidence_interval":{"confidence_level":0.95,"lower_bound":14454.031169518972,"upper_bound":28289.538419240074},"point_estimate":21945.056943534237,"standard_error":3686.549992446178},"Slope":{"confidence_interval":{"confidence_level":0.95,"lower_bound":4341212.011848069,"upper_bound":4454072.778073549},"point_estimate":4390437.396855327,"standard_error":29099.8518501645},"StdDev":{"confidence_interval":{"confidence_level":0.95,"lower_bound":86800.61211951236,"upper_bound":239560.80801626616},"point_estimate":173348.84240892728,"standard_error":39625.31302732462}}