{"Mean":{"confidence_interval":{"confidence_level":0.95,"lower_bound":0.5886115369453291,"upper_bound":0.6071339277039468},"point_estimate":0.5978428313522026,"standard_error":0.004745195651607583},"Median":{"confidence_interval":{"confidence_level":0.95,"lower_bound":0.5883635758000896,"upper_bound":0.6101649452727858},"point_estimate":0.5989268199553048,"standard_error":0.005680540740214419}}