{"Mean":{"confidence_interval":{"confidence_level":0.95,"lower_bound":19799498.68767765,"upper_bound":19814636.611586706},"point_estimate":19806685.33384231,"standard_error":3856.498461130943},"Median":{"confidence_interval":{"confidence_level":0.95,"lower_bound":19804834.55740528,"upper_bound":19812555.789473684},"point_estimate":19809904.5688447,"standard_error":1763.640348443883},"MedianAbsDev":{"confidence_interval":{"confidence_level":0.95,"lower_bound":10203.510157289536,"upper_bound":23664.977388783886},"point_estimate":16486.249000818294,"standard_error":3405.666022123688},"Slope":{"confidence_interval":{"confidence_level":0.95,"lower_bound":19785401.64001703,"upper_bound":19804921.00004859},"point_estimate":19795594.373802276,"standard_error":4978.775886704299},"StdDev":{"confidence_interval":{"confidence_level":0.95,"lower_bound":24006.138458010362,"upper_bound":52554.13585201113},"point_estimate":38671.38363632917,"standard_error":7423.1979048259959}}