{"Mean":{"confidence_interval":{"confidence_level":0.95,"lower_bound":0.5828241942697139,"upper_bound":0.5941230496747922},"point_estimate":0.5882882509487974,"standard_error":0.0028809712885341559},"Median":{"confidence_interval":{"confidence_level":0.95,"lower_bound":0.5841965063136859,"upper_bound":0.5922989259056719},"point_estimate":0.5886557348720749,"standard_error":0.002055722576992548}}