{"Mean":{"confidence_interval":{"confidence_level":0.95,"lower_bound":30.80423692818729,"upper_bound":30.895890850612717},"point_estimate":30.852047824381168,"standard_error":0.023390880443816529},"Median":{"confidence_interval":{"confidence_level":0.95,"lower_bound":30.928421789681129,"upper_bound":30.96245794240341},"point_estimate":30.939066664191008,"standard_error":0.009929581348834177},"MedianAbsDev":{"confidence_interval":{"confidence_level":0.95,"lower_bound":0.037923966732076267,"upper_bound":0.06343831695340926},"point_estimate":0.048187544601563599,"standard_error":0.006421332147578081},"Slope":{"confidence_interval":{"confidence_level":0.95,"lower_bound":30.9376836174864,"upper_bound":30.95408966447686},"point_estimate":30.946043713164288,"standard_error":0.00418094406681067},"StdDev":{"confidence_interval":{"confidence_level":0.95,"lower_bound":0.18492192244973452,"upper_bound":0.274704741663775},"point_estimate":0.2361110802302377,"standard_error":0.022869252320400537}}