{"Mean":{"confidence_interval":{"confidence_level":0.95,"lower_bound":52126816.30461069,"upper_bound":52763499.62323121},"point_estimate":52442595.093932528,"standard_error":162198.64058390278},"Median":{"confidence_interval":{"confidence_level":0.95,"lower_bound":52096983.86111111,"upper_bound":53032498.765625},"point_estimate":52601053.217482518,"standard_error":204836.78335014275},"MedianAbsDev":{"confidence_interval":{"confidence_level":0.95,"lower_bound":1105180.3447451138,"upper_bound":1700130.293971495},"point_estimate":1414982.120644045,"standard_error":150444.81555531515},"Slope":{"confidence_interval":{"confidence_level":0.95,"lower_bound":52707195.96307876,"upper_bound":53231981.9145924},"point_estimate":52974342.27976356,"standard_error":133427.31472301374},"StdDev":{"confidence_interval":{"confidence_level":0.95,"lower_bound":1353452.663007479,"upper_bound":1919746.46692587},"point_estimate":1637013.9836634333,"standard_error":144811.86281651743}}