{"Mean":{"confidence_interval":{"confidence_level":0.95,"lower_bound":28763878.804024973,"upper_bound":28898686.95140865},"point_estimate":28828405.50477352,"standard_error":34386.81812593293},"Median":{"confidence_interval":{"confidence_level":0.95,"lower_bound":28623981.072727276,"upper_bound":28648161.101190479},"point_estimate":28629097.296783627,"standard_error":6335.855210786909},"MedianAbsDev":{"confidence_interval":{"confidence_level":0.95,"lower_bound":15160.04539585555,"upper_bound":50872.43585895294},"point_estimate":24795.33169388771,"standard_error":9515.704303219583},"Slope":{"confidence_interval":{"confidence_level":0.95,"lower_bound":28847442.711773579,"upper_bound":29038652.972475746},"point_estimate":28944435.33329097,"standard_error":48810.24245001161},"StdDev":{"confidence_interval":{"confidence_level":0.95,"lower_bound":275643.889554442,"upper_bound":406013.01371766757},"point_estimate":346569.7813065871,"standard_error":33221.57685278843}}