{"Mean":{"confidence_interval":{"confidence_level":0.95,"lower_bound":616.9955651677282,"upper_bound":618.4967967986839},"point_estimate":617.7089787660777,"standard_error":0.3837658797466638},"Median":{"confidence_interval":{"confidence_level":0.95,"lower_bound":616.6614877705038,"upper_bound":617.9625},"point_estimate":617.270672722088,"standard_error":0.31718371105903456},"MedianAbsDev":{"confidence_interval":{"confidence_level":0.95,"lower_bound":2.564348097826579,"upper_bound":3.778820362205401},"point_estimate":3.2668909541429707,"standard_error":0.3074540575607645},"Slope":{"confidence_interval":{"confidence_level":0.95,"lower_bound":615.8071189649082,"upper_bound":616.9908902363634},"point_estimate":616.3826316150272,"standard_error":0.30307906099421569},"StdDev":{"confidence_interval":{"confidence_level":0.95,"lower_bound":2.7696652716385259,"upper_bound":5.06281345134835},"point_estimate":3.865830898353529,"standard_error":0.6111156515053836}}