{"Mean":{"confidence_interval":{"confidence_level":0.95,"lower_bound":26572526.668957104,"upper_bound":26632870.553290026},"point_estimate":26602280.031704047,"standard_error":15324.532689421783},"Median":{"confidence_interval":{"confidence_level":0.95,"lower_bound":26615888.68579373,"upper_bound":26637259.565235624},"point_estimate":26627919.669899428,"standard_error":5803.449745867242},"MedianAbsDev":{"confidence_interval":{"confidence_level":0.95,"lower_bound":46232.88717565652,"upper_bound":84395.25676933941},"point_estimate":61632.807064725785,"standard_error":10098.982125639553},"Slope":{"confidence_interval":{"confidence_level":0.95,"lower_bound":26638235.287887109,"upper_bound":26683556.41203898},"point_estimate":26657034.456695729,"standard_error":11784.726015867747},"StdDev":{"confidence_interval":{"confidence_level":0.95,"lower_bound":100794.32780182056,"upper_bound":206396.3385967349},"point_estimate":153994.66993411704,"standard_error":27539.448949316073}}