{"Mean":{"confidence_interval":{"confidence_level":0.95,"lower_bound":5015.0568579822579,"upper_bound":5036.146098533285},"point_estimate":5024.674308429738,"standard_error":5.4141628862444499},"Median":{"confidence_interval":{"confidence_level":0.95,"lower_bound":5005.689967860422,"upper_bound":5017.261414141414},"point_estimate":5013.719370867676,"standard_error":2.740427181573329},"MedianAbsDev":{"confidence_interval":{"confidence_level":0.95,"lower_bound":16.038293233782008,"upper_bound":25.00025916007859},"point_estimate":21.421109410125195,"standard_error":2.1140574259742839},"Slope":{"confidence_interval":{"confidence_level":0.95,"lower_bound":4999.047501673121,"upper_bound":5006.292850073291},"point_estimate":5002.550358140292,"standard_error":1.8486104790498064},"StdDev":{"confidence_interval":{"confidence_level":0.95,"lower_bound":31.121515679223099,"upper_bound":73.29698037208284},"point_estimate":54.430419404290109,"standard_error":10.779173981922617}}