{"Mean":{"confidence_interval":{"confidence_level":0.95,"lower_bound":36.180894444567389,"upper_bound":36.20777445535709},"point_estimate":36.19362770432339,"standard_error":0.0068739849674180459},"Median":{"confidence_interval":{"confidence_level":0.95,"lower_bound":36.16022201154398,"upper_bound":36.17856081899408},"point_estimate":36.167827266318628,"standard_error":0.004814016828580702},"MedianAbsDev":{"confidence_interval":{"confidence_level":0.95,"lower_bound":0.018187460355671874,"upper_bound":0.03772153405398906},"point_estimate":0.025453492802120869,"standard_error":0.004814832914756938},"Slope":{"confidence_interval":{"confidence_level":0.95,"lower_bound":36.15443232521107,"upper_bound":36.16000600250966},"point_estimate":36.15699689389728,"standard_error":0.0014255300878886026},"StdDev":{"confidence_interval":{"confidence_level":0.95,"lower_bound":0.04877965014374287,"upper_bound":0.08649484341526645},"point_estimate":0.06943593287919861,"standard_error":0.009628429460883357}}