{"Mean":{"confidence_interval":{"confidence_level":0.95,"lower_bound":74.02962330134663,"upper_bound":74.50291099871815},"point_estimate":74.2199965722144,"standard_error":0.12851084982589384},"Median":{"confidence_interval":{"confidence_level":0.95,"lower_bound":73.99810149706554,"upper_bound":74.03976761913877},"point_estimate":74.01080577061808,"standard_error":0.011441696979476356},"MedianAbsDev":{"confidence_interval":{"confidence_level":0.95,"lower_bound":0.03891693794419368,"upper_bound":0.0735666621530215},"point_estimate":0.057669044351263919,"standard_error":0.009750909585268988},"Slope":{"confidence_interval":{"confidence_level":0.95,"lower_bound":73.99307344616628,"upper_bound":75.32926290499688},"point_estimate":74.53578786522836,"standard_error":0.36069250036828678},"StdDev":{"confidence_interval":{"confidence_level":0.95,"lower_bound":0.07139785682831125,"upper_bound":2.027752625180498},"point_estimate":1.2910205263106914,"standard_error":0.5348727828981454}}