{"Mean":{"confidence_interval":{"confidence_level":0.95,"lower_bound":729.4054673135204,"upper_bound":738.8223052800086},"point_estimate":733.2403604386636,"standard_error":2.4568472626773274},"Median":{"confidence_interval":{"confidence_level":0.95,"lower_bound":730.6501446433058,"upper_bound":730.8669933125869},"point_estimate":730.712392373403,"standard_error":0.05631707666496311},"MedianAbsDev":{"confidence_interval":{"confidence_level":0.95,"lower_bound":0.4132490968148585,"upper_bound":0.722492365606999},"point_estimate":0.5287519236707223,"standard_error":0.08324947645091094},"Slope":{"confidence_interval":{"confidence_level":0.95,"lower_bound":726.5863213041363,"upper_bound":746.786283747241},"point_estimate":734.9195462233661,"standard_error":5.3014817446044379},"StdDev":{"confidence_interval":{"confidence_level":0.95,"lower_bound":4.506720085139229,"upper_bound":39.792093301583388},"point_estimate":24.71781268834323,"standard_error":9.7020733648245}}