{"Mean":{"confidence_interval":{"confidence_level":0.95,"lower_bound":15.93056105009531,"upper_bound":16.58633509666347},"point_estimate":16.243935810625435,"standard_error":0.16699186319948165},"Median":{"confidence_interval":{"confidence_level":0.95,"lower_bound":15.482806842235809,"upper_bound":15.498472240303438},"point_estimate":15.491978858027672,"standard_error":0.003606167962761949},"MedianAbsDev":{"confidence_interval":{"confidence_level":0.95,"lower_bound":0.027501434232601368,"upper_bound":0.05136886655948482},"point_estimate":0.03801828626991192,"standard_error":0.006077514596303092},"Slope":{"confidence_interval":{"confidence_level":0.95,"lower_bound":16.579660408586954,"upper_bound":17.772837052075169},"point_estimate":17.19369044106648,"standard_error":0.3049155013730986},"StdDev":{"confidence_interval":{"confidence_level":0.95,"lower_bound":1.3140696417578859,"upper_bound":1.9282038799221296},"point_estimate":1.6747009849789472,"standard_error":0.15637440977142134}}