{"Mean":{"confidence_interval":{"confidence_level":0.95,"lower_bound":25305062.611481646,"upper_bound":25472789.047225357},"point_estimate":25387542.197547638,"standard_error":42669.52014958647},"Median":{"confidence_interval":{"confidence_level":0.95,"lower_bound":25129577.580645164,"upper_bound":25399605.11291402},"point_estimate":25242208.32784091,"standard_error":72398.06782325254},"MedianAbsDev":{"confidence_interval":{"confidence_level":0.95,"lower_bound":251247.97338491147,"upper_bound":532405.5009829237},"point_estimate":353082.23262735988,"standard_error":79614.05778520068},"Slope":{"confidence_interval":{"confidence_level":0.95,"lower_bound":25284349.833373324,"upper_bound":25450047.80361946},"point_estimate":25364916.471434907,"standard_error":42304.599751336675},"StdDev":{"confidence_interval":{"confidence_level":0.95,"lower_bound":373478.52307005508,"upper_bound":471151.90314716767},"point_estimate":426506.2921048012,"standard_error":24935.56636805131}}