{"Mean":{"confidence_interval":{"confidence_level":0.95,"lower_bound":52702109.77955668,"upper_bound":53080888.60708005},"point_estimate":52886115.907753568,"standard_error":96761.29446708133},"Median":{"confidence_interval":{"confidence_level":0.95,"lower_bound":52435551.28246753,"upper_bound":52910492.780487809},"point_estimate":52617692.31542882,"standard_error":144388.939145735},"MedianAbsDev":{"confidence_interval":{"confidence_level":0.95,"lower_bound":558898.4848748949,"upper_bound":924076.381435648},"point_estimate":706112.3274987836,"standard_error":95221.29551010233},"Slope":{"confidence_interval":{"confidence_level":0.95,"lower_bound":52616492.251979339,"upper_bound":52880611.15690763},"point_estimate":52746455.6400266,"standard_error":67628.34630347902},"StdDev":{"confidence_interval":{"confidence_level":0.95,"lower_bound":801256.6594862578,"upper_bound":1117446.7560744743},"point_estimate":974802.9520974803,"standard_error":80776.96758474228}}