{"Mean":{"confidence_interval":{"confidence_level":0.95,"lower_bound":52693807.86445051,"upper_bound":53204556.63843303},"point_estimate":52950947.37486714,"standard_error":130797.85401352786},"Median":{"confidence_interval":{"confidence_level":0.95,"lower_bound":52658816.836904767,"upper_bound":53464673.678094889},"point_estimate":53083075.49880487,"standard_error":226489.0412371299},"MedianAbsDev":{"confidence_interval":{"confidence_level":0.95,"lower_bound":1133747.503510704,"upper_bound":1731866.3915689872},"point_estimate":1406893.5728369305,"standard_error":150821.8592147592},"Slope":{"confidence_interval":{"confidence_level":0.95,"lower_bound":52941276.44865085,"upper_bound":53423809.54555093},"point_estimate":53187053.61556967,"standard_error":123441.66542572167},"StdDev":{"confidence_interval":{"confidence_level":0.95,"lower_bound":1133217.223387555,"upper_bound":1492759.602782313},"point_estimate":1316599.0702723237,"standard_error":91769.37249735977}}