{"Mean":{"confidence_interval":{"confidence_level":0.95,"lower_bound":1951144.2644698849,"upper_bound":1988157.4101167876},"point_estimate":1969100.60298092,"standard_error":9432.164864615424},"Median":{"confidence_interval":{"confidence_level":0.95,"lower_bound":1910279.5302083335,"upper_bound":1929945.888888889},"point_estimate":1919819.0638851198,"standard_error":4950.301882532926},"MedianAbsDev":{"confidence_interval":{"confidence_level":0.95,"lower_bound":15207.788333359493,"upper_bound":40003.887567452475},"point_estimate":25902.92591426905,"standard_error":6493.519254410106},"Slope":{"confidence_interval":{"confidence_level":0.95,"lower_bound":1960334.4353981107,"upper_bound":2009123.1338557306},"point_estimate":1983585.3023791933,"standard_error":12474.246624941796},"StdDev":{"confidence_interval":{"confidence_level":0.95,"lower_bound":80777.0756869638,"upper_bound":104988.50351101166},"point_estimate":94616.06915335646,"standard_error":6193.768446288675}}