{"Mean":{"confidence_interval":{"confidence_level":0.95,"lower_bound":44978685.6750438,"upper_bound":45149181.87710937},"point_estimate":45069633.045368719,"standard_error":43641.110869321135},"Median":{"confidence_interval":{"confidence_level":0.95,"lower_bound":45008092.13432836,"upper_bound":45188942.16438356},"point_estimate":45079070.30650155,"standard_error":40355.53385408912},"MedianAbsDev":{"confidence_interval":{"confidence_level":0.95,"lower_bound":188186.09203344529,"upper_bound":328839.4354967273},"point_estimate":252057.945960129,"standard_error":34052.29266637296},"Slope":{"confidence_interval":{"confidence_level":0.95,"lower_bound":45142689.508442688,"upper_bound":45246408.38911653},"point_estimate":45193958.088591698,"standard_error":26341.56550792438},"StdDev":{"confidence_interval":{"confidence_level":0.95,"lower_bound":267359.05531354699,"upper_bound":594118.6564869593},"point_estimate":438674.6541356487,"standard_error":84031.01732806834}}