{"Mean":{"confidence_interval":{"confidence_level":0.95,"lower_bound":0.11145033059768633,"upper_bound":0.1500765207883434},"point_estimate":0.13015343193287433,"standard_error":0.009870597588531736},"Median":{"confidence_interval":{"confidence_level":0.95,"lower_bound":0.09250696443836559,"upper_bound":0.1432844994353264},"point_estimate":0.1289864940277743,"standard_error":0.01495090193887615}}