{"Mean":{"confidence_interval":{"confidence_level":0.95,"lower_bound":70625684.91795016,"upper_bound":71398973.29658564},"point_estimate":70993711.21258328,"standard_error":197277.95307290005},"Median":{"confidence_interval":{"confidence_level":0.95,"lower_bound":69850900.91780822,"upper_bound":70335293.46071428},"point_estimate":69866923.24432478,"standard_error":124425.19085110382},"MedianAbsDev":{"confidence_interval":{"confidence_level":0.95,"lower_bound":36561.53518174409,"upper_bound":748211.3626787426},"point_estimate":87008.67823960776,"standard_error":182464.18663908935},"Slope":{"confidence_interval":{"confidence_level":0.95,"lower_bound":70035554.76639237,"upper_bound":70301837.21474079},"point_estimate":70154706.81990838,"standard_error":68153.93582030092},"StdDev":{"confidence_interval":{"confidence_level":0.95,"lower_bound":1482864.8835545937,"upper_bound":2392605.8672881645},"point_estimate":1980073.3137576874,"standard_error":232637.48892627946}}