{"Mean":{"confidence_interval":{"confidence_level":0.95,"lower_bound":36559.78178540253,"upper_bound":36878.703741887795},"point_estimate":36715.25815631492,"standard_error":81.68566403814407},"Median":{"confidence_interval":{"confidence_level":0.95,"lower_bound":36190.88774916943,"upper_bound":36325.32304421769},"point_estimate":36231.602040816324,"standard_error":33.579868962307518},"MedianAbsDev":{"confidence_interval":{"confidence_level":0.95,"lower_bound":141.296046328693,"upper_bound":342.36640377026466},"point_estimate":201.04335701749324,"standard_error":53.19312319941821},"Slope":{"confidence_interval":{"confidence_level":0.95,"lower_bound":36536.45856539256,"upper_bound":36959.62230847458},"point_estimate":36733.40113217505,"standard_error":108.06904297707183},"StdDev":{"confidence_interval":{"confidence_level":0.95,"lower_bound":722.3691611460333,"upper_bound":887.7871334902919},"point_estimate":821.324346452385,"standard_error":42.587806614077447}}