{"Mean":{"confidence_interval":{"confidence_level":0.95,"lower_bound":1813733.5902260843,"upper_bound":1815398.6594947582},"point_estimate":1814508.6729880649,"standard_error":425.63410718323817},"Median":{"confidence_interval":{"confidence_level":0.95,"lower_bound":1812744.3170731709,"upper_bound":1813553.0454545455},"point_estimate":1812995.9272844275,"standard_error":235.63793946451865},"MedianAbsDev":{"confidence_interval":{"confidence_level":0.95,"lower_bound":1072.2016925631968,"upper_bound":2032.0680088953544},"point_estimate":1337.469909588515,"standard_error":243.0141245096372},"Slope":{"confidence_interval":{"confidence_level":0.95,"lower_bound":1812869.970198583,"upper_bound":1814236.9181644405},"point_estimate":1813492.9331579726,"standard_error":351.68511310103357},"StdDev":{"confidence_interval":{"confidence_level":0.95,"lower_bound":2776.35656059944,"upper_bound":5617.7846569503039},"point_estimate":4270.227981789865,"standard_error":730.4337289761412}}