{"Mean":{"confidence_interval":{"confidence_level":0.95,"lower_bound":3503.829063017941,"upper_bound":3655.001594978362},"point_estimate":3577.366541957712,"standard_error":38.610403165063669},"Median":{"confidence_interval":{"confidence_level":0.95,"lower_bound":3372.162848980001,"upper_bound":3383.6451448906966},"point_estimate":3377.0563345195735,"standard_error":3.1752146673030667},"MedianAbsDev":{"confidence_interval":{"confidence_level":0.95,"lower_bound":9.178058879761464,"upper_bound":24.514359541448305},"point_estimate":15.602012392120516,"standard_error":4.078132352392292},"Slope":{"confidence_interval":{"confidence_level":0.95,"lower_bound":3690.976569265311,"upper_bound":3944.3940223178408},"point_estimate":3824.107753147865,"standard_error":65.00482830337099},"StdDev":{"confidence_interval":{"confidence_level":0.95,"lower_bound":323.770776637767,"upper_bound":434.0752057524522},"point_estimate":388.2057585569468,"standard_error":28.324646406180866}}