{"Mean":{"confidence_interval":{"confidence_level":0.95,"lower_bound":16.7511022691168,"upper_bound":18.079508063538414},"point_estimate":17.398809644784785,"standard_error":0.34006438522923779},"Median":{"confidence_interval":{"confidence_level":0.95,"lower_bound":15.543791352729665,"upper_bound":15.567654658217267},"point_estimate":15.552520234197726,"standard_error":0.005765434729318808},"MedianAbsDev":{"confidence_interval":{"confidence_level":0.95,"lower_bound":0.015694119195650847,"upper_bound":0.049350011426625369},"point_estimate":0.02761336896911764,"standard_error":0.008205386683215509},"Slope":{"confidence_interval":{"confidence_level":0.95,"lower_bound":16.767683958636739,"upper_bound":18.33750447187561},"point_estimate":17.49037811541695,"standard_error":0.402120540008418},"StdDev":{"confidence_interval":{"confidence_level":0.95,"lower_bound":2.8661052939971647,"upper_bound":3.784444672345958},"point_estimate":3.414334443520544,"standard_error":0.2337477893375469}}