{"Mean":{"confidence_interval":{"confidence_level":0.95,"lower_bound":0.05065533929854958,"upper_bound":0.09108100709956174},"point_estimate":0.07055529039150876,"standard_error":0.010323047579120715},"Median":{"confidence_interval":{"confidence_level":0.95,"lower_bound":0.0177413660389234,"upper_bound":0.08460246533014937},"point_estimate":0.04532119654509614,"standard_error":0.01619005111520146}}