{"Mean":{"confidence_interval":{"confidence_level":0.95,"lower_bound":90994.82623661132,"upper_bound":91800.2385855711},"point_estimate":91410.5108941106,"standard_error":205.9165148629466},"Median":{"confidence_interval":{"confidence_level":0.95,"lower_bound":92407.92417120238,"upper_bound":92465.75824074075},"point_estimate":92437.10022435898,"standard_error":15.354742141633329},"MedianAbsDev":{"confidence_interval":{"confidence_level":0.95,"lower_bound":100.31125786885726,"upper_bound":360.4649473558405},"point_estimate":139.24881212361036,"standard_error":60.422886829721999},"Slope":{"confidence_interval":{"confidence_level":0.95,"lower_bound":90349.72264553519,"upper_bound":91410.39729726626},"point_estimate":90907.2596697207,"standard_error":270.7793057520258},"StdDev":{"confidence_interval":{"confidence_level":0.95,"lower_bound":1787.2923356131703,"upper_bound":2269.342666715491},"point_estimate":2071.5450889875548,"standard_error":123.87525504370695}}