{"Mean":{"confidence_interval":{"confidence_level":0.95,"lower_bound":253929.30836388735,"upper_bound":254454.22228979585},"point_estimate":254172.64069602596,"standard_error":134.680919817805},"Median":{"confidence_interval":{"confidence_level":0.95,"lower_bound":253639.94949494949,"upper_bound":253953.7927389706},"point_estimate":253869.64426691729,"standard_error":83.39511225523303},"MedianAbsDev":{"confidence_interval":{"confidence_level":0.95,"lower_bound":406.04149083118537,"upper_bound":741.7760978348262},"point_estimate":563.161318835846,"standard_error":85.56498268776106},"Slope":{"confidence_interval":{"confidence_level":0.95,"lower_bound":253695.46295259658,"upper_bound":254274.1472700838},"point_estimate":253961.90006206593,"standard_error":147.95041150343864},"StdDev":{"confidence_interval":{"confidence_level":0.95,"lower_bound":831.5189370698342,"upper_bound":1798.0266079406395},"point_estimate":1355.333021165355,"standard_error":246.5482146143573}}