{"Mean":{"confidence_interval":{"confidence_level":0.95,"lower_bound":3633362.5084426666,"upper_bound":3731010.9202843697},"point_estimate":3679012.8832487587,"standard_error":24946.18924402947},"Median":{"confidence_interval":{"confidence_level":0.95,"lower_bound":3586042.652173913,"upper_bound":3701829.6285714285},"point_estimate":3678094.6919929867,"standard_error":27350.845134466363},"MedianAbsDev":{"confidence_interval":{"confidence_level":0.95,"lower_bound":98748.14151175588,"upper_bound":236481.51239713684},"point_estimate":193354.20075564885,"standard_error":34834.09454605487},"Slope":{"confidence_interval":{"confidence_level":0.95,"lower_bound":3588088.638513612,"upper_bound":3646730.7906968079},"point_estimate":3617657.8461977245,"standard_error":14914.008834075998},"StdDev":{"confidence_interval":{"confidence_level":0.95,"lower_bound":156723.95203581768,"upper_bound":337058.1223108359},"point_estimate":249411.42132958547,"standard_error":46722.12468712356}}