{"Mean":{"confidence_interval":{"confidence_level":0.95,"lower_bound":0.8336160516507962,"upper_bound":1.0674022080002939},"point_estimate":0.944859696200675,"standard_error":0.059788845484292387},"Median":{"confidence_interval":{"confidence_level":0.95,"lower_bound":0.8279389197263196,"upper_bound":1.135190297994558},"point_estimate":0.9686066029419884,"standard_error":0.07895353768140642}}