{"Mean":{"confidence_interval":{"confidence_level":0.95,"lower_bound":91228.33075518646,"upper_bound":97593.711681893},"point_estimate":94337.72004562152,"standard_error":1621.7911759869533},"Median":{"confidence_interval":{"confidence_level":0.95,"lower_bound":85976.66666666667,"upper_bound":92031.65633289125},"point_estimate":86141.62945701357,"standard_error":1839.880366136843},"MedianAbsDev":{"confidence_interval":{"confidence_level":0.95,"lower_bound":8035.8756872809049,"upper_bound":18274.174577277943},"point_estimate":12216.89421767566,"standard_error":2420.117252872013},"Slope":{"confidence_interval":{"confidence_level":0.95,"lower_bound":87259.46245791481,"upper_bound":93275.34601018774},"point_estimate":90137.75990337724,"standard_error":1543.0540451419388},"StdDev":{"confidence_interval":{"confidence_level":0.95,"lower_bound":13972.579642370369,"upper_bound":18265.699585238428},"point_estimate":16275.469281440233,"standard_error":1095.657679994391}}