{"Mean":{"confidence_interval":{"confidence_level":0.95,"lower_bound":558409.2602751453,"upper_bound":573114.1481607971},"point_estimate":565236.4234339966,"standard_error":3756.572208036514},"Median":{"confidence_interval":{"confidence_level":0.95,"lower_bound":546181.1833333334,"upper_bound":546725.53125},"point_estimate":546356.1785714286,"standard_error":372.1283236782562},"MedianAbsDev":{"confidence_interval":{"confidence_level":0.95,"lower_bound":587.0226082886115,"upper_bound":1875.9249216956662},"point_estimate":1011.2979153791392,"standard_error":608.6072085766867},"Slope":{"confidence_interval":{"confidence_level":0.95,"lower_bound":562869.3544833675,"upper_bound":582172.199959146},"point_estimate":571768.4194975616,"standard_error":4941.370998703472},"StdDev":{"confidence_interval":{"confidence_level":0.95,"lower_bound":24363.98759245536,"upper_bound":48936.308309893364},"point_estimate":37719.91097423141,"standard_error":6266.5546701389389}}