{"Mean":{"confidence_interval":{"confidence_level":0.95,"lower_bound":-0.015950504075048456,"upper_bound":0.00521830488267126},"point_estimate":-0.005450697299809293,"standard_error":0.0053957695026587699},"Median":{"confidence_interval":{"confidence_level":0.95,"lower_bound":-0.06863210142773335,"upper_bound":0.012411660014793214},"point_estimate":0.011616374030531507,"standard_error":0.01605525621995086}}