{"Mean":{"confidence_interval":{"confidence_level":0.95,"lower_bound":-0.04309863038095878,"upper_bound":-0.003672314493726264},"point_estimate":-0.024030839099870917,"standard_error":0.010080808769845389},"Median":{"confidence_interval":{"confidence_level":0.95,"lower_bound":-0.025749635165571828,"upper_bound":-0.024557292935439513},"point_estimate":-0.02517903222400819,"standard_error":0.00029811887637144866}}