{"Mean":{"confidence_interval":{"confidence_level":0.95,"lower_bound":-0.07227789237360519,"upper_bound":0.05122865385246155},"point_estimate":-0.010304085093969073,"standard_error":0.031492983444255277},"Median":{"confidence_interval":{"confidence_level":0.95,"lower_bound":-0.09692354700587247,"upper_bound":0.07331265446622393},"point_estimate":-0.02295677834938492,"standard_error":0.043749655921233209}}