{"Mean":{"confidence_interval":{"confidence_level":0.95,"lower_bound":41147.33521566943,"upper_bound":41495.17996373147},"point_estimate":41322.69417086007,"standard_error":88.67475315067542},"Median":{"confidence_interval":{"confidence_level":0.95,"lower_bound":40336.449156626506,"upper_bound":41992.7104},"point_estimate":41952.00930555556,"standard_error":282.6876968806925},"MedianAbsDev":{"confidence_interval":{"confidence_level":0.95,"lower_bound":124.53190767496237,"upper_bound":1149.6551033713577},"point_estimate":246.58941053881623,"standard_error":239.29920410760196},"Slope":{"confidence_interval":{"confidence_level":0.95,"lower_bound":40508.23858199225,"upper_bound":40774.27970921725},"point_estimate":40625.064483522976,"standard_error":67.98807207900096},"StdDev":{"confidence_interval":{"confidence_level":0.95,"lower_bound":838.8904495193143,"upper_bound":925.2016556181038},"point_estimate":891.7279492277636,"standard_error":21.485098572211787}}