{"Mean":{"confidence_interval":{"confidence_level":0.95,"lower_bound":48033322.823838848,"upper_bound":48056013.58401634},"point_estimate":48044787.88604777,"standard_error":5811.858294724047},"Median":{"confidence_interval":{"confidence_level":0.95,"lower_bound":48045097.917319748,"upper_bound":48070083.12903226},"point_estimate":48059054.77006689,"standard_error":6354.780508510022},"MedianAbsDev":{"confidence_interval":{"confidence_level":0.95,"lower_bound":36634.59914628134,"upper_bound":65933.35180806955},"point_estimate":50614.242441662056,"standard_error":7710.205238447086},"Slope":{"confidence_interval":{"confidence_level":0.95,"lower_bound":47996259.163355629,"upper_bound":48027982.34923404},"point_estimate":48011487.5610167,"standard_error":8110.52056841504},"StdDev":{"confidence_interval":{"confidence_level":0.95,"lower_bound":50534.35044535113,"upper_bound":65362.639120608765},"point_estimate":58389.449429456174,"standard_error":3768.8395105410329}}