{"Mean":{"confidence_interval":{"confidence_level":0.95,"lower_bound":994898.2733504892,"upper_bound":1000498.3569771159},"point_estimate":997714.9412315062,"standard_error":1425.2643675385226},"Median":{"confidence_interval":{"confidence_level":0.95,"lower_bound":983259.625,"upper_bound":1010898.6166666667},"point_estimate":1010694.3854166668,"standard_error":10097.095469375905},"MedianAbsDev":{"confidence_interval":{"confidence_level":0.95,"lower_bound":1145.432029664574,"upper_bound":19941.085669365737},"point_estimate":3287.399956220176,"standard_error":6015.174978397731},"Slope":{"confidence_interval":{"confidence_level":0.95,"lower_bound":989691.8838251132,"upper_bound":997127.4350243196},"point_estimate":993435.1432392493,"standard_error":1898.7817055527244},"StdDev":{"confidence_interval":{"confidence_level":0.95,"lower_bound":13748.013954611886,"upper_bound":14523.259327839973},"point_estimate":14278.07937291008,"standard_error":197.11616828735928}}