{"Mean":{"confidence_interval":{"confidence_level":0.95,"lower_bound":434167.2101198593,"upper_bound":449519.1603530002},"point_estimate":441616.02907865328,"standard_error":3909.40838924489},"Median":{"confidence_interval":{"confidence_level":0.95,"lower_bound":418094.9583333333,"upper_bound":419598.71428571428},"point_estimate":418346.1384815901,"standard_error":406.62274344946226},"MedianAbsDev":{"confidence_interval":{"confidence_level":0.95,"lower_bound":1217.669038753087,"upper_bound":3640.977905730167},"point_estimate":1998.406409025214,"standard_error":626.0516569955503},"Slope":{"confidence_interval":{"confidence_level":0.95,"lower_bound":444722.8237025113,"upper_bound":468447.9408507943},"point_estimate":456681.29844539679,"standard_error":6084.670763383619},"StdDev":{"confidence_interval":{"confidence_level":0.95,"lower_bound":33980.24237910523,"upper_bound":42867.35277852585},"point_estimate":39269.56367607057,"standard_error":2300.3936701955396}}