{"Mean":{"confidence_interval":{"confidence_level":0.95,"lower_bound":339962.05091505919,"upper_bound":361329.74582029096},"point_estimate":350494.11099413767,"standard_error":5447.510706185952},"Median":{"confidence_interval":{"confidence_level":0.95,"lower_bound":305506.4069767442,"upper_bound":339176.3382498352},"point_estimate":305974.2083333334,"standard_error":11425.558128896986},"MedianAbsDev":{"confidence_interval":{"confidence_level":0.95,"lower_bound":542.9073034182553,"upper_bound":47508.42552580682},"point_estimate":1242.414959124604,"standard_error":11743.902612350154},"Slope":{"confidence_interval":{"confidence_level":0.95,"lower_bound":360694.3340299885,"upper_bound":388212.83837889946},"point_estimate":374938.08532732378,"standard_error":7038.807086957059},"StdDev":{"confidence_interval":{"confidence_level":0.95,"lower_bound":51133.59740174792,"upper_bound":56561.69383471058},"point_estimate":54782.06692938686,"standard_error":1410.5081522653075}}