{"Mean":{"confidence_interval":{"confidence_level":0.95,"lower_bound":7924652.663036077,"upper_bound":8005650.027392935},"point_estimate":7964184.048829452,"standard_error":20573.631797768736},"Median":{"confidence_interval":{"confidence_level":0.95,"lower_bound":7900864.757575758,"upper_bound":7982058.964285715},"point_estimate":7937524.938556068,"standard_error":16914.488929712967},"MedianAbsDev":{"confidence_interval":{"confidence_level":0.95,"lower_bound":113591.599359291,"upper_bound":180788.8617916717},"point_estimate":153109.63959060686,"standard_error":16453.380114423482},"Slope":{"confidence_interval":{"confidence_level":0.95,"lower_bound":7898078.970711056,"upper_bound":7953835.0398434619},"point_estimate":7925523.490633959,"standard_error":14271.188362470766},"StdDev":{"confidence_interval":{"confidence_level":0.95,"lower_bound":162187.0663902236,"upper_bound":249028.65927464397},"point_estimate":207122.6628467674,"standard_error":22190.55809898847}}