{"Mean":{"confidence_interval":{"confidence_level":0.95,"lower_bound":5653640.826000804,"upper_bound":5884048.602329544},"point_estimate":5765345.197534632,"standard_error":58864.73097771719},"Median":{"confidence_interval":{"confidence_level":0.95,"lower_bound":5361942.761904762,"upper_bound":5646687.786290322},"point_estimate":5438837.676415095,"standard_error":76708.13161410064},"MedianAbsDev":{"confidence_interval":{"confidence_level":0.95,"lower_bound":121840.57149384944,"upper_bound":512362.6327373355},"point_estimate":236830.61245791615,"standard_error":107730.12132214233},"Slope":{"confidence_interval":{"confidence_level":0.95,"lower_bound":5650666.055934638,"upper_bound":5979490.905279635},"point_estimate":5809300.809194621,"standard_error":83951.13563111089},"StdDev":{"confidence_interval":{"confidence_level":0.95,"lower_bound":502537.1757394635,"upper_bound":668300.5885138265},"point_estimate":593317.8678753211,"standard_error":42295.62975824246}}