{"Mean":{"confidence_interval":{"confidence_level":0.95,"lower_bound":9339010.62860854,"upper_bound":9584962.13380068},"point_estimate":9452714.132782968,"standard_error":63266.825796896126},"Median":{"confidence_interval":{"confidence_level":0.95,"lower_bound":9266643.64017094,"upper_bound":9278848.327586208},"point_estimate":9271074.18367347,"standard_error":3636.696596319986},"MedianAbsDev":{"confidence_interval":{"confidence_level":0.95,"lower_bound":8052.073636662282,"upper_bound":16487.50834395623},"point_estimate":12561.715194098006,"standard_error":2021.5630633728929},"Slope":{"confidence_interval":{"confidence_level":0.95,"lower_bound":9282157.337119613,"upper_bound":9337797.632506896},"point_estimate":9305512.750418207,"standard_error":14256.40347783904},"StdDev":{"confidence_interval":{"confidence_level":0.95,"lower_bound":406958.53843845837,"upper_bound":813258.5870678052},"point_estimate":637084.1879051481,"standard_error":105237.77965591505}}