{"Mean":{"confidence_interval":{"confidence_level":0.95,"lower_bound":4205482.527633905,"upper_bound":4223814.256614433},"point_estimate":4213469.644659076,"standard_error":4731.6320005539},"Median":{"confidence_interval":{"confidence_level":0.95,"lower_bound":4197206.130434782,"upper_bound":4200726.258064516},"point_estimate":4198942.685858586,"standard_error":1063.9911098462424},"MedianAbsDev":{"confidence_interval":{"confidence_level":0.95,"lower_bound":5446.802181561292,"upper_bound":11594.118376883293},"point_estimate":9204.202680998153,"standard_error":1633.2501753770287},"Slope":{"confidence_interval":{"confidence_level":0.95,"lower_bound":4195387.5652872589,"upper_bound":4200101.664628612},"point_estimate":4197472.889011378,"standard_error":1215.5726390874727},"StdDev":{"confidence_interval":{"confidence_level":0.95,"lower_bound":20443.668142519862,"upper_bound":72550.35179359655},"point_estimate":47813.0123268259,"standard_error":14251.262506472318}}