{"Mean":{"confidence_interval":{"confidence_level":0.95,"lower_bound":33560995.92699106,"upper_bound":33862743.81106012},"point_estimate":33702255.45484468,"standard_error":77006.08805086173},"Median":{"confidence_interval":{"confidence_level":0.95,"lower_bound":33425003.0,"upper_bound":33626914.29554656},"point_estimate":33536553.756092553,"standard_error":50554.362912300414},"MedianAbsDev":{"confidence_interval":{"confidence_level":0.95,"lower_bound":293664.2617612172,"upper_bound":532961.7642564304},"point_estimate":392984.9313847577,"standard_error":63550.69414124231},"Slope":{"confidence_interval":{"confidence_level":0.95,"lower_bound":33475524.380349854,"upper_bound":33644796.628266599},"point_estimate":33554140.7227043,"standard_error":43036.66126934915},"StdDev":{"confidence_interval":{"confidence_level":0.95,"lower_bound":533083.5656356871,"upper_bound":1017821.1706540749},"point_estimate":774407.3458211422,"standard_error":126473.7888226456}}