{"Mean":{"confidence_interval":{"confidence_level":0.95,"lower_bound":221576.71751421927,"upper_bound":225669.93176899217},"point_estimate":223550.7894526636,"standard_error":1046.6365406492653},"Median":{"confidence_interval":{"confidence_level":0.95,"lower_bound":217953.25496453903,"upper_bound":218327.09843137256},"point_estimate":218116.00157004834,"standard_error":89.0222437235319},"MedianAbsDev":{"confidence_interval":{"confidence_level":0.95,"lower_bound":553.1793779279603,"upper_bound":1108.8210741039896},"point_estimate":790.6870000999592,"standard_error":135.28513312540918},"Slope":{"confidence_interval":{"confidence_level":0.95,"lower_bound":223585.89546023249,"upper_bound":230020.01597226229},"point_estimate":226710.00417378456,"standard_error":1637.9145271762519},"StdDev":{"confidence_interval":{"confidence_level":0.95,"lower_bound":8700.294108459326,"upper_bound":11831.895831877257},"point_estimate":10505.60629369305,"standard_error":804.6835807411967}}