{"Mean":{"confidence_interval":{"confidence_level":0.95,"lower_bound":3408.957176359308,"upper_bound":3562.7162421066898},"point_estimate":3461.3163932093696,"standard_error":49.27246089253228},"Median":{"confidence_interval":{"confidence_level":0.95,"lower_bound":3403.635261302272,"upper_bound":3407.1524914089347},"point_estimate":3404.5079734429257,"standard_error":0.8165155970417247},"MedianAbsDev":{"confidence_interval":{"confidence_level":0.95,"lower_bound":5.270556328609443,"upper_bound":10.067576090518932},"point_estimate":6.415050828619198,"standard_error":1.1511157291722399},"Slope":{"confidence_interval":{"confidence_level":0.95,"lower_bound":3401.6938323165375,"upper_bound":3835.6421037847105},"point_estimate":3537.308465806113,"standard_error":131.2027793251881},"StdDev":{"confidence_interval":{"confidence_level":0.95,"lower_bound":15.79806257476656,"upper_bound":847.0908564249745},"point_estimate":494.15387838123839,"standard_error":301.02610902218859}}