{"Mean":{"confidence_interval":{"confidence_level":0.95,"lower_bound":7511.670107644322,"upper_bound":7821.300627217296},"point_estimate":7663.986836876771,"standard_error":78.8115283896946},"Median":{"confidence_interval":{"confidence_level":0.95,"lower_bound":7044.7016845238099,"upper_bound":7335.697402597403},"point_estimate":7067.333928571428,"standard_error":141.27439984803037},"MedianAbsDev":{"confidence_interval":{"confidence_level":0.95,"lower_bound":71.19545334717874,"upper_bound":441.2294961041104},"point_estimate":119.3242790065702,"standard_error":109.426195293713},"Slope":{"confidence_interval":{"confidence_level":0.95,"lower_bound":7551.14809922248,"upper_bound":7981.161334339407},"point_estimate":7764.869475163081,"standard_error":110.48713473438991},"StdDev":{"confidence_interval":{"confidence_level":0.95,"lower_bound":739.4402951211632,"upper_bound":818.6879607486383},"point_estimate":793.3990966846744,"standard_error":20.70343250532933}}