{"Mean":{"confidence_interval":{"confidence_level":0.95,"lower_bound":1461192.1297610684,"upper_bound":1475606.1783216636},"point_estimate":1468310.5094025387,"standard_error":3667.1346444552507},"Median":{"confidence_interval":{"confidence_level":0.95,"lower_bound":1451319.641509434,"upper_bound":1473089.8882608696},"point_estimate":1457097.627657313,"standard_error":5996.322891935222},"MedianAbsDev":{"confidence_interval":{"confidence_level":0.95,"lower_bound":26679.62858348464,"upper_bound":48112.018327401485},"point_estimate":39449.195422970195,"standard_error":5358.666428484171},"Slope":{"confidence_interval":{"confidence_level":0.95,"lower_bound":1463657.7623646046,"upper_bound":1483915.6232529632},"point_estimate":1473623.4758652284,"standard_error":5188.061749417599},"StdDev":{"confidence_interval":{"confidence_level":0.95,"lower_bound":32184.747143919507,"upper_bound":41140.2968819726},"point_estimate":36961.083894006726,"standard_error":2283.7194369262995}}