{"Mean":{"confidence_interval":{"confidence_level":0.95,"lower_bound":3786564.7464731137,"upper_bound":3868609.130219513},"point_estimate":3828856.256597462,"standard_error":20873.517580696986},"Median":{"confidence_interval":{"confidence_level":0.95,"lower_bound":3797722.683116883,"upper_bound":3890683.5223880598},"point_estimate":3851444.228410513,"standard_error":23984.406877342197},"MedianAbsDev":{"confidence_interval":{"confidence_level":0.95,"lower_bound":120030.35659317317,"upper_bound":200102.65481662352},"point_estimate":152949.76055905553,"standard_error":20264.50761944396},"Slope":{"confidence_interval":{"confidence_level":0.95,"lower_bound":3825329.6989934674,"upper_bound":3887964.6545464347},"point_estimate":3857465.9412649625,"standard_error":15992.851593798094},"StdDev":{"confidence_interval":{"confidence_level":0.95,"lower_bound":156382.08672336228,"upper_bound":262140.49338169586},"point_estimate":209810.65079436298,"standard_error":27214.85286768793}}