{"Mean":{"confidence_interval":{"confidence_level":0.95,"lower_bound":18.439205656686636,"upper_bound":20.020772425384807},"point_estimate":19.229054518318994,"standard_error":0.4040678037582109},"Median":{"confidence_interval":{"confidence_level":0.95,"lower_bound":15.532453611926487,"upper_bound":23.765654937080897},"point_estimate":15.534915615433917,"standard_error":2.543599706117672},"MedianAbsDev":{"confidence_interval":{"confidence_level":0.95,"lower_bound":0.005802989871577346,"upper_bound":5.342056740326332},"point_estimate":0.010478169733670809,"standard_error":1.6313095737911998},"Slope":{"confidence_interval":{"confidence_level":0.95,"lower_bound":17.332844504533506,"upper_bound":19.378837925269317},"point_estimate":18.347134766681305,"standard_error":0.521155476089872},"StdDev":{"confidence_interval":{"confidence_level":0.95,"lower_bound":3.8915965418244879,"upper_bound":4.128138580717788},"point_estimate":4.065231135891274,"standard_error":0.06152626088133615}}