{"Mean":{"confidence_interval":{"confidence_level":0.95,"lower_bound":6895.571988577818,"upper_bound":6924.73512154022},"point_estimate":6909.058257542821,"standard_error":7.431321558852016},"Median":{"confidence_interval":{"confidence_level":0.95,"lower_bound":6880.557050921001,"upper_bound":6903.579802955665},"point_estimate":6888.557803696191,"standard_error":5.45717071316706},"MedianAbsDev":{"confidence_interval":{"confidence_level":0.95,"lower_bound":29.75220925354725,"upper_bound":52.16574867925786},"point_estimate":39.65545330605107,"standard_error":5.684652408402476},"Slope":{"confidence_interval":{"confidence_level":0.95,"lower_bound":6871.08796152235,"upper_bound":6886.210866925941},"point_estimate":6878.222903013101,"standard_error":3.8524044626038549},"StdDev":{"confidence_interval":{"confidence_level":0.95,"lower_bound":47.831302621472669,"upper_bound":98.4856430535322},"point_estimate":74.78396527590509,"standard_error":12.99335739050752}}