{"Mean":{"confidence_interval":{"confidence_level":0.95,"lower_bound":137061.56947684356,"upper_bound":138162.11983472654},"point_estimate":137604.55857847408,"standard_error":280.9487030592294},"Median":{"confidence_interval":{"confidence_level":0.95,"lower_bound":135641.178125,"upper_bound":136139.875},"point_estimate":135791.07629504504,"standard_error":244.58687396936487},"MedianAbsDev":{"confidence_interval":{"confidence_level":0.95,"lower_bound":686.7098394959455,"upper_bound":1591.8411320466778},"point_estimate":929.1085737660567,"standard_error":262.8609128235407},"Slope":{"confidence_interval":{"confidence_level":0.95,"lower_bound":136706.81078836029,"upper_bound":138262.31250275594},"point_estimate":137493.3091598936,"standard_error":398.2238702160886},"StdDev":{"confidence_interval":{"confidence_level":0.95,"lower_bound":2595.5047050582918,"upper_bound":2934.846462761594},"point_estimate":2816.7588941064129,"standard_error":87.97033954217426}}