{"Mean":{"confidence_interval":{"confidence_level":0.95,"lower_bound":-0.007876767176866159,"upper_bound":0.049428547014175368},"point_estimate":0.02021606682523447,"standard_error":0.01459975064784143},"Median":{"confidence_interval":{"confidence_level":0.95,"lower_bound":-0.0010116975598752909,"upper_bound":0.0006857787732543752},"point_estimate":-0.00025076577510951825,"standard_error":0.00044544273958369533}}