{"Mean":{"confidence_interval":{"confidence_level":0.95,"lower_bound":137781.93816427273,"upper_bound":138752.4616917463},"point_estimate":138256.65389778635,"standard_error":247.9581540202145},"Median":{"confidence_interval":{"confidence_level":0.95,"lower_bound":136763.57,"upper_bound":137100.08578431374},"point_estimate":136960.49977393618,"standard_error":80.30442046775504},"MedianAbsDev":{"confidence_interval":{"confidence_level":0.95,"lower_bound":583.4652931426485,"upper_bound":1306.3469344690046},"point_estimate":957.7029559140284,"standard_error":185.73984098023534},"Slope":{"confidence_interval":{"confidence_level":0.95,"lower_bound":138237.01877293565,"upper_bound":139631.17237038548},"point_estimate":138911.67362125018,"standard_error":357.2737712874971},"StdDev":{"confidence_interval":{"confidence_level":0.95,"lower_bound":2214.2406655635229,"upper_bound":2693.8011632103055},"point_estimate":2502.37835914528,"standard_error":122.95392338659059}}