{"Mean":{"confidence_interval":{"confidence_level":0.95,"lower_bound":0.7377378581790788,"upper_bound":0.7672681216713377},"point_estimate":0.7519787274006702,"standard_error":0.0075227432105757},"Median":{"confidence_interval":{"confidence_level":0.95,"lower_bound":0.73876330080537,"upper_bound":0.7544268818106183},"point_estimate":0.7462886722894386,"standard_error":0.0038081563285444618}}