{"Mean":{"confidence_interval":{"confidence_level":0.95,"lower_bound":72351333.7212113,"upper_bound":72405111.0942198},"point_estimate":72375217.0594528,"standard_error":13790.40686258395},"Median":{"confidence_interval":{"confidence_level":0.95,"lower_bound":72341151.28,"upper_bound":72360776.22727274},"point_estimate":72351132.54253048,"standard_error":4640.914089352846},"MedianAbsDev":{"confidence_interval":{"confidence_level":0.95,"lower_bound":28908.934254633066,"upper_bound":62387.05930610881},"point_estimate":42228.491729553505,"standard_error":9105.139734885468},"Slope":{"confidence_interval":{"confidence_level":0.95,"lower_bound":72349412.01321629,"upper_bound":72421667.62468623},"point_estimate":72378461.11360722,"standard_error":18969.853087968677},"StdDev":{"confidence_interval":{"confidence_level":0.95,"lower_bound":62669.81502037547,"upper_bound":201688.7269734569},"point_estimate":138963.35360856608,"standard_error":35950.89241884185}}