{"Mean":{"confidence_interval":{"confidence_level":0.95,"lower_bound":31.649177483960533,"upper_bound":32.90258719545935},"point_estimate":32.271824311344527,"standard_error":0.31967954679818585},"Median":{"confidence_interval":{"confidence_level":0.95,"lower_bound":28.77146963957925,"upper_bound":34.88290176156074},"point_estimate":34.867006602540147,"standard_error":1.7376501151164173},"MedianAbsDev":{"confidence_interval":{"confidence_level":0.95,"lower_bound":0.02848592911806743,"upper_bound":4.692989174258061},"point_estimate":0.24768755309464919,"standard_error":1.3987788402470154},"Slope":{"confidence_interval":{"confidence_level":0.95,"lower_bound":30.93046291022215,"upper_bound":32.53342909883952},"point_estimate":31.753648616205554,"standard_error":0.40978344064722457},"StdDev":{"confidence_interval":{"confidence_level":0.95,"lower_bound":2.9414886403983635,"upper_bound":3.54701509665365},"point_estimate":3.2002142763614196,"standard_error":0.16386734396082545}}