{"Mean":{"confidence_interval":{"confidence_level":0.95,"lower_bound":8136.341163081405,"upper_bound":8258.789910058944},"point_estimate":8195.722705590517,"standard_error":31.202740074989383},"Median":{"confidence_interval":{"confidence_level":0.95,"lower_bound":7992.589647058823,"upper_bound":8048.896},"point_estimate":8016.151655555555,"standard_error":15.414423280099655},"MedianAbsDev":{"confidence_interval":{"confidence_level":0.95,"lower_bound":53.60383315331349,"upper_bound":133.58345455608885},"point_estimate":87.8540790772897,"standard_error":21.77646352990774},"Slope":{"confidence_interval":{"confidence_level":0.95,"lower_bound":8250.074157268211,"upper_bound":8439.244624137193},"point_estimate":8346.498535386434,"standard_error":48.36524981804011},"StdDev":{"confidence_interval":{"confidence_level":0.95,"lower_bound":274.7661845328936,"upper_bound":343.2864467000423},"point_estimate":314.5930658912173,"standard_error":17.554304339366948}}