{"Mean":{"confidence_interval":{"confidence_level":0.95,"lower_bound":23256554.48090041,"upper_bound":23400627.30716303},"point_estimate":23330068.659022605,"standard_error":36810.04188858094},"Median":{"confidence_interval":{"confidence_level":0.95,"lower_bound":23252084.915505228,"upper_bound":23439096.498872185},"point_estimate":23332526.448876405,"standard_error":48288.85667007697},"MedianAbsDev":{"confidence_interval":{"confidence_level":0.95,"lower_bound":263499.1653064331,"upper_bound":424735.21001545069},"point_estimate":336236.9755379835,"standard_error":40700.70067048604},"Slope":{"confidence_interval":{"confidence_level":0.95,"lower_bound":23272162.483159726,"upper_bound":23399271.663608537},"point_estimate":23335162.23854293,"standard_error":32496.118733604824},"StdDev":{"confidence_interval":{"confidence_level":0.95,"lower_bound":304903.91146036967,"upper_bound":431289.19175861359},"point_estimate":369598.8067113799,"standard_error":32325.0874976425}}