{"Mean":{"confidence_interval":{"confidence_level":0.95,"lower_bound":314127.4775883508,"upper_bound":320276.5686118184},"point_estimate":317046.27657652218,"standard_error":1571.7981996199524},"Median":{"confidence_interval":{"confidence_level":0.95,"lower_bound":315691.0576923077,"upper_bound":319000.1374143836},"point_estimate":316148.19168417368,"standard_error":1424.0505114942289},"MedianAbsDev":{"confidence_interval":{"confidence_level":0.95,"lower_bound":12614.738819313887,"upper_bound":19040.72052779295},"point_estimate":17343.79543065608,"standard_error":1443.6903309867333},"Slope":{"confidence_interval":{"confidence_level":0.95,"lower_bound":320439.84047237518,"upper_bound":325173.0900484428},"point_estimate":322672.63636988328,"standard_error":1202.1169712730217},"StdDev":{"confidence_interval":{"confidence_level":0.95,"lower_bound":11690.308272053931,"upper_bound":20713.6906016387},"point_estimate":15756.922112253664,"standard_error":2558.373544292749}}