{"Mean":{"confidence_interval":{"confidence_level":0.95,"lower_bound":19.47280830848295,"upper_bound":20.293775753424577},"point_estimate":19.881542893554938,"standard_error":0.20978222998633479},"Median":{"confidence_interval":{"confidence_level":0.95,"lower_bound":17.90158935898637,"upper_bound":22.13247963075702},"point_estimate":17.94341681912813,"standard_error":1.6669728134405489},"MedianAbsDev":{"confidence_interval":{"confidence_level":0.95,"lower_bound":0.01446167047755418,"upper_bound":2.9784797381794538},"point_estimate":0.11678740383237058,"standard_error":0.8275786762471259},"Slope":{"confidence_interval":{"confidence_level":0.95,"lower_bound":18.814587544526434,"upper_bound":19.701924952270205},"point_estimate":19.208487885982917,"standard_error":0.2264661134921769},"StdDev":{"confidence_interval":{"confidence_level":0.95,"lower_bound":2.0391440414743604,"upper_bound":2.1350452882016976},"point_estimate":2.111594759121393,"standard_error":0.02465090839220487}}