{"Mean":{"confidence_interval":{"confidence_level":0.95,"lower_bound":26112853.80620169,"upper_bound":26227050.804218476},"point_estimate":26167730.55351664,"standard_error":29198.83533151764},"Median":{"confidence_interval":{"confidence_level":0.95,"lower_bound":26078479.23666058,"upper_bound":26146873.375918367},"point_estimate":26105193.782758625,"standard_error":15298.630871126892},"MedianAbsDev":{"confidence_interval":{"confidence_level":0.95,"lower_bound":90935.38434463147,"upper_bound":165925.55339418434},"point_estimate":127235.62730416593,"standard_error":18390.85642796879},"Slope":{"confidence_interval":{"confidence_level":0.95,"lower_bound":26115799.223841005,"upper_bound":26256997.532212717},"point_estimate":26177142.871532438,"standard_error":36346.944622426076},"StdDev":{"confidence_interval":{"confidence_level":0.95,"lower_bound":197235.11964143793,"upper_bound":377600.528407469},"point_estimate":293870.78819953996,"standard_error":46146.768546396044}}