{"Mean":{"confidence_interval":{"confidence_level":0.95,"lower_bound":3719344.515577038,"upper_bound":3755638.6645541738},"point_estimate":3737098.144613322,"standard_error":9257.372125942149},"Median":{"confidence_interval":{"confidence_level":0.95,"lower_bound":3666513.3333333337,"upper_bound":3704365.6896551728},"point_estimate":3670630.665535445,"standard_error":12239.278581636923},"MedianAbsDev":{"confidence_interval":{"confidence_level":0.95,"lower_bound":12144.233780229932,"upper_bound":69625.37136546703},"point_estimate":19475.431577092408,"standard_error":17109.87509247451},"Slope":{"confidence_interval":{"confidence_level":0.95,"lower_bound":3725312.7239689708,"upper_bound":3773884.390729032},"point_estimate":3749280.077029703,"standard_error":12454.340382160222},"StdDev":{"confidence_interval":{"confidence_level":0.95,"lower_bound":83546.05852343599,"upper_bound":100253.47917412709},"point_estimate":92940.84731876114,"standard_error":4254.285101195546}}