{"Mean":{"confidence_interval":{"confidence_level":0.95,"lower_bound":39791.78518925931,"upper_bound":40619.079006338405},"point_estimate":40168.52199325399,"standard_error":212.39636532089919},"Median":{"confidence_interval":{"confidence_level":0.95,"lower_bound":39498.54517676767,"upper_bound":39550.70148148148},"point_estimate":39524.529057071966,"standard_error":14.960450560395398},"MedianAbsDev":{"confidence_interval":{"confidence_level":0.95,"lower_bound":82.68470474410975,"upper_bound":169.8893282417255},"point_estimate":126.44349271170059,"standard_error":22.148318822387574},"Slope":{"confidence_interval":{"confidence_level":0.95,"lower_bound":40146.96874017677,"upper_bound":42116.424640027886},"point_estimate":41115.98586280479,"standard_error":504.7241430104798},"StdDev":{"confidence_interval":{"confidence_level":0.95,"lower_bound":1243.816489495881,"upper_bound":2709.771580787479},"point_estimate":2130.502091581552,"standard_error":364.65713796286209}}