{"Mean":{"confidence_interval":{"confidence_level":0.95,"lower_bound":28916557.10277995,"upper_bound":29280246.966968374},"point_estimate":29094398.968773758,"standard_error":92575.47234853302},"Median":{"confidence_interval":{"confidence_level":0.95,"lower_bound":28682772.228558799,"upper_bound":29196650.877777779},"point_estimate":28944677.34057971,"standard_error":142051.2960550164},"MedianAbsDev":{"confidence_interval":{"confidence_level":0.95,"lower_bound":741815.9163102402,"upper_bound":1198282.4437762488},"point_estimate":1027494.8938896012,"standard_error":120347.30790499597},"Slope":{"confidence_interval":{"confidence_level":0.95,"lower_bound":28904110.368449246,"upper_bound":29287730.06243125},"point_estimate":29092676.829791637,"standard_error":97931.33636168171},"StdDev":{"confidence_interval":{"confidence_level":0.95,"lower_bound":770910.1085947397,"upper_bound":1082842.9993032155},"point_estimate":932374.457378212,"standard_error":79779.60972899628}}