{"Mean":{"confidence_interval":{"confidence_level":0.95,"lower_bound":324209.29907139277,"upper_bound":332232.98679201936},"point_estimate":327877.8598063252,"standard_error":2046.4955432474749},"Median":{"confidence_interval":{"confidence_level":0.95,"lower_bound":314955.5416666667,"upper_bound":327911.5892399267},"point_estimate":324268.5913461539,"standard_error":5079.871842333055},"MedianAbsDev":{"confidence_interval":{"confidence_level":0.95,"lower_bound":3416.466090523163,"upper_bound":19888.92365486701},"point_estimate":16640.50885504141,"standard_error":6317.592102938814},"Slope":{"confidence_interval":{"confidence_level":0.95,"lower_bound":332854.8523572403,"upper_bound":340335.0516848387},"point_estimate":336626.3571863455,"standard_error":1907.8596456790913},"StdDev":{"confidence_interval":{"confidence_level":0.95,"lower_bound":13107.211683019741,"upper_bound":28856.870561067626},"point_estimate":20538.62297761105,"standard_error":4480.697389715341}}