{"Mean":{"confidence_interval":{"confidence_level":0.95,"lower_bound":6234574.874614163,"upper_bound":6255097.067582355},"point_estimate":6244483.632092749,"standard_error":5230.155619814295},"Median":{"confidence_interval":{"confidence_level":0.95,"lower_bound":6230853.202535378,"upper_bound":6239891.5},"point_estimate":6235882.0616666669,"standard_error":2156.916518804029},"MedianAbsDev":{"confidence_interval":{"confidence_level":0.95,"lower_bound":20127.40861411004,"upper_bound":31559.5544166287},"point_estimate":25070.906602253748,"standard_error":2943.72504688913},"Slope":{"confidence_interval":{"confidence_level":0.95,"lower_bound":6241106.6568070859,"upper_bound":6264690.147175341},"point_estimate":6252595.763005763,"standard_error":6028.283401179661},"StdDev":{"confidence_interval":{"confidence_level":0.95,"lower_bound":34548.294103845845,"upper_bound":69708.47668183076},"point_estimate":52496.05510097624,"standard_error":9094.827466988665}}