{"Mean":{"confidence_interval":{"confidence_level":0.95,"lower_bound":85600.88292621219,"upper_bound":88116.76750429804},"point_estimate":86849.1929576522,"standard_error":637.5161538829474},"Median":{"confidence_interval":{"confidence_level":0.95,"lower_bound":89099.82976190477,"upper_bound":89459.0487804878},"point_estimate":89339.50289195866,"standard_error":142.43894374913024},"MedianAbsDev":{"confidence_interval":{"confidence_level":0.95,"lower_bound":694.0777381926564,"upper_bound":3134.236216034503},"point_estimate":1174.5306304188903,"standard_error":738.2849707157435},"Slope":{"confidence_interval":{"confidence_level":0.95,"lower_bound":85098.36519142668,"upper_bound":87773.7218107557},"point_estimate":86451.99002733856,"standard_error":681.1731370523576},"StdDev":{"confidence_interval":{"confidence_level":0.95,"lower_bound":5098.309068751595,"upper_bound":7722.108446897341},"point_estimate":6417.870455033088,"standard_error":676.2569150110501}}