{"Mean":{"confidence_interval":{"confidence_level":0.95,"lower_bound":5726.06059112101,"upper_bound":6014.348337045173},"point_estimate":5869.50559119249,"standard_error":73.4243312821394},"Median":{"confidence_interval":{"confidence_level":0.95,"lower_bound":5200.584903826988,"upper_bound":6628.305609530799},"point_estimate":5221.095406145421,"standard_error":507.1303625823584},"MedianAbsDev":{"confidence_interval":{"confidence_level":0.95,"lower_bound":47.00464243958139,"upper_bound":1104.5161972937702},"point_estimate":89.072409745287,"standard_error":278.40397894815478},"Slope":{"confidence_interval":{"confidence_level":0.95,"lower_bound":5583.168198038562,"upper_bound":5954.396278055776},"point_estimate":5769.419166321429,"standard_error":95.25127827877256},"StdDev":{"confidence_interval":{"confidence_level":0.95,"lower_bound":707.2574775999275,"upper_bound":747.1781127756134},"point_estimate":735.9862336480276,"standard_error":10.102731352341241}}