{"Mean":{"confidence_interval":{"confidence_level":0.95,"lower_bound":2516432.0872733106,"upper_bound":2534123.4197881326},"point_estimate":2524382.4056390409,"standard_error":4532.579448093086},"Median":{"confidence_interval":{"confidence_level":0.95,"lower_bound":2505245.882352941,"upper_bound":2514321.7610722614},"point_estimate":2508080.9396551728,"standard_error":2160.2575257127475},"MedianAbsDev":{"confidence_interval":{"confidence_level":0.95,"lower_bound":9153.45170090873,"upper_bound":22280.231860057476},"point_estimate":13127.220860812175,"standard_error":2999.5028306642318},"Slope":{"confidence_interval":{"confidence_level":0.95,"lower_bound":2503274.8148291136,"upper_bound":2508746.1213004335},"point_estimate":2505702.142849121,"standard_error":1406.013616296129},"StdDev":{"confidence_interval":{"confidence_level":0.95,"lower_bound":24166.283748231814,"upper_bound":66130.60762663115},"point_estimate":45533.3935080673,"standard_error":11253.462557896422}}