{"Mean":{"confidence_interval":{"confidence_level":0.95,"lower_bound":1913945.3514191625,"upper_bound":1937891.8355354325},"point_estimate":1925297.731382532,"standard_error":6149.020533945855},"Median":{"confidence_interval":{"confidence_level":0.95,"lower_bound":1896851.4,"upper_bound":1906614.9667571234},"point_estimate":1900737.47854251,"standard_error":2417.5775964433616},"MedianAbsDev":{"confidence_interval":{"confidence_level":0.95,"lower_bound":9487.152289569258,"upper_bound":21218.29442712373},"point_estimate":15122.79444775591,"standard_error":2813.855077384334},"Slope":{"confidence_interval":{"confidence_level":0.95,"lower_bound":1917404.974680306,"upper_bound":1952821.8715022428},"point_estimate":1933995.7784365302,"standard_error":9066.466505590392},"StdDev":{"confidence_interval":{"confidence_level":0.95,"lower_bound":44471.75760290938,"upper_bound":74991.28626561482},"point_estimate":61782.80717180512,"standard_error":7832.688018093264}}