{"Mean":{"confidence_interval":{"confidence_level":0.95,"lower_bound":71407821.4453265,"upper_bound":72196569.86912409},"point_estimate":71785192.34331975,"standard_error":201513.3072980481},"Median":{"confidence_interval":{"confidence_level":0.95,"lower_bound":71017375.00188537,"upper_bound":71643503.5960145},"point_estimate":71339468.83,"standard_error":154806.85603035757},"MedianAbsDev":{"confidence_interval":{"confidence_level":0.95,"lower_bound":1155015.7944110737,"upper_bound":1913802.503790598},"point_estimate":1557172.656186346,"standard_error":202964.1145814109},"Slope":{"confidence_interval":{"confidence_level":0.95,"lower_bound":71126519.47020564,"upper_bound":71678223.37614958},"point_estimate":71390105.09782179,"standard_error":140720.13644904534},"StdDev":{"confidence_interval":{"confidence_level":0.95,"lower_bound":1496677.3057463687,"upper_bound":2519546.380253957},"point_estimate":2013626.9579279838,"standard_error":264560.40931771227}}