{"Mean":{"confidence_interval":{"confidence_level":0.95,"lower_bound":6328837.6265535489,"upper_bound":6492405.416514692},"point_estimate":6406827.384263159,"standard_error":41809.99819963999},"Median":{"confidence_interval":{"confidence_level":0.95,"lower_bound":6226904.37254902,"upper_bound":6233293.569767442},"point_estimate":6229588.016575953,"standard_error":1617.3657767086689},"MedianAbsDev":{"confidence_interval":{"confidence_level":0.95,"lower_bound":12119.795212659486,"upper_bound":23096.70800889202},"point_estimate":16986.703049758704,"standard_error":2708.671231663873},"Slope":{"confidence_interval":{"confidence_level":0.95,"lower_bound":6233075.473659334,"upper_bound":6250031.751028454},"point_estimate":6240245.902317127,"standard_error":4336.316907263423},"StdDev":{"confidence_interval":{"confidence_level":0.95,"lower_bound":333333.0366420944,"upper_bound":487712.0190187678},"point_estimate":421208.245164742,"standard_error":39869.37754592234}}