{"Mean":{"confidence_interval":{"confidence_level":0.95,"lower_bound":1812853.732168307,"upper_bound":1814216.599896916},"point_estimate":1813494.2944549963,"standard_error":346.8444318327034},"Median":{"confidence_interval":{"confidence_level":0.95,"lower_bound":1811835.5862068965,"upper_bound":1813030.0470588236},"point_estimate":1812192.0734848486,"standard_error":250.64427887824849},"MedianAbsDev":{"confidence_interval":{"confidence_level":0.95,"lower_bound":1132.0335862470279,"upper_bound":2363.792942336754},"point_estimate":1637.2285258072375,"standard_error":281.9705682374947},"Slope":{"confidence_interval":{"confidence_level":0.95,"lower_bound":1811982.4131360639,"upper_bound":1813356.7351851576},"point_estimate":1812602.8907906016,"standard_error":353.8035637900845},"StdDev":{"confidence_interval":{"confidence_level":0.95,"lower_bound":2379.1500735458027,"upper_bound":4515.48554481283},"point_estimate":3465.8826127195186,"standard_error":554.9787649681969}}