{"Mean":{"confidence_interval":{"confidence_level":0.95,"lower_bound":51306992.916509348,"upper_bound":51997434.724855188},"point_estimate":51653911.18622939,"standard_error":175904.55822714768},"Median":{"confidence_interval":{"confidence_level":0.95,"lower_bound":51387415.803030308,"upper_bound":52275913.36134021},"point_estimate":51907450.6109375,"standard_error":231617.31430275143},"MedianAbsDev":{"confidence_interval":{"confidence_level":0.95,"lower_bound":1521333.1922336173,"upper_bound":2369886.4930314046},"point_estimate":1960657.0474188913,"standard_error":209176.69867982408},"Slope":{"confidence_interval":{"confidence_level":0.95,"lower_bound":52386847.55652732,"upper_bound":53027787.98429908},"point_estimate":52717633.20237032,"standard_error":163687.95220965916},"StdDev":{"confidence_interval":{"confidence_level":0.95,"lower_bound":1561100.8289862425,"upper_bound":1938040.138353212},"point_estimate":1762917.9156382473,"standard_error":96252.95772530692}}