{"Mean":{"confidence_interval":{"confidence_level":0.95,"lower_bound":1819271.3051935938,"upper_bound":1820276.6366335913},"point_estimate":1819728.9249757685,"standard_error":258.03287674032978},"Median":{"confidence_interval":{"confidence_level":0.95,"lower_bound":1818748.5326086956,"upper_bound":1819454.641025641},"point_estimate":1819064.9049942597,"standard_error":190.5390496035111},"MedianAbsDev":{"confidence_interval":{"confidence_level":0.95,"lower_bound":885.2224933232205,"upper_bound":1567.3339741499406},"point_estimate":1163.7166805521015,"standard_error":165.64068413390636},"Slope":{"confidence_interval":{"confidence_level":0.95,"lower_bound":1818638.0330722754,"upper_bound":1819626.4393367985},"point_estimate":1819082.6099482785,"standard_error":254.23570656873648},"StdDev":{"confidence_interval":{"confidence_level":0.95,"lower_bound":1524.1544663176497,"upper_bound":3711.9818563446267},"point_estimate":2588.1031847093638,"standard_error":624.6410625912608}}