{"Mean":{"confidence_interval":{"confidence_level":0.95,"lower_bound":392323782.56141206,"upper_bound":392793143.8105852},"point_estimate":392548699.9450582,"standard_error":120203.36230931556},"Median":{"confidence_interval":{"confidence_level":0.95,"lower_bound":391948315.05263158,"upper_bound":392335425.5222222},"point_estimate":392047358.99662968,"standard_error":95077.92005762512},"MedianAbsDev":{"confidence_interval":{"confidence_level":0.95,"lower_bound":489401.9212068031,"upper_bound":942834.7083245549},"point_estimate":656406.8548432798,"standard_error":113993.14913522442},"Slope":{"confidence_interval":{"confidence_level":0.95,"lower_bound":391908620.21673628,"upper_bound":392181899.2551191},"point_estimate":392035655.99536576,"standard_error":69774.91815124663},"StdDev":{"confidence_interval":{"confidence_level":0.95,"lower_bound":959066.7249719217,"upper_bound":1418117.6327417233},"point_estimate":1203802.237955182,"standard_error":117152.3583810425}}