{"Mean":{"confidence_interval":{"confidence_level":0.95,"lower_bound":36917.172932457775,"upper_bound":37884.78855164454},"point_estimate":37292.6644325472,"standard_error":258.86617338078926},"Median":{"confidence_interval":{"confidence_level":0.95,"lower_bound":36328.64140037594,"upper_bound":37108.45238095238},"point_estimate":36498.71428571429,"standard_error":231.13155022208367},"MedianAbsDev":{"confidence_interval":{"confidence_level":0.95,"lower_bound":204.9579354917054,"upper_bound":1252.3832246078592},"point_estimate":459.0338498819547,"standard_error":251.64182184579685},"Slope":{"confidence_interval":{"confidence_level":0.95,"lower_bound":36782.63862691852,"upper_bound":38911.86818695894},"point_estimate":37526.97598165467,"standard_error":591.1300458467151},"StdDev":{"confidence_interval":{"confidence_level":0.95,"lower_bound":853.8268748926417,"upper_bound":4284.4580846233179},"point_estimate":2594.911008365099,"standard_error":1190.9360517252667}}