{"Mean":{"confidence_interval":{"confidence_level":0.95,"lower_bound":11936017.371102149,"upper_bound":11971429.52299665},"point_estimate":11953492.248637774,"standard_error":9052.130562016237},"Median":{"confidence_interval":{"confidence_level":0.95,"lower_bound":11896863.161290324,"upper_bound":11980891.041958042},"point_estimate":11943892.118209534,"standard_error":25655.988515671746},"MedianAbsDev":{"confidence_interval":{"confidence_level":0.95,"lower_bound":67001.85067192606,"upper_bound":139717.5556324035},"point_estimate":105228.59809801562,"standard_error":17881.824861358127},"Slope":{"confidence_interval":{"confidence_level":0.95,"lower_bound":11928763.834590402,"upper_bound":11975403.246159386},"point_estimate":11951448.14302054,"standard_error":11891.455763612696},"StdDev":{"confidence_interval":{"confidence_level":0.95,"lower_bound":79545.65099103362,"upper_bound":101244.89594227748},"point_estimate":91194.96301751811,"standard_error":5550.350795455867}}