{"Mean":{"confidence_interval":{"confidence_level":0.95,"lower_bound":4068644.439931895,"upper_bound":4145297.7520035954},"point_estimate":4106674.8254959827,"standard_error":19541.117615567236},"Median":{"confidence_interval":{"confidence_level":0.95,"lower_bound":4020125.404494382,"upper_bound":4079344.564646465},"point_estimate":4043506.1324786327,"standard_error":16383.423997366232},"MedianAbsDev":{"confidence_interval":{"confidence_level":0.95,"lower_bound":92075.8253526594,"upper_bound":262673.6700980065},"point_estimate":144256.2583243882,"standard_error":43058.72167210359},"Slope":{"confidence_interval":{"confidence_level":0.95,"lower_bound":4071335.898281466,"upper_bound":4155636.031169666},"point_estimate":4111091.566008571,"standard_error":21545.118153721374},"StdDev":{"confidence_interval":{"confidence_level":0.95,"lower_bound":173454.46525652804,"upper_bound":217115.6090152823},"point_estimate":196755.16128222648,"standard_error":11101.664403707857}}