{"Mean":{"confidence_interval":{"confidence_level":0.95,"lower_bound":896.4084330014302,"upper_bound":931.6907719943678},"point_estimate":914.5039081002985,"standard_error":9.005941816074765},"Median":{"confidence_interval":{"confidence_level":0.95,"lower_bound":964.4416335800028,"upper_bound":965.1102358982753},"point_estimate":964.8980697685115,"standard_error":0.13528003970509873},"MedianAbsDev":{"confidence_interval":{"confidence_level":0.95,"lower_bound":0.8150949816424773,"upper_bound":2.275293346116602},"point_estimate":1.1066659100594226,"standard_error":0.40804137980525409},"Slope":{"confidence_interval":{"confidence_level":0.95,"lower_bound":860.8989260319617,"upper_bound":912.0805779051456},"point_estimate":887.333303895972,"standard_error":13.089338286253899},"StdDev":{"confidence_interval":{"confidence_level":0.95,"lower_bound":77.53324823700851,"upper_bound":99.15531266087078},"point_estimate":90.42535126320273,"standard_error":5.54653231070548}}