{"Mean":{"confidence_interval":{"confidence_level":0.95,"lower_bound":-0.01932967218299612,"upper_bound":0.027378529754238265},"point_estimate":0.003579607718954936,"standard_error":0.011903322998034927},"Median":{"confidence_interval":{"confidence_level":0.95,"lower_bound":0.0012601230899413896,"upper_bound":0.004012702693628726},"point_estimate":0.002146818848220322,"standard_error":0.0006769149940723612}}