{"Mean":{"confidence_interval":{"confidence_level":0.95,"lower_bound":51309.84604628143,"upper_bound":52178.214165241625},"point_estimate":51687.43176450841,"standard_error":217.5917303882211},"Median":{"confidence_interval":{"confidence_level":0.95,"lower_bound":51273.544642857145,"upper_bound":51292.60533333333},"point_estimate":51282.27911164466,"standard_error":5.2505412908618409},"MedianAbsDev":{"confidence_interval":{"confidence_level":0.95,"lower_bound":29.946721017734938,"upper_bound":52.68826404038459},"point_estimate":38.972188034955639,"standard_error":5.652437864647123},"Slope":{"confidence_interval":{"confidence_level":0.95,"lower_bound":51266.505364478326,"upper_bound":52172.44818411233},"point_estimate":51657.55002113197,"standard_error":228.7511581109387},"StdDev":{"confidence_interval":{"confidence_level":0.95,"lower_bound":94.42283885579144,"upper_bound":3221.9062606191048},"point_estimate":2171.2215326724128,"standard_error":705.6744253065016}}