{"Mean":{"confidence_interval":{"confidence_level":0.95,"lower_bound":200.04198399036066,"upper_bound":206.32638220623967},"point_estimate":203.0752309763314,"standard_error":1.6177574355902782},"Median":{"confidence_interval":{"confidence_level":0.95,"lower_bound":194.83705671859912,"upper_bound":195.06619708366754},"point_estimate":194.9120271950359,"standard_error":0.06352004115759009},"MedianAbsDev":{"confidence_interval":{"confidence_level":0.95,"lower_bound":0.47580074418432446,"upper_bound":0.8769181296752396},"point_estimate":0.6333507841158058,"standard_error":0.10612107332155858},"Slope":{"confidence_interval":{"confidence_level":0.95,"lower_bound":204.70850425199664,"upper_bound":215.0279562155443},"point_estimate":209.82026388215938,"standard_error":2.6394150354774856},"StdDev":{"confidence_interval":{"confidence_level":0.95,"lower_bound":13.278534991726483,"upper_bound":18.276279301447443},"point_estimate":16.281722334121853,"standard_error":1.2377937551760137}}