{"Mean":{"confidence_interval":{"confidence_level":0.95,"lower_bound":22458.79832203078,"upper_bound":22622.271231504616},"point_estimate":22537.074196567428,"standard_error":41.73311975759567},"Median":{"confidence_interval":{"confidence_level":0.95,"lower_bound":22376.60016025641,"upper_bound":22545.708521870285},"point_estimate":22487.166266416512,"standard_error":45.671485941783},"MedianAbsDev":{"confidence_interval":{"confidence_level":0.95,"lower_bound":221.8568086668393,"upper_bound":368.86199526827587},"point_estimate":310.0476898135906,"standard_error":37.566606652854989},"Slope":{"confidence_interval":{"confidence_level":0.95,"lower_bound":22344.92922722025,"upper_bound":22464.49601319627},"point_estimate":22401.85078690705,"standard_error":30.51080822387762},"StdDev":{"confidence_interval":{"confidence_level":0.95,"lower_bound":317.6922063518654,"upper_bound":502.9778760145264},"point_estimate":418.7212983208657,"standard_error":47.37587614882444}}