{"Mean":{"confidence_interval":{"confidence_level":0.95,"lower_bound":4498939.910962281,"upper_bound":4653927.521355162},"point_estimate":4575193.111345613,"standard_error":39556.82676504048},"Median":{"confidence_interval":{"confidence_level":0.95,"lower_bound":4286539.48,"upper_bound":4447122.337209302},"point_estimate":4324081.268921095,"standard_error":36270.61369591856},"MedianAbsDev":{"confidence_interval":{"confidence_level":0.95,"lower_bound":74561.56048863557,"upper_bound":312859.4895453952},"point_estimate":130942.24955972618,"standard_error":53357.60784835882},"Slope":{"confidence_interval":{"confidence_level":0.95,"lower_bound":4425979.880696306,"upper_bound":4627516.412437114},"point_estimate":4521940.732182651,"standard_error":51431.623084819264},"StdDev":{"confidence_interval":{"confidence_level":0.95,"lower_bound":361335.97096277828,"upper_bound":423126.19607334278},"point_estimate":398746.6089225324,"standard_error":15825.360888067984}}