{"Mean":{"confidence_interval":{"confidence_level":0.95,"lower_bound":30.894872438576888,"upper_bound":30.915326129333356},"point_estimate":30.90394568905432,"standard_error":0.005261354580456665},"Median":{"confidence_interval":{"confidence_level":0.95,"lower_bound":30.886493457676268,"upper_bound":30.89261508550839},"point_estimate":30.88970910948224,"standard_error":0.0017207582433007322},"MedianAbsDev":{"confidence_interval":{"confidence_level":0.95,"lower_bound":0.009781196207962515,"upper_bound":0.018469537698644027},"point_estimate":0.013703993293077899,"standard_error":0.0023289044252681877},"Slope":{"confidence_interval":{"confidence_level":0.95,"lower_bound":30.883500126611293,"upper_bound":30.8907595037039},"point_estimate":30.88693368941646,"standard_error":0.0018605149578936082},"StdDev":{"confidence_interval":{"confidence_level":0.95,"lower_bound":0.02518697073108111,"upper_bound":0.0785585444506815},"point_estimate":0.0529890664785477,"standard_error":0.014398581891470535}}