{"Mean":{"confidence_interval":{"confidence_level":0.95,"lower_bound":90539.64345391105,"upper_bound":91371.39379491302},"point_estimate":90949.24764597492,"standard_error":212.37448229416999},"Median":{"confidence_interval":{"confidence_level":0.95,"lower_bound":89365.14600550964,"upper_bound":89872.32467532468},"point_estimate":89479.03036551079,"standard_error":147.24661977600108},"MedianAbsDev":{"confidence_interval":{"confidence_level":0.95,"lower_bound":215.88970588504533,"upper_bound":949.6646573314475},"point_estimate":385.9809030924465,"standard_error":187.69663929398795},"Slope":{"confidence_interval":{"confidence_level":0.95,"lower_bound":90453.44485361375,"upper_bound":91579.66874773285},"point_estimate":90985.65799105284,"standard_error":287.81063983736808},"StdDev":{"confidence_interval":{"confidence_level":0.95,"lower_bound":1955.848183087915,"upper_bound":2240.2399697883},"point_estimate":2138.712271945847,"standard_error":73.82704671801194}}