{"Mean":{"confidence_interval":{"confidence_level":0.95,"lower_bound":26.924399813134046,"upper_bound":27.703617840133267},"point_estimate":27.301807618987657,"standard_error":0.19895901983464774},"Median":{"confidence_interval":{"confidence_level":0.95,"lower_bound":26.107944913442226,"upper_bound":26.144296048357107},"point_estimate":26.117004306397285,"standard_error":0.0101972023760169},"MedianAbsDev":{"confidence_interval":{"confidence_level":0.95,"lower_bound":0.04009272693869665,"upper_bound":0.10842750145664287},"point_estimate":0.06999317375081453,"standard_error":0.017630694621628124},"Slope":{"confidence_interval":{"confidence_level":0.95,"lower_bound":27.72175678236772,"upper_bound":28.909713652239494},"point_estimate":28.32691466854665,"standard_error":0.30365070574008709},"StdDev":{"confidence_interval":{"confidence_level":0.95,"lower_bound":1.7339246116898,"upper_bound":2.1770410291085069},"point_estimate":2.000591267436738,"standard_error":0.11301261584378818}}