{"Mean":{"confidence_interval":{"confidence_level":0.95,"lower_bound":19475353.426295859,"upper_bound":19487644.323557728},"point_estimate":19480751.537215987,"standard_error":3167.70724292628},"Median":{"confidence_interval":{"confidence_level":0.95,"lower_bound":19471793.33400538,"upper_bound":19478785.945352746},"point_estimate":19476853.49818182,"standard_error":1691.5919926539316},"MedianAbsDev":{"confidence_interval":{"confidence_level":0.95,"lower_bound":10725.689247866614,"upper_bound":16983.547136703022},"point_estimate":13254.798860899697,"standard_error":1564.3423844494185},"Slope":{"confidence_interval":{"confidence_level":0.95,"lower_bound":19472672.607362234,"upper_bound":19477828.95208902},"point_estimate":19475261.5572691,"standard_error":1313.3127746030085},"StdDev":{"confidence_interval":{"confidence_level":0.95,"lower_bound":14982.083553831208,"upper_bound":48126.27803987707},"point_estimate":31915.566473371586,"standard_error":9313.397142455606}}