{"Mean":{"confidence_interval":{"confidence_level":0.95,"lower_bound":2549.4425900705084,"upper_bound":2608.3735399582785},"point_estimate":2576.950206958833,"standard_error":15.06091839555237},"Median":{"confidence_interval":{"confidence_level":0.95,"lower_bound":2540.6488827936848,"upper_bound":2552.1734102741586},"point_estimate":2548.7540619446565,"standard_error":3.1824536400042304},"MedianAbsDev":{"confidence_interval":{"confidence_level":0.95,"lower_bound":26.514509492829043,"upper_bound":97.21367450108156},"point_estimate":73.50888470980802,"standard_error":18.657726984809},"Slope":{"confidence_interval":{"confidence_level":0.95,"lower_bound":2536.3466221432738,"upper_bound":2590.6584085613314},"point_estimate":2561.159164743872,"standard_error":13.900428826636688},"StdDev":{"confidence_interval":{"confidence_level":0.95,"lower_bound":100.34612414282035,"upper_bound":192.27518535082135},"point_estimate":151.25842767836716,"standard_error":23.46485169914989}}