{"Mean":{"confidence_interval":{"confidence_level":0.95,"lower_bound":2754.7796069049729,"upper_bound":2795.4309164444205},"point_estimate":2774.2061701462664,"standard_error":10.392203017139608},"Median":{"confidence_interval":{"confidence_level":0.95,"lower_bound":2727.168203810854,"upper_bound":2780.2116008000555},"point_estimate":2742.007028004584,"standard_error":14.815887765581787},"MedianAbsDev":{"confidence_interval":{"confidence_level":0.95,"lower_bound":54.19531347302591,"upper_bound":108.98469809321958},"point_estimate":70.91243575923314,"standard_error":11.593140408313545},"Slope":{"confidence_interval":{"confidence_level":0.95,"lower_bound":2766.6979142639227,"upper_bound":2819.112941831171},"point_estimate":2791.8930466039184,"standard_error":13.369305701771307},"StdDev":{"confidence_interval":{"confidence_level":0.95,"lower_bound":79.84815126429416,"upper_bound":124.4504649066619},"point_estimate":104.19582177051342,"standard_error":11.383333121232667}}