{"Mean":{"confidence_interval":{"confidence_level":0.95,"lower_bound":199.12096481880418,"upper_bound":205.00984383287986},"point_estimate":201.96511658249117,"standard_error":1.5087011585838748},"Median":{"confidence_interval":{"confidence_level":0.95,"lower_bound":193.20112986078065,"upper_bound":193.52879962916649},"point_estimate":193.46421800581897,"standard_error":0.09537360787785467},"MedianAbsDev":{"confidence_interval":{"confidence_level":0.95,"lower_bound":0.3177793239845803,"upper_bound":0.7112671999836335},"point_estimate":0.5964195570746224,"standard_error":0.11238545812328535},"Slope":{"confidence_interval":{"confidence_level":0.95,"lower_bound":206.65991080016156,"upper_bound":215.78385020088016},"point_estimate":211.4698514757995,"standard_error":2.3243666557309146},"StdDev":{"confidence_interval":{"confidence_level":0.95,"lower_bound":13.032952932231059,"upper_bound":16.606221419086816},"point_estimate":15.167918965136888,"standard_error":0.9214189134617666}}