{"Mean":{"confidence_interval":{"confidence_level":0.95,"lower_bound":991612.667567762,"upper_bound":995443.1235737644},"point_estimate":993456.4908302587,"standard_error":975.8895172895595},"Median":{"confidence_interval":{"confidence_level":0.95,"lower_bound":988698.1770578895,"upper_bound":989091.45},"point_estimate":988817.9004380053,"standard_error":96.1401157235577},"MedianAbsDev":{"confidence_interval":{"confidence_level":0.95,"lower_bound":584.4405462417922,"upper_bound":1252.7635345453435},"point_estimate":806.6847485945386,"standard_error":163.8257171062934},"Slope":{"confidence_interval":{"confidence_level":0.95,"lower_bound":994656.3628573421,"upper_bound":1001500.8207410827},"point_estimate":998112.7007891237,"standard_error":1744.9460171284898},"StdDev":{"confidence_interval":{"confidence_level":0.95,"lower_bound":7837.511342016777,"upper_bound":11224.84228195962},"point_estimate":9793.12159186196,"standard_error":865.064976773039}}