{"Mean":{"confidence_interval":{"confidence_level":0.95,"lower_bound":9756921.606001584,"upper_bound":9869172.762657946},"point_estimate":9814702.296404364,"standard_error":28537.042783136658},"Median":{"confidence_interval":{"confidence_level":0.95,"lower_bound":9821861.204545455,"upper_bound":9887319.77},"point_estimate":9861679.241016202,"standard_error":17672.343692976912},"MedianAbsDev":{"confidence_interval":{"confidence_level":0.95,"lower_bound":107251.2490021603,"upper_bound":175542.21188472256},"point_estimate":133925.44797427974,"standard_error":16866.165384292024},"Slope":{"confidence_interval":{"confidence_level":0.95,"lower_bound":9795927.580144478,"upper_bound":9862186.633186769},"point_estimate":9830800.645116004,"standard_error":16856.741332268895},"StdDev":{"confidence_interval":{"confidence_level":0.95,"lower_bound":208898.79382985869,"upper_bound":358049.46328464066},"point_estimate":287472.47819409336,"standard_error":38202.87413597853}}