{"Mean":{"confidence_interval":{"confidence_level":0.95,"lower_bound":280.11085570989368,"upper_bound":292.7359829622266},"point_estimate":286.0902402134038,"standard_error":3.2375181968107},"Median":{"confidence_interval":{"confidence_level":0.95,"lower_bound":270.8854062792736,"upper_bound":271.036062007071},"point_estimate":270.9568392656508,"standard_error":0.03805874809819028},"MedianAbsDev":{"confidence_interval":{"confidence_level":0.95,"lower_bound":0.20412651011308723,"upper_bound":0.402886425470828},"point_estimate":0.29844743006678328,"standard_error":0.05078214419895275},"Slope":{"confidence_interval":{"confidence_level":0.95,"lower_bound":286.93700288726407,"upper_bound":307.21881282362178},"point_estimate":296.70603222802239,"standard_error":5.176369111828221},"StdDev":{"confidence_interval":{"confidence_level":0.95,"lower_bound":26.30763355746393,"upper_bound":37.07465009323746},"point_estimate":32.52788124826042,"standard_error":2.784555969158307}}