{"Mean":{"confidence_interval":{"confidence_level":0.95,"lower_bound":1926289.4324952397,"upper_bound":1937991.4265326195},"point_estimate":1931403.4479194196,"standard_error":3026.2150251801288},"Median":{"confidence_interval":{"confidence_level":0.95,"lower_bound":1921136.168831169,"upper_bound":1922673.857142857},"point_estimate":1921934.615909091,"standard_error":439.2239662371603},"MedianAbsDev":{"confidence_interval":{"confidence_level":0.95,"lower_bound":2828.8505850717717,"upper_bound":7368.397805650422},"point_estimate":5172.412186171418,"standard_error":1273.0026316414556},"Slope":{"confidence_interval":{"confidence_level":0.95,"lower_bound":1926115.5331317888,"upper_bound":1941436.666964946},"point_estimate":1932256.1284143639,"standard_error":4069.9299780347266},"StdDev":{"confidence_interval":{"confidence_level":0.95,"lower_bound":11745.594936632086,"upper_bound":45226.28596814596},"point_estimate":30439.508180307323,"standard_error":8826.558844487541}}