{"Mean":{"confidence_interval":{"confidence_level":0.95,"lower_bound":2544050.352806382,"upper_bound":2556335.625226238},"point_estimate":2549571.8418742378,"standard_error":3150.9880281583966},"Median":{"confidence_interval":{"confidence_level":0.95,"lower_bound":2538722.393784589,"upper_bound":2541435.072647059},"point_estimate":2539622.5979166666,"standard_error":742.915210395027},"MedianAbsDev":{"confidence_interval":{"confidence_level":0.95,"lower_bound":3949.143414515922,"upper_bound":8920.063464151843},"point_estimate":6285.425225911363,"standard_error":1290.6679998043083},"Slope":{"confidence_interval":{"confidence_level":0.95,"lower_bound":2536761.3815058686,"upper_bound":2539478.137066516},"point_estimate":2538089.487773016,"standard_error":691.364154298503},"StdDev":{"confidence_interval":{"confidence_level":0.95,"lower_bound":17849.239191728597,"upper_bound":44953.30552635173},"point_estimate":31605.872023046762,"standard_error":7312.494765922784}}