{"Mean":{"confidence_interval":{"confidence_level":0.95,"lower_bound":1715332.029848148,"upper_bound":1756921.137198051},"point_estimate":1735417.771985016,"standard_error":10602.837110708311},"Median":{"confidence_interval":{"confidence_level":0.95,"lower_bound":1671221.3703703704,"upper_bound":1682881.607142857},"point_estimate":1672855.171875,"standard_error":2707.0407563123169},"MedianAbsDev":{"confidence_interval":{"confidence_level":0.95,"lower_bound":5312.776544429293,"upper_bound":23063.35944239927},"point_estimate":8009.309520306307,"standard_error":4099.211487524629},"Slope":{"confidence_interval":{"confidence_level":0.95,"lower_bound":1751727.593912407,"upper_bound":1816854.2768162846},"point_estimate":1784579.2231830946,"standard_error":16642.30675735422},"StdDev":{"confidence_interval":{"confidence_level":0.95,"lower_bound":90656.9921826236,"upper_bound":118037.16845505894},"point_estimate":106687.66912479214,"standard_error":7003.581228225591}}