{"Mean":{"confidence_interval":{"confidence_level":0.95,"lower_bound":-0.05766946153949707,"upper_bound":0.007118953613404231},"point_estimate":-0.026804681066271875,"standard_error":0.016484142187014138},"Median":{"confidence_interval":{"confidence_level":0.95,"lower_bound":-0.0016865287420170239,"upper_bound":-0.00033986254908491276},"point_estimate":-0.0007986846482960219,"standard_error":0.00038587819815158334}}