{"Mean":{"confidence_interval":{"confidence_level":0.95,"lower_bound":289046530.6785056,"upper_bound":289715392.30543598},"point_estimate":289365372.98736098,"standard_error":170780.5428731106},"Median":{"confidence_interval":{"confidence_level":0.95,"lower_bound":288784913.84918478,"upper_bound":289528433.3962264},"point_estimate":289084886.5491968,"standard_error":226616.87527457343},"MedianAbsDev":{"confidence_interval":{"confidence_level":0.95,"lower_bound":1181261.239311591,"upper_bound":1891254.4179208079},"point_estimate":1403627.6010797909,"standard_error":203665.86291938087},"Slope":{"confidence_interval":{"confidence_level":0.95,"lower_bound":289354793.67660596,"upper_bound":290297204.51369437},"point_estimate":289795314.8285917,"standard_error":240776.30035351465},"StdDev":{"confidence_interval":{"confidence_level":0.95,"lower_bound":1267170.2014211468,"upper_bound":2180246.5663403349},"point_estimate":1714655.6998782929,"standard_error":238846.0350713126}}