{"Mean":{"confidence_interval":{"confidence_level":0.95,"lower_bound":478434.20673246096,"upper_bound":525098.8607790227},"point_estimate":501878.76436006897,"standard_error":11900.786244509356},"Median":{"confidence_interval":{"confidence_level":0.95,"lower_bound":477659.96424242426,"upper_bound":582165.2666666667},"point_estimate":572486.9978632479,"standard_error":28929.126037153987},"MedianAbsDev":{"confidence_interval":{"confidence_level":0.95,"lower_bound":36262.77290790074,"upper_bound":188341.1891108209},"point_estimate":128558.67448467858,"standard_error":39695.093170846805},"Slope":{"confidence_interval":{"confidence_level":0.95,"lower_bound":498630.9549456362,"upper_bound":560551.8163136043},"point_estimate":531731.9176198217,"standard_error":15770.411260895353},"StdDev":{"confidence_interval":{"confidence_level":0.95,"lower_bound":110654.56838419271,"upper_bound":126814.85617397858},"point_estimate":119775.64248119599,"standard_error":4116.193272885468}}