{"Mean":{"confidence_interval":{"confidence_level":0.95,"lower_bound":1184.3176135646398,"upper_bound":1187.608371733059},"point_estimate":1186.0247497681165,"standard_error":0.8393694275179826},"Median":{"confidence_interval":{"confidence_level":0.95,"lower_bound":1186.3575801303076,"upper_bound":1188.918695741691},"point_estimate":1187.9057964703539,"standard_error":0.7040852719829673},"MedianAbsDev":{"confidence_interval":{"confidence_level":0.95,"lower_bound":3.7110973138763487,"upper_bound":5.879372000092708},"point_estimate":5.038171069628917,"standard_error":0.5627876620654062},"Slope":{"confidence_interval":{"confidence_level":0.95,"lower_bound":1181.9818038971058,"upper_bound":1186.5755131442139},"point_estimate":1184.4126997309152,"standard_error":1.1719588931866503},"StdDev":{"confidence_interval":{"confidence_level":0.95,"lower_bound":6.517591320171522,"upper_bound":9.997820901801849},"point_estimate":8.445254543884616,"standard_error":0.8873795445360686}}