{"Mean":{"confidence_interval":{"confidence_level":0.95,"lower_bound":15545351.68240727,"upper_bound":15561951.694491299},"point_estimate":15552635.688026257,"standard_error":4274.907477261456},"Median":{"confidence_interval":{"confidence_level":0.95,"lower_bound":15539789.151515153,"upper_bound":15549250.599870718},"point_estimate":15544575.54899399,"standard_error":2098.3026934298306},"MedianAbsDev":{"confidence_interval":{"confidence_level":0.95,"lower_bound":13450.626318146758,"upper_bound":23195.37688173008},"point_estimate":18359.38340949672,"standard_error":2499.8650589373485},"Slope":{"confidence_interval":{"confidence_level":0.95,"lower_bound":15536019.670635198,"upper_bound":15542845.177773469},"point_estimate":15539425.074641644,"standard_error":1740.7011491638605},"StdDev":{"confidence_interval":{"confidence_level":0.95,"lower_bound":21605.198602672936,"upper_bound":64912.69375223997},"point_estimate":43062.027945711816,"standard_error":12901.031698190298}}