{"Mean":{"confidence_interval":{"confidence_level":0.95,"lower_bound":5205.580356079335,"upper_bound":5414.530908885082},"point_estimate":5307.856451635013,"standard_error":53.501521470955527},"Median":{"confidence_interval":{"confidence_level":0.95,"lower_bound":4944.484037313433,"upper_bound":4994.7225},"point_estimate":4970.828072916667,"standard_error":17.43952761857561},"MedianAbsDev":{"confidence_interval":{"confidence_level":0.95,"lower_bound":53.29443719928969,"upper_bound":126.68443182648375},"point_estimate":90.06730023147968,"standard_error":23.62167890472792},"Slope":{"confidence_interval":{"confidence_level":0.95,"lower_bound":5086.310057494073,"upper_bound":5273.6337770482709},"point_estimate":5168.563906664696,"standard_error":47.654809380351057},"StdDev":{"confidence_interval":{"confidence_level":0.95,"lower_bound":484.22767906851359,"upper_bound":574.5603718451057},"point_estimate":540.2086485853624,"standard_error":23.340698487950058}}