{"Mean":{"confidence_interval":{"confidence_level":0.95,"lower_bound":1109.9714108408417,"upper_bound":1111.458433454188},"point_estimate":1110.6632023693579,"standard_error":0.3806569842504772},"Median":{"confidence_interval":{"confidence_level":0.95,"lower_bound":1109.19,"upper_bound":1110.0033656086314},"point_estimate":1109.5762905793395,"standard_error":0.22431100601655255},"MedianAbsDev":{"confidence_interval":{"confidence_level":0.95,"lower_bound":1.1812851200608648,"upper_bound":2.1884734924806845},"point_estimate":1.6115473930307758,"standard_error":0.26284114732688065},"Slope":{"confidence_interval":{"confidence_level":0.95,"lower_bound":1108.7803218292543,"upper_bound":1110.1501048313963},"point_estimate":1109.342026998113,"standard_error":0.3572193946485562},"StdDev":{"confidence_interval":{"confidence_level":0.95,"lower_bound":2.4498906017301649,"upper_bound":5.000771690798715},"point_estimate":3.8266477980490389,"standard_error":0.6519640909424049}}