{"Mean":{"confidence_interval":{"confidence_level":0.95,"lower_bound":874.929365867961,"upper_bound":917.8524031124875},"point_estimate":896.0071720675111,"standard_error":11.013560169090404},"Median":{"confidence_interval":{"confidence_level":0.95,"lower_bound":823.9809520943669,"upper_bound":826.3161889416554},"point_estimate":824.7625848751998,"standard_error":0.6956145523201304},"MedianAbsDev":{"confidence_interval":{"confidence_level":0.95,"lower_bound":1.4268860217868274,"upper_bound":4.860048238200284},"point_estimate":2.576326189561875,"standard_error":1.011262240029413},"Slope":{"confidence_interval":{"confidence_level":0.95,"lower_bound":891.8271857267672,"upper_bound":952.178240090587},"point_estimate":920.5670058134406,"standard_error":15.412752963003472},"StdDev":{"confidence_interval":{"confidence_level":0.95,"lower_bound":97.68919208503184,"upper_bound":118.23456212408148},"point_estimate":110.55720401055764,"standard_error":5.191376221917789}}