{"Mean":{"confidence_interval":{"confidence_level":0.95,"lower_bound":6804170.799732532,"upper_bound":7272004.959277751},"point_estimate":7034972.125575545,"standard_error":119383.13669644638},"Median":{"confidence_interval":{"confidence_level":0.95,"lower_bound":5940146.466666667,"upper_bound":7433006.127691645},"point_estimate":6722563.05,"standard_error":381415.53149375438},"MedianAbsDev":{"confidence_interval":{"confidence_level":0.95,"lower_bound":59673.45943613983,"upper_bound":2090085.3268890852},"point_estimate":1202207.2813865538,"standard_error":530347.73106234},"Slope":{"confidence_interval":{"confidence_level":0.95,"lower_bound":6708890.042502128,"upper_bound":7290846.479001003},"point_estimate":6992660.635667209,"standard_error":147943.70853261278},"StdDev":{"confidence_interval":{"confidence_level":0.95,"lower_bound":1072588.4882036374,"upper_bound":1302927.454226629},"point_estimate":1200066.002987273,"standard_error":58875.65469617188}}