{"Mean":{"confidence_interval":{"confidence_level":0.95,"lower_bound":63.00970732363039,"upper_bound":65.69465835389382},"point_estimate":64.32655818927526,"standard_error":0.68613695092431},"Median":{"confidence_interval":{"confidence_level":0.95,"lower_bound":60.13984153507324,"upper_bound":60.24631036449709},"point_estimate":60.15817586396682,"standard_error":0.029307557031776189},"MedianAbsDev":{"confidence_interval":{"confidence_level":0.95,"lower_bound":0.06907583021893733,"upper_bound":0.23519576996254253},"point_estimate":0.1070608016185751,"standard_error":0.044712156174805037},"Slope":{"confidence_interval":{"confidence_level":0.95,"lower_bound":63.97341129924128,"upper_bound":67.7214531409476},"point_estimate":65.76064695907452,"standard_error":0.957485476073745},"StdDev":{"confidence_interval":{"confidence_level":0.95,"lower_bound":6.027347227570919,"upper_bound":7.4654703987069219},"point_estimate":6.881051464077755,"standard_error":0.3795190835099094}}