{"Mean":{"confidence_interval":{"confidence_level":0.95,"lower_bound":2830.530878131985,"upper_bound":2858.9788601006578},"point_estimate":2841.8560205068845,"standard_error":7.493932071912068},"Median":{"confidence_interval":{"confidence_level":0.95,"lower_bound":2822.8509588808099,"upper_bound":2828.0918803418805},"point_estimate":2824.5185682104286,"standard_error":1.2288171454977342},"MedianAbsDev":{"confidence_interval":{"confidence_level":0.95,"lower_bound":5.288417044931955,"upper_bound":11.423198469562346},"point_estimate":7.809993408971168,"standard_error":1.3934371342537877},"Slope":{"confidence_interval":{"confidence_level":0.95,"lower_bound":2827.8020722046387,"upper_bound":2877.2779527437689},"point_estimate":2847.1158981516216,"standard_error":13.180218867645321},"StdDev":{"confidence_interval":{"confidence_level":0.95,"lower_bound":19.639609174444538,"upper_bound":122.54260767113915},"point_estimate":75.17472081916523,"standard_error":31.662165099045315}}