{"Mean":{"confidence_interval":{"confidence_level":0.95,"lower_bound":910723.1026973607,"upper_bound":921409.3137518114},"point_estimate":915700.3820651425,"standard_error":2729.1281556450405},"Median":{"confidence_interval":{"confidence_level":0.95,"lower_bound":903464.0833333334,"upper_bound":909920.0892857143},"point_estimate":906966.2146675576,"standard_error":1474.2749364612865},"MedianAbsDev":{"confidence_interval":{"confidence_level":0.95,"lower_bound":8840.083064149137,"upper_bound":18235.576480494423},"point_estimate":12460.632428282861,"standard_error":2365.184705378136},"Slope":{"confidence_interval":{"confidence_level":0.95,"lower_bound":916304.7896765346,"upper_bound":926807.6073458538},"point_estimate":921504.6372306784,"standard_error":2679.0771199303146},"StdDev":{"confidence_interval":{"confidence_level":0.95,"lower_bound":18082.216001512435,"upper_bound":36647.44735117586},"point_estimate":27428.85530727796,"standard_error":4862.141529355351}}