{"Mean":{"confidence_interval":{"confidence_level":0.95,"lower_bound":2880.727795356286,"upper_bound":2996.399864163179},"point_estimate":2934.970197762435,"standard_error":29.939474185078845},"Median":{"confidence_interval":{"confidence_level":0.95,"lower_bound":2808.708357915438,"upper_bound":2813.133763473587},"point_estimate":2809.930133534116,"standard_error":1.1633782930459494},"MedianAbsDev":{"confidence_interval":{"confidence_level":0.95,"lower_bound":5.735745417097863,"upper_bound":11.958611695430726},"point_estimate":7.57051369101881,"standard_error":1.5663359008688776},"Slope":{"confidence_interval":{"confidence_level":0.95,"lower_bound":2812.3328866226377,"upper_bound":2820.278359905494},"point_estimate":2815.970941106262,"standard_error":2.0307997513210047},"StdDev":{"confidence_interval":{"confidence_level":0.95,"lower_bound":232.27556934208,"upper_bound":355.11645406440479},"point_estimate":301.61228169541166,"standard_error":31.909129582416584}}