{"Mean":{"confidence_interval":{"confidence_level":0.95,"lower_bound":5047503.999791363,"upper_bound":5172314.122735465},"point_estimate":5107623.507539952,"standard_error":31975.915004368686},"Median":{"confidence_interval":{"confidence_level":0.95,"lower_bound":4941097.235656526,"upper_bound":4957020.739130435},"point_estimate":4944356.093137255,"standard_error":3435.688187502911},"MedianAbsDev":{"confidence_interval":{"confidence_level":0.95,"lower_bound":9627.139551882137,"upper_bound":32381.214185409648},"point_estimate":16654.625417356743,"standard_error":5128.174211239103},"Slope":{"confidence_interval":{"confidence_level":0.95,"lower_bound":5019222.291269723,"upper_bound":5192963.195776653},"point_estimate":5102225.13692626,"standard_error":44435.693915921416},"StdDev":{"confidence_interval":{"confidence_level":0.95,"lower_bound":257690.12712253349,"upper_bound":371323.8804895705},"point_estimate":322888.22039277516,"standard_error":29029.16728477449}}