{"Mean":{"confidence_interval":{"confidence_level":0.95,"lower_bound":14146694.666753844,"upper_bound":14194215.712831712},"point_estimate":14169964.540930571,"standard_error":12098.308775709915},"Median":{"confidence_interval":{"confidence_level":0.95,"lower_bound":14083012.58888889,"upper_bound":14200646.0},"point_estimate":14126941.01637134,"standard_error":27534.443923666833},"MedianAbsDev":{"confidence_interval":{"confidence_level":0.95,"lower_bound":56084.26436975708,"upper_bound":157843.02483174779},"point_estimate":117397.6218082753,"standard_error":25080.43472681069},"Slope":{"confidence_interval":{"confidence_level":0.95,"lower_bound":14135284.20971738,"upper_bound":14193678.190796905},"point_estimate":14162794.386874538,"standard_error":14938.584332533983},"StdDev":{"confidence_interval":{"confidence_level":0.95,"lower_bound":103756.14386726899,"upper_bound":136781.80909050196},"point_estimate":121701.2801113463,"standard_error":8405.782131328175}}