{"Mean":{"confidence_interval":{"confidence_level":0.95,"lower_bound":6576595.77467212,"upper_bound":6597996.7786748199},"point_estimate":6586753.993299488,"standard_error":5462.034639947499},"Median":{"confidence_interval":{"confidence_level":0.95,"lower_bound":6569991.010416667,"upper_bound":6576688.312865498},"point_estimate":6573262.014661655,"standard_error":1482.423255105687},"MedianAbsDev":{"confidence_interval":{"confidence_level":0.95,"lower_bound":9505.79233769763,"upper_bound":18815.396530110855},"point_estimate":13850.611113477498,"standard_error":2345.9223905393234},"Slope":{"confidence_interval":{"confidence_level":0.95,"lower_bound":6572259.68839308,"upper_bound":6586292.781202877},"point_estimate":6578748.810152209,"standard_error":3596.3902410686098},"StdDev":{"confidence_interval":{"confidence_level":0.95,"lower_bound":37834.53111809815,"upper_bound":69026.05950290893},"point_estimate":54979.79988265371,"standard_error":7954.755985179866}}