{"Mean":{"confidence_interval":{"confidence_level":0.95,"lower_bound":69575.85734227198,"upper_bound":71996.50486902519},"point_estimate":70541.09445346147,"standard_error":639.0515395443983},"Median":{"confidence_interval":{"confidence_level":0.95,"lower_bound":69157.88619299222,"upper_bound":69644.92859576758},"point_estimate":69487.95590783091,"standard_error":115.41615321877713},"MedianAbsDev":{"confidence_interval":{"confidence_level":0.95,"lower_bound":888.0495448425299,"upper_bound":2984.1196765659294},"point_estimate":2469.8847961946396,"standard_error":660.9422683397553},"Slope":{"confidence_interval":{"confidence_level":0.95,"lower_bound":69917.47725043389,"upper_bound":71550.72554074052},"point_estimate":70768.31157122801,"standard_error":416.582665724927},"StdDev":{"confidence_interval":{"confidence_level":0.95,"lower_bound":2221.418651308999,"upper_bound":10480.207938285965},"point_estimate":6430.771258106705,"standard_error":2773.584631414334}}