{"Mean":{"confidence_interval":{"confidence_level":0.95,"lower_bound":327861.8905946015,"upper_bound":334265.56917176759},"point_estimate":331024.1341979978,"standard_error":1638.8594340096896},"Median":{"confidence_interval":{"confidence_level":0.95,"lower_bound":328015.6964285714,"upper_bound":342506.4256756757},"point_estimate":328585.19111842106,"standard_error":3650.610563655045},"MedianAbsDev":{"confidence_interval":{"confidence_level":0.95,"lower_bound":12685.194576872529,"upper_bound":22065.801309815422},"point_estimate":21103.381788169027,"standard_error":2695.558957487322},"Slope":{"confidence_interval":{"confidence_level":0.95,"lower_bound":330112.39031652719,"upper_bound":337518.52166161136},"point_estimate":333863.01252696916,"standard_error":1891.0008207020363},"StdDev":{"confidence_interval":{"confidence_level":0.95,"lower_bound":14041.521072851785,"upper_bound":18867.220528590125},"point_estimate":16421.68530045923,"standard_error":1238.446910139804}}