{"Mean":{"confidence_interval":{"confidence_level":0.95,"lower_bound":6556055.733240561,"upper_bound":7009844.264508757},"point_estimate":6778209.194746882,"standard_error":116186.39992280919},"Median":{"confidence_interval":{"confidence_level":0.95,"lower_bound":5914926.826086957,"upper_bound":6328387.365633075},"point_estimate":5948895.13283208,"standard_error":113273.3619471819},"MedianAbsDev":{"confidence_interval":{"confidence_level":0.95,"lower_bound":36178.979443409655,"upper_bound":644123.800155385},"point_estimate":93260.39138829723,"standard_error":166403.66564231824},"Slope":{"confidence_interval":{"confidence_level":0.95,"lower_bound":6695532.012747499,"upper_bound":7332635.497286408},"point_estimate":7007866.36990099,"standard_error":162500.6576775696},"StdDev":{"confidence_interval":{"confidence_level":0.95,"lower_bound":1019172.7492314758,"upper_bound":1278580.2046060335},"point_estimate":1164576.1938243977,"standard_error":66080.84865546378}}