{"Mean":{"confidence_interval":{"confidence_level":0.95,"lower_bound":34048661.594273697,"upper_bound":34135187.59237777},"point_estimate":34090512.97945871,"standard_error":22077.540827629855},"Median":{"confidence_interval":{"confidence_level":0.95,"lower_bound":34029812.32905138,"upper_bound":34092553.86852305},"point_estimate":34061152.520049098,"standard_error":17836.858495234705},"MedianAbsDev":{"confidence_interval":{"confidence_level":0.95,"lower_bound":89148.30998260949,"upper_bound":154637.86832188013},"point_estimate":122149.91245856018,"standard_error":17377.43060987556},"Slope":{"confidence_interval":{"confidence_level":0.95,"lower_bound":34065722.81687774,"upper_bound":34160061.342754658},"point_estimate":34107565.27269691,"standard_error":24189.94278678142},"StdDev":{"confidence_interval":{"confidence_level":0.95,"lower_bound":162925.28699815743,"upper_bound":272662.9312835458},"point_estimate":222444.9937883994,"standard_error":27983.307909797128}}