{"Mean":{"confidence_interval":{"confidence_level":0.95,"lower_bound":46922321.92824895,"upper_bound":47221342.31940672},"point_estimate":47069918.66551497,"standard_error":76102.51036862133},"Median":{"confidence_interval":{"confidence_level":0.95,"lower_bound":46900149.777777779,"upper_bound":47221854.0},"point_estimate":47006558.25849899,"standard_error":83051.90205136569},"MedianAbsDev":{"confidence_interval":{"confidence_level":0.95,"lower_bound":415385.6959198283,"upper_bound":676436.4237265807},"point_estimate":514444.3666779862,"standard_error":67151.98932504813},"Slope":{"confidence_interval":{"confidence_level":0.95,"lower_bound":46844155.116918828,"upper_bound":47107990.74311132},"point_estimate":46970778.58771982,"standard_error":66919.72075014672},"StdDev":{"confidence_interval":{"confidence_level":0.95,"lower_bound":553143.3621355565,"upper_bound":964518.8632720617},"point_estimate":760301.9732599609,"standard_error":106202.50805571805}}