{"Mean":{"confidence_interval":{"confidence_level":0.95,"lower_bound":-0.09273652392760622,"upper_bound":-0.03241124672217839},"point_estimate":-0.06308929348577808,"standard_error":0.015436018149935052},"Median":{"confidence_interval":{"confidence_level":0.95,"lower_bound":-0.22084743031084509,"upper_bound":0.00833362121507482},"point_estimate":0.006220974529183687,"standard_error":0.07333507143743302}}