{"Mean":{"confidence_interval":{"confidence_level":0.95,"lower_bound":36100.63051010726,"upper_bound":36389.53489889698},"point_estimate":36241.12327287321,"standard_error":73.787021894985},"Median":{"confidence_interval":{"confidence_level":0.95,"lower_bound":35799.489795918365,"upper_bound":35849.993733362906},"point_estimate":35823.52799305957,"standard_error":14.02381313628033},"MedianAbsDev":{"confidence_interval":{"confidence_level":0.95,"lower_bound":88.01102049377295,"upper_bound":200.67665325951368},"point_estimate":130.93941039415496,"standard_error":31.05555130668424},"Slope":{"confidence_interval":{"confidence_level":0.95,"lower_bound":36225.50222400527,"upper_bound":36682.44498058432},"point_estimate":36450.54760423484,"standard_error":116.57310606913706},"StdDev":{"confidence_interval":{"confidence_level":0.95,"lower_bound":635.1948119127626,"upper_bound":813.2236658818272},"point_estimate":740.1571084444923,"standard_error":45.772955966048048}}