{"Mean":{"confidence_interval":{"confidence_level":0.95,"lower_bound":255432.8773256602,"upper_bound":263827.41954335037},"point_estimate":259453.38164752056,"standard_error":2144.63919566389},"Median":{"confidence_interval":{"confidence_level":0.95,"lower_bound":249309.0340909091,"upper_bound":249668.4399366472},"point_estimate":249439.40773809525,"standard_error":98.8236133521581},"MedianAbsDev":{"confidence_interval":{"confidence_level":0.95,"lower_bound":420.59182871721029,"upper_bound":1077.552537687797},"point_estimate":597.0030932472319,"standard_error":173.49107236228967},"Slope":{"confidence_interval":{"confidence_level":0.95,"lower_bound":261337.8368515326,"upper_bound":275936.72158560637},"point_estimate":268582.5621383183,"standard_error":3711.9469171765774},"StdDev":{"confidence_interval":{"confidence_level":0.95,"lower_bound":17088.487422766433,"upper_bound":24760.502149199056},"point_estimate":21528.337972241403,"standard_error":1949.9990718913498}}