{"Mean":{"confidence_interval":{"confidence_level":0.95,"lower_bound":381369.9468804269,"upper_bound":384846.267729493},"point_estimate":383146.1819618119,"standard_error":889.7520304197713},"Median":{"confidence_interval":{"confidence_level":0.95,"lower_bound":388615.1282051282,"upper_bound":389155.10526315789},"point_estimate":389007.35148148148,"standard_error":462.04676765735317},"MedianAbsDev":{"confidence_interval":{"confidence_level":0.95,"lower_bound":826.3093842286089,"upper_bound":4094.818502934041},"point_estimate":1419.7396400101189,"standard_error":926.2271826588499},"Slope":{"confidence_interval":{"confidence_level":0.95,"lower_bound":378337.1854936313,"upper_bound":382992.4641993199},"point_estimate":380692.73718831586,"standard_error":1194.6419674944767},"StdDev":{"confidence_interval":{"confidence_level":0.95,"lower_bound":8144.5922168353949,"upper_bound":9350.483717540794},"point_estimate":8916.5401445849,"standard_error":311.73890309159136}}