{"Mean":{"confidence_interval":{"confidence_level":0.95,"lower_bound":5269439.057905932,"upper_bound":5373054.189690301},"point_estimate":5320882.520019283,"standard_error":26557.876531114678},"Median":{"confidence_interval":{"confidence_level":0.95,"lower_bound":5084329.0,"upper_bound":5483375.978260869},"point_estimate":5112070.815223543,"standard_error":116298.74841593465},"MedianAbsDev":{"confidence_interval":{"confidence_level":0.95,"lower_bound":20686.134982747888,"upper_bound":403220.00558916848},"point_estimate":61626.627377466626,"standard_error":122492.59929099166},"Slope":{"confidence_interval":{"confidence_level":0.95,"lower_bound":5179766.807004913,"upper_bound":5298711.420126051},"point_estimate":5236405.273689966,"standard_error":30514.64932922443},"StdDev":{"confidence_interval":{"confidence_level":0.95,"lower_bound":251653.54056388548,"upper_bound":275785.0696831057},"point_estimate":266631.1600970957,"standard_error":6117.626202225486}}