{"Mean":{"confidence_interval":{"confidence_level":0.95,"lower_bound":1681503.3222145984,"upper_bound":1692258.0222009344},"point_estimate":1686912.0412717357,"standard_error":2745.2185495021237},"Median":{"confidence_interval":{"confidence_level":0.95,"lower_bound":1676530.8484848485,"upper_bound":1705610.9150326797},"point_estimate":1701667.2508333335,"standard_error":7769.1496352311919},"MedianAbsDev":{"confidence_interval":{"confidence_level":0.95,"lower_bound":9683.990748893237,"upper_bound":40741.8811949951},"point_estimate":26151.0177351998,"standard_error":8626.909696689856},"Slope":{"confidence_interval":{"confidence_level":0.95,"lower_bound":1663439.5766136542,"upper_bound":1673449.8205001169},"point_estimate":1668065.7740209844,"standard_error":2556.158572732353},"StdDev":{"confidence_interval":{"confidence_level":0.95,"lower_bound":25229.385747842156,"upper_bound":29450.3818066248},"point_estimate":27528.771054449506,"standard_error":1072.0155556874846}}