{"Mean":{"confidence_interval":{"confidence_level":0.95,"lower_bound":9367.124135493219,"upper_bound":9569.226203132532},"point_estimate":9461.53867131704,"standard_error":51.60583823710198},"Median":{"confidence_interval":{"confidence_level":0.95,"lower_bound":9264.958112334632,"upper_bound":9360.698363479758},"point_estimate":9305.018174570461,"standard_error":25.872825367986239},"MedianAbsDev":{"confidence_interval":{"confidence_level":0.95,"lower_bound":131.3919428352847,"upper_bound":244.70959048111818},"point_estimate":178.46309728185373,"standard_error":30.462399000596628},"Slope":{"confidence_interval":{"confidence_level":0.95,"lower_bound":9352.756546721657,"upper_bound":9552.776400861583},"point_estimate":9446.248377674143,"standard_error":51.151386119897697},"StdDev":{"confidence_interval":{"confidence_level":0.95,"lower_bound":341.2409489580624,"upper_bound":665.3079947411109},"point_estimate":519.4291486382311,"standard_error":82.72000096592474}}