{"Mean":{"confidence_interval":{"confidence_level":0.95,"lower_bound":34806.03747081557,"upper_bound":36633.498067191096},"point_estimate":35687.90816270749,"standard_error":465.4288156063114},"Median":{"confidence_interval":{"confidence_level":0.95,"lower_bound":33323.364166666666,"upper_bound":33342.510487891734},"point_estimate":33331.316468253965,"standard_error":6.0917263645965449},"MedianAbsDev":{"confidence_interval":{"confidence_level":0.95,"lower_bound":30.03726228242019,"upper_bound":72.89823835477714},"point_estimate":52.18374975151664,"standard_error":11.706118620248125},"Slope":{"confidence_interval":{"confidence_level":0.95,"lower_bound":36675.878022426696,"upper_bound":39762.918923609315},"point_estimate":38257.739978818776,"standard_error":787.7387431053386},"StdDev":{"confidence_interval":{"confidence_level":0.95,"lower_bound":3859.868854796935,"upper_bound":5272.843199576801},"point_estimate":4677.8980722772589,"standard_error":364.22757835211419}}