{"Mean":{"confidence_interval":{"confidence_level":0.95,"lower_bound":-0.00390961499032573,"upper_bound":-0.002880005820184342},"point_estimate":-0.0033731429823607996,"standard_error":0.00026323777012021856},"Median":{"confidence_interval":{"confidence_level":0.95,"lower_bound":-0.0026194952692580877,"upper_bound":-0.0021144876180413387},"point_estimate":-0.0023864491966743008,"standard_error":0.0001467820711109831}}