{"Mean":{"confidence_interval":{"confidence_level":0.95,"lower_bound":176719.09099496873,"upper_bound":176865.7379618043},"point_estimate":176787.05146011525,"standard_error":37.54082691536597},"Median":{"confidence_interval":{"confidence_level":0.95,"lower_bound":176651.50303030303,"upper_bound":176719.20477941176},"point_estimate":176679.3079386868,"standard_error":16.86051813896161},"MedianAbsDev":{"confidence_interval":{"confidence_level":0.95,"lower_bound":110.96765216736063,"upper_bound":201.2151818537597},"point_estimate":147.494153778775,"standard_error":22.74312203238588},"Slope":{"confidence_interval":{"confidence_level":0.95,"lower_bound":176613.31331639749,"upper_bound":176669.4470712055},"point_estimate":176640.5093320526,"standard_error":14.320578733080012},"StdDev":{"confidence_interval":{"confidence_level":0.95,"lower_bound":235.97878650134204,"upper_bound":507.9735242495191},"point_estimate":376.579592117,"standard_error":70.34588027671612}}