{"Mean":{"confidence_interval":{"confidence_level":0.95,"lower_bound":14729716.316336308,"upper_bound":14764263.169383934},"point_estimate":14747389.837449668,"standard_error":8813.934129423378},"Median":{"confidence_interval":{"confidence_level":0.95,"lower_bound":14735180.833333334,"upper_bound":14768526.729383082},"point_estimate":14752852.92299107,"standard_error":7667.802996569728},"MedianAbsDev":{"confidence_interval":{"confidence_level":0.95,"lower_bound":52640.29489366241,"upper_bound":93669.24347228254},"point_estimate":68400.64105358592,"standard_error":10573.80616509919},"Slope":{"confidence_interval":{"confidence_level":0.95,"lower_bound":14728995.939852359,"upper_bound":14760889.68158528},"point_estimate":14744748.32324516,"standard_error":8114.3173026325},"StdDev":{"confidence_interval":{"confidence_level":0.95,"lower_bound":69696.9822869053,"upper_bound":109667.43517234735},"point_estimate":88569.3753485022,"standard_error":10526.98422071458}}