{"Mean":{"confidence_interval":{"confidence_level":0.95,"lower_bound":27010023.82758562,"upper_bound":27209256.463676458},"point_estimate":27105085.705956159,"standard_error":50842.329096275724},"Median":{"confidence_interval":{"confidence_level":0.95,"lower_bound":26925713.365593435,"upper_bound":27159760.25},"point_estimate":27028920.207162709,"standard_error":61781.78957980436},"MedianAbsDev":{"confidence_interval":{"confidence_level":0.95,"lower_bound":364499.33891027039,"upper_bound":608228.7360689557},"point_estimate":473553.8230631942,"standard_error":60161.33257042208},"Slope":{"confidence_interval":{"confidence_level":0.95,"lower_bound":27005930.563339078,"upper_bound":27151313.593732217},"point_estimate":27078037.893222996,"standard_error":37081.29653440669},"StdDev":{"confidence_interval":{"confidence_level":0.95,"lower_bound":382961.39171124136,"upper_bound":658608.49852458},"point_estimate":511027.91986856839,"standard_error":74289.02457038658}}