{"Mean":{"confidence_interval":{"confidence_level":0.95,"lower_bound":326.80231914532416,"upper_bound":339.1303366883457},"point_estimate":332.46885069295089,"standard_error":3.1566487948488906},"Median":{"confidence_interval":{"confidence_level":0.95,"lower_bound":321.57665768161476,"upper_bound":321.6267280760396},"point_estimate":321.59474214694407,"standard_error":0.013695384124453014},"MedianAbsDev":{"confidence_interval":{"confidence_level":0.95,"lower_bound":0.06526078427148008,"upper_bound":0.14017307261281898},"point_estimate":0.0911048161613205,"standard_error":0.017845314051259055},"Slope":{"confidence_interval":{"confidence_level":0.95,"lower_bound":327.2785448761476,"upper_bound":352.2521030096629},"point_estimate":339.3262849056899,"standard_error":6.390472363930727},"StdDev":{"confidence_interval":{"confidence_level":0.95,"lower_bound":21.612929248610145,"upper_bound":39.33168029685826},"point_estimate":31.651952408722108,"standard_error":4.490058975155614}}