{"Mean":{"confidence_interval":{"confidence_level":0.95,"lower_bound":60.1596085880326,"upper_bound":63.78014241620286},"point_estimate":61.91969007853206,"standard_error":0.9212038029545008},"Median":{"confidence_interval":{"confidence_level":0.95,"lower_bound":57.04101647324766,"upper_bound":57.08341250311488},"point_estimate":57.05883914558387,"standard_error":0.009826543969867624},"MedianAbsDev":{"confidence_interval":{"confidence_level":0.95,"lower_bound":0.04202772669036419,"upper_bound":0.10699719247373978},"point_estimate":0.0672639133860666,"standard_error":0.017279819296237996},"Slope":{"confidence_interval":{"confidence_level":0.95,"lower_bound":64.01793066935909,"upper_bound":70.00562127884813},"point_estimate":67.09774936421901,"standard_error":1.5317476939751785},"StdDev":{"confidence_interval":{"confidence_level":0.95,"lower_bound":7.728421525120531,"upper_bound":10.369493111562525},"point_estimate":9.279087844825814,"standard_error":0.6741670379461624}}