{"Mean":{"confidence_interval":{"confidence_level":0.95,"lower_bound":4011655.5060174276,"upper_bound":4074636.742532316},"point_estimate":4042564.9549555119,"standard_error":16056.08627066169},"Median":{"confidence_interval":{"confidence_level":0.95,"lower_bound":3981539.8048780488,"upper_bound":4019711.419501134},"point_estimate":4004739.130411255,"standard_error":10914.814966859387},"MedianAbsDev":{"confidence_interval":{"confidence_level":0.95,"lower_bound":58514.122854693924,"upper_bound":120462.48468985824},"point_estimate":84043.44017319245,"standard_error":16646.147940674466},"Slope":{"confidence_interval":{"confidence_level":0.95,"lower_bound":4038585.1292893837,"upper_bound":4108093.622367106},"point_estimate":4071536.7542071819,"standard_error":17768.630736568233},"StdDev":{"confidence_interval":{"confidence_level":0.95,"lower_bound":136612.66325588805,"upper_bound":183798.21581841945},"point_estimate":161992.22708589154,"standard_error":12065.7433085679}}