{"Mean":{"confidence_interval":{"confidence_level":0.95,"lower_bound":90860.0184173567,"upper_bound":91613.88028999232},"point_estimate":91232.23993407742,"standard_error":192.4564625972505},"Median":{"confidence_interval":{"confidence_level":0.95,"lower_bound":89801.175,"upper_bound":90197.52083333335},"point_estimate":89956.80925925926,"standard_error":146.14130335929807},"MedianAbsDev":{"confidence_interval":{"confidence_level":0.95,"lower_bound":218.5738550134365,"upper_bound":821.7090023956434},"point_estimate":438.05085005290098,"standard_error":184.58507973906993},"Slope":{"confidence_interval":{"confidence_level":0.95,"lower_bound":90984.8924273907,"upper_bound":92039.67590452379},"point_estimate":91501.0187530171,"standard_error":269.55944429341568},"StdDev":{"confidence_interval":{"confidence_level":0.95,"lower_bound":1762.110578008652,"upper_bound":2016.0266800586526},"point_estimate":1925.9383846825797,"standard_error":65.75889522741079}}