{"Mean":{"confidence_interval":{"confidence_level":0.95,"lower_bound":6525197.5344553389,"upper_bound":6611393.816750852},"point_estimate":6567500.778129113,"standard_error":22018.073088671743},"Median":{"confidence_interval":{"confidence_level":0.95,"lower_bound":6414975.536997886,"upper_bound":6464647.897906302},"point_estimate":6422984.421404682,"standard_error":15034.445176424908},"MedianAbsDev":{"confidence_interval":{"confidence_level":0.95,"lower_bound":25746.711781039863,"upper_bound":116949.62208926892},"point_estimate":42903.25496240562,"standard_error":25318.851523605048},"Slope":{"confidence_interval":{"confidence_level":0.95,"lower_bound":6490195.883669285,"upper_bound":6586492.55685687},"point_estimate":6536030.110956111,"standard_error":24594.953956533947},"StdDev":{"confidence_interval":{"confidence_level":0.95,"lower_bound":195809.71422856398,"upper_bound":238927.61437370385},"point_estimate":220590.61958373749,"standard_error":11018.733448806035}}