{"Mean":{"confidence_interval":{"confidence_level":0.95,"lower_bound":264925.0696807746,"upper_bound":276325.5297716765},"point_estimate":270450.7115297822,"standard_error":2906.0182648922179},"Median":{"confidence_interval":{"confidence_level":0.95,"lower_bound":250024.41151026393,"upper_bound":271649.14705882358},"point_estimate":253199.915813253,"standard_error":6635.545412333425},"MedianAbsDev":{"confidence_interval":{"confidence_level":0.95,"lower_bound":3166.7015853305335,"upper_bound":33072.99149122052},"point_estimate":8177.965770642961,"standard_error":9107.028193848164},"Slope":{"confidence_interval":{"confidence_level":0.95,"lower_bound":268423.0567688868,"upper_bound":284204.46943839089},"point_estimate":275989.02603590957,"standard_error":4029.7478900629005},"StdDev":{"confidence_interval":{"confidence_level":0.95,"lower_bound":24708.752211369792,"upper_bound":32689.009140124577},"point_estimate":29289.412909278897,"standard_error":2050.3999024544007}}