{"Mean":{"confidence_interval":{"confidence_level":0.95,"lower_bound":2381177.964590362,"upper_bound":2495363.357876041},"point_estimate":2426907.181437955,"standard_error":30137.477749468435},"Median":{"confidence_interval":{"confidence_level":0.95,"lower_bound":2372796.708333333,"upper_bound":2373548.6315789476},"point_estimate":2373047.9208333336,"standard_error":177.63416946504337},"MedianAbsDev":{"confidence_interval":{"confidence_level":0.95,"lower_bound":1047.0547777908133,"upper_bound":2053.7606956137794},"point_estimate":1448.1021148795365,"standard_error":242.02290629123596},"Slope":{"confidence_interval":{"confidence_level":0.95,"lower_bound":2375729.8621812958,"upper_bound":2390117.0615873436},"point_estimate":2382067.0463425449,"standard_error":3706.7068524813587},"StdDev":{"confidence_interval":{"confidence_level":0.95,"lower_bound":23943.484802723153,"upper_bound":485522.93771896106},"point_estimate":301754.6719198056,"standard_error":123890.43863994074}}