{"Mean":{"confidence_interval":{"confidence_level":0.95,"lower_bound":5378795.088306225,"upper_bound":5410825.626275872},"point_estimate":5393288.114951554,"standard_error":8188.5070563311969},"Median":{"confidence_interval":{"confidence_level":0.95,"lower_bound":5359526.933906031,"upper_bound":5381611.62254902},"point_estimate":5367720.019254658,"standard_error":5369.3017656733359},"MedianAbsDev":{"confidence_interval":{"confidence_level":0.95,"lower_bound":24458.89148394418,"upper_bound":46908.79765837915},"point_estimate":33210.70802827452,"standard_error":5515.561317542974},"Slope":{"confidence_interval":{"confidence_level":0.95,"lower_bound":5364976.220882539,"upper_bound":5384295.696891559},"point_estimate":5374184.358126201,"standard_error":4926.548437055278},"StdDev":{"confidence_interval":{"confidence_level":0.95,"lower_bound":46623.658456464385,"upper_bound":118078.33854531365},"point_estimate":82671.97755152527,"standard_error":19360.640066321754}}