{"Mean":{"confidence_interval":{"confidence_level":0.95,"lower_bound":35574.37889863675,"upper_bound":35892.63537541967},"point_estimate":35729.42514965611,"standard_error":81.28117834041496},"Median":{"confidence_interval":{"confidence_level":0.95,"lower_bound":35219.61460446248,"upper_bound":35377.68369617035},"point_estimate":35281.75951012589,"standard_error":41.84796261750333},"MedianAbsDev":{"confidence_interval":{"confidence_level":0.95,"lower_bound":167.25067903587112,"upper_bound":403.3342848296842},"point_estimate":266.998049606595,"standard_error":61.28740225438377},"Slope":{"confidence_interval":{"confidence_level":0.95,"lower_bound":35549.314223073845,"upper_bound":36010.36068580029},"point_estimate":35767.836412203236,"standard_error":117.64585122748159},"StdDev":{"confidence_interval":{"confidence_level":0.95,"lower_bound":714.1608587086832,"upper_bound":889.3745527288916},"point_estimate":817.6283320892137,"standard_error":44.904819137261117}}