{"Mean":{"confidence_interval":{"confidence_level":0.95,"lower_bound":130449806.14094348,"upper_bound":130655277.23628104},"point_estimate":130551216.03281752,"standard_error":52400.56162361138},"Median":{"confidence_interval":{"confidence_level":0.95,"lower_bound":130280381.29166667,"upper_bound":130507805.54365079},"point_estimate":130347181.35144928,"standard_error":64012.501896327085},"MedianAbsDev":{"confidence_interval":{"confidence_level":0.95,"lower_bound":343815.8900399235,"upper_bound":702270.2124627385},"point_estimate":476592.03950303726,"standard_error":90432.25489748946},"Slope":{"confidence_interval":{"confidence_level":0.95,"lower_bound":130154388.46525878,"upper_bound":130261922.7770163},"point_estimate":130205108.10383922,"standard_error":27452.591410620284},"StdDev":{"confidence_interval":{"confidence_level":0.95,"lower_bound":469747.00973649366,"upper_bound":571201.9411834276},"point_estimate":526247.4897631534,"standard_error":25828.665026996783}}