{"Mean":{"confidence_interval":{"confidence_level":0.95,"lower_bound":7084347.974503206,"upper_bound":7104190.594965343},"point_estimate":7094174.685098892,"standard_error":5068.281532690607},"Median":{"confidence_interval":{"confidence_level":0.95,"lower_bound":7081130.288179746,"upper_bound":7096443.777777778},"point_estimate":7087951.280931123,"standard_error":3755.1931458292235},"MedianAbsDev":{"confidence_interval":{"confidence_level":0.95,"lower_bound":25433.042748010714,"upper_bound":52810.92013198337},"point_estimate":34608.83057674683,"standard_error":7129.7207943501339},"Slope":{"confidence_interval":{"confidence_level":0.95,"lower_bound":7079463.435184529,"upper_bound":7094321.43917469},"point_estimate":7086807.87314615,"standard_error":3775.7666350367655},"StdDev":{"confidence_interval":{"confidence_level":0.95,"lower_bound":42606.0173412723,"upper_bound":58615.14718909312},"point_estimate":50988.55025034373,"standard_error":4075.0550126497635}}