{"Mean":{"confidence_interval":{"confidence_level":0.95,"lower_bound":52511754.78975939,"upper_bound":53064347.957795318},"point_estimate":52789195.85750022,"standard_error":141035.81265702169},"Median":{"confidence_interval":{"confidence_level":0.95,"lower_bound":52465546.79671717,"upper_bound":53133265.348308268},"point_estimate":52913528.2899729,"standard_error":178643.94460891374},"MedianAbsDev":{"confidence_interval":{"confidence_level":0.95,"lower_bound":1027745.2397612283,"upper_bound":1651300.7882490899},"point_estimate":1357639.3978579338,"standard_error":153667.53485158096},"Slope":{"confidence_interval":{"confidence_level":0.95,"lower_bound":52504290.686969298,"upper_bound":52996425.87891608},"point_estimate":52752416.523200828,"standard_error":125349.44759059654},"StdDev":{"confidence_interval":{"confidence_level":0.95,"lower_bound":1201755.9423637633,"upper_bound":1617289.8811441095},"point_estimate":1417350.4313808659,"standard_error":106347.78674622391}}