{"Mean":{"confidence_interval":{"confidence_level":0.95,"lower_bound":1895591.649761603,"upper_bound":1907297.4721808292},"point_estimate":1900958.8676291023,"standard_error":2994.040387394144},"Median":{"confidence_interval":{"confidence_level":0.95,"lower_bound":1886300.0228461805,"upper_bound":1895236.1543209877},"point_estimate":1888795.087628866,"standard_error":2297.1724717579629},"MedianAbsDev":{"confidence_interval":{"confidence_level":0.95,"lower_bound":4805.584112220233,"upper_bound":16234.33716582632},"point_estimate":8962.094503988661,"standard_error":2895.0936937583744},"Slope":{"confidence_interval":{"confidence_level":0.95,"lower_bound":1896156.5134845675,"upper_bound":1906007.5363756817},"point_estimate":1900853.8164770208,"standard_error":2515.3654602380076},"StdDev":{"confidence_interval":{"confidence_level":0.95,"lower_bound":17976.90711094019,"upper_bound":40946.751797536155},"point_estimate":30053.792445059837,"standard_error":5923.919559970279}}