{"Mean":{"confidence_interval":{"confidence_level":0.95,"lower_bound":0.007649320175571628,"upper_bound":0.014438129626749431},"point_estimate":0.011151343635925182,"standard_error":0.0017255695374007812},"Median":{"confidence_interval":{"confidence_level":0.95,"lower_bound":0.007326292885275943,"upper_bound":0.015388846679809998},"point_estimate":0.010840444583017695,"standard_error":0.0021675758079246628}}