{"Mean":{"confidence_interval":{"confidence_level":0.95,"lower_bound":0.872996916475042,"upper_bound":0.9081063528426983},"point_estimate":0.8911087397853645,"standard_error":0.008934873227636052},"Median":{"confidence_interval":{"confidence_level":0.95,"lower_bound":0.8675589106793082,"upper_bound":0.9076117959633043},"point_estimate":0.889601052954434,"standard_error":0.010506700255573249}}