{"Mean":{"confidence_interval":{"confidence_level":0.95,"lower_bound":1013980.9528113036,"upper_bound":1019622.1892177236},"point_estimate":1016865.6825153089,"standard_error":1437.783296879496},"Median":{"confidence_interval":{"confidence_level":0.95,"lower_bound":1024829.8132480151,"upper_bound":1025294.6748658319},"point_estimate":1025120.4045238094,"standard_error":124.31690180177636},"MedianAbsDev":{"confidence_interval":{"confidence_level":0.95,"lower_bound":692.8200908818363,"upper_bound":2058.2016940615146},"point_estimate":1038.0904348367854,"standard_error":373.03173729585026},"Slope":{"confidence_interval":{"confidence_level":0.95,"lower_bound":1011178.6626617018,"upper_bound":1018250.2773870436},"point_estimate":1014932.0483995862,"standard_error":1804.0282715848323},"StdDev":{"confidence_interval":{"confidence_level":0.95,"lower_bound":12684.73357559914,"upper_bound":15520.36207339992},"point_estimate":14413.476446816512,"standard_error":730.9090745221217}}