{"Mean":{"confidence_interval":{"confidence_level":0.95,"lower_bound":14671.719417060744,"upper_bound":15342.5440635026},"point_estimate":14992.811445646337,"standard_error":171.43452957306148},"Median":{"confidence_interval":{"confidence_level":0.95,"lower_bound":14147.182459677419,"upper_bound":14164.3458781362},"point_estimate":14156.121610263677,"standard_error":3.7302090950486819},"MedianAbsDev":{"confidence_interval":{"confidence_level":0.95,"lower_bound":18.936330161466814,"upper_bound":39.203991169348309},"point_estimate":29.906462209215716,"standard_error":5.199232254000488},"Slope":{"confidence_interval":{"confidence_level":0.95,"lower_bound":15232.02323358696,"upper_bound":16368.797701612337},"point_estimate":15804.240675193181,"standard_error":290.91128141844026},"StdDev":{"confidence_interval":{"confidence_level":0.95,"lower_bound":1402.0735055388146,"upper_bound":1962.5881245138144},"point_estimate":1727.3369605106489,"standard_error":141.8306309661474}}