{"Mean":{"confidence_interval":{"confidence_level":0.95,"lower_bound":929.5992475745658,"upper_bound":970.254087205828},"point_estimate":950.9294788492298,"standard_error":10.5275644312076},"Median":{"confidence_interval":{"confidence_level":0.95,"lower_bound":1013.6460241582843,"upper_bound":1014.1471463585435},"point_estimate":1013.8827277576961,"standard_error":0.12929006838226424},"MedianAbsDev":{"confidence_interval":{"confidence_level":0.95,"lower_bound":0.6680966417928592,"upper_bound":3.111058452327324},"point_estimate":1.4905695867059863,"standard_error":0.6600007227045895},"Slope":{"confidence_interval":{"confidence_level":0.95,"lower_bound":898.1880635243166,"upper_bound":955.0105098521775},"point_estimate":928.0660147693874,"standard_error":14.540174574677643},"StdDev":{"confidence_interval":{"confidence_level":0.95,"lower_bound":93.29823925550525,"upper_bound":114.4004638361462},"point_estimate":105.83888117570875,"standard_error":5.600276316357248}}