{"Mean":{"confidence_interval":{"confidence_level":0.95,"lower_bound":15303638.554957577,"upper_bound":15401429.653432452},"point_estimate":15352214.985188323,"standard_error":24874.966441040593},"Median":{"confidence_interval":{"confidence_level":0.95,"lower_bound":15275055.968085107,"upper_bound":15382215.25783972},"point_estimate":15342887.43478261,"standard_error":26106.066428762795},"MedianAbsDev":{"confidence_interval":{"confidence_level":0.95,"lower_bound":215779.0716464187,"upper_bound":350149.0073061887},"point_estimate":276010.6294353711,"standard_error":34541.48288409662},"Slope":{"confidence_interval":{"confidence_level":0.95,"lower_bound":15293788.367574675,"upper_bound":15424816.13539544},"point_estimate":15358536.618767549,"standard_error":33421.13367697782},"StdDev":{"confidence_interval":{"confidence_level":0.95,"lower_bound":221518.8402236394,"upper_bound":276025.63866794746},"point_estimate":251127.72559753504,"standard_error":13879.71466773572}}