{"Mean":{"confidence_interval":{"confidence_level":0.95,"lower_bound":14750275.976228618,"upper_bound":14835185.46429096},"point_estimate":14788267.658708828,"standard_error":21767.414811039638},"Median":{"confidence_interval":{"confidence_level":0.95,"lower_bound":14732038.95945946,"upper_bound":14766699.268817205},"point_estimate":14756183.275,"standard_error":8797.15754715917},"MedianAbsDev":{"confidence_interval":{"confidence_level":0.95,"lower_bound":58628.509834003,"upper_bound":122429.44215710924},"point_estimate":93997.23182950306,"standard_error":18111.918114607146},"Slope":{"confidence_interval":{"confidence_level":0.95,"lower_bound":14721029.511046689,"upper_bound":14864319.233059003},"point_estimate":14781550.292847643,"standard_error":37329.5116610132},"StdDev":{"confidence_interval":{"confidence_level":0.95,"lower_bound":110430.70061504227,"upper_bound":316004.59031841999},"point_estimate":218936.12177669933,"standard_error":54304.61593157634}}