{"Mean":{"confidence_interval":{"confidence_level":0.95,"lower_bound":6963768.874322962,"upper_bound":6983847.270831081},"point_estimate":6972155.7649829699,"standard_error":5228.820214820768},"Median":{"confidence_interval":{"confidence_level":0.95,"lower_bound":6956584.55,"upper_bound":6966868.971206761},"point_estimate":6961157.410286225,"standard_error":2385.91759782891},"MedianAbsDev":{"confidence_interval":{"confidence_level":0.95,"lower_bound":11379.68182746621,"upper_bound":19320.746517594704},"point_estimate":15231.73547110705,"standard_error":2125.3805603492539},"Slope":{"confidence_interval":{"confidence_level":0.95,"lower_bound":6958499.767786477,"upper_bound":6965535.9501246609},"point_estimate":6962106.796379489,"standard_error":1789.8301750548499},"StdDev":{"confidence_interval":{"confidence_level":0.95,"lower_bound":20850.95624292661,"upper_bound":82870.46082441547},"point_estimate":52400.269195720066,"standard_error":19474.980982294317}}