{"Mean":{"confidence_interval":{"confidence_level":0.95,"lower_bound":6639582.581835411,"upper_bound":6681522.013712716},"point_estimate":6659253.178784588,"standard_error":10715.69507924711},"Median":{"confidence_interval":{"confidence_level":0.95,"lower_bound":6610696.214545455,"upper_bound":6625776.307692308},"point_estimate":6616837.09771876,"standard_error":3406.502433364898},"MedianAbsDev":{"confidence_interval":{"confidence_level":0.95,"lower_bound":21415.96765103777,"upper_bound":43651.03036782721},"point_estimate":29926.287900281088,"standard_error":5298.286958430155},"Slope":{"confidence_interval":{"confidence_level":0.95,"lower_bound":6645186.660615871,"upper_bound":6685930.289465468},"point_estimate":6664454.518262154,"standard_error":10456.392008172146},"StdDev":{"confidence_interval":{"confidence_level":0.95,"lower_bound":74012.02202940991,"upper_bound":137358.62737178835},"point_estimate":107765.43227226919,"standard_error":16200.120782842268}}