{"Mean":{"confidence_interval":{"confidence_level":0.95,"lower_bound":3527829.4090011247,"upper_bound":3574808.562373566},"point_estimate":3551532.4232022857,"standard_error":11957.396069300328},"Median":{"confidence_interval":{"confidence_level":0.95,"lower_bound":3524778.6071428575,"upper_bound":3553809.100296443},"point_estimate":3531613.0702941177,"standard_error":7208.334454295502},"MedianAbsDev":{"confidence_interval":{"confidence_level":0.95,"lower_bound":25715.263686469807,"upper_bound":55435.91591041827},"point_estimate":40794.117466082214,"standard_error":6983.298404111457},"Slope":{"confidence_interval":{"confidence_level":0.95,"lower_bound":3550526.840893788,"upper_bound":3569413.7997061607},"point_estimate":3559499.202107285,"standard_error":4847.3341397836579},"StdDev":{"confidence_interval":{"confidence_level":0.95,"lower_bound":71569.57404895811,"upper_bound":163240.05953170148},"point_estimate":119928.85616507975,"standard_error":23515.592124441937}}