{"Mean":{"confidence_interval":{"confidence_level":0.95,"lower_bound":4239.97359683873,"upper_bound":4276.681864609264},"point_estimate":4257.480693046916,"standard_error":9.396619059377633},"Median":{"confidence_interval":{"confidence_level":0.95,"lower_bound":4205.914636299435,"upper_bound":4235.636882829771},"point_estimate":4215.9431924008199,"standard_error":8.557093956637834},"MedianAbsDev":{"confidence_interval":{"confidence_level":0.95,"lower_bound":24.435976167308568,"upper_bound":63.05348191288279},"point_estimate":38.695480386464087,"standard_error":10.226111003822663},"Slope":{"confidence_interval":{"confidence_level":0.95,"lower_bound":4231.413733660644,"upper_bound":4290.677274498704},"point_estimate":4258.783332523488,"standard_error":15.17083228236506},"StdDev":{"confidence_interval":{"confidence_level":0.95,"lower_bound":71.09857469293552,"upper_bound":114.3543534058963},"point_estimate":94.60719503343867,"standard_error":11.058962070969129}}