{"Mean":{"confidence_interval":{"confidence_level":0.95,"lower_bound":24393.622379081662,"upper_bound":24447.31759619065},"point_estimate":24418.66881105881,"standard_error":13.780370083382494},"Median":{"confidence_interval":{"confidence_level":0.95,"lower_bound":24358.29659741042,"upper_bound":24380.090994371483},"point_estimate":24366.79338105739,"standard_error":4.9404330348690579},"MedianAbsDev":{"confidence_interval":{"confidence_level":0.95,"lower_bound":26.86233679224078,"upper_bound":53.94491375773498},"point_estimate":39.16834962340298,"standard_error":7.424149147898925},"Slope":{"confidence_interval":{"confidence_level":0.95,"lower_bound":24365.556336798585,"upper_bound":24434.283325038417},"point_estimate":24395.835838700725,"standard_error":17.71999990485949},"StdDev":{"confidence_interval":{"confidence_level":0.95,"lower_bound":91.59382357383315,"upper_bound":176.5728166925028},"point_estimate":138.0942884209022,"standard_error":21.672793968810234}}