{"Mean":{"confidence_interval":{"confidence_level":0.95,"lower_bound":3692.716579387932,"upper_bound":3835.376874568867},"point_estimate":3760.974005363334,"standard_error":36.45143990616397},"Median":{"confidence_interval":{"confidence_level":0.95,"lower_bound":3593.381544639878,"upper_bound":3601.737037037037},"point_estimate":3596.5989206093274,"standard_error":2.4093616417602785},"MedianAbsDev":{"confidence_interval":{"confidence_level":0.95,"lower_bound":13.231218635325606,"upper_bound":28.92992927034217},"point_estimate":21.084842554391199,"standard_error":4.256547333293625},"Slope":{"confidence_interval":{"confidence_level":0.95,"lower_bound":3811.421990085631,"upper_bound":4073.760894081813},"point_estimate":3944.28260565161,"standard_error":66.86169027310804},"StdDev":{"confidence_interval":{"confidence_level":0.95,"lower_bound":288.3209659295496,"upper_bound":422.6279358282477},"point_estimate":366.7255593032354,"standard_error":34.07526246190341}}