{"Mean":{"confidence_interval":{"confidence_level":0.95,"lower_bound":22.7505983509973,"upper_bound":23.792139575420636},"point_estimate":23.26577597361561,"standard_error":0.2637584808146024},"Median":{"confidence_interval":{"confidence_level":0.95,"lower_bound":21.016932169925476,"upper_bound":26.326452781617964},"point_estimate":21.032010006313536,"standard_error":1.1496035244166286},"MedianAbsDev":{"confidence_interval":{"confidence_level":0.95,"lower_bound":0.037273167298682918,"upper_bound":1.4857062999564688},"point_estimate":0.061896128488908738,"standard_error":0.552110928112918},"Slope":{"confidence_interval":{"confidence_level":0.95,"lower_bound":21.253526429494216,"upper_bound":21.630530249484385},"point_estimate":21.413663402193988,"standard_error":0.09629190903508379},"StdDev":{"confidence_interval":{"confidence_level":0.95,"lower_bound":2.5106908340448035,"upper_bound":2.6887007650129028},"point_estimate":2.6480290347854407,"standard_error":0.047856675485449067}}