{"Mean":{"confidence_interval":{"confidence_level":0.95,"lower_bound":35578.00151797312,"upper_bound":35881.24060597522},"point_estimate":35725.360425175546,"standard_error":77.60635409685749},"Median":{"confidence_interval":{"confidence_level":0.95,"lower_bound":35251.31366459627,"upper_bound":35411.88474025974},"point_estimate":35308.39165887304,"standard_error":43.10036045242086},"MedianAbsDev":{"confidence_interval":{"confidence_level":0.95,"lower_bound":138.0079242522971,"upper_bound":341.04084664779477},"point_estimate":205.03425149776269,"standard_error":54.21828082537316},"Slope":{"confidence_interval":{"confidence_level":0.95,"lower_bound":35742.421250284744,"upper_bound":36268.77957691227},"point_estimate":36007.627173784545,"standard_error":134.2229127133842},"StdDev":{"confidence_interval":{"confidence_level":0.95,"lower_bound":663.4458854517441,"upper_bound":865.7192524043392},"point_estimate":781.2779721446141,"standard_error":51.76161322186217}}