{"Mean":{"confidence_interval":{"confidence_level":0.95,"lower_bound":45039050.0756772,"upper_bound":45154412.90585447},"point_estimate":45094560.56831375,"standard_error":29387.70400562674},"Median":{"confidence_interval":{"confidence_level":0.95,"lower_bound":45000336.58227848,"upper_bound":45117099.144578319},"point_estimate":45033143.24085366,"standard_error":34489.03023203673},"MedianAbsDev":{"confidence_interval":{"confidence_level":0.95,"lower_bound":163226.5776134328,"upper_bound":261994.09098760799},"point_estimate":215924.34951550188,"standard_error":24853.657174004602},"Slope":{"confidence_interval":{"confidence_level":0.95,"lower_bound":45088632.83863037,"upper_bound":45199934.82184328},"point_estimate":45141102.50080981,"standard_error":28315.07487007755},"StdDev":{"confidence_interval":{"confidence_level":0.95,"lower_bound":216290.1234379237,"upper_bound":378289.84106683128},"point_estimate":295874.9070804536,"standard_error":42139.032175221866}}