{"Mean":{"confidence_interval":{"confidence_level":0.95,"lower_bound":73359927.21349246,"upper_bound":74527900.81352793},"point_estimate":73921245.78308623,"standard_error":297239.64789208167},"Median":{"confidence_interval":{"confidence_level":0.95,"lower_bound":72599717.38235295,"upper_bound":73504056.89952407},"point_estimate":72974920.125,"standard_error":230116.40664407225},"MedianAbsDev":{"confidence_interval":{"confidence_level":0.95,"lower_bound":1227232.290199779,"upper_bound":2347951.0466845107},"point_estimate":1848994.378460629,"standard_error":273049.75313944029},"Slope":{"confidence_interval":{"confidence_level":0.95,"lower_bound":73107001.17339438,"upper_bound":73715457.02163644},"point_estimate":73397013.69796069,"standard_error":155160.40177975573},"StdDev":{"confidence_interval":{"confidence_level":0.95,"lower_bound":2288924.2923953135,"upper_bound":3570215.514744831},"point_estimate":2986289.475547216,"standard_error":327019.9307712813}}