{"Mean":{"confidence_interval":{"confidence_level":0.95,"lower_bound":47366936.30085535,"upper_bound":47544130.20758814},"point_estimate":47455494.85508576,"standard_error":45298.87897907978},"Median":{"confidence_interval":{"confidence_level":0.95,"lower_bound":47341417.08796296,"upper_bound":47545688.93333333},"point_estimate":47433943.00793651,"standard_error":59144.302350914484},"MedianAbsDev":{"confidence_interval":{"confidence_level":0.95,"lower_bound":405731.806732959,"upper_bound":606797.6281803391},"point_estimate":529642.210857481,"standard_error":53669.21782671994},"Slope":{"confidence_interval":{"confidence_level":0.95,"lower_bound":47339045.29245789,"upper_bound":47516852.97367444},"point_estimate":47425616.15127531,"standard_error":45380.66632796584},"StdDev":{"confidence_interval":{"confidence_level":0.95,"lower_bound":390867.54220460579,"upper_bound":514705.4812394807},"point_estimate":454612.06821258176,"standard_error":31667.1153637897}}