{"Mean":{"confidence_interval":{"confidence_level":0.95,"lower_bound":24918249.91642186,"upper_bound":25103976.816352264},"point_estimate":25008998.317340014,"standard_error":47502.882742660855},"Median":{"confidence_interval":{"confidence_level":0.95,"lower_bound":24738062.17340521,"upper_bound":24918278.934662239},"point_estimate":24798328.977982165,"standard_error":53407.692129904615},"MedianAbsDev":{"confidence_interval":{"confidence_level":0.95,"lower_bound":196920.61159191695,"upper_bound":484232.5956792011},"point_estimate":297023.07312689188,"standard_error":81091.3031472759},"Slope":{"confidence_interval":{"confidence_level":0.95,"lower_bound":24974753.79686334,"upper_bound":25201464.346454726},"point_estimate":25085401.507161224,"standard_error":57990.398371984586},"StdDev":{"confidence_interval":{"confidence_level":0.95,"lower_bound":408877.8211630287,"upper_bound":540364.3160893112},"point_estimate":477511.85093852979,"standard_error":33459.181524915795}}