{"Mean":{"confidence_interval":{"confidence_level":0.95,"lower_bound":94109.8747971243,"upper_bound":98024.48742250655},"point_estimate":96096.55043924642,"standard_error":999.0423602063286},"Median":{"confidence_interval":{"confidence_level":0.95,"lower_bound":90023.53106508876,"upper_bound":103564.79310344828},"point_estimate":100204.83575672296,"standard_error":4516.3651624342269},"MedianAbsDev":{"confidence_interval":{"confidence_level":0.95,"lower_bound":6531.68918488063,"upper_bound":16615.251922030806},"point_estimate":12836.079190234197,"standard_error":2487.5987545738964},"Slope":{"confidence_interval":{"confidence_level":0.95,"lower_bound":93839.48219615912,"upper_bound":98551.77628267542},"point_estimate":96197.80844641985,"standard_error":1203.5541503327598},"StdDev":{"confidence_interval":{"confidence_level":0.95,"lower_bound":8744.631908526431,"upper_bound":11392.780040084504},"point_estimate":10116.717856424428,"standard_error":676.8602690301325}}