{"Mean":{"confidence_interval":{"confidence_level":0.95,"lower_bound":378.4597674140055,"upper_bound":399.34346670683297},"point_estimate":388.6230131617887,"standard_error":5.351956162734101},"Median":{"confidence_interval":{"confidence_level":0.95,"lower_bound":355.3032803131658,"upper_bound":356.35218894009219},"point_estimate":355.53283639818019,"standard_error":0.2647867072803709},"MedianAbsDev":{"confidence_interval":{"confidence_level":0.95,"lower_bound":0.5924253529229989,"upper_bound":2.1445059323279325},"point_estimate":0.9617490087691198,"standard_error":0.387232235720824},"Slope":{"confidence_interval":{"confidence_level":0.95,"lower_bound":380.18636317482307,"upper_bound":407.4885215992797},"point_estimate":393.1520722924139,"standard_error":6.972441362596445},"StdDev":{"confidence_interval":{"confidence_level":0.95,"lower_bound":47.11412497247333,"upper_bound":58.2179506289036},"point_estimate":53.78632496389641,"standard_error":2.893481629880987}}