{"Mean":{"confidence_interval":{"confidence_level":0.95,"lower_bound":6230317.862691312,"upper_bound":6246418.593162616},"point_estimate":6237539.088164527,"standard_error":4075.9552085892248},"Median":{"confidence_interval":{"confidence_level":0.95,"lower_bound":6234115.1875,"upper_bound":6239250.514693172},"point_estimate":6235935.363993711,"standard_error":1202.6819900627923},"MedianAbsDev":{"confidence_interval":{"confidence_level":0.95,"lower_bound":8968.50700941667,"upper_bound":13911.669804469027},"point_estimate":11404.504085460709,"standard_error":1264.7590430948438},"Slope":{"confidence_interval":{"confidence_level":0.95,"lower_bound":6236939.395596575,"upper_bound":6248748.93261821},"point_estimate":6241819.51288902,"standard_error":3057.6403204358578},"StdDev":{"confidence_interval":{"confidence_level":0.95,"lower_bound":11395.861947392648,"upper_bound":65603.93728854034},"point_estimate":40799.647323640325,"standard_error":15001.190552415577}}