{"Mean":{"confidence_interval":{"confidence_level":0.95,"lower_bound":-0.005279248048497179,"upper_bound":-0.0021607906873450037},"point_estimate":-0.003739500604817647,"standard_error":0.0007897590642926338},"Median":{"confidence_interval":{"confidence_level":0.95,"lower_bound":-0.0041140234584952088,"upper_bound":-0.0026080426272124814},"point_estimate":-0.0031520629567878268,"standard_error":0.00039533927904010507}}