{"Mean":{"confidence_interval":{"confidence_level":0.95,"lower_bound":41031.27227487467,"upper_bound":42313.557768475475},"point_estimate":41649.07290890565,"standard_error":327.89103634313246},"Median":{"confidence_interval":{"confidence_level":0.95,"lower_bound":39999.256842105264,"upper_bound":40064.53962962963},"point_estimate":40040.65863955119,"standard_error":17.411446142789424},"MedianAbsDev":{"confidence_interval":{"confidence_level":0.95,"lower_bound":76.43458198419214,"upper_bound":177.35615663311359},"point_estimate":123.07630503849004,"standard_error":27.119488885844306},"Slope":{"confidence_interval":{"confidence_level":0.95,"lower_bound":40552.46746263102,"upper_bound":42354.74634928471},"point_estimate":41417.69678002069,"standard_error":461.18705307052098},"StdDev":{"confidence_interval":{"confidence_level":0.95,"lower_bound":2669.8558617136579,"upper_bound":3738.1157137353527},"point_estimate":3288.4567917359279,"standard_error":273.88815602717309}}