{"Mean":{"confidence_interval":{"confidence_level":0.95,"lower_bound":802.695080034571,"upper_bound":839.863094211468},"point_estimate":820.7481009588655,"standard_error":9.554770842759507},"Median":{"confidence_interval":{"confidence_level":0.95,"lower_bound":769.8949561403509,"upper_bound":771.0032036613272},"point_estimate":770.1281615497076,"standard_error":0.3128539149207296},"MedianAbsDev":{"confidence_interval":{"confidence_level":0.95,"lower_bound":1.0479609274849087,"upper_bound":2.719145716555727},"point_estimate":1.4861140266863667,"standard_error":0.43816607819527755},"Slope":{"confidence_interval":{"confidence_level":0.95,"lower_bound":820.6778968453899,"upper_bound":876.7150547944876},"point_estimate":847.5808308224381,"standard_error":14.334172777686894},"StdDev":{"confidence_interval":{"confidence_level":0.95,"lower_bound":79.55786678578864,"upper_bound":107.15840754472186},"point_estimate":96.10206684081867,"standard_error":6.925521449974451}}