{"Mean":{"confidence_interval":{"confidence_level":0.95,"lower_bound":9.461501053859016,"upper_bound":9.762147509240818},"point_estimate":9.61513460437829,"standard_error":0.07687217704528791},"Median":{"confidence_interval":{"confidence_level":0.95,"lower_bound":10.11344812918114,"upper_bound":10.11890010334007},"point_estimate":10.115849770763895,"standard_error":0.00533902959985005},"MedianAbsDev":{"confidence_interval":{"confidence_level":0.95,"lower_bound":0.008667439668704062,"upper_bound":0.0404100671546666},"point_estimate":0.01445504060032912,"standard_error":0.011188127753770129},"Slope":{"confidence_interval":{"confidence_level":0.95,"lower_bound":9.087609013965296,"upper_bound":9.517954516483507},"point_estimate":9.305179852991208,"standard_error":0.11012925851727507},"StdDev":{"confidence_interval":{"confidence_level":0.95,"lower_bound":0.6886681414174852,"upper_bound":0.8239699354323474},"point_estimate":0.7728594762223418,"standard_error":0.03467075110781532}}