{"Mean":{"confidence_interval":{"confidence_level":0.95,"lower_bound":9456.717298256317,"upper_bound":9684.423490111692},"point_estimate":9566.35474923327,"standard_error":58.257411481255548},"Median":{"confidence_interval":{"confidence_level":0.95,"lower_bound":9261.113910469849,"upper_bound":9363.230067567569},"point_estimate":9298.901816344034,"standard_error":27.25106556590331},"MedianAbsDev":{"confidence_interval":{"confidence_level":0.95,"lower_bound":147.89534171395636,"upper_bound":339.8328401341772},"point_estimate":207.99824656039398,"standard_error":49.88517559470512},"Slope":{"confidence_interval":{"confidence_level":0.95,"lower_bound":9454.833308328956,"upper_bound":9792.59380401428},"point_estimate":9622.555751301405,"standard_error":86.3203796511747},"StdDev":{"confidence_interval":{"confidence_level":0.95,"lower_bound":466.40214877197419,"upper_bound":691.3077694659579},"point_estimate":581.937228667707,"standard_error":57.642430182478268}}