{"Mean":{"confidence_interval":{"confidence_level":0.95,"lower_bound":81340490.51097958,"upper_bound":82135783.91535264},"point_estimate":81730401.25544384,"standard_error":203088.8997200365},"Median":{"confidence_interval":{"confidence_level":0.95,"lower_bound":81129452.13638118,"upper_bound":81868028.32954546},"point_estimate":81517417.89215687,"standard_error":168746.93202915538},"MedianAbsDev":{"confidence_interval":{"confidence_level":0.95,"lower_bound":1055416.6494882883,"upper_bound":1700004.200620842},"point_estimate":1392136.73157975,"standard_error":159515.83962775873},"Slope":{"confidence_interval":{"confidence_level":0.95,"lower_bound":81017786.26086366,"upper_bound":81476437.9794929},"point_estimate":81241459.91152062,"standard_error":116955.70775372202},"StdDev":{"confidence_interval":{"confidence_level":0.95,"lower_bound":1550543.0819148585,"upper_bound":2488054.594573014},"point_estimate":2042429.7733018259,"standard_error":239535.46268234228}}