{"Mean":{"confidence_interval":{"confidence_level":0.95,"lower_bound":7262490.318592817,"upper_bound":7509615.046014276},"point_estimate":7384117.605698786,"standard_error":63263.30466818565},"Median":{"confidence_interval":{"confidence_level":0.95,"lower_bound":6859876.49122807,"upper_bound":7358806.485313036},"point_estimate":6921211.75,"standard_error":140569.5159937223},"MedianAbsDev":{"confidence_interval":{"confidence_level":0.95,"lower_bound":55670.409358375735,"upper_bound":784841.0590803584},"point_estimate":149370.49689771367,"standard_error":183330.64533346013},"Slope":{"confidence_interval":{"confidence_level":0.95,"lower_bound":7231289.574363231,"upper_bound":7551842.503479119},"point_estimate":7387996.417452342,"standard_error":82014.10847230754},"StdDev":{"confidence_interval":{"confidence_level":0.95,"lower_bound":590840.9431586621,"upper_bound":665015.8440800418},"point_estimate":637127.5462156594,"standard_error":19003.867657639472}}