{"Mean":{"confidence_interval":{"confidence_level":0.95,"lower_bound":2732533.7731666096,"upper_bound":2767855.620360359},"point_estimate":2749547.042463282,"standard_error":9028.991206203033},"Median":{"confidence_interval":{"confidence_level":0.95,"lower_bound":2703349.8017241379,"upper_bound":2735114.6666666667},"point_estimate":2711614.754061845,"standard_error":7786.906007259034},"MedianAbsDev":{"confidence_interval":{"confidence_level":0.95,"lower_bound":39752.660498154764,"upper_bound":76576.61481249328},"point_estimate":55103.0238058146,"standard_error":9280.177421664968},"Slope":{"confidence_interval":{"confidence_level":0.95,"lower_bound":2746497.7290017518,"upper_bound":2802138.4198911564},"point_estimate":2773328.31761194,"standard_error":14195.590587882012},"StdDev":{"confidence_interval":{"confidence_level":0.95,"lower_bound":73889.55457263527,"upper_bound":105196.58272878923},"point_estimate":90909.0347174365,"standard_error":8013.318918968842}}