{"Mean":{"confidence_interval":{"confidence_level":0.95,"lower_bound":271.8874417190579,"upper_bound":286.7938469672206},"point_estimate":279.2134200225069,"standard_error":3.8167342569374047},"Median":{"confidence_interval":{"confidence_level":0.95,"lower_bound":247.82674842264286,"upper_bound":282.3389322106697},"point_estimate":247.89681085043987,"standard_error":10.692260419203326},"MedianAbsDev":{"confidence_interval":{"confidence_level":0.95,"lower_bound":0.1864071815695475,"upper_bound":20.95724293150696},"point_estimate":0.3152931943183213,"standard_error":6.16143781319184},"Slope":{"confidence_interval":{"confidence_level":0.95,"lower_bound":266.1280030247166,"upper_bound":285.91358621206288},"point_estimate":275.9996911021255,"standard_error":5.069376599505995},"StdDev":{"confidence_interval":{"confidence_level":0.95,"lower_bound":35.94085245548929,"upper_bound":39.13991646865773},"point_estimate":38.23252420215659,"standard_error":0.8449016260871541}}