{"Mean":{"confidence_interval":{"confidence_level":0.95,"lower_bound":1124198.0621625297,"upper_bound":1145706.4130654834},"point_estimate":1134309.7868495929,"standard_error":5466.175818499019},"Median":{"confidence_interval":{"confidence_level":0.95,"lower_bound":1156792.342857143,"upper_bound":1157574.5628626694},"point_estimate":1157169.7421994885,"standard_error":1106.108822133631},"MedianAbsDev":{"confidence_interval":{"confidence_level":0.95,"lower_bound":1628.855617154425,"upper_bound":14435.867157126846},"point_estimate":3353.9093093408516,"standard_error":4432.175534842426},"Slope":{"confidence_interval":{"confidence_level":0.95,"lower_bound":1107923.5934512949,"upper_bound":1130419.8875098306},"point_estimate":1119407.454520467,"standard_error":5758.943756434447},"StdDev":{"confidence_interval":{"confidence_level":0.95,"lower_bound":38313.073340449795,"upper_bound":76103.98240892717},"point_estimate":54822.598754674735,"standard_error":11434.446315763207}}