{"Mean":{"confidence_interval":{"confidence_level":0.95,"lower_bound":24.100992706044435,"upper_bound":24.396047433364744},"point_estimate":24.244438112705507,"standard_error":0.0753953036129869},"Median":{"confidence_interval":{"confidence_level":0.95,"lower_bound":23.81398517663661,"upper_bound":23.82984787964314},"point_estimate":23.820222395270905,"standard_error":0.004379085432171739},"MedianAbsDev":{"confidence_interval":{"confidence_level":0.95,"lower_bound":0.01596735738003645,"upper_bound":0.041163921616341098},"point_estimate":0.025667866880814673,"standard_error":0.006766799442814587},"Slope":{"confidence_interval":{"confidence_level":0.95,"lower_bound":24.236157133962377,"upper_bound":24.678096683233226},"point_estimate":24.45049637121431,"standard_error":0.11271358668555195},"StdDev":{"confidence_interval":{"confidence_level":0.95,"lower_bound":0.6441282002229541,"upper_bound":0.838422022251862},"point_estimate":0.7596149899042451,"standard_error":0.04972137433434483}}