{"Mean":{"confidence_interval":{"confidence_level":0.95,"lower_bound":1180464.0670259316,"upper_bound":1202122.297595489},"point_estimate":1190678.2559718448,"standard_error":5524.337538793604},"Median":{"confidence_interval":{"confidence_level":0.95,"lower_bound":1161170.650626236,"upper_bound":1162509.1712962962},"point_estimate":1161636.9210104249,"standard_error":341.2618060222703},"MedianAbsDev":{"confidence_interval":{"confidence_level":0.95,"lower_bound":1233.2793294207864,"upper_bound":5014.865510383329},"point_estimate":1924.2391322096783,"standard_error":935.0034167164324},"Slope":{"confidence_interval":{"confidence_level":0.95,"lower_bound":1188988.4474719086,"upper_bound":1219545.5103103347},"point_estimate":1203513.761876755,"standard_error":7802.386542631133},"StdDev":{"confidence_interval":{"confidence_level":0.95,"lower_bound":41385.09357425778,"upper_bound":68220.60556667562},"point_estimate":55477.323096625216,"standard_error":6872.74880565637}}