{"Mean":{"confidence_interval":{"confidence_level":0.95,"lower_bound":2300413.742877123,"upper_bound":2317964.4641084887},"point_estimate":2308371.15469985,"standard_error":4492.274016816959},"Median":{"confidence_interval":{"confidence_level":0.95,"lower_bound":2289483.625633383,"upper_bound":2296754.630952381},"point_estimate":2291773.046296296,"standard_error":2037.722019344519},"MedianAbsDev":{"confidence_interval":{"confidence_level":0.95,"lower_bound":8202.238456005125,"upper_bound":17423.80251812119},"point_estimate":11429.642876190977,"standard_error":2609.4532935375734},"Slope":{"confidence_interval":{"confidence_level":0.95,"lower_bound":2286838.3765678566,"upper_bound":2289501.883498833},"point_estimate":2288019.181161519,"standard_error":680.5479517912403},"StdDev":{"confidence_interval":{"confidence_level":0.95,"lower_bound":25210.303912217983,"upper_bound":61525.20078310543},"point_estimate":45001.726007382436,"standard_error":9236.131708191782}}