{"Mean":{"confidence_interval":{"confidence_level":0.95,"lower_bound":4174649.652799676,"upper_bound":4188020.07546233},"point_estimate":4180439.528882854,"standard_error":3444.5981455900089},"Median":{"confidence_interval":{"confidence_level":0.95,"lower_bound":4169060.5384615387,"upper_bound":4174423.0788924929},"point_estimate":4172057.144335512,"standard_error":1484.8466348256876},"MedianAbsDev":{"confidence_interval":{"confidence_level":0.95,"lower_bound":8294.10854400731,"upper_bound":14403.08936084486},"point_estimate":10879.925495304322,"standard_error":1560.828056285178},"Slope":{"confidence_interval":{"confidence_level":0.95,"lower_bound":4166986.828769666,"upper_bound":4170832.3219127918},"point_estimate":4168813.654065317,"standard_error":979.5898272454131},"StdDev":{"confidence_interval":{"confidence_level":0.95,"lower_bound":14250.975739355632,"upper_bound":52592.86971117253},"point_estimate":34526.33395037483,"standard_error":10192.911616377169}}