{"Mean":{"confidence_interval":{"confidence_level":0.95,"lower_bound":811.1753951093566,"upper_bound":852.174536822653},"point_estimate":831.2963104422378,"standard_error":10.453200069672686},"Median":{"confidence_interval":{"confidence_level":0.95,"lower_bound":753.8140946082419,"upper_bound":755.8104865585425},"point_estimate":754.1798294823373,"standard_error":6.415985468766139},"MedianAbsDev":{"confidence_interval":{"confidence_level":0.95,"lower_bound":0.7707427186329217,"upper_bound":3.974822476089309},"point_estimate":1.3510654108415715,"standard_error":4.153716764491201},"Slope":{"confidence_interval":{"confidence_level":0.95,"lower_bound":827.8358827908745,"upper_bound":884.3368965735615},"point_estimate":855.5971186305511,"standard_error":14.400680907651952},"StdDev":{"confidence_interval":{"confidence_level":0.95,"lower_bound":96.21038576251279,"upper_bound":109.33435353616608},"point_estimate":104.88556562969265,"standard_error":3.4417406825584395}}