{"Mean":{"confidence_interval":{"confidence_level":0.95,"lower_bound":73368446.5360816,"upper_bound":73812750.63039689},"point_estimate":73585483.50155382,"standard_error":113441.96227750056},"Median":{"confidence_interval":{"confidence_level":0.95,"lower_bound":73145048.24000503,"upper_bound":73807315.4074074},"point_estimate":73365513.13410932,"standard_error":168104.48118200559},"MedianAbsDev":{"confidence_interval":{"confidence_level":0.95,"lower_bound":913076.5493100925,"upper_bound":1474812.7593098069},"point_estimate":1243567.8600876595,"standard_error":141516.13165329616},"Slope":{"confidence_interval":{"confidence_level":0.95,"lower_bound":73279852.98239884,"upper_bound":73639425.4232041},"point_estimate":73459917.12137136,"standard_error":91536.6834595206},"StdDev":{"confidence_interval":{"confidence_level":0.95,"lower_bound":947801.4091758,"upper_bound":1322921.7509405798},"point_estimate":1141703.1957231826,"standard_error":96234.40417971205}}