{"Mean":{"confidence_interval":{"confidence_level":0.95,"lower_bound":699.5738444449604,"upper_bound":735.1850677221062},"point_estimate":716.9666225034039,"standard_error":9.087925559712867},"Median":{"confidence_interval":{"confidence_level":0.95,"lower_bound":658.7144109360326,"upper_bound":660.4103360116874},"point_estimate":659.0765668371073,"standard_error":0.6034807646390864},"MedianAbsDev":{"confidence_interval":{"confidence_level":0.95,"lower_bound":1.4424395591831576,"upper_bound":4.257690660928523},"point_estimate":2.0985772271693765,"standard_error":0.919096809062558},"Slope":{"confidence_interval":{"confidence_level":0.95,"lower_bound":712.3433759661973,"upper_bound":761.6297453678967},"point_estimate":735.8640404821965,"standard_error":12.625726882842394},"StdDev":{"confidence_interval":{"confidence_level":0.95,"lower_bound":80.76522564955224,"upper_bound":97.82517726025267},"point_estimate":91.14862739287237,"standard_error":4.4345498578232969}}