{"Mean":{"confidence_interval":{"confidence_level":0.95,"lower_bound":2412357.8027005067,"upper_bound":2457509.9567540257},"point_estimate":2434596.4569961626,"standard_error":11551.78610358452},"Median":{"confidence_interval":{"confidence_level":0.95,"lower_bound":2350321.470588235,"upper_bound":2358200.0},"point_estimate":2352073.2685421996,"standard_error":4547.305130554363},"MedianAbsDev":{"confidence_interval":{"confidence_level":0.95,"lower_bound":3672.3488866524528,"upper_bound":16036.78467243289},"point_estimate":6376.862656318814,"standard_error":6136.3235082537289},"Slope":{"confidence_interval":{"confidence_level":0.95,"lower_bound":2421957.9507958085,"upper_bound":2484119.839789798},"point_estimate":2452361.88844983,"standard_error":15871.05735580676},"StdDev":{"confidence_interval":{"confidence_level":0.95,"lower_bound":105207.85297701902,"upper_bound":122628.11040014815},"point_estimate":116230.49837306545,"standard_error":4515.7537438619}}