{"Mean":{"confidence_interval":{"confidence_level":0.95,"lower_bound":0.027194542943546376,"upper_bound":0.03109777957973367},"point_estimate":0.029268086776836234,"standard_error":0.0009954650207942627},"Median":{"confidence_interval":{"confidence_level":0.95,"lower_bound":0.032268044038543667,"upper_bound":0.03361667392889345},"point_estimate":0.032991162362317808,"standard_error":0.00033301928163914434}}