{"Mean":{"confidence_interval":{"confidence_level":0.95,"lower_bound":868.2013524836266,"upper_bound":868.9158758616925},"point_estimate":868.5372077870654,"standard_error":0.18283556551278305},"Median":{"confidence_interval":{"confidence_level":0.95,"lower_bound":867.6976547236252,"upper_bound":868.0270162058811},"point_estimate":867.8708353269838,"standard_error":0.11009595139478327},"MedianAbsDev":{"confidence_interval":{"confidence_level":0.95,"lower_bound":0.39827697186814078,"upper_bound":0.8652742977696981},"point_estimate":0.6196050348887708,"standard_error":0.13234131961228008},"Slope":{"confidence_interval":{"confidence_level":0.95,"lower_bound":867.540100241613,"upper_bound":867.6946565867885},"point_estimate":867.6116836074556,"standard_error":0.03936382951124792},"StdDev":{"confidence_interval":{"confidence_level":0.95,"lower_bound":1.2410069994380833,"upper_bound":2.3526656353844199},"point_estimate":1.845557382619984,"standard_error":0.2841372575313262}}