{"Mean":{"confidence_interval":{"confidence_level":0.95,"lower_bound":2423784.0599056736,"upper_bound":2464905.3068144319},"point_estimate":2444029.3174933677,"standard_error":10502.271978660776},"Median":{"confidence_interval":{"confidence_level":0.95,"lower_bound":2364999.6774193549,"upper_bound":2376200.25},"point_estimate":2368123.0423076928,"standard_error":7888.23847180759},"MedianAbsDev":{"confidence_interval":{"confidence_level":0.95,"lower_bound":6050.567565379099,"upper_bound":23532.65478056362},"point_estimate":10690.566449226031,"standard_error":7900.675829311123},"Slope":{"confidence_interval":{"confidence_level":0.95,"lower_bound":2434548.881123318,"upper_bound":2491313.4312283957},"point_estimate":2462674.0872026009,"standard_error":14523.759963844555},"StdDev":{"confidence_interval":{"confidence_level":0.95,"lower_bound":96715.78118075888,"upper_bound":110044.92758337839},"point_estimate":105353.09557068056,"standard_error":3454.9612792080786}}