{"Mean":{"confidence_interval":{"confidence_level":0.95,"lower_bound":51819032.41649135,"upper_bound":52050374.01262318},"point_estimate":51928855.793263588,"standard_error":59241.83088804941},"Median":{"confidence_interval":{"confidence_level":0.95,"lower_bound":51598099.73626374,"upper_bound":51646165.21428572},"point_estimate":51607702.307469818,"standard_error":14813.378623744658},"MedianAbsDev":{"confidence_interval":{"confidence_level":0.95,"lower_bound":33756.31054444675,"upper_bound":144937.73067602935},"point_estimate":59331.68388865069,"standard_error":32503.6079471213},"Slope":{"confidence_interval":{"confidence_level":0.95,"lower_bound":51733308.88589143,"upper_bound":51892012.37968053},"point_estimate":51808658.20692182,"standard_error":40675.58605264345},"StdDev":{"confidence_interval":{"confidence_level":0.95,"lower_bound":442702.36365731825,"upper_bound":739876.3922648185},"point_estimate":596024.9259043974,"standard_error":76178.2349659668}}