{"Mean":{"confidence_interval":{"confidence_level":0.95,"lower_bound":648.8058325776964,"upper_bound":679.4499997976774},"point_estimate":664.4096698855575,"standard_error":7.824740515810413},"Median":{"confidence_interval":{"confidence_level":0.95,"lower_bound":720.6841968880981,"upper_bound":721.1494580911884},"point_estimate":720.8483029266884,"standard_error":3.832972177557176},"MedianAbsDev":{"confidence_interval":{"confidence_level":0.95,"lower_bound":1.0181818321481433,"upper_bound":10.199042216664866},"point_estimate":1.884526427789592,"standard_error":3.82779265701826},"Slope":{"confidence_interval":{"confidence_level":0.95,"lower_bound":615.9590380494135,"upper_bound":658.8206280409061},"point_estimate":637.813682747758,"standard_error":10.945017099756076},"StdDev":{"confidence_interval":{"confidence_level":0.95,"lower_bound":72.27383142017827,"upper_bound":82.51149145870328},"point_estimate":78.92124896529731,"standard_error":2.677508125865269}}