{"Mean":{"confidence_interval":{"confidence_level":0.95,"lower_bound":50509056.19858199,"upper_bound":51364631.35413576},"point_estimate":50935389.576736528,"standard_error":217946.32118164327},"Median":{"confidence_interval":{"confidence_level":0.95,"lower_bound":49899192.64864865,"upper_bound":51899572.894361708},"point_estimate":50379621.932291667,"standard_error":484698.35162542146},"MedianAbsDev":{"confidence_interval":{"confidence_level":0.95,"lower_bound":2150526.0366963876,"upper_bound":3278549.603810475},"point_estimate":2971972.685370264,"standard_error":274589.5687314184},"Slope":{"confidence_interval":{"confidence_level":0.95,"lower_bound":50969603.81371647,"upper_bound":51967720.67620776},"point_estimate":51474210.687043007,"standard_error":254625.0474915937},"StdDev":{"confidence_interval":{"confidence_level":0.95,"lower_bound":2002422.5938416145,"upper_bound":2342441.3666548959},"point_estimate":2189047.7110127459,"standard_error":86537.78790634554}}