{"Mean":{"confidence_interval":{"confidence_level":0.95,"lower_bound":11818.084143483904,"upper_bound":11876.517923661104},"point_estimate":11838.3770755938,"standard_error":18.10514509732597},"Median":{"confidence_interval":{"confidence_level":0.95,"lower_bound":11814.783144990415,"upper_bound":11818.319057623048},"point_estimate":11816.695578623607,"standard_error":1.0299323621057382},"MedianAbsDev":{"confidence_interval":{"confidence_level":0.95,"lower_bound":5.902498749992704,"upper_bound":10.526211842589003},"point_estimate":8.123658966174658,"standard_error":1.1650094716557145},"Slope":{"confidence_interval":{"confidence_level":0.95,"lower_bound":11814.326494672412,"upper_bound":11879.991244613393},"point_estimate":11834.679117029877,"standard_error":19.55272057605972},"StdDev":{"confidence_interval":{"confidence_level":0.95,"lower_bound":11.976738035161416,"upper_bound":311.8533950265233},"point_estimate":182.15463609829403,"standard_error":107.71583004471907}}