{"Mean":{"confidence_interval":{"confidence_level":0.95,"lower_bound":-0.02030310639411229,"upper_bound":0.04121339981511936},"point_estimate":0.009844881426395391,"standard_error":0.01572794367514981},"Median":{"confidence_interval":{"confidence_level":0.95,"lower_bound":-0.04798352098224423,"upper_bound":0.23133777930229083},"point_estimate":0.2303075088544364,"standard_error":0.10833535985519197}}