{"Mean":{"confidence_interval":{"confidence_level":0.95,"lower_bound":45043191.42582704,"upper_bound":45605773.28305555},"point_estimate":45314316.16923872,"standard_error":143659.59531850098},"Median":{"confidence_interval":{"confidence_level":0.95,"lower_bound":44524710.66060606,"upper_bound":45039155.06168831},"point_estimate":44719113.79428341,"standard_error":131266.58286846613},"MedianAbsDev":{"confidence_interval":{"confidence_level":0.95,"lower_bound":660361.1487956033,"upper_bound":1310363.6874659369},"point_estimate":949899.7700244676,"standard_error":168439.0828168588},"Slope":{"confidence_interval":{"confidence_level":0.95,"lower_bound":44759377.76847567,"upper_bound":45197649.75997168},"point_estimate":44972022.017789278,"standard_error":111686.43872399433},"StdDev":{"confidence_interval":{"confidence_level":0.95,"lower_bound":1187480.4684848793,"upper_bound":1661311.1500725644},"point_estimate":1442995.828727205,"standard_error":121241.6288749155}}