{"Mean":{"confidence_interval":{"confidence_level":0.95,"lower_bound":39859575.71819518,"upper_bound":40057485.13035084},"point_estimate":39953780.2699219,"standard_error":50413.576923917564},"Median":{"confidence_interval":{"confidence_level":0.95,"lower_bound":39842037.26422764,"upper_bound":40012603.20909091},"point_estimate":39949552.56063472,"standard_error":46759.02180005488},"MedianAbsDev":{"confidence_interval":{"confidence_level":0.95,"lower_bound":274491.11063450106,"upper_bound":418889.14294346878},"point_estimate":355276.68860185597,"standard_error":36821.47639332086},"Slope":{"confidence_interval":{"confidence_level":0.95,"lower_bound":39845873.40638589,"upper_bound":39991855.392965618},"point_estimate":39916635.250920649,"standard_error":37119.25809741261},"StdDev":{"confidence_interval":{"confidence_level":0.95,"lower_bound":341397.20569513578,"upper_bound":666246.1427965054},"point_estimate":507032.82736737388,"standard_error":84425.38352609314}}