{"Mean":{"confidence_interval":{"confidence_level":0.95,"lower_bound":720575.4292456177,"upper_bound":734989.8016086321},"point_estimate":727109.0193058301,"standard_error":3707.8695278177826},"Median":{"confidence_interval":{"confidence_level":0.95,"lower_bound":708670.967948718,"upper_bound":731446.2394366197},"point_estimate":726150.82579023,"standard_error":5951.716526039859},"MedianAbsDev":{"confidence_interval":{"confidence_level":0.95,"lower_bound":8115.587537463542,"upper_bound":30283.690771125322},"point_estimate":24731.847613421876,"standard_error":5724.837733074578},"Slope":{"confidence_interval":{"confidence_level":0.95,"lower_bound":716830.5394770239,"upper_bound":725917.0096334113},"point_estimate":721157.6750347273,"standard_error":2310.0324867512788},"StdDev":{"confidence_interval":{"confidence_level":0.95,"lower_bound":19505.167703526648,"upper_bound":52010.72267741462},"point_estimate":37274.11393759341,"standard_error":8435.857356367102}}