{"Mean":{"confidence_interval":{"confidence_level":0.95,"lower_bound":24390.907210909765,"upper_bound":24437.287542887367},"point_estimate":24412.110678455756,"standard_error":11.844672988874118},"Median":{"confidence_interval":{"confidence_level":0.95,"lower_bound":24357.323914336703,"upper_bound":24385.516403051406},"point_estimate":24368.63450053802,"standard_error":7.3996851015697528},"MedianAbsDev":{"confidence_interval":{"confidence_level":0.95,"lower_bound":35.225302143635719,"upper_bound":72.15734499622957},"point_estimate":49.92239560150563,"standard_error":9.404579722743222},"Slope":{"confidence_interval":{"confidence_level":0.95,"lower_bound":24358.192756818058,"upper_bound":24388.319489741552},"point_estimate":24371.92359787635,"standard_error":7.720326275149466},"StdDev":{"confidence_interval":{"confidence_level":0.95,"lower_bound":75.0025533803198,"upper_bound":166.4515010024905},"point_estimate":119.06022012488204,"standard_error":25.848194418775333}}