{"Mean":{"confidence_interval":{"confidence_level":0.95,"lower_bound":5221762.540402333,"upper_bound":5409920.6063927779},"point_estimate":5313730.423451177,"standard_error":47780.07922649898},"Median":{"confidence_interval":{"confidence_level":0.95,"lower_bound":4986909.764661655,"upper_bound":5490219.069444444},"point_estimate":5412126.612059621,"standard_error":145928.66617571729},"MedianAbsDev":{"confidence_interval":{"confidence_level":0.95,"lower_bound":145300.9582331198,"upper_bound":912116.9244588561},"point_estimate":782099.361173168,"standard_error":212291.62745754684},"Slope":{"confidence_interval":{"confidence_level":0.95,"lower_bound":5120583.02827985,"upper_bound":5351739.072501646},"point_estimate":5230383.537951825,"standard_error":59274.41895057698},"StdDev":{"confidence_interval":{"confidence_level":0.95,"lower_bound":405167.9962807085,"upper_bound":540799.6961027022},"point_estimate":478948.9344177786,"standard_error":34620.13858815691}}