{"Mean":{"confidence_interval":{"confidence_level":0.95,"lower_bound":20508830.55112406,"upper_bound":20593113.7391094},"point_estimate":20551364.966366579,"standard_error":21539.008867916415},"Median":{"confidence_interval":{"confidence_level":0.95,"lower_bound":20501739.14285714,"upper_bound":20579345.615384617},"point_estimate":20530418.368214005,"standard_error":15715.276439398458},"MedianAbsDev":{"confidence_interval":{"confidence_level":0.95,"lower_bound":121077.84704613545,"upper_bound":188627.2571006653},"point_estimate":145235.3037642842,"standard_error":17410.033421826713},"Slope":{"confidence_interval":{"confidence_level":0.95,"lower_bound":20516674.015758877,"upper_bound":20568669.380614468},"point_estimate":20541967.704480567,"standard_error":13269.07958308682},"StdDev":{"confidence_interval":{"confidence_level":0.95,"lower_bound":160765.17279572466,"upper_bound":272115.656189918},"point_estimate":216221.3608552244,"standard_error":28799.529958126437}}