{"Mean":{"confidence_interval":{"confidence_level":0.95,"lower_bound":22527253.478165177,"upper_bound":22552648.31554719},"point_estimate":22539169.42271143,"standard_error":6470.066339665683},"Median":{"confidence_interval":{"confidence_level":0.95,"lower_bound":22512069.925,"upper_bound":22520637.431818185},"point_estimate":22515799.232493,"standard_error":1982.7628638322618},"MedianAbsDev":{"confidence_interval":{"confidence_level":0.95,"lower_bound":11323.694447162921,"upper_bound":20226.16135735662},"point_estimate":16614.398310034732,"standard_error":2380.2649762522448},"Slope":{"confidence_interval":{"confidence_level":0.95,"lower_bound":22522820.641014525,"upper_bound":22543691.422594828},"point_estimate":22532467.731343286,"standard_error":5332.444002347908},"StdDev":{"confidence_interval":{"confidence_level":0.95,"lower_bound":44879.776975579785,"upper_bound":81692.08215967423},"point_estimate":65283.87366975634,"standard_error":9396.371593331796}}