{"Mean":{"confidence_interval":{"confidence_level":0.95,"lower_bound":86930.43055308593,"upper_bound":90997.55381680679},"point_estimate":88844.58159887399,"standard_error":1048.5049437820549},"Median":{"confidence_interval":{"confidence_level":0.95,"lower_bound":83781.09749670619,"upper_bound":83811.17595307918},"point_estimate":83799.98053977273,"standard_error":8.573002937788145},"MedianAbsDev":{"confidence_interval":{"confidence_level":0.95,"lower_bound":52.00559082526927,"upper_bound":92.44290742703589},"point_estimate":67.41315903016947,"standard_error":10.119354809344799},"Slope":{"confidence_interval":{"confidence_level":0.95,"lower_bound":83848.75207073258,"upper_bound":84098.4847873676},"point_estimate":83952.34239826969,"standard_error":64.17330790775583},"StdDev":{"confidence_interval":{"confidence_level":0.95,"lower_bound":8575.692368204302,"upper_bound":11916.402712630843},"point_estimate":10509.341682025502,"standard_error":853.2101076679229}}