{"Mean":{"confidence_interval":{"confidence_level":0.95,"lower_bound":4325134.070518777,"upper_bound":4392639.181110333},"point_estimate":4356202.605497574,"standard_error":17227.40918189975},"Median":{"confidence_interval":{"confidence_level":0.95,"lower_bound":4259418.026230831,"upper_bound":4307621.59375},"point_estimate":4283457.075,"standard_error":11942.605492853741},"MedianAbsDev":{"confidence_interval":{"confidence_level":0.95,"lower_bound":11271.547401324799,"upper_bound":79333.70227941302},"point_estimate":44727.65336120958,"standard_error":16997.78651663562},"Slope":{"confidence_interval":{"confidence_level":0.95,"lower_bound":4303391.2447969359,"upper_bound":4358282.443086987},"point_estimate":4328850.146073593,"standard_error":14027.670094681076},"StdDev":{"confidence_interval":{"confidence_level":0.95,"lower_bound":110648.09140037839,"upper_bound":233498.44108552638},"point_estimate":173914.14816357403,"standard_error":31883.412686737393}}