{"Mean":{"confidence_interval":{"confidence_level":0.95,"lower_bound":2632201.448232336,"upper_bound":2653648.6490983625},"point_estimate":2641754.7738276028,"standard_error":5512.434424122516},"Median":{"confidence_interval":{"confidence_level":0.95,"lower_bound":2627842.319236608,"upper_bound":2632281.0476190478},"point_estimate":2629536.975,"standard_error":1286.2960662308076},"MedianAbsDev":{"confidence_interval":{"confidence_level":0.95,"lower_bound":7048.922463318533,"upper_bound":12947.282485577822},"point_estimate":9713.781599179105,"standard_error":1416.7460922585486},"Slope":{"confidence_interval":{"confidence_level":0.95,"lower_bound":2635165.414228704,"upper_bound":2690631.2076066124},"point_estimate":2660796.340928033,"standard_error":14219.790335527645},"StdDev":{"confidence_interval":{"confidence_level":0.95,"lower_bound":22652.251845709616,"upper_bound":78012.40117299288},"point_estimate":55355.45866695867,"standard_error":13619.67020329995}}