{"Mean":{"confidence_interval":{"confidence_level":0.95,"lower_bound":2525446.7676558375,"upper_bound":2586667.763238853},"point_estimate":2553876.8458251876,"standard_error":15714.141488215051},"Median":{"confidence_interval":{"confidence_level":0.95,"lower_bound":2497993.7083333337,"upper_bound":2505081.727272727},"point_estimate":2499804.6272204809,"standard_error":2074.1677915491256},"MedianAbsDev":{"confidence_interval":{"confidence_level":0.95,"lower_bound":7565.336451671786,"upper_bound":15896.552265355775},"point_estimate":10661.332125268946,"standard_error":2187.0186579398916},"Slope":{"confidence_interval":{"confidence_level":0.95,"lower_bound":2505627.644710905,"upper_bound":2522550.355833168},"point_estimate":2513114.4717304569,"standard_error":4319.379060128084},"StdDev":{"confidence_interval":{"confidence_level":0.95,"lower_bound":101256.821088047,"upper_bound":200565.60347960893},"point_estimate":158058.02409406776,"standard_error":24674.88624853501}}