{"Mean":{"confidence_interval":{"confidence_level":0.95,"lower_bound":2393386.9152640935,"upper_bound":2420894.9388641465},"point_estimate":2407160.3265262024,"standard_error":7018.358493832656},"Median":{"confidence_interval":{"confidence_level":0.95,"lower_bound":2358307.111111111,"upper_bound":2454418.971861472},"point_estimate":2445759.6551724139,"standard_error":19847.45044914847},"MedianAbsDev":{"confidence_interval":{"confidence_level":0.95,"lower_bound":27488.246371822137,"upper_bound":102800.44209613951},"point_estimate":48671.43378728861,"standard_error":17654.172203556278},"Slope":{"confidence_interval":{"confidence_level":0.95,"lower_bound":2372035.5108021504,"upper_bound":2415231.4741278209},"point_estimate":2392809.245940594,"standard_error":11037.062060325627},"StdDev":{"confidence_interval":{"confidence_level":0.95,"lower_bound":64827.60293291214,"upper_bound":76784.47358657126},"point_estimate":70486.9159745734,"standard_error":3076.2383105741939}}