{"Mean":{"confidence_interval":{"confidence_level":0.95,"lower_bound":3387881.0304083058,"upper_bound":3488828.361952144},"point_estimate":3437241.965687652,"standard_error":25851.243799393713},"Median":{"confidence_interval":{"confidence_level":0.95,"lower_bound":3297287.446923077,"upper_bound":3486323.7380520266},"point_estimate":3415348.210755814,"standard_error":48727.85441033129},"MedianAbsDev":{"confidence_interval":{"confidence_level":0.95,"lower_bound":202245.50732763837,"upper_bound":359249.1214480272},"point_estimate":321162.02752376967,"standard_error":42801.61382473268},"Slope":{"confidence_interval":{"confidence_level":0.95,"lower_bound":3350964.1765422,"upper_bound":3468207.928983698},"point_estimate":3408474.811789567,"standard_error":29944.001160970896},"StdDev":{"confidence_interval":{"confidence_level":0.95,"lower_bound":214647.6606272217,"upper_bound":310140.5804800416},"point_estimate":259208.63666534765,"standard_error":25129.031473151095}}