{"Mean":{"confidence_interval":{"confidence_level":0.95,"lower_bound":6146782.793860746,"upper_bound":6165213.308810115},"point_estimate":6155576.0611144979,"standard_error":4688.135768244535},"Median":{"confidence_interval":{"confidence_level":0.95,"lower_bound":6141896.846153846,"upper_bound":6156284.878787879},"point_estimate":6147830.16008772,"standard_error":3213.7871295055049},"MedianAbsDev":{"confidence_interval":{"confidence_level":0.95,"lower_bound":24048.763582375093,"upper_bound":39798.282477886685},"point_estimate":31438.579702050916,"standard_error":3973.495469936343},"Slope":{"confidence_interval":{"confidence_level":0.95,"lower_bound":6142042.417268088,"upper_bound":6155319.473718388},"point_estimate":6148532.639943846,"standard_error":3388.2836691852978},"StdDev":{"confidence_interval":{"confidence_level":0.95,"lower_bound":33120.002510216895,"upper_bound":62764.7380119935},"point_estimate":46934.14599761413,"standard_error":8116.8436758094699}}