{"Mean":{"confidence_interval":{"confidence_level":0.95,"lower_bound":33971793.03232621,"upper_bound":34305845.06676721},"point_estimate":34117370.763256359,"standard_error":85917.56586687324},"Median":{"confidence_interval":{"confidence_level":0.95,"lower_bound":33964272.0,"upper_bound":34020695.093333337},"point_estimate":33985244.204166669,"standard_error":13834.293379824505},"MedianAbsDev":{"confidence_interval":{"confidence_level":0.95,"lower_bound":142412.33110351373,"upper_bound":248825.23624208876},"point_estimate":213702.6258848937,"standard_error":27077.955662206336},"Slope":{"confidence_interval":{"confidence_level":0.95,"lower_bound":33922929.23988532,"upper_bound":34355464.62671702},"point_estimate":34108159.09413625,"standard_error":112173.779043558},"StdDev":{"confidence_interval":{"confidence_level":0.95,"lower_bound":352036.4643305145,"upper_bound":1330004.7163459685},"point_estimate":864280.674570128,"standard_error":267663.2605156634}}