{"Mean":{"confidence_interval":{"confidence_level":0.95,"lower_bound":69606065.0077817,"upper_bound":70489530.01252379},"point_estimate":70039256.76006285,"standard_error":225529.89025401718},"Median":{"confidence_interval":{"confidence_level":0.95,"lower_bound":69296133.4375,"upper_bound":70306844.4},"point_estimate":69782521.48973607,"standard_error":268707.6687205125},"MedianAbsDev":{"confidence_interval":{"confidence_level":0.95,"lower_bound":1510442.9913889915,"upper_bound":2274926.922800252},"point_estimate":1944023.5937109343,"standard_error":193350.43049980369},"Slope":{"confidence_interval":{"confidence_level":0.95,"lower_bound":69761516.48749802,"upper_bound":70408613.17841836},"point_estimate":70081318.89140831,"standard_error":165119.48215887053},"StdDev":{"confidence_interval":{"confidence_level":0.95,"lower_bound":1865057.2628541794,"upper_bound":2634389.7932998237},"point_estimate":2267357.4209884635,"standard_error":196202.1814087352}}