{"Mean":{"confidence_interval":{"confidence_level":0.95,"lower_bound":307114.6926598928,"upper_bound":313845.5918591183},"point_estimate":310407.1707086046,"standard_error":1717.5425818501697},"Median":{"confidence_interval":{"confidence_level":0.95,"lower_bound":296981.6,"upper_bound":310013.89869360599},"point_estimate":307649.4322222222,"standard_error":3746.8829754862215},"MedianAbsDev":{"confidence_interval":{"confidence_level":0.95,"lower_bound":3897.3782347207409,"upper_bound":22209.184670866867},"point_estimate":18634.50114838184,"standard_error":5151.402527657195},"Slope":{"confidence_interval":{"confidence_level":0.95,"lower_bound":314922.05222148049,"upper_bound":322279.0483369889},"point_estimate":318386.15655755877,"standard_error":1875.9497611935902},"StdDev":{"confidence_interval":{"confidence_level":0.95,"lower_bound":15020.850487348007,"upper_bound":19075.76983616548},"point_estimate":17242.38544528529,"standard_error":1030.0138207812223}}