{"Mean":{"confidence_interval":{"confidence_level":0.95,"lower_bound":20.627125505621419,"upper_bound":21.458057627778797},"point_estimate":21.045627755778033,"standard_error":0.21203858766272988},"Median":{"confidence_interval":{"confidence_level":0.95,"lower_bound":20.232368072770734,"upper_bound":22.79521084710903},"point_estimate":22.789783883083297,"standard_error":0.6171307930208646},"MedianAbsDev":{"confidence_interval":{"confidence_level":0.95,"lower_bound":0.02390942711727084,"upper_bound":1.6669131709599026},"point_estimate":0.07345539962600363,"standard_error":0.3974136827164855},"Slope":{"confidence_interval":{"confidence_level":0.95,"lower_bound":19.911248097488664,"upper_bound":21.024265828358453},"point_estimate":20.478832901542615,"standard_error":0.2837354212135891},"StdDev":{"confidence_interval":{"confidence_level":0.95,"lower_bound":2.0058355439753168,"upper_bound":2.182883748890415},"point_estimate":2.1310653876460519,"standard_error":0.04664068003946721}}