{"Mean":{"confidence_interval":{"confidence_level":0.95,"lower_bound":19417387.047167608,"upper_bound":19424436.577067984},"point_estimate":19420926.547579,"standard_error":1798.3847848326009},"Median":{"confidence_interval":{"confidence_level":0.95,"lower_bound":19415794.06,"upper_bound":19423987.769230769},"point_estimate":19419920.554373526,"standard_error":1873.6187333123262},"MedianAbsDev":{"confidence_interval":{"confidence_level":0.95,"lower_bound":11818.070014417188,"upper_bound":18665.123568234238},"point_estimate":16815.84967021083,"standard_error":1752.008453362886},"Slope":{"confidence_interval":{"confidence_level":0.95,"lower_bound":19421294.83018644,"upper_bound":19427014.424774499},"point_estimate":19424229.10966455,"standard_error":1461.9939292792263},"StdDev":{"confidence_interval":{"confidence_level":0.95,"lower_bound":13950.001316565986,"upper_bound":22154.654951393157},"point_estimate":18050.13893469122,"standard_error":2110.468713364918}}