{"Mean":{"confidence_interval":{"confidence_level":0.95,"lower_bound":-0.009095056325943234,"upper_bound":0.0010061109281146507},"point_estimate":-0.0029443268070126207,"standard_error":0.00269831338608028},"Median":{"confidence_interval":{"confidence_level":0.95,"lower_bound":-0.0006326672381482545,"upper_bound":0.0008604453920553201},"point_estimate":0.00003611337983633334,"standard_error":0.00038261436102447164}}