{"Mean":{"confidence_interval":{"confidence_level":0.95,"lower_bound":72629.79172933838,"upper_bound":75586.8306294865},"point_estimate":74067.30255634558,"standard_error":756.3293598602032},"Median":{"confidence_interval":{"confidence_level":0.95,"lower_bound":69608.94494047619,"upper_bound":69740.63775510204},"point_estimate":69649.360487951,"standard_error":38.50307625537845},"MedianAbsDev":{"confidence_interval":{"confidence_level":0.95,"lower_bound":121.0521424629447,"upper_bound":318.34498361860406},"point_estimate":180.14440757103186,"standard_error":56.39395215039546},"Slope":{"confidence_interval":{"confidence_level":0.95,"lower_bound":73060.76091175904,"upper_bound":76954.87474716478},"point_estimate":74882.61250100276,"standard_error":995.2067744698336},"StdDev":{"confidence_interval":{"confidence_level":0.95,"lower_bound":6539.041102446564,"upper_bound":8328.29290184062},"point_estimate":7599.142049455657,"standard_error":463.5702500503586}}