{"Mean":{"confidence_interval":{"confidence_level":0.95,"lower_bound":2560840.841840824,"upper_bound":2626845.3387294115},"point_estimate":2592504.4225943626,"standard_error":16937.39947202271},"Median":{"confidence_interval":{"confidence_level":0.95,"lower_bound":2508536.0082172278,"upper_bound":2522420.898989899},"point_estimate":2511020.5548387097,"standard_error":4065.3568878097914},"MedianAbsDev":{"confidence_interval":{"confidence_level":0.95,"lower_bound":10319.820225916123,"upper_bound":30379.90898193074},"point_estimate":14923.459433136959,"standard_error":5601.568939401639},"Slope":{"confidence_interval":{"confidence_level":0.95,"lower_bound":2548992.6997597787,"upper_bound":2647129.0447842788},"point_estimate":2595258.5718427665,"standard_error":25129.440945653183},"StdDev":{"confidence_interval":{"confidence_level":0.95,"lower_bound":130537.66857471969,"upper_bound":200894.3285236396},"point_estimate":170687.31898558938,"standard_error":18045.114956525344}}