{"Mean":{"confidence_interval":{"confidence_level":0.95,"lower_bound":86188.44194484446,"upper_bound":90429.78740193085},"point_estimate":88289.06376418837,"standard_error":1081.239904796832},"Median":{"confidence_interval":{"confidence_level":0.95,"lower_bound":85603.69072356215,"upper_bound":86519.81854838709},"point_estimate":86165.40476190477,"standard_error":265.1871621585344},"MedianAbsDev":{"confidence_interval":{"confidence_level":0.95,"lower_bound":7390.801211644207,"upper_bound":16053.665672961464},"point_estimate":13168.348510305987,"standard_error":2034.0126397256702},"Slope":{"confidence_interval":{"confidence_level":0.95,"lower_bound":86370.98717447988,"upper_bound":92130.72319458821},"point_estimate":89204.26866663851,"standard_error":1470.7959040624058},"StdDev":{"confidence_interval":{"confidence_level":0.95,"lower_bound":9646.144548781296,"upper_bound":11910.743057347134},"point_estimate":10877.388171783401,"standard_error":580.6032688524839}}