{"Mean":{"confidence_interval":{"confidence_level":0.95,"lower_bound":4704.2079273390959,"upper_bound":4783.658897808239},"point_estimate":4742.460074837017,"standard_error":20.286711094274329},"Median":{"confidence_interval":{"confidence_level":0.95,"lower_bound":4641.753488372093,"upper_bound":4670.353760967715},"point_estimate":4658.774514821487,"standard_error":8.124377165665014},"MedianAbsDev":{"confidence_interval":{"confidence_level":0.95,"lower_bound":36.109195437140829,"upper_bound":67.046387593231},"point_estimate":49.18126792419984,"standard_error":8.293121857952249},"Slope":{"confidence_interval":{"confidence_level":0.95,"lower_bound":4798.36223582361,"upper_bound":4943.729818291126},"point_estimate":4875.182573267671,"standard_error":37.22114852171535},"StdDev":{"confidence_interval":{"confidence_level":0.95,"lower_bound":163.8535354552931,"upper_bound":233.4115011663819},"point_estimate":203.8827786196248,"standard_error":17.81274061230183}}