{"Mean":{"confidence_interval":{"confidence_level":0.95,"lower_bound":0.0014481311957589949,"upper_bound":0.002254366043709693},"point_estimate":0.0018245923966218048,"standard_error":0.00020436016514697533},"Median":{"confidence_interval":{"confidence_level":0.95,"lower_bound":0.0013542473853396242,"upper_bound":0.001964911326832741},"point_estimate":0.0016064166311995365,"standard_error":0.00015826437097282446}}