{"Mean":{"confidence_interval":{"confidence_level":0.95,"lower_bound":566.7257715742524,"upper_bound":598.7927751458969},"point_estimate":582.7438676231927,"standard_error":8.174210115447979},"Median":{"confidence_interval":{"confidence_level":0.95,"lower_bound":500.50149119906396,"upper_bound":665.2668821305803},"point_estimate":595.8278667223376,"standard_error":72.43337505002714},"MedianAbsDev":{"confidence_interval":{"confidence_level":0.95,"lower_bound":0.5019781003713654,"upper_bound":115.13142290006116},"point_estimate":103.73950036291817,"standard_error":33.90133249395161},"Slope":{"confidence_interval":{"confidence_level":0.95,"lower_bound":551.7792431634152,"upper_bound":594.7766225126451},"point_estimate":573.1447477732096,"standard_error":10.975681587634675},"StdDev":{"confidence_interval":{"confidence_level":0.95,"lower_bound":79.96303518084334,"upper_bound":83.1034614371788},"point_estimate":82.32416797749824,"standard_error":0.8107253014647768}}