{"Mean":{"confidence_interval":{"confidence_level":0.95,"lower_bound":0.059288928647239499,"upper_bound":0.1038540953960931},"point_estimate":0.08141240111990289,"standard_error":0.011066519442218467},"Median":{"confidence_interval":{"confidence_level":0.95,"lower_bound":0.021474001721495607,"upper_bound":0.022944330699190775},"point_estimate":0.02220621162487313,"standard_error":0.000369829162480272}}