{"Mean":{"confidence_interval":{"confidence_level":0.95,"lower_bound":4630.23596406912,"upper_bound":4733.036713668434},"point_estimate":4680.155332649414,"standard_error":26.22288625657803},"Median":{"confidence_interval":{"confidence_level":0.95,"lower_bound":4515.928701550388,"upper_bound":4571.283906976744},"point_estimate":4544.1832233767659,"standard_error":16.818577903798805},"MedianAbsDev":{"confidence_interval":{"confidence_level":0.95,"lower_bound":86.27554759173778,"upper_bound":173.59601229600697},"point_estimate":130.9098634689814,"standard_error":25.99811735297938},"Slope":{"confidence_interval":{"confidence_level":0.95,"lower_bound":4632.236097432695,"upper_bound":4768.31501542749},"point_estimate":4699.290983177596,"standard_error":34.724393445714117},"StdDev":{"confidence_interval":{"confidence_level":0.95,"lower_bound":227.9914004784979,"upper_bound":296.0366084498221},"point_estimate":265.1757412622396,"standard_error":17.360766427069956}}