{"Mean":{"confidence_interval":{"confidence_level":0.95,"lower_bound":38391.60229143091,"upper_bound":38659.34624616137},"point_estimate":38527.16201347748,"standard_error":68.55449917339499},"Median":{"confidence_interval":{"confidence_level":0.95,"lower_bound":38263.84133709981,"upper_bound":39062.06076388889},"point_estimate":39022.08656499637,"standard_error":183.3458770510093},"MedianAbsDev":{"confidence_interval":{"confidence_level":0.95,"lower_bound":119.48148512705275,"upper_bound":967.5208309496842},"point_estimate":256.3873081660858,"standard_error":179.22256615500729},"Slope":{"confidence_interval":{"confidence_level":0.95,"lower_bound":38183.833111922526,"upper_bound":38555.16934115704},"point_estimate":38370.44021958415,"standard_error":94.93276624578268},"StdDev":{"confidence_interval":{"confidence_level":0.95,"lower_bound":645.5708736197587,"upper_bound":715.1650241106424},"point_estimate":689.546672204855,"standard_error":17.756426286319085}}