{"Mean":{"confidence_interval":{"confidence_level":0.95,"lower_bound":24892839.590618735,"upper_bound":25072125.855040235},"point_estimate":24980571.34588017,"standard_error":45661.85981545014},"Median":{"confidence_interval":{"confidence_level":0.95,"lower_bound":24733046.726602384,"upper_bound":24843454.58446558},"point_estimate":24773956.53465909,"standard_error":29299.384434452302},"MedianAbsDev":{"confidence_interval":{"confidence_level":0.95,"lower_bound":139656.84760008,"upper_bound":373782.4182890346},"point_estimate":228790.1396368564,"standard_error":61549.791438870285},"Slope":{"confidence_interval":{"confidence_level":0.95,"lower_bound":24879022.83462545,"upper_bound":25077512.211540644},"point_estimate":24972794.155918428,"standard_error":50828.956983721735},"StdDev":{"confidence_interval":{"confidence_level":0.95,"lower_bound":395098.99049575338,"upper_bound":512058.71738571018},"point_estimate":459277.4622987327,"standard_error":29883.63009566902}}