{"Mean":{"confidence_interval":{"confidence_level":0.95,"lower_bound":3792.728537151686,"upper_bound":4018.5210319326449},"point_estimate":3906.0492911710296,"standard_error":57.4203494376044},"Median":{"confidence_interval":{"confidence_level":0.95,"lower_bound":3376.8343431833857,"upper_bound":4470.417800610941},"point_estimate":3387.918311649978,"standard_error":419.73943069832935},"MedianAbsDev":{"confidence_interval":{"confidence_level":0.95,"lower_bound":19.785273340724538,"upper_bound":858.2605413110107},"point_estimate":47.71297879579615,"standard_error":203.42705579328746},"Slope":{"confidence_interval":{"confidence_level":0.95,"lower_bound":3444.0552951372994,"upper_bound":3543.5885841538686},"point_estimate":3486.7181789839098,"standard_error":25.412334577597237},"StdDev":{"confidence_interval":{"confidence_level":0.95,"lower_bound":555.9672562402725,"upper_bound":586.2305165279765},"point_estimate":577.9665771216387,"standard_error":7.583501804239004}}