{"Mean":{"confidence_interval":{"confidence_level":0.95,"lower_bound":73003552.9258782,"upper_bound":73576041.15126105},"point_estimate":73279693.05091933,"standard_error":145721.2129255564},"Median":{"confidence_interval":{"confidence_level":0.95,"lower_bound":72712617.64473684,"upper_bound":73055708.77272727},"point_estimate":72840664.30611111,"standard_error":89873.8719698291},"MedianAbsDev":{"confidence_interval":{"confidence_level":0.95,"lower_bound":582413.8946426895,"upper_bound":1221908.872386035},"point_estimate":824197.4317155124,"standard_error":163476.5177770419},"Slope":{"confidence_interval":{"confidence_level":0.95,"lower_bound":72959892.13757538,"upper_bound":73346957.14075236},"point_estimate":73148223.96555047,"standard_error":98689.87778809763},"StdDev":{"confidence_interval":{"confidence_level":0.95,"lower_bound":1141811.3126542224,"upper_bound":1759805.5052609693},"point_estimate":1464313.8643019885,"standard_error":158537.29925417619}}