{"Mean":{"confidence_interval":{"confidence_level":0.95,"lower_bound":1529249.8527627725,"upper_bound":1553952.5370949859},"point_estimate":1540336.842746858,"standard_error":6354.712053494687},"Median":{"confidence_interval":{"confidence_level":0.95,"lower_bound":1520609.910852713,"upper_bound":1522794.9285714287},"point_estimate":1521466.2958333335,"standard_error":532.6496455855481},"MedianAbsDev":{"confidence_interval":{"confidence_level":0.95,"lower_bound":2341.5898793770259,"upper_bound":4637.763925996559},"point_estimate":3414.4924890920467,"standard_error":603.3249043213302},"Slope":{"confidence_interval":{"confidence_level":0.95,"lower_bound":1523895.3608978885,"upper_bound":1552415.1326605655},"point_estimate":1536552.1136663219,"standard_error":7366.533861580597},"StdDev":{"confidence_interval":{"confidence_level":0.95,"lower_bound":30510.927087865573,"upper_bound":89928.58311534852},"point_estimate":64069.049819033964,"standard_error":15106.881866653905}}