{"Mean":{"confidence_interval":{"confidence_level":0.95,"lower_bound":23945077.443812804,"upper_bound":24079929.896784247},"point_estimate":24010295.175149248,"standard_error":34449.35607475483},"Median":{"confidence_interval":{"confidence_level":0.95,"lower_bound":23857617.413533838,"upper_bound":23984732.465909095},"point_estimate":23929436.93987342,"standard_error":32752.984127686508},"MedianAbsDev":{"confidence_interval":{"confidence_level":0.95,"lower_bound":212725.481675187,"upper_bound":375555.5993867357},"point_estimate":293693.2439530185,"standard_error":44438.95296216252},"Slope":{"confidence_interval":{"confidence_level":0.95,"lower_bound":23900409.159743236,"upper_bound":24028550.13138536},"point_estimate":23963411.72692774,"standard_error":32646.796253638455},"StdDev":{"confidence_interval":{"confidence_level":0.95,"lower_bound":274162.9074922317,"upper_bound":423322.1185942718},"point_estimate":346990.3449534822,"standard_error":38925.10576859684}}