{"Mean":{"confidence_interval":{"confidence_level":0.95,"lower_bound":25346.029643017122,"upper_bound":26626.822382476257},"point_estimate":25974.904468990368,"standard_error":326.355808113906},"Median":{"confidence_interval":{"confidence_level":0.95,"lower_bound":23767.118918918917,"upper_bound":23912.07479912345},"point_estimate":23817.3954900022,"standard_error":41.79703602402899},"MedianAbsDev":{"confidence_interval":{"confidence_level":0.95,"lower_bound":59.41910161904604,"upper_bound":271.9227299174385},"point_estimate":130.42190732397268,"standard_error":62.05208217855523},"Slope":{"confidence_interval":{"confidence_level":0.95,"lower_bound":26539.56521665649,"upper_bound":28372.29704118538},"point_estimate":27471.425107936368,"standard_error":469.71085814538068},"StdDev":{"confidence_interval":{"confidence_level":0.95,"lower_bound":2913.1301577025217,"upper_bound":3506.1196240053475},"point_estimate":3277.5944542906779,"standard_error":152.69684973570348}}