{"Mean":{"confidence_interval":{"confidence_level":0.95,"lower_bound":380941.24430942846,"upper_bound":381972.5200323791},"point_estimate":381382.27066862539,"standard_error":265.956664774038},"Median":{"confidence_interval":{"confidence_level":0.95,"lower_bound":380731.2932900433,"upper_bound":380955.59639126309},"point_estimate":380856.90392156867,"standard_error":67.24328980638619},"MedianAbsDev":{"confidence_interval":{"confidence_level":0.95,"lower_bound":289.05355958237745,"upper_bound":451.07099487675},"point_estimate":384.3989153509475,"standard_error":42.61369946477735},"Slope":{"confidence_interval":{"confidence_level":0.95,"lower_bound":380655.9296533027,"upper_bound":383504.3477674492},"point_estimate":381930.5330594552,"standard_error":734.405952600564},"StdDev":{"confidence_interval":{"confidence_level":0.95,"lower_bound":605.4636183125655,"upper_bound":4024.501433790878},"point_estimate":2673.028292787358,"standard_error":874.0926480980521}}