{"Mean":{"confidence_interval":{"confidence_level":0.95,"lower_bound":130590987.23170084,"upper_bound":130765958.6998841},"point_estimate":130676616.23541437,"standard_error":44812.22692478972},"Median":{"confidence_interval":{"confidence_level":0.95,"lower_bound":130440840.67901235,"upper_bound":130667917.25172414},"point_estimate":130560772.42954546,"standard_error":61452.78673770876},"MedianAbsDev":{"confidence_interval":{"confidence_level":0.95,"lower_bound":253132.62325341383,"upper_bound":490044.2076338775},"point_estimate":389954.4909392692,"standard_error":60292.94054127324},"Slope":{"confidence_interval":{"confidence_level":0.95,"lower_bound":130436855.07704419,"upper_bound":130527213.57402222},"point_estimate":130479697.42762524,"standard_error":23134.93983268197},"StdDev":{"confidence_interval":{"confidence_level":0.95,"lower_bound":386220.13714799957,"upper_bound":500473.2272005521},"point_estimate":448789.51185530956,"standard_error":29083.98677218655}}