{"Mean":{"confidence_interval":{"confidence_level":0.95,"lower_bound":130243955.64216806,"upper_bound":130861141.94611597},"point_estimate":130490118.73544252,"standard_error":162690.6034058544},"Median":{"confidence_interval":{"confidence_level":0.95,"lower_bound":129986865.51219513,"upper_bound":130271327.7030303},"point_estimate":130131788.43397178,"standard_error":74291.99065628377},"MedianAbsDev":{"confidence_interval":{"confidence_level":0.95,"lower_bound":376792.3007133792,"upper_bound":786597.6375559236},"point_estimate":648403.1448889924,"standard_error":108117.19156358509},"Slope":{"confidence_interval":{"confidence_level":0.95,"lower_bound":129881888.97973563,"upper_bound":130466439.51591894},"point_estimate":130103015.97020836,"standard_error":155070.39511283194},"StdDev":{"confidence_interval":{"confidence_level":0.95,"lower_bound":578392.5572716601,"upper_bound":2675389.417807554},"point_estimate":1641178.2603819634,"standard_error":707566.6659884615}}