{"Mean":{"confidence_interval":{"confidence_level":0.95,"lower_bound":4946925.46758497,"upper_bound":4976717.421931275},"point_estimate":4959869.017154786,"standard_error":7693.3430004042479},"Median":{"confidence_interval":{"confidence_level":0.95,"lower_bound":4935515.142857143,"upper_bound":4940198.75319149},"point_estimate":4937365.792673107,"standard_error":1116.126874096294},"MedianAbsDev":{"confidence_interval":{"confidence_level":0.95,"lower_bound":6178.4438123112299,"upper_bound":12212.086564401918},"point_estimate":8213.991351899587,"standard_error":1556.550592953506},"Slope":{"confidence_interval":{"confidence_level":0.95,"lower_bound":4932663.456782606,"upper_bound":4934612.352353674},"point_estimate":4933569.662249151,"standard_error":495.6339923700378},"StdDev":{"confidence_interval":{"confidence_level":0.95,"lower_bound":30868.974146723067,"upper_bound":117513.30850939708},"point_estimate":77273.90382310315,"standard_error":23049.325113831776}}