{"Mean":{"confidence_interval":{"confidence_level":0.95,"lower_bound":306.0953110744491,"upper_bound":326.9044711573038},"point_estimate":316.3235363448084,"standard_error":5.297998974614471},"Median":{"confidence_interval":{"confidence_level":0.95,"lower_bound":278.69290652818128,"upper_bound":279.6627404516309},"point_estimate":278.97657209780666,"standard_error":1.7649665391189984},"MedianAbsDev":{"confidence_interval":{"confidence_level":0.95,"lower_bound":0.5795502633579296,"upper_bound":2.085710485958483},"point_estimate":1.0715597843801377,"standard_error":1.3021061418759002},"Slope":{"confidence_interval":{"confidence_level":0.95,"lower_bound":317.3730272284482,"upper_bound":346.55622645142577},"point_estimate":331.88820424180076,"standard_error":7.451494618212462},"StdDev":{"confidence_interval":{"confidence_level":0.95,"lower_bound":48.16639452017985,"upper_bound":55.9534386725385},"point_estimate":53.14600337801733,"standard_error":2.0151883214591086}}