{"Mean":{"confidence_interval":{"confidence_level":0.95,"lower_bound":83553.23793157701,"upper_bound":86480.27884128419},"point_estimate":85008.46074755305,"standard_error":743.7074219630415},"Median":{"confidence_interval":{"confidence_level":0.95,"lower_bound":85698.0925925926,"upper_bound":86007.48809523809},"point_estimate":85910.49183878371,"standard_error":109.8414418930744},"MedianAbsDev":{"confidence_interval":{"confidence_level":0.95,"lower_bound":674.7711874489867,"upper_bound":7213.844791419155},"point_estimate":2829.07391320076,"standard_error":1700.2315296714722},"Slope":{"confidence_interval":{"confidence_level":0.95,"lower_bound":84212.12784924494,"upper_bound":87881.80940908104},"point_estimate":85935.69649285398,"standard_error":937.5081472908918},"StdDev":{"confidence_interval":{"confidence_level":0.95,"lower_bound":5972.799976705073,"upper_bound":8793.264782505239},"point_estimate":7477.412219047203,"standard_error":719.617601678469}}