{"Mean":{"confidence_interval":{"confidence_level":0.95,"lower_bound":52339.24032751051,"upper_bound":53350.412186325884},"point_estimate":52820.266657031134,"standard_error":258.0706825107304},"Median":{"confidence_interval":{"confidence_level":0.95,"lower_bound":51660.18571428571,"upper_bound":52044.28673835126},"point_estimate":51842.05130081301,"standard_error":96.14571406563795},"MedianAbsDev":{"confidence_interval":{"confidence_level":0.95,"lower_bound":603.5508911366778,"upper_bound":1072.8708724638564},"point_estimate":840.6481246672573,"standard_error":123.79193961070786},"Slope":{"confidence_interval":{"confidence_level":0.95,"lower_bound":51882.06831182417,"upper_bound":52299.92048007265},"point_estimate":52083.63886409537,"standard_error":106.54831560499513},"StdDev":{"confidence_interval":{"confidence_level":0.95,"lower_bound":1935.5939013405574,"upper_bound":3101.9550053722457},"point_estimate":2595.8733747847256,"standard_error":297.5215585589132}}