{"Mean":{"confidence_interval":{"confidence_level":0.95,"lower_bound":18868.09349184543,"upper_bound":19018.74000585609},"point_estimate":18939.712719340514,"standard_error":38.5065220904098},"Median":{"confidence_interval":{"confidence_level":0.95,"lower_bound":18838.480147058825,"upper_bound":18976.334453781514},"point_estimate":18884.388279857398,"standard_error":27.497214129766},"MedianAbsDev":{"confidence_interval":{"confidence_level":0.95,"lower_bound":182.712703919735,"upper_bound":319.1306403912838},"point_estimate":237.56874545680439,"standard_error":33.20741464486677},"Slope":{"confidence_interval":{"confidence_level":0.95,"lower_bound":18829.63772561955,"upper_bound":19008.305980931123},"point_estimate":18912.30986665392,"standard_error":45.55279223404824},"StdDev":{"confidence_interval":{"confidence_level":0.95,"lower_bound":276.0008874221714,"upper_bound":482.8942557883983},"point_estimate":388.3410924229514,"standard_error":52.90113550531097}}