{"Mean":{"confidence_interval":{"confidence_level":0.95,"lower_bound":2890135.2508474059,"upper_bound":2981551.25241145},"point_estimate":2934753.4157110706,"standard_error":23223.39990417683},"Median":{"confidence_interval":{"confidence_level":0.95,"lower_bound":2783588.3544061307,"upper_bound":2813543.4166666667},"point_estimate":2791165.6087662337,"standard_error":9067.098310763586},"MedianAbsDev":{"confidence_interval":{"confidence_level":0.95,"lower_bound":24934.59794586558,"upper_bound":69797.56864455334},"point_estimate":36446.646740908036,"standard_error":13273.551955204855},"Slope":{"confidence_interval":{"confidence_level":0.95,"lower_bound":2908736.1255883716,"upper_bound":3046215.866918347},"point_estimate":2976261.416193291,"standard_error":35143.22648489614},"StdDev":{"confidence_interval":{"confidence_level":0.95,"lower_bound":203722.9232568235,"upper_bound":254555.63986178576},"point_estimate":233879.98604802387,"standard_error":13057.182102274604}}