{"Mean":{"confidence_interval":{"confidence_level":0.95,"lower_bound":0.021089350470949156,"upper_bound":0.051815749408819038},"point_estimate":0.036509128239156089,"standard_error":0.007802687892656082},"Median":{"confidence_interval":{"confidence_level":0.95,"lower_bound":-0.0021085434559320328,"upper_bound":0.0005470358070709391},"point_estimate":-0.0008868283072227534,"standard_error":0.0007607036864098087}}