{"Mean":{"confidence_interval":{"confidence_level":0.95,"lower_bound":137703.8376620041,"upper_bound":138660.9805325354},"point_estimate":138163.42744903343,"standard_error":244.83110284007359},"Median":{"confidence_interval":{"confidence_level":0.95,"lower_bound":136900.41737288136,"upper_bound":137212.08859890112},"point_estimate":137058.19047619048,"standard_error":73.10875783909248},"MedianAbsDev":{"confidence_interval":{"confidence_level":0.95,"lower_bound":302.28445078186658,"upper_bound":673.9685984570501},"point_estimate":480.12535814935355,"standard_error":90.02176582175324},"Slope":{"confidence_interval":{"confidence_level":0.95,"lower_bound":138450.5713005226,"upper_bound":140146.83403098628},"point_estimate":139306.34050687159,"standard_error":433.12057471473107},"StdDev":{"confidence_interval":{"confidence_level":0.95,"lower_bound":2014.0195849763405,"upper_bound":2803.442244995457},"point_estimate":2467.985550326958,"standard_error":202.65514687777447}}