{"Mean":{"confidence_interval":{"confidence_level":0.95,"lower_bound":3740334.701597692,"upper_bound":3819652.4205089679},"point_estimate":3781227.886744948,"standard_error":20240.842820523067},"Median":{"confidence_interval":{"confidence_level":0.95,"lower_bound":3759735.6428571429,"upper_bound":3827618.36},"point_estimate":3782160.1871118017,"standard_error":16542.305664557225},"MedianAbsDev":{"confidence_interval":{"confidence_level":0.95,"lower_bound":118951.14295733461,"upper_bound":195771.89452922898},"point_estimate":163741.18420888304,"standard_error":20203.508899223136},"Slope":{"confidence_interval":{"confidence_level":0.95,"lower_bound":3759071.2674463179,"upper_bound":3811870.167592496},"point_estimate":3784732.225905128,"standard_error":13445.205267287509},"StdDev":{"confidence_interval":{"confidence_level":0.95,"lower_bound":150828.37626597039,"upper_bound":257951.45987712194},"point_estimate":203618.26770256158,"standard_error":27873.531889799047}}