{"Mean":{"confidence_interval":{"confidence_level":0.95,"lower_bound":6021315.215607715,"upper_bound":6031945.790504504},"point_estimate":6027476.033995744,"standard_error":2765.72423778975},"Median":{"confidence_interval":{"confidence_level":0.95,"lower_bound":6029856.933653846,"upper_bound":6035055.409090909},"point_estimate":6033319.641428571,"standard_error":1221.955646063316},"MedianAbsDev":{"confidence_interval":{"confidence_level":0.95,"lower_bound":7137.185844717846,"upper_bound":11423.120677059449},"point_estimate":9093.608064430737,"standard_error":1116.408811904502},"Slope":{"confidence_interval":{"confidence_level":0.95,"lower_bound":6031854.851594368,"upper_bound":6035231.236656053},"point_estimate":6033497.348296143,"standard_error":863.1171870752396},"StdDev":{"confidence_interval":{"confidence_level":0.95,"lower_bound":11381.338680583985,"upper_bound":43999.10539297225},"point_estimate":27925.395616808706,"standard_error":10127.801397252464}}