{"Mean":{"confidence_interval":{"confidence_level":0.95,"lower_bound":5171.700032282743,"upper_bound":5183.863485567365},"point_estimate":5177.456209246368,"standard_error":3.112293607634227},"Median":{"confidence_interval":{"confidence_level":0.95,"lower_bound":5165.882230813288,"upper_bound":5177.910407461954},"point_estimate":5171.048689297341,"standard_error":3.280612412388911},"MedianAbsDev":{"confidence_interval":{"confidence_level":0.95,"lower_bound":16.27906614960243,"upper_bound":27.80394145772682},"point_estimate":20.36452573101647,"standard_error":2.8714918040885735},"Slope":{"confidence_interval":{"confidence_level":0.95,"lower_bound":5160.7526804100029,"upper_bound":5169.075999113702},"point_estimate":5164.881372214157,"standard_error":2.1180942212153388},"StdDev":{"confidence_interval":{"confidence_level":0.95,"lower_bound":22.038794006937985,"upper_bound":40.07992837701442},"point_estimate":31.22328750294784,"standard_error":4.660093168688415}}