{"Mean":{"confidence_interval":{"confidence_level":0.95,"lower_bound":107.23291341451025,"upper_bound":113.48349909177247},"point_estimate":110.36288674233718,"standard_error":1.6045422944792496},"Median":{"confidence_interval":{"confidence_level":0.95,"lower_bound":93.8913739852779,"upper_bound":126.15437012049596},"point_estimate":116.96308654217298,"standard_error":14.181067731216654},"MedianAbsDev":{"confidence_interval":{"confidence_level":0.95,"lower_bound":0.06240691551049904,"upper_bound":22.388998476731659},"point_estimate":14.541849840425107,"standard_error":7.130152604723942},"Slope":{"confidence_interval":{"confidence_level":0.95,"lower_bound":103.08104935107584,"upper_bound":111.3499035129806},"point_estimate":107.27164983168299,"standard_error":2.117223936763061},"StdDev":{"confidence_interval":{"confidence_level":0.95,"lower_bound":15.637060362408459,"upper_bound":16.27594340912224},"point_estimate":16.116829795867827,"standard_error":0.1650893046723253}}