{"Mean":{"confidence_interval":{"confidence_level":0.95,"lower_bound":2301485.9950826584,"upper_bound":2316647.148365514},"point_estimate":2307954.585671844,"standard_error":3921.905899685098},"Median":{"confidence_interval":{"confidence_level":0.95,"lower_bound":2295372.456140351,"upper_bound":2298541.98},"point_estimate":2296566.298195242,"standard_error":854.1724657799065},"MedianAbsDev":{"confidence_interval":{"confidence_level":0.95,"lower_bound":3064.3662629495609,"upper_bound":7148.2400298241359},"point_estimate":4736.914106066149,"standard_error":1020.1196371460703},"Slope":{"confidence_interval":{"confidence_level":0.95,"lower_bound":2294249.2377568467,"upper_bound":2295186.98493001},"point_estimate":2294664.6469513818,"standard_error":239.14363850044584},"StdDev":{"confidence_interval":{"confidence_level":0.95,"lower_bound":14863.282256184993,"upper_bound":60973.513125356716},"point_estimate":39289.7146702487,"standard_error":12651.05817527406}}