{"Mean":{"confidence_interval":{"confidence_level":0.95,"lower_bound":352.0765994011866,"upper_bound":352.2838089841367},"point_estimate":352.1722141662153,"standard_error":0.05307675421103577},"Median":{"confidence_interval":{"confidence_level":0.95,"lower_bound":351.9481171773846,"upper_bound":352.0190268527712},"point_estimate":351.9879142634808,"standard_error":0.021235464924531129},"MedianAbsDev":{"confidence_interval":{"confidence_level":0.95,"lower_bound":0.08410142120709986,"upper_bound":0.18852976658510676},"point_estimate":0.12542719359306846,"standard_error":0.025546969089893347},"Slope":{"confidence_interval":{"confidence_level":0.95,"lower_bound":351.91649902959866,"upper_bound":351.9611162377355},"point_estimate":351.9363129761143,"standard_error":0.011413471128929357},"StdDev":{"confidence_interval":{"confidence_level":0.95,"lower_bound":0.33417483749549406,"upper_bound":0.7074611372939672},"point_estimate":0.5339459170733819,"standard_error":0.09567690766757672}}