{"Mean":{"confidence_interval":{"confidence_level":0.95,"lower_bound":33474.80452115368,"upper_bound":33778.092306891325},"point_estimate":33625.413958438876,"standard_error":77.49896139625646},"Median":{"confidence_interval":{"confidence_level":0.95,"lower_bound":33009.726344086026,"upper_bound":34401.86435070306},"point_estimate":33273.413978494624,"standard_error":439.85632840684448},"MedianAbsDev":{"confidence_interval":{"confidence_level":0.95,"lower_bound":251.5646811532298,"upper_bound":1166.8966709462155},"point_estimate":775.7857015379445,"standard_error":265.37472436004739},"Slope":{"confidence_interval":{"confidence_level":0.95,"lower_bound":33401.41982505294,"upper_bound":33817.0807631153},"point_estimate":33610.17210609361,"standard_error":106.2337364750169},"StdDev":{"confidence_interval":{"confidence_level":0.95,"lower_bound":741.8013682642105,"upper_bound":797.0161586845652},"point_estimate":775.5800710133229,"standard_error":14.13204347486389}}