{"Mean":{"confidence_interval":{"confidence_level":0.95,"lower_bound":7634.563918293569,"upper_bound":7664.854913126681},"point_estimate":7649.130162489464,"standard_error":7.725488303595892},"Median":{"confidence_interval":{"confidence_level":0.95,"lower_bound":7610.569598290598,"upper_bound":7635.821138211382},"point_estimate":7616.801257824143,"standard_error":7.342295686088885},"MedianAbsDev":{"confidence_interval":{"confidence_level":0.95,"lower_bound":29.79501387230577,"upper_bound":58.194181830004939},"point_estimate":39.95960759645785,"standard_error":7.152676788473891},"Slope":{"confidence_interval":{"confidence_level":0.95,"lower_bound":7623.654112749197,"upper_bound":7669.192143196805},"point_estimate":7644.771641743757,"standard_error":11.646418027628404},"StdDev":{"confidence_interval":{"confidence_level":0.95,"lower_bound":62.1414789629311,"upper_bound":90.5560863208721},"point_estimate":77.79977354874299,"standard_error":7.251154145217462}}