{"Mean":{"confidence_interval":{"confidence_level":0.95,"lower_bound":0.6734697058092516,"upper_bound":0.717381549115117},"point_estimate":0.6950166907536075,"standard_error":0.011237558205684412},"Median":{"confidence_interval":{"confidence_level":0.95,"lower_bound":0.6559087343097212,"upper_bound":0.6921929808907389},"point_estimate":0.6737995968419304,"standard_error":0.009385704625360866}}