{"Mean":{"confidence_interval":{"confidence_level":0.95,"lower_bound":6245072.191992561,"upper_bound":6595034.786040164},"point_estimate":6412155.250816106,"standard_error":89482.63379430282},"Median":{"confidence_interval":{"confidence_level":0.95,"lower_bound":5959362.6,"upper_bound":5965864.051948052},"point_estimate":5961787.711340206,"standard_error":1841.1928463011346},"MedianAbsDev":{"confidence_interval":{"confidence_level":0.95,"lower_bound":9586.400357694325,"upper_bound":34103.956842595464},"point_estimate":16173.792521922105,"standard_error":6728.2449396804199},"Slope":{"confidence_interval":{"confidence_level":0.95,"lower_bound":6283860.198575301,"upper_bound":6671463.513179924},"point_estimate":6465851.128018324,"standard_error":99226.43283456001},"StdDev":{"confidence_interval":{"confidence_level":0.95,"lower_bound":696759.8101642332,"upper_bound":1055705.614470941},"point_estimate":898747.6971786369,"standard_error":91977.27312085447}}