{"Mean":{"confidence_interval":{"confidence_level":0.95,"lower_bound":15197054.537652437,"upper_bound":15319933.629437603},"point_estimate":15251816.292244977,"standard_error":31548.841242541694},"Median":{"confidence_interval":{"confidence_level":0.95,"lower_bound":15173856.332738096,"upper_bound":15218644.822222222},"point_estimate":15189548.420060792,"standard_error":10222.151552360801},"MedianAbsDev":{"confidence_interval":{"confidence_level":0.95,"lower_bound":84130.0929762718,"upper_bound":137770.78854213787},"point_estimate":113574.71233140833,"standard_error":13533.179008820101},"Slope":{"confidence_interval":{"confidence_level":0.95,"lower_bound":15217038.798713137,"upper_bound":15418354.95693878},"point_estimate":15298107.943322005,"standard_error":53568.778064136575},"StdDev":{"confidence_interval":{"confidence_level":0.95,"lower_bound":132891.92840685769,"upper_bound":453832.8953035389},"point_estimate":317042.73454711379,"standard_error":79893.02339661493}}