{"Mean":{"confidence_interval":{"confidence_level":0.95,"lower_bound":14558759.171664568,"upper_bound":14575550.715386425},"point_estimate":14566229.028600358,"standard_error":4321.722168900845},"Median":{"confidence_interval":{"confidence_level":0.95,"lower_bound":14551885.92625,"upper_bound":14563150.626373627},"point_estimate":14555486.694444444,"standard_error":3232.7793464426279},"MedianAbsDev":{"confidence_interval":{"confidence_level":0.95,"lower_bound":14496.703392250336,"upper_bound":23781.277430241076},"point_estimate":19011.04602967646,"standard_error":2434.238803548728},"Slope":{"confidence_interval":{"confidence_level":0.95,"lower_bound":14559823.111283027,"upper_bound":14569315.297767979},"point_estimate":14564401.480907346,"standard_error":2419.0848898009405},"StdDev":{"confidence_interval":{"confidence_level":0.95,"lower_bound":23176.142105277188,"upper_bound":64759.386495137776},"point_estimate":43578.40839856776,"standard_error":12374.494869767941}}