{"Mean":{"confidence_interval":{"confidence_level":0.95,"lower_bound":255713.27387975588,"upper_bound":264767.54880090619},"point_estimate":260035.03568246374,"standard_error":2327.9176176762355},"Median":{"confidence_interval":{"confidence_level":0.95,"lower_bound":249614.46644088673,"upper_bound":250075.89583333335},"point_estimate":249745.71976626016,"standard_error":119.06792296425984},"MedianAbsDev":{"confidence_interval":{"confidence_level":0.95,"lower_bound":535.9240898860484,"upper_bound":1302.0652547683326},"point_estimate":800.1036082953301,"standard_error":198.4590115814899},"Slope":{"confidence_interval":{"confidence_level":0.95,"lower_bound":263397.70721582599,"upper_bound":280567.2015482292},"point_estimate":272106.6287852815,"standard_error":4383.5541126218099},"StdDev":{"confidence_interval":{"confidence_level":0.95,"lower_bound":17913.346311720044,"upper_bound":27160.565586278884},"point_estimate":23379.22601081477,"standard_error":2316.20581801538}}