{"Mean":{"confidence_interval":{"confidence_level":0.95,"lower_bound":112581.83877652075,"upper_bound":114377.63169982132},"point_estimate":113461.0743600875,"standard_error":458.9483220659715},"Median":{"confidence_interval":{"confidence_level":0.95,"lower_bound":110772.85857142858,"upper_bound":113049.18138297872},"point_estimate":112372.25637254902,"standard_error":668.7405351176169},"MedianAbsDev":{"confidence_interval":{"confidence_level":0.95,"lower_bound":1997.5604865238047,"upper_bound":4325.227131880478},"point_estimate":3475.6315012363827,"standard_error":658.162403287799},"Slope":{"confidence_interval":{"confidence_level":0.95,"lower_bound":112954.65116171989,"upper_bound":115240.90200963774},"point_estimate":114045.1888352298,"standard_error":583.595264496128},"StdDev":{"confidence_interval":{"confidence_level":0.95,"lower_bound":3903.1556045168729,"upper_bound":5222.523266085796},"point_estimate":4611.000508052438,"standard_error":335.6686855018973}}