{"Mean":{"confidence_interval":{"confidence_level":0.95,"lower_bound":1898804.3405210116,"upper_bound":1953449.8305489028},"point_estimate":1925579.6971300385,"standard_error":13938.910689472683},"Median":{"confidence_interval":{"confidence_level":0.95,"lower_bound":1828935.4666666666,"upper_bound":1872323.27597471},"point_estimate":1852205.0158155489,"standard_error":10702.625268710808},"MedianAbsDev":{"confidence_interval":{"confidence_level":0.95,"lower_bound":48684.371230746205,"upper_bound":112572.07002556723},"point_estimate":79871.77662387515,"standard_error":15344.320563818836},"Slope":{"confidence_interval":{"confidence_level":0.95,"lower_bound":1951788.0541066272,"upper_bound":2020582.1991733802},"point_estimate":1986509.7710033989,"standard_error":17632.914621002597},"StdDev":{"confidence_interval":{"confidence_level":0.95,"lower_bound":128053.4952792439,"upper_bound":148596.1833877327},"point_estimate":140571.17150722169,"standard_error":5275.834029515567}}