{"Mean":{"confidence_interval":{"confidence_level":0.95,"lower_bound":36.38981468911222,"upper_bound":37.195282918977287},"point_estimate":36.77590889993474,"standard_error":0.20650344624770765},"Median":{"confidence_interval":{"confidence_level":0.95,"lower_bound":35.70918898528857,"upper_bound":35.737989437947948},"point_estimate":35.719440419853,"standard_error":0.007342108435801156},"MedianAbsDev":{"confidence_interval":{"confidence_level":0.95,"lower_bound":0.02685154415482298,"upper_bound":0.06696414442460393},"point_estimate":0.04288548333554215,"standard_error":0.009912212839804586},"Slope":{"confidence_interval":{"confidence_level":0.95,"lower_bound":37.07595822167988,"upper_bound":38.421608375239149},"point_estimate":37.75820678055915,"standard_error":0.34342787872977906},"StdDev":{"confidence_interval":{"confidence_level":0.95,"lower_bound":1.7116288655796342,"upper_bound":2.330457185793495},"point_estimate":2.0707603005908874,"standard_error":0.1586921867728452}}