{"Mean":{"confidence_interval":{"confidence_level":0.95,"lower_bound":3426.956629695507,"upper_bound":3493.2935779068818},"point_estimate":3456.7859905075517,"standard_error":16.901190613046439},"Median":{"confidence_interval":{"confidence_level":0.95,"lower_bound":3413.3687808266615,"upper_bound":3417.7412833694086},"point_estimate":3415.886580020103,"standard_error":1.173600361492745},"MedianAbsDev":{"confidence_interval":{"confidence_level":0.95,"lower_bound":6.459565927992946,"upper_bound":11.981816653817818},"point_estimate":9.269355240969963,"standard_error":1.419814331412067},"Slope":{"confidence_interval":{"confidence_level":0.95,"lower_bound":3419.3263103221818,"upper_bound":3575.638779225473},"point_estimate":3491.8140580289375,"standard_error":39.36549728372127},"StdDev":{"confidence_interval":{"confidence_level":0.95,"lower_bound":83.55243588828025,"upper_bound":232.68560865311984},"point_estimate":169.45931335877507,"standard_error":39.03396868941041}}