{"Mean":{"confidence_interval":{"confidence_level":0.95,"lower_bound":29.182561690453313,"upper_bound":29.818644823743214},"point_estimate":29.477058574583578,"standard_error":0.16567773596691275},"Median":{"confidence_interval":{"confidence_level":0.95,"lower_bound":28.911297177149856,"upper_bound":28.930535055350555},"point_estimate":28.919454494869627,"standard_error":0.005213909097480041},"MedianAbsDev":{"confidence_interval":{"confidence_level":0.95,"lower_bound":0.02686424170362257,"upper_bound":0.04589439111811108},"point_estimate":0.035078132647208767,"standard_error":0.004739770549296717},"Slope":{"confidence_interval":{"confidence_level":0.95,"lower_bound":29.646622971575366,"upper_bound":31.135091344145598},"point_estimate":30.404048281663547,"standard_error":0.38122066818611269},"StdDev":{"confidence_interval":{"confidence_level":0.95,"lower_bound":1.1363636588921705,"upper_bound":2.05496238201573},"point_estimate":1.6684900157602532,"standard_error":0.23100220890836546}}