{"Mean":{"confidence_interval":{"confidence_level":0.95,"lower_bound":145702.0083292263,"upper_bound":147844.16571938428},"point_estimate":146809.38774687638,"standard_error":547.0274440580689},"Median":{"confidence_interval":{"confidence_level":0.95,"lower_bound":149738.89506192544,"upper_bound":149804.60718201754},"point_estimate":149784.1829468326,"standard_error":17.140215208176877},"MedianAbsDev":{"confidence_interval":{"confidence_level":0.95,"lower_bound":113.3651537373593,"upper_bound":293.6932340395611},"point_estimate":177.74158305136184,"standard_error":49.89212608317723},"Slope":{"confidence_interval":{"confidence_level":0.95,"lower_bound":143792.67302913703,"upper_bound":146852.3796885841},"point_estimate":145368.40036980937,"standard_error":783.9817866025129},"StdDev":{"confidence_interval":{"confidence_level":0.95,"lower_bound":4689.209182761771,"upper_bound":6044.285021281266},"point_estimate":5489.342985353252,"standard_error":349.3820594099131}}