{"Mean":{"confidence_interval":{"confidence_level":0.95,"lower_bound":24589359.817078808,"upper_bound":24691387.181440846},"point_estimate":24638324.10582193,"standard_error":25997.56026098235},"Median":{"confidence_interval":{"confidence_level":0.95,"lower_bound":24552217.1827957,"upper_bound":24628375.78787879},"point_estimate":24592013.113756613,"standard_error":16661.22981446804},"MedianAbsDev":{"confidence_interval":{"confidence_level":0.95,"lower_bound":84896.83912518418,"upper_bound":150889.09976104898},"point_estimate":117516.16328876384,"standard_error":16066.895273557571},"Slope":{"confidence_interval":{"confidence_level":0.95,"lower_bound":24563062.936728214,"upper_bound":24626850.30127817},"point_estimate":24592987.951047735,"standard_error":16346.207534606883},"StdDev":{"confidence_interval":{"confidence_level":0.95,"lower_bound":163463.75329038924,"upper_bound":350014.6190163494},"point_estimate":261500.68956430353,"standard_error":47809.84479090761}}