{"Mean":{"confidence_interval":{"confidence_level":0.95,"lower_bound":6946.927391054073,"upper_bound":7239.357263734123},"point_estimate":7091.916049849911,"standard_error":74.61393414809969},"Median":{"confidence_interval":{"confidence_level":0.95,"lower_bound":6492.7215073529409,"upper_bound":6936.576013311307},"point_estimate":6503.743349332142,"standard_error":151.6913672612908},"MedianAbsDev":{"confidence_interval":{"confidence_level":0.95,"lower_bound":52.162743004407399,"upper_bound":458.191453956979},"point_estimate":81.03565282855259,"standard_error":131.54152264271549},"Slope":{"confidence_interval":{"confidence_level":0.95,"lower_bound":6988.233494660682,"upper_bound":7391.311260021365},"point_estimate":7189.894811305538,"standard_error":102.81348083695856},"StdDev":{"confidence_interval":{"confidence_level":0.95,"lower_bound":701.7555373185529,"upper_bound":774.1783981071245},"point_estimate":750.8944711899828,"standard_error":18.868109947584317}}