{"Mean":{"confidence_interval":{"confidence_level":0.95,"lower_bound":34207619.472283657,"upper_bound":37348509.199672657},"point_estimate":35783717.70758961,"standard_error":801987.9550021809},"Median":{"confidence_interval":{"confidence_level":0.95,"lower_bound":33519401.343640403,"upper_bound":37612737.37388927},"point_estimate":35657007.2391986,"standard_error":1041072.7046629748},"MedianAbsDev":{"confidence_interval":{"confidence_level":0.95,"lower_bound":6360917.024289322,"upper_bound":11332169.718014637},"point_estimate":8759232.680079688,"standard_error":1282921.4353312613},"Slope":{"confidence_interval":{"confidence_level":0.95,"lower_bound":36364228.83827143,"upper_bound":38836516.18902545},"point_estimate":37513256.916704598,"standard_error":629385.0413214753},"StdDev":{"confidence_interval":{"confidence_level":0.95,"lower_bound":7174693.794531075,"upper_bound":8841434.850534466},"point_estimate":8075393.168694817,"standard_error":426500.1749387303}}