{"Mean":{"confidence_interval":{"confidence_level":0.95,"lower_bound":-0.04754580978453378,"upper_bound":-0.026093211534133737},"point_estimate":-0.03714453774421511,"standard_error":0.005435217297739569},"Median":{"confidence_interval":{"confidence_level":0.95,"lower_bound":-0.044020553276508968,"upper_bound":-0.025893873685498449},"point_estimate":-0.03189614165726895,"standard_error":0.0042267009851827109}}