{"Mean":{"confidence_interval":{"confidence_level":0.95,"lower_bound":273.86706102553856,"upper_bound":288.5637138306752},"point_estimate":280.92615359400687,"standard_error":3.78015544793482},"Median":{"confidence_interval":{"confidence_level":0.95,"lower_bound":261.6405682460247,"upper_bound":261.74981652550846},"point_estimate":261.6810268009702,"standard_error":0.03006560778157889},"MedianAbsDev":{"confidence_interval":{"confidence_level":0.95,"lower_bound":0.12958167629953414,"upper_bound":0.29735038609422495},"point_estimate":0.1881629753548872,"standard_error":0.04606479837759909},"Slope":{"confidence_interval":{"confidence_level":0.95,"lower_bound":288.09356077846089,"upper_bound":312.89679982912869},"point_estimate":300.69218502978239,"standard_error":6.334991334331506},"StdDev":{"confidence_interval":{"confidence_level":0.95,"lower_bound":31.27655429972901,"upper_bound":42.72229892468147},"point_estimate":37.99672719816599,"standard_error":2.912736586046895}}