{"Mean":{"confidence_interval":{"confidence_level":0.95,"lower_bound":119.08600177708368,"upper_bound":123.32593054415915},"point_estimate":121.14664891262915,"standard_error":1.0862459567910477},"Median":{"confidence_interval":{"confidence_level":0.95,"lower_bound":116.44971823126498,"upper_bound":116.54738602886104},"point_estimate":116.48391167097182,"standard_error":0.02632163470648799},"MedianAbsDev":{"confidence_interval":{"confidence_level":0.95,"lower_bound":0.0994440540576256,"upper_bound":0.23036978574837697},"point_estimate":0.14379982457876187,"standard_error":0.034442568019763159},"Slope":{"confidence_interval":{"confidence_level":0.95,"lower_bound":118.26731620000449,"upper_bound":121.86877735433238},"point_estimate":119.85565146227019,"standard_error":0.9209799320043123},"StdDev":{"confidence_interval":{"confidence_level":0.95,"lower_bound":8.27308914102201,"upper_bound":12.60956769298668},"point_estimate":10.860144523236555,"standard_error":1.0889228898626238}}