{"Mean":{"confidence_interval":{"confidence_level":0.95,"lower_bound":2284625.284669503,"upper_bound":2295680.218759433},"point_estimate":2289076.6051462998,"standard_error":2898.5127066273864},"Median":{"confidence_interval":{"confidence_level":0.95,"lower_bound":2281294.5911592079,"upper_bound":2282953.7213114758},"point_estimate":2281918.12,"standard_error":401.7367455843533},"MedianAbsDev":{"confidence_interval":{"confidence_level":0.95,"lower_bound":1928.8112087879434,"upper_bound":4557.7353394411879},"point_estimate":3030.874574349219,"standard_error":674.6328095060392},"Slope":{"confidence_interval":{"confidence_level":0.95,"lower_bound":2280506.0100045597,"upper_bound":2291900.4612607096},"point_estimate":2284538.303499335,"standard_error":3139.5458223677949},"StdDev":{"confidence_interval":{"confidence_level":0.95,"lower_bound":8076.516883007617,"upper_bound":46945.32431258701},"point_estimate":28994.745182225928,"standard_error":11660.14239999344}}