{"Mean":{"confidence_interval":{"confidence_level":0.95,"lower_bound":88973.65588208349,"upper_bound":89705.11709520372},"point_estimate":89328.89829606077,"standard_error":186.40974654135617},"Median":{"confidence_interval":{"confidence_level":0.95,"lower_bound":88200.08143939394,"upper_bound":88343.52564102564},"point_estimate":88240.43809865901,"standard_error":40.36318265560761},"MedianAbsDev":{"confidence_interval":{"confidence_level":0.95,"lower_bound":127.66134998965144,"upper_bound":367.45535944921098},"point_estimate":211.67976068878904,"standard_error":64.35071315202736},"Slope":{"confidence_interval":{"confidence_level":0.95,"lower_bound":89074.7552234481,"upper_bound":90116.4395313329},"point_estimate":89567.59125264765,"standard_error":265.8009893964925},"StdDev":{"confidence_interval":{"confidence_level":0.95,"lower_bound":1606.6217441149418,"upper_bound":2061.566998056336},"point_estimate":1876.7804223469219,"standard_error":116.28232706878855}}