{"Mean":{"confidence_interval":{"confidence_level":0.95,"lower_bound":7462.047999405253,"upper_bound":7761.109109247469},"point_estimate":7611.896703662579,"standard_error":76.25568538866135},"Median":{"confidence_interval":{"confidence_level":0.95,"lower_bound":6900.686728766026,"upper_bound":8412.198412698413},"point_estimate":7055.550347222223,"standard_error":557.5482683290959},"MedianAbsDev":{"confidence_interval":{"confidence_level":0.95,"lower_bound":62.79237297055423,"upper_bound":1059.0349450078946},"point_estimate":338.983698436171,"standard_error":309.3380649638793},"Slope":{"confidence_interval":{"confidence_level":0.95,"lower_bound":7451.4121955207669,"upper_bound":7853.2948636784499},"point_estimate":7654.394803622154,"standard_error":102.64612497929955},"StdDev":{"confidence_interval":{"confidence_level":0.95,"lower_bound":740.6787416340422,"upper_bound":780.3183795934529},"point_estimate":768.6671390332746,"standard_error":10.092926953650089}}