{"Mean":{"confidence_interval":{"confidence_level":0.95,"lower_bound":8739.18159678685,"upper_bound":8923.803966881094},"point_estimate":8832.37887257998,"standard_error":47.09655969639315},"Median":{"confidence_interval":{"confidence_level":0.95,"lower_bound":8510.984877794153,"upper_bound":9193.448870056498},"point_estimate":9174.11068040822,"standard_error":161.16554794733583},"MedianAbsDev":{"confidence_interval":{"confidence_level":0.95,"lower_bound":95.62409112285249,"upper_bound":695.659921701511},"point_estimate":234.79885861475848,"standard_error":157.179447421505},"Slope":{"confidence_interval":{"confidence_level":0.95,"lower_bound":8598.65712467729,"upper_bound":8840.735917805721},"point_estimate":8722.504992723912,"standard_error":61.941350196527498},"StdDev":{"confidence_interval":{"confidence_level":0.95,"lower_bound":445.1666098368215,"upper_bound":491.05840885721},"point_estimate":472.9658209226949,"standard_error":11.577583799099154}}