{"Mean":{"confidence_interval":{"confidence_level":0.95,"lower_bound":9342497.228298912,"upper_bound":9505482.756877544},"point_estimate":9425067.244367399,"standard_error":41559.45945401178},"Median":{"confidence_interval":{"confidence_level":0.95,"lower_bound":9303227.0,"upper_bound":9631502.448606812},"point_estimate":9470419.749445677,"standard_error":91992.4087499934},"MedianAbsDev":{"confidence_interval":{"confidence_level":0.95,"lower_bound":385622.4003921739,"upper_bound":618988.9650801944},"point_estimate":511795.75230509307,"standard_error":62186.24636358547},"Slope":{"confidence_interval":{"confidence_level":0.95,"lower_bound":9413168.504124325,"upper_bound":9601268.888031505},"point_estimate":9509389.22595537,"standard_error":48024.90115990213},"StdDev":{"confidence_interval":{"confidence_level":0.95,"lower_bound":369530.4472562147,"upper_bound":462966.25516449738},"point_estimate":418764.16683945446,"standard_error":23860.94777644831}}