{"Mean":{"confidence_interval":{"confidence_level":0.95,"lower_bound":2356.1625828658268,"upper_bound":2472.9729377792107},"point_estimate":2414.0785160757466,"standard_error":29.87219547665782},"Median":{"confidence_interval":{"confidence_level":0.95,"lower_bound":2147.9141551343925,"upper_bound":2728.230708224284},"point_estimate":2164.137223411849,"standard_error":199.11271672155349},"MedianAbsDev":{"confidence_interval":{"confidence_level":0.95,"lower_bound":29.48672749064661,"upper_bound":440.01404347981977},"point_estimate":61.08010385448517,"standard_error":93.06796357632617},"Slope":{"confidence_interval":{"confidence_level":0.95,"lower_bound":2363.8575575421766,"upper_bound":2521.688947516877},"point_estimate":2444.3751807755804,"standard_error":40.374758603157179},"StdDev":{"confidence_interval":{"confidence_level":0.95,"lower_bound":287.11351293659706,"upper_bound":302.7129640700301},"point_estimate":298.8349273921812,"standard_error":4.000092231279808}}