{"Mean":{"confidence_interval":{"confidence_level":0.95,"lower_bound":111.68746491365603,"upper_bound":115.40567239116908},"point_estimate":113.57749722923396,"standard_error":0.9501460168560449},"Median":{"confidence_interval":{"confidence_level":0.95,"lower_bound":113.22832602180428,"upper_bound":117.82975834849305},"point_estimate":116.18496251431819,"standard_error":1.4192432233796824},"MedianAbsDev":{"confidence_interval":{"confidence_level":0.95,"lower_bound":6.500323721107671,"upper_bound":11.775156133851464},"point_estimate":8.640530744539241,"standard_error":1.3756453940044145},"Slope":{"confidence_interval":{"confidence_level":0.95,"lower_bound":111.6235212048626,"upper_bound":115.87089657179392},"point_estimate":113.80357019510453,"standard_error":1.0861714408962103},"StdDev":{"confidence_interval":{"confidence_level":0.95,"lower_bound":8.237146326661092,"upper_bound":10.686544676356127},"point_estimate":9.569917388710323,"standard_error":0.625182267259461}}