{"Mean":{"confidence_interval":{"confidence_level":0.95,"lower_bound":269787.6403438529,"upper_bound":270642.67868258038},"point_estimate":270203.1028188171,"standard_error":218.5354067620959},"Median":{"confidence_interval":{"confidence_level":0.95,"lower_bound":268935.0416666667,"upper_bound":269222.5111111111},"point_estimate":269108.8059269162,"standard_error":66.87010762031197},"MedianAbsDev":{"confidence_interval":{"confidence_level":0.95,"lower_bound":432.76009116913698,"upper_bound":945.7386754531259},"point_estimate":689.6356137817088,"standard_error":139.20270790449147},"Slope":{"confidence_interval":{"confidence_level":0.95,"lower_bound":270307.2759302733,"upper_bound":271672.2899190118},"point_estimate":270985.5187971036,"standard_error":349.8476436864248},"StdDev":{"confidence_interval":{"confidence_level":0.95,"lower_bound":1902.3366839341402,"upper_bound":2400.603774256908},"point_estimate":2198.5464229144165,"standard_error":127.78757442162085}}