{"Mean":{"confidence_interval":{"confidence_level":0.95,"lower_bound":69540.2636979221,"upper_bound":70606.20834198571},"point_estimate":70064.16497260344,"standard_error":273.18787693232238},"Median":{"confidence_interval":{"confidence_level":0.95,"lower_bound":67913.15972222222,"upper_bound":70574.78348214286},"point_estimate":69502.91924508239,"standard_error":840.6688504523334},"MedianAbsDev":{"confidence_interval":{"confidence_level":0.95,"lower_bound":835.6884325419518,"upper_bound":4319.725333076465},"point_estimate":2901.765412666936,"standard_error":1048.4043001490687},"Slope":{"confidence_interval":{"confidence_level":0.95,"lower_bound":69239.30542006684,"upper_bound":70412.55108096262},"point_estimate":69786.35970260085,"standard_error":298.7733358530174},"StdDev":{"confidence_interval":{"confidence_level":0.95,"lower_bound":2428.6551598695225,"upper_bound":3051.534262845464},"point_estimate":2743.5017643475168,"standard_error":158.45128186160137}}