{"Mean":{"confidence_interval":{"confidence_level":0.95,"lower_bound":69949948.09770756,"upper_bound":75767393.03609428},"point_estimate":72869513.61857756,"standard_error":1487610.453348475},"Median":{"confidence_interval":{"confidence_level":0.95,"lower_bound":70051312.76404494,"upper_bound":77969993.64473684},"point_estimate":73514055.61398468,"standard_error":2020420.4762665537},"MedianAbsDev":{"confidence_interval":{"confidence_level":0.95,"lower_bound":12158534.933138188,"upper_bound":21805289.27986873},"point_estimate":18036563.068356594,"standard_error":2525569.738743779},"Slope":{"confidence_interval":{"confidence_level":0.95,"lower_bound":74694202.38609338,"upper_bound":79181282.86662446},"point_estimate":76800152.62456037,"standard_error":1146857.8706312557},"StdDev":{"confidence_interval":{"confidence_level":0.95,"lower_bound":13301099.314650363,"upper_bound":16465287.565161376},"point_estimate":14998632.345443018,"standard_error":807867.9780590162}}