{"Mean":{"confidence_interval":{"confidence_level":0.95,"lower_bound":14361.313400523572,"upper_bound":15040.739669705741},"point_estimate":14687.254885879918,"standard_error":174.33013298172859},"Median":{"confidence_interval":{"confidence_level":0.95,"lower_bound":13853.765553652967,"upper_bound":13864.109348714252},"point_estimate":13858.38696582169,"standard_error":3.4405416214330697},"MedianAbsDev":{"confidence_interval":{"confidence_level":0.95,"lower_bound":11.315048207114629,"upper_bound":26.931840729862424},"point_estimate":17.693390579139895,"standard_error":4.766536752599704},"Slope":{"confidence_interval":{"confidence_level":0.95,"lower_bound":14333.766445953072,"upper_bound":15104.465636228917},"point_estimate":14690.468718256001,"standard_error":196.1072358925668},"StdDev":{"confidence_interval":{"confidence_level":0.95,"lower_bound":1402.5108435778946,"upper_bound":2006.762196237332},"point_estimate":1750.2324411886437,"standard_error":155.2487467139859}}