{"Mean":{"confidence_interval":{"confidence_level":0.95,"lower_bound":-0.02736387853464134,"upper_bound":0.03691386242439345},"point_estimate":0.0046457066765601688,"standard_error":0.016509215173393083},"Median":{"confidence_interval":{"confidence_level":0.95,"lower_bound":0.028296886221409469,"upper_bound":0.030380581408363529},"point_estimate":0.028995207255162249,"standard_error":0.0005580999456236556}}