{"Mean":{"confidence_interval":{"confidence_level":0.95,"lower_bound":281.59505073948858,"upper_bound":297.5214008933471},"point_estimate":289.55216437421157,"standard_error":4.073101561791954},"Median":{"confidence_interval":{"confidence_level":0.95,"lower_bound":249.46789052069426,"upper_bound":331.8368919876708},"point_estimate":261.0315227732774,"standard_error":34.644002738857427},"MedianAbsDev":{"confidence_interval":{"confidence_level":0.95,"lower_bound":0.19964211795888543,"upper_bound":53.24362858402957},"point_estimate":17.39183417709397,"standard_error":18.671542725829306},"Slope":{"confidence_interval":{"confidence_level":0.95,"lower_bound":271.0118194598735,"upper_bound":291.9028795464557},"point_estimate":281.45458440405147,"standard_error":5.3417837122803919},"StdDev":{"confidence_interval":{"confidence_level":0.95,"lower_bound":39.7365657216554,"upper_bound":41.50227427447712},"point_estimate":41.02363889746735,"standard_error":0.45673757460899985}}