{"Mean":{"confidence_interval":{"confidence_level":0.95,"lower_bound":4299154.365307693,"upper_bound":4415229.831848152},"point_estimate":4354387.390996513,"standard_error":29646.648203829853},"Median":{"confidence_interval":{"confidence_level":0.95,"lower_bound":4222573.65625,"upper_bound":4229780.971428571},"point_estimate":4225906.843534284,"standard_error":1701.1287774162295},"MedianAbsDev":{"confidence_interval":{"confidence_level":0.95,"lower_bound":7452.427761442959,"upper_bound":17359.181377229746},"point_estimate":10845.231909293572,"standard_error":2452.6033993022685},"Slope":{"confidence_interval":{"confidence_level":0.95,"lower_bound":4232100.9944231179,"upper_bound":4282385.833828145},"point_estimate":4251798.9633279149,"standard_error":13256.906376787052},"StdDev":{"confidence_interval":{"confidence_level":0.95,"lower_bound":226668.03563378348,"upper_bound":351051.2239372274},"point_estimate":297636.6672335479,"standard_error":31750.911695352854}}