{"Mean":{"confidence_interval":{"confidence_level":0.95,"lower_bound":8105.486532195767,"upper_bound":8130.149802361173},"point_estimate":8117.237667400423,"standard_error":6.31203582784007},"Median":{"confidence_interval":{"confidence_level":0.95,"lower_bound":8090.745862683103,"upper_bound":8105.913306451613},"point_estimate":8097.745677896747,"standard_error":3.535041149208081},"MedianAbsDev":{"confidence_interval":{"confidence_level":0.95,"lower_bound":28.406515405691047,"upper_bound":48.37070155883673},"point_estimate":37.72356732758522,"standard_error":4.952917472962152},"Slope":{"confidence_interval":{"confidence_level":0.95,"lower_bound":8096.411438515392,"upper_bound":8124.590522748533},"point_estimate":8109.561689270035,"standard_error":7.188116803590401},"StdDev":{"confidence_interval":{"confidence_level":0.95,"lower_bound":46.99645042235619,"upper_bound":78.44150654778999},"point_estimate":63.350552622788388,"standard_error":8.056531231577907}}