{"Mean":{"confidence_interval":{"confidence_level":0.95,"lower_bound":139987.06410941535,"upper_bound":142359.7807765049},"point_estimate":141153.12428002654,"standard_error":608.2004155609784},"Median":{"confidence_interval":{"confidence_level":0.95,"lower_bound":136918.57303370787,"upper_bound":137310.1625},"point_estimate":137096.22450396827,"standard_error":224.17634834641789},"MedianAbsDev":{"confidence_interval":{"confidence_level":0.95,"lower_bound":626.3325721030134,"upper_bound":1585.981453021746},"point_estimate":999.285064037068,"standard_error":303.5010954010444},"Slope":{"confidence_interval":{"confidence_level":0.95,"lower_bound":141178.42682815586,"upper_bound":144568.45432892108},"point_estimate":142848.37882259495,"standard_error":863.6183186785185},"StdDev":{"confidence_interval":{"confidence_level":0.95,"lower_bound":5581.779029832548,"upper_bound":6417.324161184315},"point_estimate":6119.223237847969,"standard_error":217.5152009732127}}