{"Mean":{"confidence_interval":{"confidence_level":0.95,"lower_bound":-0.0028322704784988367,"upper_bound":0.034897463978580459},"point_estimate":0.015622943655391186,"standard_error":0.009424440267498101},"Median":{"confidence_interval":{"confidence_level":0.95,"lower_bound":-0.02379168143593069,"upper_bound":-0.022789515048162697},"point_estimate":-0.023462424580877218,"standard_error":0.00025330188559804866}}