{"Mean":{"confidence_interval":{"confidence_level":0.95,"lower_bound":22864.64120356811,"upper_bound":23508.215745733858},"point_estimate":23189.687102240056,"standard_error":164.31603261772885},"Median":{"confidence_interval":{"confidence_level":0.95,"lower_bound":22500.329545454544,"upper_bound":24159.6564021164},"point_estimate":23105.90999509158,"standard_error":464.530612888494},"MedianAbsDev":{"confidence_interval":{"confidence_level":0.95,"lower_bound":950.790159303038,"upper_bound":2359.0513549017825},"point_estimate":1605.6064553183167,"standard_error":331.5991833078388},"Slope":{"confidence_interval":{"confidence_level":0.95,"lower_bound":21773.599482841993,"upper_bound":22777.97274086303},"point_estimate":22267.287089991285,"standard_error":256.6333285062858},"StdDev":{"confidence_interval":{"confidence_level":0.95,"lower_bound":1377.4799989700394,"upper_bound":1898.897114317429},"point_estimate":1652.9327995722957,"standard_error":132.96084503987459}}