{"Mean":{"confidence_interval":{"confidence_level":0.95,"lower_bound":6281562.08365094,"upper_bound":6341106.9420631169},"point_estimate":6309216.004987898,"standard_error":15223.587714104917},"Median":{"confidence_interval":{"confidence_level":0.95,"lower_bound":6247279.009009009,"upper_bound":6265061.914837576},"point_estimate":6258802.641025641,"standard_error":4665.317795420393},"MedianAbsDev":{"confidence_interval":{"confidence_level":0.95,"lower_bound":26231.651420009173,"upper_bound":50340.09481082035},"point_estimate":38647.23407300909,"standard_error":6084.6747394561439},"Slope":{"confidence_interval":{"confidence_level":0.95,"lower_bound":6261854.9872457119,"upper_bound":6317758.335615814},"point_estimate":6287888.854080095,"standard_error":14344.833460100957},"StdDev":{"confidence_interval":{"confidence_level":0.95,"lower_bound":103162.30697796775,"upper_bound":193130.35701304532},"point_estimate":152558.35728940098,"standard_error":23021.004062845106}}