{"Mean":{"confidence_interval":{"confidence_level":0.95,"lower_bound":24738.36379899643,"upper_bound":25348.90680091664},"point_estimate":25021.390892459185,"standard_error":157.16513946976469},"Median":{"confidence_interval":{"confidence_level":0.95,"lower_bound":24492.986585365852,"upper_bound":24513.959042797975},"point_estimate":24500.571919127084,"standard_error":5.247812833448808},"MedianAbsDev":{"confidence_interval":{"confidence_level":0.95,"lower_bound":23.32843116011999,"upper_bound":52.479983929441257},"point_estimate":33.21115000373306,"standard_error":7.192477087374635},"Slope":{"confidence_interval":{"confidence_level":0.95,"lower_bound":24998.178376210322,"upper_bound":26316.542272421724},"point_estimate":25639.018613500957,"standard_error":336.34997161167356},"StdDev":{"confidence_interval":{"confidence_level":0.95,"lower_bound":1019.0517933990861,"upper_bound":1986.477751420732},"point_estimate":1574.7153460454459,"standard_error":245.79532179632856}}