{"Mean":{"confidence_interval":{"confidence_level":0.95,"lower_bound":146086.7160579448,"upper_bound":154297.851499705},"point_estimate":148833.95984884708,"standard_error":2705.9465353675029},"Median":{"confidence_interval":{"confidence_level":0.95,"lower_bound":146052.83482142859,"upper_bound":146121.48082010583},"point_estimate":146090.52623055958,"standard_error":17.569327784643599},"MedianAbsDev":{"confidence_interval":{"confidence_level":0.95,"lower_bound":105.32877780860247,"upper_bound":168.12212639342725},"point_estimate":134.48676639500136,"standard_error":15.643875871060303},"Slope":{"confidence_interval":{"confidence_level":0.95,"lower_bound":146014.9991291475,"upper_bound":146069.4381041726},"point_estimate":146042.03977158058,"standard_error":13.857513846000599},"StdDev":{"confidence_interval":{"confidence_level":0.95,"lower_bound":145.22443217066079,"upper_bound":46656.65707327902},"point_estimate":27211.812722530703,"standard_error":17019.19959248725}}