{"Mean":{"confidence_interval":{"confidence_level":0.95,"lower_bound":2386876.2888237836,"upper_bound":2411135.475690935},"point_estimate":2397821.2459006758,"standard_error":6232.723492128874},"Median":{"confidence_interval":{"confidence_level":0.95,"lower_bound":2375041.132352941,"upper_bound":2379680.621155885},"point_estimate":2377230.333333333,"standard_error":1201.3088015178815},"MedianAbsDev":{"confidence_interval":{"confidence_level":0.95,"lower_bound":4925.999569556129,"upper_bound":11900.915107442925},"point_estimate":8091.1203294384899,"standard_error":1738.7616397575399},"Slope":{"confidence_interval":{"confidence_level":0.95,"lower_bound":2373453.736789415,"upper_bound":2392737.5916762158},"point_estimate":2379495.319293631,"standard_error":5619.147525023236},"StdDev":{"confidence_interval":{"confidence_level":0.95,"lower_bound":30236.168876402113,"upper_bound":87319.10708707039},"point_estimate":62714.35231317969,"standard_error":14376.974892441149}}