{"Mean":{"confidence_interval":{"confidence_level":0.95,"lower_bound":121.96811457647502,"upper_bound":125.68985429086136},"point_estimate":123.86421590109285,"standard_error":0.9519234482403248},"Median":{"confidence_interval":{"confidence_level":0.95,"lower_bound":123.3896767666512,"upper_bound":126.81392284715412},"point_estimate":124.82027007426317,"standard_error":1.0392871355146119},"MedianAbsDev":{"confidence_interval":{"confidence_level":0.95,"lower_bound":7.9698620770278689,"upper_bound":12.393240627876207},"point_estimate":10.454790218215005,"standard_error":1.1305278799268257},"Slope":{"confidence_interval":{"confidence_level":0.95,"lower_bound":122.93693054827965,"upper_bound":127.33915822241774},"point_estimate":125.19685272161054,"standard_error":1.1241644593222824},"StdDev":{"confidence_interval":{"confidence_level":0.95,"lower_bound":8.297340301593874,"upper_bound":10.602348778485326},"point_estimate":9.538982474840218,"standard_error":0.5898099310684832}}