{"Mean":{"confidence_interval":{"confidence_level":0.95,"lower_bound":34989785.60573772,"upper_bound":38287204.13265519},"point_estimate":36645560.83044478,"standard_error":842954.705914467},"Median":{"confidence_interval":{"confidence_level":0.95,"lower_bound":34936082.37817316,"upper_bound":38934577.487804878},"point_estimate":36272452.480317149,"standard_error":1137411.3308301159},"MedianAbsDev":{"confidence_interval":{"confidence_level":0.95,"lower_bound":6152684.691808879,"upper_bound":12096483.328312379},"point_estimate":9993991.235667855,"standard_error":1689404.1706847235},"Slope":{"confidence_interval":{"confidence_level":0.95,"lower_bound":37570948.86244861,"upper_bound":40005712.84177204},"point_estimate":38704297.856651399,"standard_error":622493.8395578009},"StdDev":{"confidence_interval":{"confidence_level":0.95,"lower_bound":7475227.475219243,"upper_bound":9301675.690175286},"point_estimate":8457151.739628105,"standard_error":464579.34400872958}}