{"Mean":{"confidence_interval":{"confidence_level":0.95,"lower_bound":237999.34833183283,"upper_bound":248660.62376086569},"point_estimate":243142.00930978088,"standard_error":2720.517498964766},"Median":{"confidence_interval":{"confidence_level":0.95,"lower_bound":228627.43636363638,"upper_bound":228817.9875},"point_estimate":228738.74329501915,"standard_error":42.08851300833772},"MedianAbsDev":{"confidence_interval":{"confidence_level":0.95,"lower_bound":188.3669623891633,"upper_bound":445.8434167570845},"point_estimate":303.98435360628698,"standard_error":64.73293803228006},"Slope":{"confidence_interval":{"confidence_level":0.95,"lower_bound":242879.107313889,"upper_bound":258790.66587254779},"point_estimate":250516.95352268363,"standard_error":4060.5247486079358},"StdDev":{"confidence_interval":{"confidence_level":0.95,"lower_bound":22850.542661955056,"upper_bound":30446.04226134768},"point_estimate":27317.90744269665,"standard_error":1949.527192459241}}