{"Mean":{"confidence_interval":{"confidence_level":0.95,"lower_bound":40697.867654899535,"upper_bound":40726.52014067505},"point_estimate":40711.13555064612,"standard_error":7.311770382164209},"Median":{"confidence_interval":{"confidence_level":0.95,"lower_bound":40682.77478260869,"upper_bound":40701.562666666665},"point_estimate":40691.53604122246,"standard_error":4.812501204956723},"MedianAbsDev":{"confidence_interval":{"confidence_level":0.95,"lower_bound":26.51667492317806,"upper_bound":45.10093814572954},"point_estimate":34.11967600964007,"standard_error":4.7135986904439799},"Slope":{"confidence_interval":{"confidence_level":0.95,"lower_bound":40676.5360194732,"upper_bound":40689.41220782087},"point_estimate":40682.57917198168,"standard_error":3.283752113461005},"StdDev":{"confidence_interval":{"confidence_level":0.95,"lower_bound":47.93159541386557,"upper_bound":94.75853060418859},"point_estimate":73.38741269941819,"standard_error":11.955602187695718}}