{"Mean":{"confidence_interval":{"confidence_level":0.95,"lower_bound":2569957.107556509,"upper_bound":2598475.0731964407},"point_estimate":2580590.7966014698,"standard_error":7855.017160468286},"Median":{"confidence_interval":{"confidence_level":0.95,"lower_bound":2565067.1101734649,"upper_bound":2567990.484705882},"point_estimate":2567285.1202956989,"standard_error":770.5253412049077},"MedianAbsDev":{"confidence_interval":{"confidence_level":0.95,"lower_bound":3932.632152574467,"upper_bound":7551.59879310613},"point_estimate":5900.905224981344,"standard_error":927.5663359967194},"Slope":{"confidence_interval":{"confidence_level":0.95,"lower_bound":2564785.8932643255,"upper_bound":2640435.6755212789},"point_estimate":2589578.825964238,"standard_error":22197.28487492126},"StdDev":{"confidence_interval":{"confidence_level":0.95,"lower_bound":11927.541778976203,"upper_bound":132852.4900261179},"point_estimate":79087.30942726416,"standard_error":39465.02372898612}}