{"Mean":{"confidence_interval":{"confidence_level":0.95,"lower_bound":14311689.412997822,"upper_bound":14355770.979773822},"point_estimate":14333155.03813874,"standard_error":11226.871244852844},"Median":{"confidence_interval":{"confidence_level":0.95,"lower_bound":14265591.231707318,"upper_bound":14349929.926470589},"point_estimate":14313071.291308828,"standard_error":20450.038502120366},"MedianAbsDev":{"confidence_interval":{"confidence_level":0.95,"lower_bound":76804.1139926982,"upper_bound":160134.9211023314},"point_estimate":113150.8210239738,"standard_error":20761.549339389763},"Slope":{"confidence_interval":{"confidence_level":0.95,"lower_bound":14286916.721582946,"upper_bound":14324844.32310409},"point_estimate":14305030.462101374,"standard_error":9664.753881664328},"StdDev":{"confidence_interval":{"confidence_level":0.95,"lower_bound":94116.47852883436,"upper_bound":132000.1354970242},"point_estimate":112490.83687398743,"standard_error":9824.580381252188}}