{"Mean":{"confidence_interval":{"confidence_level":0.95,"lower_bound":23523358.34540379,"upper_bound":25042221.949624465},"point_estimate":24244843.09856199,"standard_error":387872.2454661522},"Median":{"confidence_interval":{"confidence_level":0.95,"lower_bound":22176958.25,"upper_bound":22184798.5},"point_estimate":22178338.516483517,"standard_error":15128.747985741289},"MedianAbsDev":{"confidence_interval":{"confidence_level":0.95,"lower_bound":5002.083709273964,"upper_bound":21304.57332176927},"point_estimate":8075.833658931856,"standard_error":22712.462609407037},"Slope":{"confidence_interval":{"confidence_level":0.95,"lower_bound":23204691.79313787,"upper_bound":24542618.077515186},"point_estimate":23825188.44860352,"standard_error":342351.73197882386},"StdDev":{"confidence_interval":{"confidence_level":0.95,"lower_bound":3041173.7028028459,"upper_bound":4589643.26514629},"point_estimate":3906466.1114258666,"standard_error":396680.2836126951}}