{"Mean":{"confidence_interval":{"confidence_level":0.95,"lower_bound":14280354.861246553,"upper_bound":14319100.565264473},"point_estimate":14300172.643218397,"standard_error":9866.564730678047},"Median":{"confidence_interval":{"confidence_level":0.95,"lower_bound":14283709.830769232,"upper_bound":14329158.533333334},"point_estimate":14309540.449443883,"standard_error":9898.699953429663},"MedianAbsDev":{"confidence_interval":{"confidence_level":0.95,"lower_bound":63080.477600099315,"upper_bound":95480.56966988264},"point_estimate":80196.01746044633,"standard_error":8071.090235986068},"Slope":{"confidence_interval":{"confidence_level":0.95,"lower_bound":14307393.047398529,"upper_bound":14341235.000348306},"point_estimate":14324873.318782326,"standard_error":8632.768831326359},"StdDev":{"confidence_interval":{"confidence_level":0.95,"lower_bound":73836.99384108876,"upper_bound":125207.23239793266},"point_estimate":98959.80717276638,"standard_error":13382.236058093778}}