{"Mean":{"confidence_interval":{"confidence_level":0.95,"lower_bound":149906.1402104643,"upper_bound":152921.46420834066},"point_estimate":151216.81397179279,"standard_error":792.8833431028604},"Median":{"confidence_interval":{"confidence_level":0.95,"lower_bound":149398.54395604396,"upper_bound":149432.82926829268},"point_estimate":149420.52191558443,"standard_error":8.681881816625213},"MedianAbsDev":{"confidence_interval":{"confidence_level":0.95,"lower_bound":53.382779402987058,"upper_bound":100.17935344713317},"point_estimate":77.51142808432226,"standard_error":12.402785827543937},"Slope":{"confidence_interval":{"confidence_level":0.95,"lower_bound":150533.75501637057,"upper_bound":158447.0882033813},"point_estimate":154145.9430416517,"standard_error":2068.011292138275},"StdDev":{"confidence_interval":{"confidence_level":0.95,"lower_bound":3410.4365032271277,"upper_bound":11244.336684706936},"point_estimate":7942.532964775355,"standard_error":2051.6737997004636}}