{"Mean":{"confidence_interval":{"confidence_level":0.95,"lower_bound":26331.703069886156,"upper_bound":26502.024426251428},"point_estimate":26421.730536985728,"standard_error":43.56231621970293},"Median":{"confidence_interval":{"confidence_level":0.95,"lower_bound":26485.720075757577,"upper_bound":26519.900435185184},"point_estimate":26497.46831896552,"standard_error":8.979973430260222},"MedianAbsDev":{"confidence_interval":{"confidence_level":0.95,"lower_bound":46.67477682026216,"upper_bound":90.32502819490719},"point_estimate":67.52039893285269,"standard_error":11.005886552214088},"Slope":{"confidence_interval":{"confidence_level":0.95,"lower_bound":26499.373959279877,"upper_bound":26557.44287188961},"point_estimate":26523.863645116006,"standard_error":15.01132290855901},"StdDev":{"confidence_interval":{"confidence_level":0.95,"lower_bound":307.79695210570176,"upper_bound":540.3536524795017},"point_estimate":439.1009810729107,"standard_error":59.34793338932814}}