{"Mean":{"confidence_interval":{"confidence_level":0.95,"lower_bound":3521070.584756575,"upper_bound":3665233.6558382816},"point_estimate":3584353.4923242439,"standard_error":37144.83487164698},"Median":{"confidence_interval":{"confidence_level":0.95,"lower_bound":3481006.7136578049,"upper_bound":3483137.3636363639},"point_estimate":3481665.0504347828,"standard_error":549.4230096199975},"MedianAbsDev":{"confidence_interval":{"confidence_level":0.95,"lower_bound":1603.9257644558643,"upper_bound":4454.486153492661},"point_estimate":2491.0517845770648,"standard_error":802.55523671994},"Slope":{"confidence_interval":{"confidence_level":0.95,"lower_bound":3533766.337049984,"upper_bound":3786208.800314111},"point_estimate":3644278.8951322596,"standard_error":64556.333029284724},"StdDev":{"confidence_interval":{"confidence_level":0.95,"lower_bound":115569.15313654645,"upper_bound":542377.0955811387},"point_estimate":372929.40477980297,"standard_error":101603.40647107225}}