{"Mean":{"confidence_interval":{"confidence_level":0.95,"lower_bound":0.04448746952773308,"upper_bound":0.1391496917386347},"point_estimate":0.0840927020576665,"standard_error":0.023629597957744488},"Median":{"confidence_interval":{"confidence_level":0.95,"lower_bound":0.010024261144521596,"upper_bound":0.013002418930700977},"point_estimate":0.011351448919338703,"standard_error":0.0007366498278338554}}