{"Mean":{"confidence_interval":{"confidence_level":0.95,"lower_bound":33.04470269755169,"upper_bound":33.56279681714887},"point_estimate":33.29414993934821,"standard_error":0.13193504501349177},"Median":{"confidence_interval":{"confidence_level":0.95,"lower_bound":32.63029863294521,"upper_bound":32.67786108327863},"point_estimate":32.656803663098248,"standard_error":0.013720863448944207},"MedianAbsDev":{"confidence_interval":{"confidence_level":0.95,"lower_bound":0.06522605792401716,"upper_bound":0.13052740441594483},"point_estimate":0.09528106546876436,"standard_error":0.01862116051767296},"Slope":{"confidence_interval":{"confidence_level":0.95,"lower_bound":33.63255283338449,"upper_bound":34.508145761966449},"point_estimate":34.08686182608652,"standard_error":0.2246530924406016},"StdDev":{"confidence_interval":{"confidence_level":0.95,"lower_bound":1.0924685358420845,"upper_bound":1.4934328116748526},"point_estimate":1.3255066745048332,"standard_error":0.10279736092337762}}