{"Mean":{"confidence_interval":{"confidence_level":0.95,"lower_bound":35.95161551197825,"upper_bound":35.977389816828949},"point_estimate":35.963689803274267,"standard_error":0.0065871519890457548},"Median":{"confidence_interval":{"confidence_level":0.95,"lower_bound":35.93326104705385,"upper_bound":35.95255668341514},"point_estimate":35.941097435975127,"standard_error":0.004538537394571425},"MedianAbsDev":{"confidence_interval":{"confidence_level":0.95,"lower_bound":0.021195592201188525,"upper_bound":0.0417809699603913},"point_estimate":0.02939792679737134,"standard_error":0.00496488189369248},"Slope":{"confidence_interval":{"confidence_level":0.95,"lower_bound":35.92610666740452,"upper_bound":35.93551116545861},"point_estimate":35.93047000656157,"standard_error":0.0024048705574049469},"StdDev":{"confidence_interval":{"confidence_level":0.95,"lower_bound":0.04423904305129497,"upper_bound":0.08495259052851462},"point_estimate":0.06616617024832028,"standard_error":0.010402751462202723}}