{"Mean":{"confidence_interval":{"confidence_level":0.95,"lower_bound":48216.37092405935,"upper_bound":48260.18716227732},"point_estimate":48236.09817763637,"standard_error":11.246193530616527},"Median":{"confidence_interval":{"confidence_level":0.95,"lower_bound":48195.90672760332,"upper_bound":48205.016393442624},"point_estimate":48199.93077910536,"standard_error":2.262890834852468},"MedianAbsDev":{"confidence_interval":{"confidence_level":0.95,"lower_bound":18.35100960200204,"upper_bound":31.92442587162874},"point_estimate":24.306184609017138,"standard_error":3.4398581368487437},"Slope":{"confidence_interval":{"confidence_level":0.95,"lower_bound":48187.06714408705,"upper_bound":48193.05219388546},"point_estimate":48189.790226875004,"standard_error":1.5302134656723075},"StdDev":{"confidence_interval":{"confidence_level":0.95,"lower_bound":60.81027178593515,"upper_bound":160.0479375181822},"point_estimate":113.05550839891709,"standard_error":25.956527728094899}}