{"Mean":{"confidence_interval":{"confidence_level":0.95,"lower_bound":21.058893878103509,"upper_bound":21.648190485446226},"point_estimate":21.335998119128474,"standard_error":0.15045599333390767},"Median":{"confidence_interval":{"confidence_level":0.95,"lower_bound":20.813122043445888,"upper_bound":20.832251120371099},"point_estimate":20.824220067319119,"standard_error":0.004956553891824948},"MedianAbsDev":{"confidence_interval":{"confidence_level":0.95,"lower_bound":0.025832360851866296,"upper_bound":0.051569428270920997},"point_estimate":0.03919315375145699,"standard_error":0.006634023373845152},"Slope":{"confidence_interval":{"confidence_level":0.95,"lower_bound":21.165153056044276,"upper_bound":22.057790580471825},"point_estimate":21.578475264018409,"standard_error":0.22904450752316486},"StdDev":{"confidence_interval":{"confidence_level":0.95,"lower_bound":1.0154222430995499,"upper_bound":1.8673875682721358},"point_estimate":1.5140490985462254,"standard_error":0.21083554190993526}}