{"Mean":{"confidence_interval":{"confidence_level":0.95,"lower_bound":38900947.52161456,"upper_bound":39313635.28566967},"point_estimate":39105548.33927959,"standard_error":105723.76486939113},"Median":{"confidence_interval":{"confidence_level":0.95,"lower_bound":38604339.96034946,"upper_bound":39370125.94608696},"point_estimate":39148205.03733815,"standard_error":196321.23486598739},"MedianAbsDev":{"confidence_interval":{"confidence_level":0.95,"lower_bound":983998.7748998964,"upper_bound":1482129.6619429577},"point_estimate":1286580.9102165525,"standard_error":128356.69421468492},"Slope":{"confidence_interval":{"confidence_level":0.95,"lower_bound":39121510.52479893,"upper_bound":39470120.06809925},"point_estimate":39297957.53805231,"standard_error":89012.08062769956},"StdDev":{"confidence_interval":{"confidence_level":0.95,"lower_bound":934063.108210397,"upper_bound":1178222.126849314},"point_estimate":1063068.0236588028,"standard_error":62531.636754809275}}