{"Mean":{"confidence_interval":{"confidence_level":0.95,"lower_bound":2540684.3660382598,"upper_bound":2558170.704740449},"point_estimate":2548786.126215485,"standard_error":4461.11069016531},"Median":{"confidence_interval":{"confidence_level":0.95,"lower_bound":2524047.5555555557,"upper_bound":2547063.5735294118},"point_estimate":2528105.9778735635,"standard_error":5495.9288642126089},"MedianAbsDev":{"confidence_interval":{"confidence_level":0.95,"lower_bound":10895.360737027724,"upper_bound":39630.31839297625},"point_estimate":18924.310409480844,"standard_error":7096.24204600557},"Slope":{"confidence_interval":{"confidence_level":0.95,"lower_bound":2523977.346721626,"upper_bound":2530545.4118522696},"point_estimate":2527034.672365893,"standard_error":1680.3684478937494},"StdDev":{"confidence_interval":{"confidence_level":0.95,"lower_bound":29019.83948777321,"upper_bound":61196.64776787073},"point_estimate":44746.21518790848,"standard_error":8571.30988599668}}