{"Mean":{"confidence_interval":{"confidence_level":0.95,"lower_bound":23.911487807923338,"upper_bound":25.24190130645925},"point_estimate":24.573141476045046,"standard_error":0.34082134887064266},"Median":{"confidence_interval":{"confidence_level":0.95,"lower_bound":21.16700042026424,"upper_bound":27.986127257253089},"point_estimate":24.77304260434296,"standard_error":2.9732085334607385},"MedianAbsDev":{"confidence_interval":{"confidence_level":0.95,"lower_bound":0.08713542927250151,"upper_bound":4.921548425119719},"point_estimate":4.955325627325121,"standard_error":1.5339822177423202},"Slope":{"confidence_interval":{"confidence_level":0.95,"lower_bound":24.241558120607548,"upper_bound":25.987502852251514},"point_estimate":25.127095893158093,"standard_error":0.4470198617606771},"StdDev":{"confidence_interval":{"confidence_level":0.95,"lower_bound":3.315560700868496,"upper_bound":3.452857637674481},"point_estimate":3.4171123461988985,"standard_error":0.03542249969075705}}