{"Mean":{"confidence_interval":{"confidence_level":0.95,"lower_bound":254856.58508506826,"upper_bound":255436.930664073},"point_estimate":255126.6870967293,"standard_error":148.46682553887778},"Median":{"confidence_interval":{"confidence_level":0.95,"lower_bound":254556.6125,"upper_bound":254810.43313492064},"point_estimate":254672.38766619663,"standard_error":57.60546630930963},"MedianAbsDev":{"confidence_interval":{"confidence_level":0.95,"lower_bound":427.5459571373571,"upper_bound":761.9311416204286},"point_estimate":580.3968754260907,"standard_error":91.06770043011913},"Slope":{"confidence_interval":{"confidence_level":0.95,"lower_bound":254525.59003632656,"upper_bound":254929.6327714287},"point_estimate":254708.63014408158,"standard_error":103.33548053434433},"StdDev":{"confidence_interval":{"confidence_level":0.95,"lower_bound":964.7964833604284,"upper_bound":2011.7442622036645},"point_estimate":1492.351885295224,"standard_error":274.54907009963497}}