{"Mean":{"confidence_interval":{"confidence_level":0.95,"lower_bound":17243371.66800966,"upper_bound":17381405.353499663},"point_estimate":17310436.737667078,"standard_error":35156.63186051229},"Median":{"confidence_interval":{"confidence_level":0.95,"lower_bound":17142061.529411764,"upper_bound":17436911.69387755},"point_estimate":17308094.50529661,"standard_error":71424.77146411322},"MedianAbsDev":{"confidence_interval":{"confidence_level":0.95,"lower_bound":287693.921588333,"upper_bound":435149.8094691357},"point_estimate":370623.01568605986,"standard_error":36951.53174053668},"Slope":{"confidence_interval":{"confidence_level":0.95,"lower_bound":17194721.78966175,"upper_bound":17358339.095023056},"point_estimate":17273876.53891828,"standard_error":41765.21347616558},"StdDev":{"confidence_interval":{"confidence_level":0.95,"lower_bound":284579.3549226194,"upper_bound":423248.43371844236},"point_estimate":354335.38211928706,"standard_error":35797.760446195774}}