{"Mean":{"confidence_interval":{"confidence_level":0.95,"lower_bound":171320.269591677,"upper_bound":179688.71650166575},"point_estimate":175562.27625994947,"standard_error":2137.256860772656},"Median":{"confidence_interval":{"confidence_level":0.95,"lower_bound":192269.875740286,"upper_bound":192374.54826254826},"point_estimate":192323.21698211047,"standard_error":3181.419036214316},"MedianAbsDev":{"confidence_interval":{"confidence_level":0.95,"lower_bound":224.9371502023957,"upper_bound":2252.832700979825},"point_estimate":539.0622927527649,"standard_error":2839.2301508672887},"Slope":{"confidence_interval":{"confidence_level":0.95,"lower_bound":162179.25059084066,"upper_bound":173533.81579598148},"point_estimate":167870.03830522073,"standard_error":2894.187131728057},"StdDev":{"confidence_interval":{"confidence_level":0.95,"lower_bound":20048.396894349025,"upper_bound":22291.650195930884},"point_estimate":21543.717646314137,"standard_error":591.9414071041914}}