{"Mean":{"confidence_interval":{"confidence_level":0.95,"lower_bound":0.004816342735808616,"upper_bound":0.006897875773864508},"point_estimate":0.005846819063968001,"standard_error":0.0005333831845626938},"Median":{"confidence_interval":{"confidence_level":0.95,"lower_bound":0.004642527865414747,"upper_bound":0.0072763477567905359},"point_estimate":0.006147195742137956,"standard_error":0.0006890803640473639}}