{"Mean":{"confidence_interval":{"confidence_level":0.95,"lower_bound":418.7056047580727,"upper_bound":436.37261792603035},"point_estimate":427.3495639629433,"standard_error":4.500296233830049},"Median":{"confidence_interval":{"confidence_level":0.95,"lower_bound":397.19206027113378,"upper_bound":398.0413338658147},"point_estimate":397.3241979499468,"standard_error":0.45755916671662047},"MedianAbsDev":{"confidence_interval":{"confidence_level":0.95,"lower_bound":0.515728792660332,"upper_bound":1.7448935823761354},"point_estimate":0.728265067342326,"standard_error":0.45103225328454457},"Slope":{"confidence_interval":{"confidence_level":0.95,"lower_bound":419.2636857649076,"upper_bound":441.3501471986315},"point_estimate":429.53793955089329,"standard_error":5.634868999645478},"StdDev":{"confidence_interval":{"confidence_level":0.95,"lower_bound":40.512545780715779,"upper_bound":48.18871260807964},"point_estimate":45.27980269852987,"standard_error":1.989188392837556}}