{"Mean":{"confidence_interval":{"confidence_level":0.95,"lower_bound":4249338.019957749,"upper_bound":4267751.446743074},"point_estimate":4257211.499167069,"standard_error":4767.608995346134},"Median":{"confidence_interval":{"confidence_level":0.95,"lower_bound":4241765.511627907,"upper_bound":4247625.8125},"point_estimate":4243618.858730159,"standard_error":1488.194080191217},"MedianAbsDev":{"confidence_interval":{"confidence_level":0.95,"lower_bound":6423.730093956565,"upper_bound":13134.507455170131},"point_estimate":9115.057584842154,"standard_error":1764.6675705864198},"Slope":{"confidence_interval":{"confidence_level":0.95,"lower_bound":4239776.033034888,"upper_bound":4242880.738089411},"point_estimate":4241180.476884883,"standard_error":794.0905180292909},"StdDev":{"confidence_interval":{"confidence_level":0.95,"lower_bound":18799.92130042548,"upper_bound":74316.70507226499},"point_estimate":48001.71623512221,"standard_error":15696.25689818648}}