{"Mean":{"confidence_interval":{"confidence_level":0.95,"lower_bound":111.00080308451857,"upper_bound":111.08172515056364},"point_estimate":111.0387414847865,"standard_error":0.020757981491718499},"Median":{"confidence_interval":{"confidence_level":0.95,"lower_bound":110.93844141430157,"upper_bound":110.9879636600403},"point_estimate":110.95133392010817,"standard_error":0.012496259915711685},"MedianAbsDev":{"confidence_interval":{"confidence_level":0.95,"lower_bound":0.04632634374537723,"upper_bound":0.10359978788340764},"point_estimate":0.06816790094029553,"standard_error":0.013833008211128718},"Slope":{"confidence_interval":{"confidence_level":0.95,"lower_bound":110.9254492649372,"upper_bound":110.9411208650179},"point_estimate":110.93251531893042,"standard_error":0.004000716741259329},"StdDev":{"confidence_interval":{"confidence_level":0.95,"lower_bound":0.14509010543941715,"upper_bound":0.2606345797419991},"point_estimate":0.20826746781450987,"standard_error":0.029520256570099436}}