{"Mean":{"confidence_interval":{"confidence_level":0.95,"lower_bound":306222095.68680188,"upper_bound":306863852.0768389},"point_estimate":306529942.994592,"standard_error":163984.39686212186},"Median":{"confidence_interval":{"confidence_level":0.95,"lower_bound":306058292.6052632,"upper_bound":306399869.09375},"point_estimate":306260183.2215909,"standard_error":87721.00188050403},"MedianAbsDev":{"confidence_interval":{"confidence_level":0.95,"lower_bound":666201.9603718892,"upper_bound":1281910.9169915466},"point_estimate":970675.9738793976,"standard_error":156791.29131518905},"Slope":{"confidence_interval":{"confidence_level":0.95,"lower_bound":305452211.517566,"upper_bound":305883011.6838417},"point_estimate":305658466.75867596,"standard_error":109691.65054564685},"StdDev":{"confidence_interval":{"confidence_level":0.95,"lower_bound":1260297.431263881,"upper_bound":2018822.2999790479},"point_estimate":1653366.9905764568,"standard_error":194472.4459645569}}