{"Mean":{"confidence_interval":{"confidence_level":0.95,"lower_bound":88492.72427933221,"upper_bound":88604.6491770443},"point_estimate":88544.70678239115,"standard_error":28.530726681260714},"Median":{"confidence_interval":{"confidence_level":0.95,"lower_bound":88427.52642276424,"upper_bound":88489.805},"point_estimate":88460.22850707852,"standard_error":14.888672411250129},"MedianAbsDev":{"confidence_interval":{"confidence_level":0.95,"lower_bound":77.4133384212699,"upper_bound":136.39373457647054},"point_estimate":94.75967567623542,"standard_error":15.306889384349664},"Slope":{"confidence_interval":{"confidence_level":0.95,"lower_bound":88396.31517453087,"upper_bound":88432.60450212563},"point_estimate":88413.57870080292,"standard_error":9.243566312919466},"StdDev":{"confidence_interval":{"confidence_level":0.95,"lower_bound":183.5530745787821,"upper_bound":370.1687645849347},"point_estimate":286.4480654713549,"standard_error":47.52305530437688}}