{"Mean":{"confidence_interval":{"confidence_level":0.95,"lower_bound":266016.9759556532,"upper_bound":267089.37300261689},"point_estimate":266532.4568939544,"standard_error":274.2217180183478},"Median":{"confidence_interval":{"confidence_level":0.95,"lower_bound":265100.8271381579,"upper_bound":265347.81},"point_estimate":265236.53665689149,"standard_error":74.25684826100196},"MedianAbsDev":{"confidence_interval":{"confidence_level":0.95,"lower_bound":323.93154737401616,"upper_bound":729.0100176568774},"point_estimate":493.63188186128635,"standard_error":103.76738459502103},"Slope":{"confidence_interval":{"confidence_level":0.95,"lower_bound":267122.6321998034,"upper_bound":269104.13814431548},"point_estimate":268166.55726540568,"standard_error":505.8220379359946},"StdDev":{"confidence_interval":{"confidence_level":0.95,"lower_bound":2251.7675318685849,"upper_bound":3122.774948891037},"point_estimate":2752.778260928975,"standard_error":224.75471404338695}}