{"Mean":{"confidence_interval":{"confidence_level":0.95,"lower_bound":47367060.45834694,"upper_bound":47382206.22363406},"point_estimate":47374839.856360409,"standard_error":3871.9466423613546},"Median":{"confidence_interval":{"confidence_level":0.95,"lower_bound":47376612.0,"upper_bound":47389352.822222229},"point_estimate":47385310.65,"standard_error":3714.033503727682},"MedianAbsDev":{"confidence_interval":{"confidence_level":0.95,"lower_bound":18831.099062756108,"upper_bound":38202.04596839012},"point_estimate":25195.636193673257,"standard_error":5027.44755519251},"Slope":{"confidence_interval":{"confidence_level":0.95,"lower_bound":47340322.422932889,"upper_bound":47361417.4983356},"point_estimate":47350535.283688489,"standard_error":5370.628751539471},"StdDev":{"confidence_interval":{"confidence_level":0.95,"lower_bound":31601.35071868549,"upper_bound":45929.21965017015},"point_estimate":38944.49493081391,"standard_error":3674.227481942674}}