{"Mean":{"confidence_interval":{"confidence_level":0.95,"lower_bound":4313252.908454198,"upper_bound":4364524.836188644},"point_estimate":4338094.859051697,"standard_error":13088.098515166164},"Median":{"confidence_interval":{"confidence_level":0.95,"lower_bound":4255097.533333333,"upper_bound":4346394.948717949},"point_estimate":4297018.201388889,"standard_error":23472.23311351852},"MedianAbsDev":{"confidence_interval":{"confidence_level":0.95,"lower_bound":67072.83825296817,"upper_bound":158061.46533269276},"point_estimate":105396.06708078549,"standard_error":22584.500878351537},"Slope":{"confidence_interval":{"confidence_level":0.95,"lower_bound":4284351.657978516,"upper_bound":4327341.714555066},"point_estimate":4305433.086389833,"standard_error":10956.138964047093},"StdDev":{"confidence_interval":{"confidence_level":0.95,"lower_bound":108293.23108107524,"upper_bound":152819.56631553328},"point_estimate":131367.63715884568,"standard_error":11392.581558085558}}