{"Mean":{"confidence_interval":{"confidence_level":0.95,"lower_bound":9587.40247709916,"upper_bound":9814.612646896378},"point_estimate":9700.154102195069,"standard_error":58.194174364758008},"Median":{"confidence_interval":{"confidence_level":0.95,"lower_bound":9262.352227488152,"upper_bound":9911.43067989},"point_estimate":9502.549934748266,"standard_error":191.06931823649325},"MedianAbsDev":{"confidence_interval":{"confidence_level":0.95,"lower_bound":308.1128086001427,"upper_bound":872.4973970395944},"point_estimate":614.9222245380234,"standard_error":176.4554750183119},"Slope":{"confidence_interval":{"confidence_level":0.95,"lower_bound":9477.103081586774,"upper_bound":9767.554860628758},"point_estimate":9621.723160304713,"standard_error":74.48931777408012},"StdDev":{"confidence_interval":{"confidence_level":0.95,"lower_bound":541.1253036791821,"upper_bound":621.3558800085008},"point_estimate":585.9475303474848,"standard_error":20.453828068151929}}