{"Mean":{"confidence_interval":{"confidence_level":0.95,"lower_bound":6794969.443698226,"upper_bound":7245748.813856894},"point_estimate":7017608.065628546,"standard_error":114992.87740313175},"Median":{"confidence_interval":{"confidence_level":0.95,"lower_bound":5974777.907600597,"upper_bound":7664138.869565218},"point_estimate":6622985.949725275,"standard_error":462739.96148277787},"MedianAbsDev":{"confidence_interval":{"confidence_level":0.95,"lower_bound":122701.18142323139,"upper_bound":2069182.1697206202},"point_estimate":1074037.5529754838,"standard_error":581765.7344309929},"Slope":{"confidence_interval":{"confidence_level":0.95,"lower_bound":6668433.9915883629,"upper_bound":7252913.60526451},"point_estimate":6954026.923251071,"standard_error":149612.42115535137},"StdDev":{"confidence_interval":{"confidence_level":0.95,"lower_bound":1043571.3072112895,"upper_bound":1251479.6094652916},"point_estimate":1157009.7045729995,"standard_error":53106.31839085803}}