{"Mean":{"confidence_interval":{"confidence_level":0.95,"lower_bound":2713220.8014403826,"upper_bound":2768681.9341173649},"point_estimate":2740159.4537110889,"standard_error":14190.67645730994},"Median":{"confidence_interval":{"confidence_level":0.95,"lower_bound":2636221.315068493,"upper_bound":2760125.822916667},"point_estimate":2666230.4,"standard_error":45248.102503123235},"MedianAbsDev":{"confidence_interval":{"confidence_level":0.95,"lower_bound":30786.524419439433,"upper_bound":194712.15067514103},"point_estimate":82128.50682649283,"standard_error":55499.938037043416},"Slope":{"confidence_interval":{"confidence_level":0.95,"lower_bound":2756971.127941847,"upper_bound":2855381.2052421548},"point_estimate":2805574.861273829,"standard_error":25100.81749658763},"StdDev":{"confidence_interval":{"confidence_level":0.95,"lower_bound":119359.21227857971,"upper_bound":162584.62135862612},"point_estimate":142601.5324943416,"standard_error":10992.607825783756}}