{"Mean":{"confidence_interval":{"confidence_level":0.95,"lower_bound":23.4262411646931,"upper_bound":24.511240861881139},"point_estimate":23.971286119479765,"standard_error":0.2765447456507187},"Median":{"confidence_interval":{"confidence_level":0.95,"lower_bound":21.00641503949669,"upper_bound":26.546806348685597},"point_estimate":26.5425851291362,"standard_error":2.1518979725515239},"MedianAbsDev":{"confidence_interval":{"confidence_level":0.95,"lower_bound":0.02668325430821974,"upper_bound":3.5793034816494826},"point_estimate":0.3485950697496223,"standard_error":1.0600899298396989},"Slope":{"confidence_interval":{"confidence_level":0.95,"lower_bound":23.046765314545469,"upper_bound":24.46734162816874},"point_estimate":23.780409913830309,"standard_error":0.3634945509651139},"StdDev":{"confidence_interval":{"confidence_level":0.95,"lower_bound":2.677651894574328,"upper_bound":2.808620697462697},"point_estimate":2.7764834907313844,"standard_error":0.033635869602717968}}