{"Mean":{"confidence_interval":{"confidence_level":0.95,"lower_bound":5931800.609093246,"upper_bound":5979504.799054217},"point_estimate":5955115.456371234,"standard_error":12176.468075631776},"Median":{"confidence_interval":{"confidence_level":0.95,"lower_bound":5927211.444444444,"upper_bound":5972749.09375},"point_estimate":5942732.178462874,"standard_error":10514.937724553345},"MedianAbsDev":{"confidence_interval":{"confidence_level":0.95,"lower_bound":75225.10952625191,"upper_bound":112735.16744798744},"point_estimate":96823.46576604354,"standard_error":9452.585468033158},"Slope":{"confidence_interval":{"confidence_level":0.95,"lower_bound":5952232.472639083,"upper_bound":6019117.092912444},"point_estimate":5982751.267530664,"standard_error":17177.149451006004},"StdDev":{"confidence_interval":{"confidence_level":0.95,"lower_bound":96821.83506887085,"upper_bound":145371.5208956069},"point_estimate":122246.43139391268,"standard_error":12378.751268630776}}