{"Mean":{"confidence_interval":{"confidence_level":0.95,"lower_bound":8057.244372445176,"upper_bound":8308.09019340863},"point_estimate":8166.159189113658,"standard_error":64.42618334373018},"Median":{"confidence_interval":{"confidence_level":0.95,"lower_bound":8326.226169185768,"upper_bound":8345.639649236844},"point_estimate":8335.800743722255,"standard_error":25.032379258599638},"MedianAbsDev":{"confidence_interval":{"confidence_level":0.95,"lower_bound":58.07773547608448,"upper_bound":378.08208517798138},"point_estimate":118.95226059439726,"standard_error":90.8176236156654},"Slope":{"confidence_interval":{"confidence_level":0.95,"lower_bound":7945.935560534018,"upper_bound":8251.315850095003},"point_estimate":8083.134753036567,"standard_error":77.98233283200499},"StdDev":{"confidence_interval":{"confidence_level":0.95,"lower_bound":348.47307470400218,"upper_bound":992.1050480566818},"point_estimate":646.674268004084,"standard_error":210.3285887446888}}