{"Mean":{"confidence_interval":{"confidence_level":0.95,"lower_bound":4.279759904310496,"upper_bound":4.422186927934995},"point_estimate":4.3469432903675699,"standard_error":0.03650045566422847},"Median":{"confidence_interval":{"confidence_level":0.95,"lower_bound":4.149605150532156,"upper_bound":4.156433220116806},"point_estimate":4.152342081781745,"standard_error":0.0016154886677811126},"MedianAbsDev":{"confidence_interval":{"confidence_level":0.95,"lower_bound":0.004639034902288899,"upper_bound":0.01401559229833059},"point_estimate":0.008124270706545803,"standard_error":0.002369789385678139},"Slope":{"confidence_interval":{"confidence_level":0.95,"lower_bound":4.305340053419816,"upper_bound":4.467902033840899},"point_estimate":4.383233939549853,"standard_error":0.04168352307427209},"StdDev":{"confidence_interval":{"confidence_level":0.95,"lower_bound":0.2672847278065167,"upper_bound":0.4814538074715309},"point_estimate":0.36764311276134778,"standard_error":0.061231758569939228}}