{"Mean":{"confidence_interval":{"confidence_level":0.95,"lower_bound":14190985.129189497,"upper_bound":14225143.89272512},"point_estimate":14207023.982792218,"standard_error":8739.124139818092},"Median":{"confidence_interval":{"confidence_level":0.95,"lower_bound":14167441.512279489,"upper_bound":14185522.629629629},"point_estimate":14176896.763177999,"standard_error":4597.483137042821},"MedianAbsDev":{"confidence_interval":{"confidence_level":0.95,"lower_bound":23577.493126152447,"upper_bound":48497.57319791453},"point_estimate":34975.835708372295,"standard_error":6347.133760879333},"Slope":{"confidence_interval":{"confidence_level":0.95,"lower_bound":14163772.053150155,"upper_bound":14196734.540566355},"point_estimate":14177695.445098272,"standard_error":8543.062021263957},"StdDev":{"confidence_interval":{"confidence_level":0.95,"lower_bound":58870.76573070832,"upper_bound":113847.25452530213},"point_estimate":88004.18459922132,"standard_error":14064.785497679926}}