{"Mean":{"confidence_interval":{"confidence_level":0.95,"lower_bound":5521233.695921238,"upper_bound":5548978.388610885},"point_estimate":5533019.02236899,"standard_error":7137.626671725331},"Median":{"confidence_interval":{"confidence_level":0.95,"lower_bound":5510019.375,"upper_bound":5516486.904761905},"point_estimate":5513327.704499494,"standard_error":1455.0478908473966},"MedianAbsDev":{"confidence_interval":{"confidence_level":0.95,"lower_bound":6461.03809847418,"upper_bound":14274.893295637528},"point_estimate":9844.690485200173,"standard_error":1881.2540190653309},"Slope":{"confidence_interval":{"confidence_level":0.95,"lower_bound":5507973.100525924,"upper_bound":5510270.221459576},"point_estimate":5508986.238155756,"standard_error":587.5753465080242},"StdDev":{"confidence_interval":{"confidence_level":0.95,"lower_bound":26764.436454413502,"upper_bound":111309.35654426772},"point_estimate":71624.46412238894,"standard_error":23132.687648215462}}