{"Mean":{"confidence_interval":{"confidence_level":0.95,"lower_bound":14665.387658279493,"upper_bound":14729.147396321216},"point_estimate":14688.618012410843,"standard_error":18.401966744590529},"Median":{"confidence_interval":{"confidence_level":0.95,"lower_bound":14656.930783242258,"upper_bound":14662.723225747817},"point_estimate":14660.431582539397,"standard_error":1.5807689946468047},"MedianAbsDev":{"confidence_interval":{"confidence_level":0.95,"lower_bound":7.424846254760051,"upper_bound":14.435002164913682},"point_estimate":11.012317786838919,"standard_error":1.7768580920364375},"Slope":{"confidence_interval":{"confidence_level":0.95,"lower_bound":14654.156901443392,"upper_bound":14738.234833314415},"point_estimate":14680.19202721985,"standard_error":25.079477186765027},"StdDev":{"confidence_interval":{"confidence_level":0.95,"lower_bound":24.277877693478748,"upper_bound":313.80775631994097},"point_estimate":185.05626473244639,"standard_error":100.0369205309556}}