{"Mean":{"confidence_interval":{"confidence_level":0.95,"lower_bound":842.6128966324463,"upper_bound":843.9183861049168},"point_estimate":843.2006564056163,"standard_error":0.334592519286293},"Median":{"confidence_interval":{"confidence_level":0.95,"lower_bound":842.0776913875598,"upper_bound":842.409586765958},"point_estimate":842.2454746784316,"standard_error":0.09030189015741325},"MedianAbsDev":{"confidence_interval":{"confidence_level":0.95,"lower_bound":0.36965070298646365,"upper_bound":0.7155049552323946},"point_estimate":0.5461045710265514,"standard_error":0.09247329412983417},"Slope":{"confidence_interval":{"confidence_level":0.95,"lower_bound":841.9517493949164,"upper_bound":842.0728961903438},"point_estimate":842.0063569857379,"standard_error":0.030800402053342603},"StdDev":{"confidence_interval":{"confidence_level":0.95,"lower_bound":1.789547343811932,"upper_bound":4.5706936924728549},"point_estimate":3.363246048162059,"standard_error":0.706751102975103}}