{"Mean":{"confidence_interval":{"confidence_level":0.95,"lower_bound":14332265.240327742,"upper_bound":14341568.751100272},"point_estimate":14336813.088655524,"standard_error":2378.598545262149},"Median":{"confidence_interval":{"confidence_level":0.95,"lower_bound":14318084.827586208,"upper_bound":14335369.465909092},"point_estimate":14323520.654054054,"standard_error":3749.9281149337818},"MedianAbsDev":{"confidence_interval":{"confidence_level":0.95,"lower_bound":5426.1215702228569,"upper_bound":29466.180477440357},"point_estimate":12622.952201436574,"standard_error":5340.77064503107},"Slope":{"confidence_interval":{"confidence_level":0.95,"lower_bound":14334847.859124857,"upper_bound":14346884.658057834},"point_estimate":14340820.684282547,"standard_error":3083.703000501079},"StdDev":{"confidence_interval":{"confidence_level":0.95,"lower_bound":21644.704673511354,"upper_bound":25255.351644499242},"point_estimate":23786.951327675342,"standard_error":923.5047829637478}}