{"Mean":{"confidence_interval":{"confidence_level":0.95,"lower_bound":3488649.400808185,"upper_bound":3506846.4946604368},"point_estimate":3496326.8835511615,"standard_error":4729.415147288926},"Median":{"confidence_interval":{"confidence_level":0.95,"lower_bound":3483830.8359375,"upper_bound":3484565.125},"point_estimate":3484150.9164335664,"standard_error":215.7529980821501},"MedianAbsDev":{"confidence_interval":{"confidence_level":0.95,"lower_bound":1238.502751357743,"upper_bound":2441.782264233499},"point_estimate":1728.3968133261724,"standard_error":303.28270148728577},"Slope":{"confidence_interval":{"confidence_level":0.95,"lower_bound":3488581.2935346055,"upper_bound":3511197.4832146225},"point_estimate":3497956.4449238956,"standard_error":5859.192385723903},"StdDev":{"confidence_interval":{"confidence_level":0.95,"lower_bound":15371.220152777334,"upper_bound":74092.88138172773},"point_estimate":47410.335863892076,"standard_error":16041.075240488108}}