{"Mean":{"confidence_interval":{"confidence_level":0.95,"lower_bound":13855246.426746004,"upper_bound":13906253.089099834},"point_estimate":13879305.77739937,"standard_error":12983.42296130695},"Median":{"confidence_interval":{"confidence_level":0.95,"lower_bound":13854299.851063829,"upper_bound":13894719.014914774},"point_estimate":13872504.540282391,"standard_error":10017.00735915262},"MedianAbsDev":{"confidence_interval":{"confidence_level":0.95,"lower_bound":78157.36333416635,"upper_bound":119286.67168688869},"point_estimate":99565.98741276906,"standard_error":10427.27067418685},"Slope":{"confidence_interval":{"confidence_level":0.95,"lower_bound":13900581.745169562,"upper_bound":13982263.410013982},"point_estimate":13935609.936199202,"standard_error":21168.598955871625},"StdDev":{"confidence_interval":{"confidence_level":0.95,"lower_bound":87316.86853419716,"upper_bound":177828.4295455547},"point_estimate":130326.17368165044,"standard_error":24484.074127446373}}