{"Mean":{"confidence_interval":{"confidence_level":0.95,"lower_bound":-0.12261715766681208,"upper_bound":-0.06666512129340842},"point_estimate":-0.09563813916822062,"standard_error":0.014364953526270952},"Median":{"confidence_interval":{"confidence_level":0.95,"lower_bound":-0.19973111098124919,"upper_bound":-0.1585972167780842},"point_estimate":-0.1983920935809418,"standard_error":0.020589869959683275}}