{"Mean":{"confidence_interval":{"confidence_level":0.95,"lower_bound":40140.19151005919,"upper_bound":40213.92869490953},"point_estimate":40173.99915926787,"standard_error":18.93552125994186},"Median":{"confidence_interval":{"confidence_level":0.95,"lower_bound":40101.114583333336,"upper_bound":40144.71616883117},"point_estimate":40121.86354385965,"standard_error":12.457701250733074},"MedianAbsDev":{"confidence_interval":{"confidence_level":0.95,"lower_bound":64.33094907528668,"upper_bound":116.68349024264262},"point_estimate":95.00104140446679,"standard_error":13.880967440299815},"Slope":{"confidence_interval":{"confidence_level":0.95,"lower_bound":40085.97892633905,"upper_bound":40124.23504046147},"point_estimate":40104.19719284764,"standard_error":9.795319924945677},"StdDev":{"confidence_interval":{"confidence_level":0.95,"lower_bound":112.52336481187307,"upper_bound":265.63345418285516},"point_estimate":191.19601615456714,"standard_error":40.22127353736358}}