{"Mean":{"confidence_interval":{"confidence_level":0.95,"lower_bound":10294481.59430659,"upper_bound":10340236.632630576},"point_estimate":10316994.860053916,"standard_error":11666.083223820486},"Median":{"confidence_interval":{"confidence_level":0.95,"lower_bound":10259412.25,"upper_bound":10333313.386363637},"point_estimate":10291434.578125,"standard_error":17936.839720714488},"MedianAbsDev":{"confidence_interval":{"confidence_level":0.95,"lower_bound":83531.4961439991,"upper_bound":145353.84685407245},"point_estimate":109947.64623349381,"standard_error":15526.186506395406},"Slope":{"confidence_interval":{"confidence_level":0.95,"lower_bound":10319855.66014367,"upper_bound":10372931.31352051},"point_estimate":10346440.373923453,"standard_error":13557.400919990629},"StdDev":{"confidence_interval":{"confidence_level":0.95,"lower_bound":100477.3150203685,"upper_bound":133829.15060527205},"point_estimate":117828.65960768164,"standard_error":8525.43982328177}}