{"Mean":{"confidence_interval":{"confidence_level":0.95,"lower_bound":5128.354044383558,"upper_bound":5144.2863585430109},"point_estimate":5135.86569152297,"standard_error":4.06746845673606},"Median":{"confidence_interval":{"confidence_level":0.95,"lower_bound":5119.491399900397,"upper_bound":5135.875825292026},"point_estimate":5127.738758629122,"standard_error":4.205714958635616},"MedianAbsDev":{"confidence_interval":{"confidence_level":0.95,"lower_bound":20.804785412215304,"upper_bound":35.741239562794309},"point_estimate":27.407754262803438,"standard_error":3.906754702874231},"Slope":{"confidence_interval":{"confidence_level":0.95,"lower_bound":5112.662502718398,"upper_bound":5121.059017139223},"point_estimate":5116.646673810548,"standard_error":2.1383101710149234},"StdDev":{"confidence_interval":{"confidence_level":0.95,"lower_bound":28.36139461565752,"upper_bound":53.408311752266069},"point_estimate":41.02501511178742,"standard_error":6.525758532119168}}