{"Mean":{"confidence_interval":{"confidence_level":0.95,"lower_bound":41571.02444473525,"upper_bound":42879.79675616646},"point_estimate":42204.39912297866,"standard_error":333.11719382728389},"Median":{"confidence_interval":{"confidence_level":0.95,"lower_bound":40342.7681827957,"upper_bound":40478.31212121212},"point_estimate":40360.49052380952,"standard_error":38.53202690271361},"MedianAbsDev":{"confidence_interval":{"confidence_level":0.95,"lower_bound":119.47965683272352,"upper_bound":330.7386971729875},"point_estimate":166.96009866723794,"standard_error":56.379246472976038},"Slope":{"confidence_interval":{"confidence_level":0.95,"lower_bound":42969.7221075573,"upper_bound":45126.24980879906},"point_estimate":44078.92973961874,"standard_error":552.7069688379302},"StdDev":{"confidence_interval":{"confidence_level":0.95,"lower_bound":2809.836576828375,"upper_bound":3729.807605444426},"point_estimate":3352.058131210552,"standard_error":234.66544415438998}}