{"Mean":{"confidence_interval":{"confidence_level":0.95,"lower_bound":3616.778150521312,"upper_bound":3624.47153310848},"point_estimate":3620.3733120209878,"standard_error":1.965629274063946},"Median":{"confidence_interval":{"confidence_level":0.95,"lower_bound":3616.0514492753625,"upper_bound":3622.1691223832528},"point_estimate":3619.7185445675856,"standard_error":1.5841994965498388},"MedianAbsDev":{"confidence_interval":{"confidence_level":0.95,"lower_bound":9.582049047316114,"upper_bound":16.175651686743988},"point_estimate":12.990781586156715,"standard_error":1.6480226186966796},"Slope":{"confidence_interval":{"confidence_level":0.95,"lower_bound":3609.935224809488,"upper_bound":3617.291086107502},"point_estimate":3613.619606637497,"standard_error":1.8766636401885928},"StdDev":{"confidence_interval":{"confidence_level":0.95,"lower_bound":13.065073982356824,"upper_bound":27.22441734558366},"point_estimate":19.724458951403336,"standard_error":3.972807718492331}}