{"Mean":{"confidence_interval":{"confidence_level":0.95,"lower_bound":492.3679955382893,"upper_bound":513.9999148263927},"point_estimate":502.7788501194349,"standard_error":5.496682629858993},"Median":{"confidence_interval":{"confidence_level":0.95,"lower_bound":476.29931854931859,"upper_bound":476.44120417827858},"point_estimate":476.368184229903,"standard_error":0.03318579486931048},"MedianAbsDev":{"confidence_interval":{"confidence_level":0.95,"lower_bound":0.21992520670119834,"upper_bound":3.5388316774540695},"point_estimate":0.464512958057312,"standard_error":0.8584817929203487},"Slope":{"confidence_interval":{"confidence_level":0.95,"lower_bound":506.89815033542279,"upper_bound":541.2994835712127},"point_estimate":523.7790664890488,"standard_error":8.815003476432669},"StdDev":{"confidence_interval":{"confidence_level":0.95,"lower_bound":45.72194768583361,"upper_bound":62.519387520264647},"point_estimate":55.382099726456129,"standard_error":4.342339783500469}}