{"Mean":{"confidence_interval":{"confidence_level":0.95,"lower_bound":36.56469591535292,"upper_bound":37.34391199506756},"point_estimate":36.937821411496219,"standard_error":0.19935683703771335},"Median":{"confidence_interval":{"confidence_level":0.95,"lower_bound":35.92451463384171,"upper_bound":35.95920286570338},"point_estimate":35.93512628540502,"standard_error":0.00867224599891253},"MedianAbsDev":{"confidence_interval":{"confidence_level":0.95,"lower_bound":0.026994392881751904,"upper_bound":0.0814342066523114},"point_estimate":0.04302195118762407,"standard_error":0.01343934759380321},"Slope":{"confidence_interval":{"confidence_level":0.95,"lower_bound":37.28826372507819,"upper_bound":38.63819094911561},"point_estimate":37.97546541121163,"standard_error":0.34475580790584156},"StdDev":{"confidence_interval":{"confidence_level":0.95,"lower_bound":1.6526291302003813,"upper_bound":2.2740422288549788},"point_estimate":2.010139173902605,"standard_error":0.16132584552056007}}