{"Mean":{"confidence_interval":{"confidence_level":0.95,"lower_bound":231293.35852054147,"upper_bound":243917.22507293104},"point_estimate":237294.18532746915,"standard_error":3229.911749520425},"Median":{"confidence_interval":{"confidence_level":0.95,"lower_bound":214771.65141570144,"upper_bound":242788.61428571429},"point_estimate":233067.99247311828,"standard_error":11006.153484466022},"MedianAbsDev":{"confidence_interval":{"confidence_level":0.95,"lower_bound":1802.8779563985759,"upper_bound":41585.13270608876},"point_estimate":27409.195794034644,"standard_error":15259.663236931128},"Slope":{"confidence_interval":{"confidence_level":0.95,"lower_bound":225405.26397115098,"upper_bound":241722.6355175281},"point_estimate":232921.2102662923,"standard_error":4174.161959504028},"StdDev":{"confidence_interval":{"confidence_level":0.95,"lower_bound":23717.50195191985,"upper_bound":39847.0402188199},"point_estimate":32405.396678047615,"standard_error":4134.164020651944}}