{"Mean":{"confidence_interval":{"confidence_level":0.95,"lower_bound":269027.14118855548,"upper_bound":269533.9948831791},"point_estimate":269267.3368972985,"standard_error":129.65057101636334},"Median":{"confidence_interval":{"confidence_level":0.95,"lower_bound":268739.20652173916,"upper_bound":268985.0409090909},"point_estimate":268876.41875,"standard_error":75.82436004849109},"MedianAbsDev":{"confidence_interval":{"confidence_level":0.95,"lower_bound":350.76317421140279,"upper_bound":593.1641278025875},"point_estimate":465.936314654114,"standard_error":60.94672540774609},"Slope":{"confidence_interval":{"confidence_level":0.95,"lower_bound":269115.6755125698,"upper_bound":270120.2189258833},"point_estimate":269605.03464533769,"standard_error":256.7087859836965},"StdDev":{"confidence_interval":{"confidence_level":0.95,"lower_bound":947.8903136597827,"upper_bound":1588.3836309399727},"point_estimate":1307.8617477580588,"standard_error":164.37721510242569}}