{"Mean":{"confidence_interval":{"confidence_level":0.95,"lower_bound":17159210.73845498,"upper_bound":17298370.29732946},"point_estimate":17226654.409979945,"standard_error":35418.53892276729},"Median":{"confidence_interval":{"confidence_level":0.95,"lower_bound":17057187.096966734,"upper_bound":17259319.25543478},"point_estimate":17158716.077935608,"standard_error":63416.63200964209},"MedianAbsDev":{"confidence_interval":{"confidence_level":0.95,"lower_bound":258709.67236155066,"upper_bound":420717.12918796078},"point_estimate":353650.209060651,"standard_error":42921.340545412895},"Slope":{"confidence_interval":{"confidence_level":0.95,"lower_bound":17097750.212029797,"upper_bound":17239392.426069898},"point_estimate":17166040.416276047,"standard_error":36146.66429961984},"StdDev":{"confidence_interval":{"confidence_level":0.95,"lower_bound":285353.7771185049,"upper_bound":423751.45050870036},"point_estimate":354659.2380868297,"standard_error":35649.03658767757}}