{"Mean":{"confidence_interval":{"confidence_level":0.95,"lower_bound":0.7149087039660206,"upper_bound":0.7605289374897623},"point_estimate":0.7378547008866958,"standard_error":0.011648429878752113},"Median":{"confidence_interval":{"confidence_level":0.95,"lower_bound":0.7218202307380135,"upper_bound":0.7585260853654057},"point_estimate":0.7420172225442758,"standard_error":0.00957237168911018}}