{"Mean":{"confidence_interval":{"confidence_level":0.95,"lower_bound":4319.072759884654,"upper_bound":4409.849153369892},"point_estimate":4363.252811586055,"standard_error":23.303806836881177},"Median":{"confidence_interval":{"confidence_level":0.95,"lower_bound":4234.570026935078,"upper_bound":4290.467248908297},"point_estimate":4264.32103001723,"standard_error":15.074881319879684},"MedianAbsDev":{"confidence_interval":{"confidence_level":0.95,"lower_bound":77.092932310537,"upper_bound":150.09993363990075},"point_estimate":115.76079995805653,"standard_error":20.033097666187957},"Slope":{"confidence_interval":{"confidence_level":0.95,"lower_bound":4371.148896561929,"upper_bound":4514.638973249298},"point_estimate":4442.195661220036,"standard_error":36.65079448083871},"StdDev":{"confidence_interval":{"confidence_level":0.95,"lower_bound":197.21294831987295,"upper_bound":263.70112681636047},"point_estimate":234.19623775038697,"standard_error":16.97735813422559}}