{"Mean":{"confidence_interval":{"confidence_level":0.95,"lower_bound":7725.821537403285,"upper_bound":7794.278971881276},"point_estimate":7757.867545479677,"standard_error":17.551078338509848},"Median":{"confidence_interval":{"confidence_level":0.95,"lower_bound":7675.658560794045,"upper_bound":7701.293724696357},"point_estimate":7683.519767654383,"standard_error":6.9798180338179229},"MedianAbsDev":{"confidence_interval":{"confidence_level":0.95,"lower_bound":34.311541489263188,"upper_bound":73.74287069872166},"point_estimate":51.24026447523662,"standard_error":10.062131441537368},"Slope":{"confidence_interval":{"confidence_level":0.95,"lower_bound":7719.053519336577,"upper_bound":7846.035449085989},"point_estimate":7777.668087392436,"standard_error":32.52687994009335},"StdDev":{"confidence_interval":{"confidence_level":0.95,"lower_bound":119.73661199883706,"upper_bound":224.60737947741044},"point_estimate":176.8566867171908,"standard_error":26.91638566023123}}