{"Mean":{"confidence_interval":{"confidence_level":0.95,"lower_bound":48197486.89495559,"upper_bound":48902452.87034078},"point_estimate":48518456.07682081,"standard_error":180189.85476503566},"Median":{"confidence_interval":{"confidence_level":0.95,"lower_bound":47970002.7,"upper_bound":47985031.091545898},"point_estimate":47977957.47777778,"standard_error":3836.904698156857},"MedianAbsDev":{"confidence_interval":{"confidence_level":0.95,"lower_bound":29111.946317946087,"upper_bound":49215.59990701498},"point_estimate":39098.63150988203,"standard_error":5379.395179758089},"Slope":{"confidence_interval":{"confidence_level":0.95,"lower_bound":48097233.81483162,"upper_bound":48706817.68199162},"point_estimate":48371244.07385252,"standard_error":155855.8672034581},"StdDev":{"confidence_interval":{"confidence_level":0.95,"lower_bound":1029631.1068316283,"upper_bound":2447282.148383638},"point_estimate":1808970.2948981038,"standard_error":361937.07874249937}}