{"Mean":{"confidence_interval":{"confidence_level":0.95,"lower_bound":6230666.38430869,"upper_bound":6333120.967517003},"point_estimate":6276905.441014644,"standard_error":26392.737124962234},"Median":{"confidence_interval":{"confidence_level":0.95,"lower_bound":6210936.554295167,"upper_bound":6217361.637931035},"point_estimate":6213450.035714285,"standard_error":1852.959903703497},"MedianAbsDev":{"confidence_interval":{"confidence_level":0.95,"lower_bound":9952.967539422787,"upper_bound":16719.730219578854},"point_estimate":13636.232410036027,"standard_error":1728.4903319788803},"Slope":{"confidence_interval":{"confidence_level":0.95,"lower_bound":6226459.462312419,"upper_bound":6286234.54328354},"point_estimate":6251934.147113935,"standard_error":15314.778699938048},"StdDev":{"confidence_interval":{"confidence_level":0.95,"lower_bound":134997.03630461565,"upper_bound":356591.4812766836},"point_estimate":265285.52033513397,"standard_error":54330.278782387075}}