{"Mean":{"confidence_interval":{"confidence_level":0.95,"lower_bound":3696596.550049764,"upper_bound":3745784.8367928529},"point_estimate":3719195.95336991,"standard_error":12624.877229884276},"Median":{"confidence_interval":{"confidence_level":0.95,"lower_bound":3649150.09,"upper_bound":3673822.0},"point_estimate":3651632.131955485,"standard_error":6033.028280285309},"MedianAbsDev":{"confidence_interval":{"confidence_level":0.95,"lower_bound":10147.644184768073,"upper_bound":48067.72206918184},"point_estimate":16026.18399393035,"standard_error":9078.351745159702},"Slope":{"confidence_interval":{"confidence_level":0.95,"lower_bound":3715301.285324254,"upper_bound":3768260.26712},"point_estimate":3741904.75348308,"standard_error":13523.895921732068},"StdDev":{"confidence_interval":{"confidence_level":0.95,"lower_bound":82696.68119075016,"upper_bound":177904.22611679103},"point_estimate":127437.92159293693,"standard_error":28085.887056270596}}