{"Mean":{"confidence_interval":{"confidence_level":0.95,"lower_bound":24441.947781604867,"upper_bound":24488.76734426314},"point_estimate":24464.04306294783,"standard_error":11.944597370036896},"Median":{"confidence_interval":{"confidence_level":0.95,"lower_bound":24411.0611053919,"upper_bound":24433.48199392393},"point_estimate":24421.71463414634,"standard_error":6.3296963024006349},"MedianAbsDev":{"confidence_interval":{"confidence_level":0.95,"lower_bound":32.22427112249586,"upper_bound":64.2548672483364},"point_estimate":44.957719358190747,"standard_error":8.605933460123829},"Slope":{"confidence_interval":{"confidence_level":0.95,"lower_bound":24414.052511749138,"upper_bound":24487.760001614308},"point_estimate":24446.7893781515,"standard_error":18.978327888782375},"StdDev":{"confidence_interval":{"confidence_level":0.95,"lower_bound":83.82383287789621,"upper_bound":152.36395531718694},"point_estimate":120.4268725972472,"standard_error":17.524961278447205}}