{"Mean":{"confidence_interval":{"confidence_level":0.95,"lower_bound":2067.0338074063417,"upper_bound":2073.3167804133756},"point_estimate":2070.1871828657856,"standard_error":1.6075419339574009},"Median":{"confidence_interval":{"confidence_level":0.95,"lower_bound":2067.3144298245617,"upper_bound":2074.510655809859},"point_estimate":2070.5447007978725,"standard_error":1.8229293595875047},"MedianAbsDev":{"confidence_interval":{"confidence_level":0.95,"lower_bound":10.218023746225232,"upper_bound":17.25304887132881},"point_estimate":12.41342219888826,"standard_error":1.8602533851617467},"Slope":{"confidence_interval":{"confidence_level":0.95,"lower_bound":2062.2231959252596,"upper_bound":2070.151800721909},"point_estimate":2066.290247087582,"standard_error":2.0200226381448278},"StdDev":{"confidence_interval":{"confidence_level":0.95,"lower_bound":13.29929232085667,"upper_bound":18.71242901119048},"point_estimate":16.084355384450736,"standard_error":1.3832828342198605}}