{"Mean":{"confidence_interval":{"confidence_level":0.95,"lower_bound":626.3083017872007,"upper_bound":664.7387534383172},"point_estimate":645.4743037794901,"standard_error":9.837817151544034},"Median":{"confidence_interval":{"confidence_level":0.95,"lower_bound":552.124041005291,"upper_bound":746.7682233796296},"point_estimate":559.52,"standard_error":74.48710279979622},"MedianAbsDev":{"confidence_interval":{"confidence_level":0.95,"lower_bound":6.9175870322352479,"upper_bound":148.67953786041063},"point_estimate":18.65353127531512,"standard_error":45.991336530107748},"Slope":{"confidence_interval":{"confidence_level":0.95,"lower_bound":625.2698367249965,"upper_bound":675.7107959949426},"point_estimate":650.9010147644615,"standard_error":12.882745002629909},"StdDev":{"confidence_interval":{"confidence_level":0.95,"lower_bound":95.69340129496088,"upper_bound":100.68733547461112},"point_estimate":99.19619653111859,"standard_error":1.2738709234565525}}