{"Mean":{"confidence_interval":{"confidence_level":0.95,"lower_bound":13804178.162052924,"upper_bound":13851909.369484457},"point_estimate":13827297.427627005,"standard_error":12155.151117248699},"Median":{"confidence_interval":{"confidence_level":0.95,"lower_bound":13791197.173913043,"upper_bound":13844769.409574468},"point_estimate":13808448.623779726,"standard_error":13369.888559143623},"MedianAbsDev":{"confidence_interval":{"confidence_level":0.95,"lower_bound":93065.25542912459,"upper_bound":142786.40450487345},"point_estimate":123863.77041093372,"standard_error":12490.546313143765},"Slope":{"confidence_interval":{"confidence_level":0.95,"lower_bound":13786005.020111289,"upper_bound":13836946.756127309},"point_estimate":13810610.318862126,"standard_error":13006.710622996537},"StdDev":{"confidence_interval":{"confidence_level":0.95,"lower_bound":94374.2997166802,"upper_bound":156192.57590066482},"point_estimate":122767.28943672222,"standard_error":16592.624864973135}}