{"Mean":{"confidence_interval":{"confidence_level":0.95,"lower_bound":988005.4110055739,"upper_bound":992243.9955658947},"point_estimate":990036.5036409188,"standard_error":1083.2024149972922},"Median":{"confidence_interval":{"confidence_level":0.95,"lower_bound":984813.1944444445,"upper_bound":985473.6561355312},"point_estimate":985287.0912118259,"standard_error":148.06964225576003},"MedianAbsDev":{"confidence_interval":{"confidence_level":0.95,"lower_bound":1160.69643261932,"upper_bound":2573.168191369647},"point_estimate":1742.3684199927084,"standard_error":353.96264621920599},"Slope":{"confidence_interval":{"confidence_level":0.95,"lower_bound":987993.521322728,"upper_bound":992513.6526765672},"point_estimate":990043.857644451,"standard_error":1153.3384217288802},"StdDev":{"confidence_interval":{"confidence_level":0.95,"lower_bound":9001.555466960055,"upper_bound":12274.905074930508},"point_estimate":10891.605378899143,"standard_error":843.9638124716886}}