{"Mean":{"confidence_interval":{"confidence_level":0.95,"lower_bound":898.831205959193,"upper_bound":935.3605584195758},"point_estimate":917.2199535432989,"standard_error":9.332206044953875},"Median":{"confidence_interval":{"confidence_level":0.95,"lower_bound":836.3029798497267,"upper_bound":996.767975373953},"point_estimate":996.3995462361033,"standard_error":38.57439766554747},"MedianAbsDev":{"confidence_interval":{"confidence_level":0.95,"lower_bound":1.897986973258767,"upper_bound":107.97184981448433},"point_estimate":4.306795255859535,"standard_error":23.71142440046608},"Slope":{"confidence_interval":{"confidence_level":0.95,"lower_bound":867.0027438613923,"upper_bound":915.905759054715},"point_estimate":891.6745595355474,"standard_error":12.478551917007831},"StdDev":{"confidence_interval":{"confidence_level":0.95,"lower_bound":88.97929645700641,"upper_bound":95.7126825632314},"point_estimate":93.86557278379383,"standard_error":1.7580193175703627}}