{"Mean":{"confidence_interval":{"confidence_level":0.95,"lower_bound":59.30955431377355,"upper_bound":61.780947725273417},"point_estimate":60.50101331276463,"standard_error":0.6393894186322167},"Median":{"confidence_interval":{"confidence_level":0.95,"lower_bound":57.29880718359981,"upper_bound":57.34384164222874},"point_estimate":57.318271780154599,"standard_error":0.013216567283580604},"MedianAbsDev":{"confidence_interval":{"confidence_level":0.95,"lower_bound":0.05577906404953268,"upper_bound":0.12863340842287006},"point_estimate":0.08354760786749713,"standard_error":0.021035944625435785},"Slope":{"confidence_interval":{"confidence_level":0.95,"lower_bound":60.71189373721075,"upper_bound":64.707157782797},"point_estimate":62.64426165366185,"standard_error":1.0165378152873426},"StdDev":{"confidence_interval":{"confidence_level":0.95,"lower_bound":5.282089921157915,"upper_bound":7.3401276169161309},"point_estimate":6.463540532273733,"standard_error":0.5264284784004693}}