{"Mean":{"confidence_interval":{"confidence_level":0.95,"lower_bound":3537780.2782428089,"upper_bound":3608251.780374568},"point_estimate":3572406.255576796,"standard_error":17986.931827945216},"Median":{"confidence_interval":{"confidence_level":0.95,"lower_bound":3507260.1710526316,"upper_bound":3551033.782051282},"point_estimate":3535025.077866578,"standard_error":15082.990867332583},"MedianAbsDev":{"confidence_interval":{"confidence_level":0.95,"lower_bound":45189.79171351543,"upper_bound":76018.6525635324},"point_estimate":54129.56868288259,"standard_error":7759.756762314112},"Slope":{"confidence_interval":{"confidence_level":0.95,"lower_bound":3551316.280115931,"upper_bound":3595061.716397265},"point_estimate":3570705.444545589,"standard_error":11196.470970805623},"StdDev":{"confidence_interval":{"confidence_level":0.95,"lower_bound":132758.1747761493,"upper_bound":223286.64642740033},"point_estimate":180983.4556378343,"standard_error":23089.270853464328}}