{"Mean":{"confidence_interval":{"confidence_level":0.95,"lower_bound":10112251.32324578,"upper_bound":10135167.770737404},"point_estimate":10123177.676880213,"standard_error":5854.816438590776},"Median":{"confidence_interval":{"confidence_level":0.95,"lower_bound":10091299.702702703,"upper_bound":10111076.158536585},"point_estimate":10098753.5837777,"standard_error":6003.58322843541},"MedianAbsDev":{"confidence_interval":{"confidence_level":0.95,"lower_bound":17437.981626395034,"upper_bound":41396.543657063405},"point_estimate":27081.75962684358,"standard_error":6725.794089479451},"Slope":{"confidence_interval":{"confidence_level":0.95,"lower_bound":10106618.21679328,"upper_bound":10138683.789794868},"point_estimate":10121020.507477465,"standard_error":8243.6093650495},"StdDev":{"confidence_interval":{"confidence_level":0.95,"lower_bound":43623.60458893059,"upper_bound":71615.18638139231},"point_estimate":58876.674634596486,"standard_error":7132.980015444057}}