{"Mean":{"confidence_interval":{"confidence_level":0.95,"lower_bound":3539.7986549625027,"upper_bound":3695.497644047102},"point_estimate":3613.9038440373244,"standard_error":39.7973714132135},"Median":{"confidence_interval":{"confidence_level":0.95,"lower_bound":3441.710201983793,"upper_bound":3452.4091647404754},"point_estimate":3446.4822697417528,"standard_error":2.8939234430403006},"MedianAbsDev":{"confidence_interval":{"confidence_level":0.95,"lower_bound":13.478870318886898,"upper_bound":27.714222997259875},"point_estimate":18.108383521350146,"standard_error":3.477842472196166},"Slope":{"confidence_interval":{"confidence_level":0.95,"lower_bound":3450.739873369266,"upper_bound":3577.6455357806628},"point_estimate":3503.2391735348526,"standard_error":33.41070495287298},"StdDev":{"confidence_interval":{"confidence_level":0.95,"lower_bound":307.0679904569809,"upper_bound":467.44275773431999},"point_estimate":398.59350115595569,"standard_error":41.267697107016918}}