{"Mean":{"confidence_interval":{"confidence_level":0.95,"lower_bound":0.10157548358823873,"upper_bound":0.11909508061999413},"point_estimate":0.1096978232786594,"standard_error":0.004546565712315258},"Median":{"confidence_interval":{"confidence_level":0.95,"lower_bound":0.10030380220161286,"upper_bound":0.10616172361807497},"point_estimate":0.10408919055552035,"standard_error":0.00147391859788112}}