{"Mean":{"confidence_interval":{"confidence_level":0.95,"lower_bound":30.103525101796035,"upper_bound":30.167818706960895},"point_estimate":30.135329781205223,"standard_error":0.016485435085706099},"Median":{"confidence_interval":{"confidence_level":0.95,"lower_bound":30.095341031254585,"upper_bound":30.150942833214026},"point_estimate":30.13508459351462,"standard_error":0.012693504237462078},"MedianAbsDev":{"confidence_interval":{"confidence_level":0.95,"lower_bound":0.11769319095565635,"upper_bound":0.2686553157008381},"point_estimate":0.24165674502223387,"standard_error":0.04337977534891522},"Slope":{"confidence_interval":{"confidence_level":0.95,"lower_bound":30.067488440921176,"upper_bound":30.13873237390426},"point_estimate":30.102935124149068,"standard_error":0.018183312896698713},"StdDev":{"confidence_interval":{"confidence_level":0.95,"lower_bound":0.14105175915814772,"upper_bound":0.19309269468629657},"point_estimate":0.16570804071016707,"standard_error":0.013516631037784229}}