{"Mean":{"confidence_interval":{"confidence_level":0.95,"lower_bound":8309134.829209673,"upper_bound":8325636.211497487},"point_estimate":8317487.629607266,"standard_error":4211.0947790294289},"Median":{"confidence_interval":{"confidence_level":0.95,"lower_bound":8306588.199579831,"upper_bound":8328349.1372053869},"point_estimate":8314378.886566712,"standard_error":5583.637858595008},"MedianAbsDev":{"confidence_interval":{"confidence_level":0.95,"lower_bound":27080.028817583738,"upper_bound":39065.335547602095},"point_estimate":32993.321091904276,"standard_error":3037.619754335058},"Slope":{"confidence_interval":{"confidence_level":0.95,"lower_bound":8310550.3445594529,"upper_bound":8326256.530703408},"point_estimate":8318326.42523127,"standard_error":4016.1597621280459},"StdDev":{"confidence_interval":{"confidence_level":0.95,"lower_bound":31758.477541301105,"upper_bound":52735.03422528233},"point_estimate":42261.83307981118,"standard_error":5425.490210529222}}