{"Mean":{"confidence_interval":{"confidence_level":0.95,"lower_bound":6827090.639431321,"upper_bound":6876225.588878071},"point_estimate":6851205.1871699099,"standard_error":12535.438944316926},"Median":{"confidence_interval":{"confidence_level":0.95,"lower_bound":6814223.111111111,"upper_bound":6864421.871794872},"point_estimate":6838831.311797753,"standard_error":12240.938305468691},"MedianAbsDev":{"confidence_interval":{"confidence_level":0.95,"lower_bound":77746.06001973152,"upper_bound":150021.06934511977},"point_estimate":122504.23460126597,"standard_error":17864.81704273173},"Slope":{"confidence_interval":{"confidence_level":0.95,"lower_bound":6845921.7573900059,"upper_bound":6891939.272148151},"point_estimate":6868485.809903946,"standard_error":11720.006161539723},"StdDev":{"confidence_interval":{"confidence_level":0.95,"lower_bound":106590.9172508559,"upper_bound":144787.94451272745},"point_estimate":126464.74011292032,"standard_error":9767.500269716315}}