{"Mean":{"confidence_interval":{"confidence_level":0.95,"lower_bound":1371287.4813066875,"upper_bound":1376940.9392994154},"point_estimate":1373783.2278964294,"standard_error":1455.5133452863459},"Median":{"confidence_interval":{"confidence_level":0.95,"lower_bound":1368918.7733333335,"upper_bound":1371528.0},"point_estimate":1369468.9800556587,"standard_error":673.3932964392338},"MedianAbsDev":{"confidence_interval":{"confidence_level":0.95,"lower_bound":1979.273972163367,"upper_bound":4887.422396787106},"point_estimate":2959.973335469383,"standard_error":813.5595919654053},"Slope":{"confidence_interval":{"confidence_level":0.95,"lower_bound":1371709.4576231747,"upper_bound":1377232.6497468313},"point_estimate":1374169.0750761047,"standard_error":1414.9367734418216},"StdDev":{"confidence_interval":{"confidence_level":0.95,"lower_bound":5702.660286274956,"upper_bound":21189.646701064754},"point_estimate":14630.658863481596,"standard_error":3896.8051382476767}}