{"Mean":{"confidence_interval":{"confidence_level":0.95,"lower_bound":361.63672562714438,"upper_bound":373.9267741725699},"point_estimate":367.3497548448389,"standard_error":3.1276572819704215},"Median":{"confidence_interval":{"confidence_level":0.95,"lower_bound":357.5392125979244,"upper_bound":357.6372569576318},"point_estimate":357.574478731485,"standard_error":0.034126010940516319},"MedianAbsDev":{"confidence_interval":{"confidence_level":0.95,"lower_bound":0.13863561035159287,"upper_bound":0.2865991449343024},"point_estimate":0.20169333163713194,"standard_error":0.04574729511264127},"Slope":{"confidence_interval":{"confidence_level":0.95,"lower_bound":360.4464899330802,"upper_bound":369.83651828143788},"point_estimate":364.603909543819,"standard_error":2.400870867837394},"StdDev":{"confidence_interval":{"confidence_level":0.95,"lower_bound":20.129733289278734,"upper_bound":39.695271186297699},"point_estimate":31.47027927636737,"standard_error":4.984791586327297}}