{"Mean":{"confidence_interval":{"confidence_level":0.95,"lower_bound":209.74463435378255,"upper_bound":214.48365744239374},"point_estimate":211.9473240880365,"standard_error":1.2257934998894269},"Median":{"confidence_interval":{"confidence_level":0.95,"lower_bound":207.10582923438967,"upper_bound":207.2647340640129},"point_estimate":207.14656439795625,"standard_error":0.04000186105935325},"MedianAbsDev":{"confidence_interval":{"confidence_level":0.95,"lower_bound":0.2303365919788368,"upper_bound":0.43226940600087596},"point_estimate":0.3033784520118136,"standard_error":0.05008256606154498},"Slope":{"confidence_interval":{"confidence_level":0.95,"lower_bound":214.2964172689549,"upper_bound":224.28930965245426},"point_estimate":219.4826657351441,"standard_error":2.5519409385529849},"StdDev":{"confidence_interval":{"confidence_level":0.95,"lower_bound":9.299762849638288,"upper_bound":14.583916118272083},"point_estimate":12.261525135023803,"standard_error":1.3840351090179093}}