{"Mean":{"confidence_interval":{"confidence_level":0.95,"lower_bound":15151896.95258576,"upper_bound":15243456.916721672},"point_estimate":15196744.182017737,"standard_error":23363.281869104783},"Median":{"confidence_interval":{"confidence_level":0.95,"lower_bound":15058210.852272727,"upper_bound":15273985.631138977},"point_estimate":15160855.09725986,"standard_error":57605.121550370364},"MedianAbsDev":{"confidence_interval":{"confidence_level":0.95,"lower_bound":169042.6217181201,"upper_bound":306385.70035885597},"point_estimate":264563.22128111266,"standard_error":33431.99491482308},"Slope":{"confidence_interval":{"confidence_level":0.95,"lower_bound":15099288.877742472,"upper_bound":15199604.258094164},"point_estimate":15147370.596994237,"standard_error":25774.879542637358},"StdDev":{"confidence_interval":{"confidence_level":0.95,"lower_bound":196632.1067969552,"upper_bound":269613.81453771606},"point_estimate":234688.19604158987,"standard_error":18755.0139517118}}