{"Mean":{"confidence_interval":{"confidence_level":0.95,"lower_bound":298.5428621576748,"upper_bound":316.46644481205939},"point_estimate":307.4973046871954,"standard_error":4.578072367823172},"Median":{"confidence_interval":{"confidence_level":0.95,"lower_bound":261.2199862401101,"upper_bound":352.91298759570398},"point_estimate":318.32383258039297,"standard_error":40.98251335331696},"MedianAbsDev":{"confidence_interval":{"confidence_level":0.95,"lower_bound":0.4220699206839752,"upper_bound":57.537182286728},"point_estimate":53.282043187279359,"standard_error":17.877870679025294},"Slope":{"confidence_interval":{"confidence_level":0.95,"lower_bound":285.58433347809037,"upper_bound":309.2854037579154},"point_estimate":297.52981831873867,"standard_error":6.051317071057724},"StdDev":{"confidence_interval":{"confidence_level":0.95,"lower_bound":44.5827774936393,"upper_bound":46.25763241482643},"point_estimate":45.87978088453869,"standard_error":0.4331723684100899}}