{"Mean":{"confidence_interval":{"confidence_level":0.95,"lower_bound":6806485.057402932,"upper_bound":6850268.223053302},"point_estimate":6827870.741541709,"standard_error":11176.735780949899},"Median":{"confidence_interval":{"confidence_level":0.95,"lower_bound":6788092.326923077,"upper_bound":6831370.03},"point_estimate":6806321.657407407,"standard_error":10392.098661901087},"MedianAbsDev":{"confidence_interval":{"confidence_level":0.95,"lower_bound":62012.99294370409,"upper_bound":109214.24606829408},"point_estimate":79337.58889078336,"standard_error":11974.714505701082},"Slope":{"confidence_interval":{"confidence_level":0.95,"lower_bound":6799006.114195486,"upper_bound":6845844.887817669},"point_estimate":6819929.590205409,"standard_error":12024.08441192728},"StdDev":{"confidence_interval":{"confidence_level":0.95,"lower_bound":89402.08953517169,"upper_bound":132105.78464401433},"point_estimate":112081.80417200395,"standard_error":10893.141280421542}}