{"Mean":{"confidence_interval":{"confidence_level":0.95,"lower_bound":13997367.466665404,"upper_bound":14088059.387265632},"point_estimate":14041568.461333001,"standard_error":23121.132573717812},"Median":{"confidence_interval":{"confidence_level":0.95,"lower_bound":13972097.21923077,"upper_bound":14027442.21875},"point_estimate":13997198.98989899,"standard_error":16343.16319660675},"MedianAbsDev":{"confidence_interval":{"confidence_level":0.95,"lower_bound":133241.38025005407,"upper_bound":248616.97113544096},"point_estimate":197590.11929143303,"standard_error":30881.872186417313},"Slope":{"confidence_interval":{"confidence_level":0.95,"lower_bound":14060775.72444817,"upper_bound":14173709.222481994},"point_estimate":14116264.073459436,"standard_error":28793.62051082749},"StdDev":{"confidence_interval":{"confidence_level":0.95,"lower_bound":188751.82533231547,"upper_bound":273173.9247126562},"point_estimate":231784.35463308663,"standard_error":21562.478269138544}}