{"Mean":{"confidence_interval":{"confidence_level":0.95,"lower_bound":265729.25596632077,"upper_bound":266676.0402220615},"point_estimate":266177.3142364872,"standard_error":241.8108038687183},"Median":{"confidence_interval":{"confidence_level":0.95,"lower_bound":265068.39285714286,"upper_bound":265278.634057971},"point_estimate":265164.15115936918,"standard_error":52.064853840680459},"MedianAbsDev":{"confidence_interval":{"confidence_level":0.95,"lower_bound":243.12035179503543,"upper_bound":542.4940953538799},"point_estimate":347.5930496190265,"standard_error":72.92197742067309},"Slope":{"confidence_interval":{"confidence_level":0.95,"lower_bound":265053.8261419145,"upper_bound":265255.75886634367},"point_estimate":265141.2291340328,"standard_error":51.48170724018955},"StdDev":{"confidence_interval":{"confidence_level":0.95,"lower_bound":1809.2195533367654,"upper_bound":2888.1894625126849},"point_estimate":2420.525910331281,"standard_error":275.7284379529031}}