{"Mean":{"confidence_interval":{"confidence_level":0.95,"lower_bound":453887.67236355386,"upper_bound":504734.1342226661},"point_estimate":479343.09716036179,"standard_error":12994.803951950504},"Median":{"confidence_interval":{"confidence_level":0.95,"lower_bound":346615.3333333333,"upper_bound":578087.9379251701},"point_estimate":480506.4479302832,"standard_error":82429.41261451038},"MedianAbsDev":{"confidence_interval":{"confidence_level":0.95,"lower_bound":3975.188726200516,"upper_bound":226300.17704004854},"point_estimate":199961.14645141789,"standard_error":55985.586500036836},"Slope":{"confidence_interval":{"confidence_level":0.95,"lower_bound":496548.34305996316,"upper_bound":561956.8099587078},"point_estimate":529656.1761686617,"standard_error":16700.643664280222},"StdDev":{"confidence_interval":{"confidence_level":0.95,"lower_bound":122943.9986994185,"upper_bound":136301.22069208284},"point_estimate":130456.60589094853,"standard_error":3410.5751815135665}}