{"Mean":{"confidence_interval":{"confidence_level":0.95,"lower_bound":949807.8853185163,"upper_bound":955582.8095943867},"point_estimate":952598.2305747243,"standard_error":1471.942381004815},"Median":{"confidence_interval":{"confidence_level":0.95,"lower_bound":944074.9090909091,"upper_bound":944766.2727272727},"point_estimate":944414.3095838588,"standard_error":190.49244438465477},"MedianAbsDev":{"confidence_interval":{"confidence_level":0.95,"lower_bound":868.1650330064596,"upper_bound":1888.0365118261394},"point_estimate":1324.731746476253,"standard_error":277.24461631443526},"Slope":{"confidence_interval":{"confidence_level":0.95,"lower_bound":949792.7706166996,"upper_bound":957797.7905520868},"point_estimate":953783.2607048914,"standard_error":2041.5952869076082},"StdDev":{"confidence_interval":{"confidence_level":0.95,"lower_bound":12533.361680788747,"upper_bound":16282.20306547579},"point_estimate":14720.587985599304,"standard_error":962.4264285292292}}