{"Mean":{"confidence_interval":{"confidence_level":0.95,"lower_bound":0.09516046188262097,"upper_bound":0.15037388570670646},"point_estimate":0.12269144490802542,"standard_error":0.013913096630396152},"Median":{"confidence_interval":{"confidence_level":0.95,"lower_bound":0.004165027527190601,"upper_bound":0.2791481054128202},"point_estimate":0.004685821714338845,"standard_error":0.07276233798971639}}