{"Mean":{"confidence_interval":{"confidence_level":0.95,"lower_bound":68021.19770648684,"upper_bound":68093.56002853539},"point_estimate":68053.05906151813,"standard_error":18.64479281223594},"Median":{"confidence_interval":{"confidence_level":0.95,"lower_bound":67986.47962061269,"upper_bound":68004.91171171172},"point_estimate":67993.01923076922,"standard_error":4.001296181057543},"MedianAbsDev":{"confidence_interval":{"confidence_level":0.95,"lower_bound":27.375419967019039,"upper_bound":46.86018607322474},"point_estimate":36.861410848099009,"standard_error":5.2844852774546109},"Slope":{"confidence_interval":{"confidence_level":0.95,"lower_bound":67976.14772153869,"upper_bound":67985.26904217369},"point_estimate":67980.2448403527,"standard_error":2.333970302440003},"StdDev":{"confidence_interval":{"confidence_level":0.95,"lower_bound":94.45593867017948,"upper_bound":277.63932246262996},"point_estimate":186.92132935959106,"standard_error":52.302112419412029}}