{"Mean":{"confidence_interval":{"confidence_level":0.95,"lower_bound":27811.15059789331,"upper_bound":29077.35402018821},"point_estimate":28426.73440772006,"standard_error":322.73903760858459},"Median":{"confidence_interval":{"confidence_level":0.95,"lower_bound":26457.404334365325,"upper_bound":26467.021457861993},"point_estimate":26461.095485933503,"standard_error":2.4899447764030619},"MedianAbsDev":{"confidence_interval":{"confidence_level":0.95,"lower_bound":13.78181883805821,"upper_bound":30.620403192997015},"point_estimate":19.050853818976927,"standard_error":4.478775642310451},"Slope":{"confidence_interval":{"confidence_level":0.95,"lower_bound":26625.64643324627,"upper_bound":27355.876388968365},"point_estimate":26938.71246273003,"standard_error":188.2642907478307},"StdDev":{"confidence_interval":{"confidence_level":0.95,"lower_bound":2820.985333345573,"upper_bound":3519.4735732785636},"point_estimate":3238.5324195996606,"standard_error":180.51703860641315}}