{"Mean":{"confidence_interval":{"confidence_level":0.95,"lower_bound":1776320.5945668386,"upper_bound":1799513.7081254579},"point_estimate":1788423.2655994236,"standard_error":5933.051855277528},"Median":{"confidence_interval":{"confidence_level":0.95,"lower_bound":1806946.156864205,"upper_bound":1813066.3741741742},"point_estimate":1808383.184318555,"standard_error":1573.023466135887},"MedianAbsDev":{"confidence_interval":{"confidence_level":0.95,"lower_bound":6858.895495017661,"upper_bound":12572.237905721277},"point_estimate":8007.364255747499,"standard_error":1637.332121355319},"Slope":{"confidence_interval":{"confidence_level":0.95,"lower_bound":1748736.0590601455,"upper_bound":1786410.1561027975},"point_estimate":1767957.7261474804,"standard_error":9623.422904060011},"StdDev":{"confidence_interval":{"confidence_level":0.95,"lower_bound":47207.831892449954,"upper_bound":69072.82804695149},"point_estimate":59663.58488200873,"standard_error":5606.207363969157}}