{"Mean":{"confidence_interval":{"confidence_level":0.95,"lower_bound":27591.836074387862,"upper_bound":28714.922653208585},"point_estimate":28135.611243040057,"standard_error":285.98891805163336},"Median":{"confidence_interval":{"confidence_level":0.95,"lower_bound":26665.76403508772,"upper_bound":26683.510690789473},"point_estimate":26672.257042847505,"standard_error":4.476585731644256},"MedianAbsDev":{"confidence_interval":{"confidence_level":0.95,"lower_bound":18.136633721547598,"upper_bound":47.095242021034078},"point_estimate":27.608272468151559,"standard_error":7.474171419631694},"Slope":{"confidence_interval":{"confidence_level":0.95,"lower_bound":28026.373970957324,"upper_bound":29692.884909429962},"point_estimate":28822.890822334393,"standard_error":424.346332643864},"StdDev":{"confidence_interval":{"confidence_level":0.95,"lower_bound":2379.7416063997327,"upper_bound":3240.2432873954637},"point_estimate":2874.630304460679,"standard_error":223.64592467963232}}