{"Mean":{"confidence_interval":{"confidence_level":0.95,"lower_bound":4124908.5170760776,"upper_bound":4187543.9592827607},"point_estimate":4155701.267840492,"standard_error":15924.313590704838},"Median":{"confidence_interval":{"confidence_level":0.95,"lower_bound":4105132.1282642094,"upper_bound":4156875.625},"point_estimate":4136106.37654321,"standard_error":9954.796390102942},"MedianAbsDev":{"confidence_interval":{"confidence_level":0.95,"lower_bound":54374.39860232222,"upper_bound":88801.67651203867},"point_estimate":74444.57049812595,"standard_error":8624.853045815038},"Slope":{"confidence_interval":{"confidence_level":0.95,"lower_bound":4152324.136047119,"upper_bound":4216278.067924463},"point_estimate":4182467.632416137,"standard_error":16345.774657572605},"StdDev":{"confidence_interval":{"confidence_level":0.95,"lower_bound":105987.07697193444,"upper_bound":209121.71684739504},"point_estimate":160062.93905100786,"standard_error":26405.656622797855}}