{"Mean":{"confidence_interval":{"confidence_level":0.95,"lower_bound":-0.12550111007364413,"upper_bound":-0.09578270755119053},"point_estimate":-0.11061922184090378,"standard_error":0.007580522349559478},"Median":{"confidence_interval":{"confidence_level":0.95,"lower_bound":-0.0656089812954019,"upper_bound":-0.06269208070375776},"point_estimate":-0.06318424967280534,"standard_error":0.000890875053367596}}