{"Mean":{"confidence_interval":{"confidence_level":0.95,"lower_bound":10.103004787820556,"upper_bound":10.109282867294552},"point_estimate":10.105853999580884,"standard_error":0.0016079536633937524},"Median":{"confidence_interval":{"confidence_level":0.95,"lower_bound":10.098987089452287,"upper_bound":10.102461667540437},"point_estimate":10.100318437293307,"standard_error":0.0009226061002507559},"MedianAbsDev":{"confidence_interval":{"confidence_level":0.95,"lower_bound":0.0034575861113844417,"upper_bound":0.0073946015410012379},"point_estimate":0.0050243927682310719,"standard_error":0.001036009889958735},"Slope":{"confidence_interval":{"confidence_level":0.95,"lower_bound":10.097764570979074,"upper_bound":10.09894033476368},"point_estimate":10.098284203642903,"standard_error":0.00030014381792179095},"StdDev":{"confidence_interval":{"confidence_level":0.95,"lower_bound":0.009538270301546593,"upper_bound":0.022777549257189983},"point_estimate":0.016113629896842529,"standard_error":0.0036103242047354946}}