{"Mean":{"confidence_interval":{"confidence_level":0.95,"lower_bound":2300079.3647592177,"upper_bound":2313675.1577838116},"point_estimate":2306032.108390208,"standard_error":3501.076347380047},"Median":{"confidence_interval":{"confidence_level":0.95,"lower_bound":2293608.9552238809,"upper_bound":2296816.472222222},"point_estimate":2294830.7046703298,"standard_error":699.2820434680285},"MedianAbsDev":{"confidence_interval":{"confidence_level":0.95,"lower_bound":2833.7775615652446,"upper_bound":7064.323805952981},"point_estimate":4462.792580737676,"standard_error":1001.6167160139595},"Slope":{"confidence_interval":{"confidence_level":0.95,"lower_bound":2292825.836962456,"upper_bound":2298579.232982971},"point_estimate":2295125.13661593,"standard_error":1523.2480509741623},"StdDev":{"confidence_interval":{"confidence_level":0.95,"lower_bound":15024.516929682131,"upper_bound":53159.55995586465},"point_estimate":35268.34488692493,"standard_error":10235.912044139252}}