{"Mean":{"confidence_interval":{"confidence_level":0.95,"lower_bound":3777156.401948322,"upper_bound":3910230.9654158556},"point_estimate":3830530.441843101,"standard_error":34862.96527473384},"Median":{"confidence_interval":{"confidence_level":0.95,"lower_bound":3800605.5577956989,"upper_bound":3833102.939310345},"point_estimate":3829514.3779904309,"standard_error":9283.132091711834},"MedianAbsDev":{"confidence_interval":{"confidence_level":0.95,"lower_bound":54993.640431912274,"upper_bound":184595.45797803396},"point_estimate":121319.94464030268,"standard_error":31547.276608423446},"Slope":{"confidence_interval":{"confidence_level":0.95,"lower_bound":3747318.3832249359,"upper_bound":3799690.77688706},"point_estimate":3773733.8366573078,"standard_error":13343.479635419004},"StdDev":{"confidence_interval":{"confidence_level":0.95,"lower_bound":106624.19655563733,"upper_bound":570745.6021935972},"point_estimate":350806.2451269769,"standard_error":144616.80280323578}}