{"Mean":{"confidence_interval":{"confidence_level":0.95,"lower_bound":2549.2340691586448,"upper_bound":2617.483520811988},"point_estimate":2581.7433290240339,"standard_error":17.430605225360997},"Median":{"confidence_interval":{"confidence_level":0.95,"lower_bound":2485.870422415953,"upper_bound":2543.3456592610484},"point_estimate":2525.4220836146116,"standard_error":19.210838127639645},"MedianAbsDev":{"confidence_interval":{"confidence_level":0.95,"lower_bound":30.240535779704538,"upper_bound":104.4537725214377},"point_estimate":78.05741608039702,"standard_error":22.66805067958691},"Slope":{"confidence_interval":{"confidence_level":0.95,"lower_bound":2544.826108871803,"upper_bound":2634.2275476221859},"point_estimate":2585.7362738361914,"standard_error":22.933264484271687},"StdDev":{"confidence_interval":{"confidence_level":0.95,"lower_bound":129.75801498941815,"upper_bound":211.20958862810159},"point_estimate":175.00037780604849,"standard_error":20.78159940475936}}