{"Mean":{"confidence_interval":{"confidence_level":0.95,"lower_bound":14566734.466985662,"upper_bound":14605456.81359672},"point_estimate":14585798.688300737,"standard_error":9919.236552116217},"Median":{"confidence_interval":{"confidence_level":0.95,"lower_bound":14533238.113207547,"upper_bound":14607695.315789475},"point_estimate":14567625.816318833,"standard_error":16545.47247716408},"MedianAbsDev":{"confidence_interval":{"confidence_level":0.95,"lower_bound":82180.18598286149,"upper_bound":136217.42340865528},"point_estimate":105199.45398435134,"standard_error":13223.618751862452},"Slope":{"confidence_interval":{"confidence_level":0.95,"lower_bound":14578930.453113003,"upper_bound":14622673.47684838},"point_estimate":14600170.724752475,"standard_error":11199.88054642609},"StdDev":{"confidence_interval":{"confidence_level":0.95,"lower_bound":87329.95333102737,"upper_bound":110296.99368011457},"point_estimate":99868.46192594791,"standard_error":5856.197027613614}}