{"Mean":{"confidence_interval":{"confidence_level":0.95,"lower_bound":4277569.788598971,"upper_bound":4292395.588190384},"point_estimate":4284184.775467013,"standard_error":3821.689860382876},"Median":{"confidence_interval":{"confidence_level":0.95,"lower_bound":4271148.872340426,"upper_bound":4274901.179700227},"point_estimate":4272067.942165558,"standard_error":1089.6010616618578},"MedianAbsDev":{"confidence_interval":{"confidence_level":0.95,"lower_bound":5009.660833060355,"upper_bound":9482.782913633351},"point_estimate":6767.532933797172,"standard_error":1126.5204775380178},"Slope":{"confidence_interval":{"confidence_level":0.95,"lower_bound":4268948.771743623,"upper_bound":4271364.970641053},"point_estimate":4270060.823732821,"standard_error":615.7102378044706},"StdDev":{"confidence_interval":{"confidence_level":0.95,"lower_bound":17570.00817015112,"upper_bound":55619.65082039943},"point_estimate":38466.97634368827,"standard_error":9832.64711377734}}