{"Mean":{"confidence_interval":{"confidence_level":0.95,"lower_bound":40279.4660623314,"upper_bound":40361.64524505591},"point_estimate":40317.17679890196,"standard_error":21.10245066803902},"Median":{"confidence_interval":{"confidence_level":0.95,"lower_bound":40227.22495421245,"upper_bound":40267.448333333334},"point_estimate":40240.13077256944,"standard_error":10.24735332521883},"MedianAbsDev":{"confidence_interval":{"confidence_level":0.95,"lower_bound":49.694005562200178,"upper_bound":100.74702251586084},"point_estimate":70.6083937319821,"standard_error":12.800984212119437},"Slope":{"confidence_interval":{"confidence_level":0.95,"lower_bound":40218.881759136246,"upper_bound":40260.50121429839},"point_estimate":40237.90719521206,"standard_error":10.640568770107365},"StdDev":{"confidence_interval":{"confidence_level":0.95,"lower_bound":127.44304039708523,"upper_bound":290.2013486897751},"point_estimate":211.87209092031976,"standard_error":42.3324741996286}}