{"Mean":{"confidence_interval":{"confidence_level":0.95,"lower_bound":23023827.55872022,"upper_bound":23189174.598909599},"point_estimate":23105623.735928168,"standard_error":42252.055112168935},"Median":{"confidence_interval":{"confidence_level":0.95,"lower_bound":23031429.664626685,"upper_bound":23165375.327586209},"point_estimate":23091793.311392406,"standard_error":37388.8587740305},"MedianAbsDev":{"confidence_interval":{"confidence_level":0.95,"lower_bound":220808.98444764815,"upper_bound":416975.68837965399},"point_estimate":297635.6692289356,"standard_error":51368.240702823416},"Slope":{"confidence_interval":{"confidence_level":0.95,"lower_bound":23091318.879616884,"upper_bound":23229309.841398878},"point_estimate":23157088.81170681,"standard_error":35207.20277131722},"StdDev":{"confidence_interval":{"confidence_level":0.95,"lower_bound":344074.2576791,"upper_bound":496945.2128569558},"point_estimate":424636.3526884866,"standard_error":39134.26994736949}}