{"Mean":{"confidence_interval":{"confidence_level":0.95,"lower_bound":0.06458618489098232,"upper_bound":0.07749070573310636},"point_estimate":0.07044700150137073,"standard_error":0.0033634277126351459},"Median":{"confidence_interval":{"confidence_level":0.95,"lower_bound":0.06137294597616827,"upper_bound":0.06729440697344257},"point_estimate":0.06403964720095323,"standard_error":0.0014739430282721467}}