{"Mean":{"confidence_interval":{"confidence_level":0.95,"lower_bound":0.00038817333157476505,"upper_bound":0.0027919538557987955},"point_estimate":0.0016197829436328526,"standard_error":0.0006149220043843328},"Median":{"confidence_interval":{"confidence_level":0.95,"lower_bound":0.001401421523931523,"upper_bound":0.0028912543430534844},"point_estimate":0.002209251803487078,"standard_error":0.00037620221546680153}}