{"Mean":{"confidence_interval":{"confidence_level":0.95,"lower_bound":17.77233739964953,"upper_bound":19.33677061807647},"point_estimate":18.524284385790144,"standard_error":0.3960617184962081},"Median":{"confidence_interval":{"confidence_level":0.95,"lower_bound":15.537709407315234,"upper_bound":15.545275411577356},"point_estimate":15.540926384598845,"standard_error":0.3555647562734298},"MedianAbsDev":{"confidence_interval":{"confidence_level":0.95,"lower_bound":0.006995986172941103,"upper_bound":0.021577784322808815},"point_estimate":0.011960369286128573,"standard_error":0.22816873584347759},"Slope":{"confidence_interval":{"confidence_level":0.95,"lower_bound":15.894889450717058,"upper_bound":16.898094964695188},"point_estimate":16.335645646407998,"standard_error":0.25789886451024315},"StdDev":{"confidence_interval":{"confidence_level":0.95,"lower_bound":3.675236516871361,"upper_bound":4.130349166699855},"point_estimate":3.9803282318013517,"standard_error":0.12076321952086114}}