{"Mean":{"confidence_interval":{"confidence_level":0.95,"lower_bound":59.79581303512922,"upper_bound":62.23367518915152},"point_estimate":60.96524869656115,"standard_error":0.624096825424269},"Median":{"confidence_interval":{"confidence_level":0.95,"lower_bound":57.82564765317512,"upper_bound":57.8595846606015},"point_estimate":57.83599955094468,"standard_error":0.008563147054635999},"MedianAbsDev":{"confidence_interval":{"confidence_level":0.95,"lower_bound":0.03008333413866906,"upper_bound":0.09098090533617032},"point_estimate":0.05208065184160773,"standard_error":0.014676159955980307},"Slope":{"confidence_interval":{"confidence_level":0.95,"lower_bound":60.87492707987473,"upper_bound":64.53102903293278},"point_estimate":62.62552221904142,"standard_error":0.9350595363777006},"StdDev":{"confidence_interval":{"confidence_level":0.95,"lower_bound":5.193502361089938,"upper_bound":7.074199317965353},"point_estimate":6.258969130003881,"standard_error":0.4984952900138008}}