{"Mean":{"confidence_interval":{"confidence_level":0.95,"lower_bound":2337846.080817853,"upper_bound":2349866.6902715188},"point_estimate":2343153.1135305899,"standard_error":3075.2940312279827},"Median":{"confidence_interval":{"confidence_level":0.95,"lower_bound":2333067.01459421,"upper_bound":2336317.352272727},"point_estimate":2334388.8436247727,"standard_error":708.6308984860476},"MedianAbsDev":{"confidence_interval":{"confidence_level":0.95,"lower_bound":5334.0342547487239,"upper_bound":10025.480813109107},"point_estimate":7781.726011846812,"standard_error":1188.6950682585546},"Slope":{"confidence_interval":{"confidence_level":0.95,"lower_bound":2331107.0564864955,"upper_bound":2335913.282180374},"point_estimate":2332925.192079208,"standard_error":1278.6678116997817},"StdDev":{"confidence_interval":{"confidence_level":0.95,"lower_bound":14725.971865485759,"upper_bound":45809.79097285529},"point_estimate":30935.078008488454,"standard_error":8417.07124611011}}