{"Mean":{"confidence_interval":{"confidence_level":0.95,"lower_bound":2807.7914959017487,"upper_bound":2812.958072220453},"point_estimate":2810.233581900565,"standard_error":1.3237643156183357},"Median":{"confidence_interval":{"confidence_level":0.95,"lower_bound":2804.515374429684,"upper_bound":2807.1910688493019},"point_estimate":2805.54666098081,"standard_error":0.595199707114553},"MedianAbsDev":{"confidence_interval":{"confidence_level":0.95,"lower_bound":4.63082086216939,"upper_bound":8.471174644613774},"point_estimate":6.292318854850841,"standard_error":0.9496251705729905},"Slope":{"confidence_interval":{"confidence_level":0.95,"lower_bound":2803.918490822405,"upper_bound":2809.1708154692357},"point_estimate":2806.1513408662319,"standard_error":1.3508320180478098},"StdDev":{"confidence_interval":{"confidence_level":0.95,"lower_bound":9.32759696088498,"upper_bound":16.791516308124487},"point_estimate":13.296337709093243,"standard_error":1.909854330677524}}