{"Mean":{"confidence_interval":{"confidence_level":0.95,"lower_bound":8.91367298539145,"upper_bound":9.225582736903224},"point_estimate":9.067567440499829,"standard_error":0.0796979943034485},"Median":{"confidence_interval":{"confidence_level":0.95,"lower_bound":8.440725423309648,"upper_bound":8.636415289773453},"point_estimate":8.4440714023753,"standard_error":0.10054116474851156},"MedianAbsDev":{"confidence_interval":{"confidence_level":0.95,"lower_bound":0.010206655564752778,"upper_bound":0.3010419795507269},"point_estimate":0.01587293715698867,"standard_error":0.08520644752078988},"Slope":{"confidence_interval":{"confidence_level":0.95,"lower_bound":8.926972094188282,"upper_bound":9.35736322977021},"point_estimate":9.148037935223803,"standard_error":0.10997165656069454},"StdDev":{"confidence_interval":{"confidence_level":0.95,"lower_bound":0.7432094826390476,"upper_bound":0.8304010384181935},"point_estimate":0.8019351655018947,"standard_error":0.022849264657027868}}