{"Mean":{"confidence_interval":{"confidence_level":0.95,"lower_bound":0.6504860946105652,"upper_bound":0.6798701622118495},"point_estimate":0.6651127141345297,"standard_error":0.007523138037758808},"Median":{"confidence_interval":{"confidence_level":0.95,"lower_bound":0.6528999656736607,"upper_bound":0.6739344217371205},"point_estimate":0.6644368878461631,"standard_error":0.005161603681240206}}