{"Mean":{"confidence_interval":{"confidence_level":0.95,"lower_bound":40411.340849127366,"upper_bound":40467.781270182},"point_estimate":40437.45486540731,"standard_error":14.40283902204233},"Median":{"confidence_interval":{"confidence_level":0.95,"lower_bound":40381.44888888889,"upper_bound":40420.67011764705},"point_estimate":40402.85444805195,"standard_error":10.801845720015278},"MedianAbsDev":{"confidence_interval":{"confidence_level":0.95,"lower_bound":47.71813381013235,"upper_bound":99.13960899343238},"point_estimate":60.1108043864256,"standard_error":12.758912996292242},"Slope":{"confidence_interval":{"confidence_level":0.95,"lower_bound":40358.3831152907,"upper_bound":40378.803723675555},"point_estimate":40368.16277594207,"standard_error":5.202537739356993},"StdDev":{"confidence_interval":{"confidence_level":0.95,"lower_bound":92.2843814774479,"upper_bound":195.98730232742336},"point_estimate":144.5417529235414,"standard_error":27.112904177337425}}