{"Mean":{"confidence_interval":{"confidence_level":0.95,"lower_bound":1585002.9781301392,"upper_bound":1609869.9971772894},"point_estimate":1596575.1940951537,"standard_error":6365.098273765451},"Median":{"confidence_interval":{"confidence_level":0.95,"lower_bound":1567090.4266691674,"upper_bound":1573345.0},"point_estimate":1570641.615037594,"standard_error":1679.2789819934204},"MedianAbsDev":{"confidence_interval":{"confidence_level":0.95,"lower_bound":4603.164067780918,"upper_bound":12442.516131123179},"point_estimate":8911.487576854213,"standard_error":2120.087310421611},"Slope":{"confidence_interval":{"confidence_level":0.95,"lower_bound":1579214.6009778409,"upper_bound":1605171.997396475},"point_estimate":1591256.7008571006,"standard_error":6641.175614260503},"StdDev":{"confidence_interval":{"confidence_level":0.95,"lower_bound":43215.54937396044,"upper_bound":81519.90888384788},"point_estimate":63971.08817062445,"standard_error":9771.300887876063}}