{"Mean":{"confidence_interval":{"confidence_level":0.95,"lower_bound":268639.0368724834,"upper_bound":269491.9673335288},"point_estimate":269049.69209202376,"standard_error":217.55191420196887},"Median":{"confidence_interval":{"confidence_level":0.95,"lower_bound":267822.55,"upper_bound":268203.1407378741},"point_estimate":267991.76851106647,"standard_error":97.72233446204852},"MedianAbsDev":{"confidence_interval":{"confidence_level":0.95,"lower_bound":370.68016969379166,"upper_bound":851.5044942544641},"point_estimate":569.1977022640608,"standard_error":128.22430450643058},"Slope":{"confidence_interval":{"confidence_level":0.95,"lower_bound":269382.91179086858,"upper_bound":270950.65322539056},"point_estimate":270196.41768287276,"standard_error":400.8158000256737},"StdDev":{"confidence_interval":{"confidence_level":0.95,"lower_bound":1807.5039236756473,"upper_bound":2470.6700623286026},"point_estimate":2187.6251586586329,"standard_error":170.7529019404991}}