{"Mean":{"confidence_interval":{"confidence_level":0.95,"lower_bound":252014.0784704739,"upper_bound":252693.39758223846},"point_estimate":252338.61329848215,"standard_error":173.42550690490703},"Median":{"confidence_interval":{"confidence_level":0.95,"lower_bound":251545.8456737346,"upper_bound":251997.1625},"point_estimate":251620.5201714047,"standard_error":99.74460745666237},"MedianAbsDev":{"confidence_interval":{"confidence_level":0.95,"lower_bound":513.2877288261539,"upper_bound":967.3010206150609},"point_estimate":704.0527452699042,"standard_error":109.04832870411777},"Slope":{"confidence_interval":{"confidence_level":0.95,"lower_bound":251814.7723028743,"upper_bound":252815.94511368653},"point_estimate":252283.08636397223,"standard_error":257.8917777950951},"StdDev":{"confidence_interval":{"confidence_level":0.95,"lower_bound":1323.8434787543022,"upper_bound":2100.491443523866},"point_estimate":1744.6457689742475,"standard_error":197.75387826047345}}