{"Mean":{"confidence_interval":{"confidence_level":0.95,"lower_bound":2468837.867116114,"upper_bound":2511098.02649097},"point_estimate":2489598.0603379446,"standard_error":10759.481660621928},"Median":{"confidence_interval":{"confidence_level":0.95,"lower_bound":2411737.576558266,"upper_bound":2418284.5},"point_estimate":2413699.425,"standard_error":3880.708987252586},"MedianAbsDev":{"confidence_interval":{"confidence_level":0.95,"lower_bound":3888.169807588483,"upper_bound":15216.58843982027},"point_estimate":7159.161716402038,"standard_error":5197.897632145242},"Slope":{"confidence_interval":{"confidence_level":0.95,"lower_bound":2475274.9920657298,"upper_bound":2532925.3909827719},"point_estimate":2503457.2459997048,"standard_error":14689.623542769765},"StdDev":{"confidence_interval":{"confidence_level":0.95,"lower_bound":97856.29134712863,"upper_bound":113789.83582330086},"point_estimate":107946.50804533799,"standard_error":4119.0111591787649}}