{"Mean":{"confidence_interval":{"confidence_level":0.95,"lower_bound":875.9618382981839,"upper_bound":919.790144875222},"point_estimate":897.9270702251071,"standard_error":11.218319182351875},"Median":{"confidence_interval":{"confidence_level":0.95,"lower_bound":772.8946970601106,"upper_bound":1001.1704051796157},"point_estimate":1001.03510522285,"standard_error":75.35302768061227},"MedianAbsDev":{"confidence_interval":{"confidence_level":0.95,"lower_bound":0.6235123097092878,"upper_bound":166.1416768880436},"point_estimate":6.287770955147796,"standard_error":46.44727275856667},"Slope":{"confidence_interval":{"confidence_level":0.95,"lower_bound":843.3027146088608,"upper_bound":901.5564857786083},"point_estimate":872.6512188604114,"standard_error":14.907229502688216},"StdDev":{"confidence_interval":{"confidence_level":0.95,"lower_bound":108.61898866315728,"upper_bound":114.92516034287334},"point_estimate":113.24810847153727,"standard_error":1.6265757017231362}}