{"Mean":{"confidence_interval":{"confidence_level":0.95,"lower_bound":15051738.389851915,"upper_bound":15105442.113671912},"point_estimate":15077149.64441852,"standard_error":13707.257275893828},"Median":{"confidence_interval":{"confidence_level":0.95,"lower_bound":15006864.539325843,"upper_bound":15068784.657499999},"point_estimate":15046895.023166024,"standard_error":15677.930223169717},"MedianAbsDev":{"confidence_interval":{"confidence_level":0.95,"lower_bound":67442.93195621974,"upper_bound":129415.33772907417},"point_estimate":102965.0312917233,"standard_error":15624.38543774077},"Slope":{"confidence_interval":{"confidence_level":0.95,"lower_bound":15046402.560163446,"upper_bound":15096507.943027452},"point_estimate":15069113.55090291,"standard_error":12786.331056196746},"StdDev":{"confidence_interval":{"confidence_level":0.95,"lower_bound":96226.94859328104,"upper_bound":174928.1911147707},"point_estimate":138112.61385241306,"standard_error":20302.38199478448}}