{"Mean":{"confidence_interval":{"confidence_level":0.95,"lower_bound":54.552414424675408,"upper_bound":55.74020899391044},"point_estimate":55.115878297722158,"standard_error":0.3042336275088449},"Median":{"confidence_interval":{"confidence_level":0.95,"lower_bound":54.026815312832379,"upper_bound":54.07551089405676},"point_estimate":54.04664515515461,"standard_error":0.013715824595908994},"MedianAbsDev":{"confidence_interval":{"confidence_level":0.95,"lower_bound":0.09284137438295859,"upper_bound":0.1739825756665695},"point_estimate":0.12507658749048437,"standard_error":0.02133098118191671},"Slope":{"confidence_interval":{"confidence_level":0.95,"lower_bound":55.33803974705703,"upper_bound":57.82422332470765},"point_estimate":56.58180593159307,"standard_error":0.6365545675410924},"StdDev":{"confidence_interval":{"confidence_level":0.95,"lower_bound":2.177310278152947,"upper_bound":3.7057662557279569},"point_estimate":3.0510134734310134,"standard_error":0.39875639233062695}}