{"Mean":{"confidence_interval":{"confidence_level":0.95,"lower_bound":47714.97632954101,"upper_bound":47755.86143473627},"point_estimate":47733.231367389046,"standard_error":10.465871265250956},"Median":{"confidence_interval":{"confidence_level":0.95,"lower_bound":47695.04037267081,"upper_bound":47708.753792227275},"point_estimate":47700.87827380952,"standard_error":3.7891520744860784},"MedianAbsDev":{"confidence_interval":{"confidence_level":0.95,"lower_bound":16.6006514031733,"upper_bound":30.279760309270715},"point_estimate":21.400411709220358,"standard_error":3.345869199666949},"Slope":{"confidence_interval":{"confidence_level":0.95,"lower_bound":47687.00421127197,"upper_bound":47694.79013401343},"point_estimate":47690.960405609854,"standard_error":1.9742880631098006},"StdDev":{"confidence_interval":{"confidence_level":0.95,"lower_bound":56.36710287465082,"upper_bound":152.55762986167245},"point_estimate":105.58044376361372,"standard_error":25.635555610402567}}