{"Mean":{"confidence_interval":{"confidence_level":0.95,"lower_bound":336735108.523797,"upper_bound":337378171.26280507},"point_estimate":337015123.00291088,"standard_error":165746.34640045546},"Median":{"confidence_interval":{"confidence_level":0.95,"lower_bound":336406048.75,"upper_bound":336580338.11764708},"point_estimate":336480430.0975125,"standard_error":42818.61186037569},"MedianAbsDev":{"confidence_interval":{"confidence_level":0.95,"lower_bound":161378.61556824047,"upper_bound":359124.2096356335},"point_estimate":257043.68537093735,"standard_error":54736.50928599902},"Slope":{"confidence_interval":{"confidence_level":0.95,"lower_bound":336594083.71505907,"upper_bound":337029771.1031512},"point_estimate":336798135.9187971,"standard_error":111034.9480134474},"StdDev":{"confidence_interval":{"confidence_level":0.95,"lower_bound":736427.180179135,"upper_bound":2521206.601617979},"point_estimate":1669698.0652713213,"standard_error":487108.8014947327}}