{"Mean":{"confidence_interval":{"confidence_level":0.95,"lower_bound":900.0899106954006,"upper_bound":929.174047640612},"point_estimate":914.1430870398592,"standard_error":7.428102016644498},"Median":{"confidence_interval":{"confidence_level":0.95,"lower_bound":873.4466639567969,"upper_bound":874.9349509014392},"point_estimate":874.1234907737869,"standard_error":0.3463809974100846},"MedianAbsDev":{"confidence_interval":{"confidence_level":0.95,"lower_bound":1.0716594900485855,"upper_bound":3.002236701909667},"point_estimate":1.8974460358309462,"standard_error":0.4819212171503554},"Slope":{"confidence_interval":{"confidence_level":0.95,"lower_bound":918.0104704926522,"upper_bound":962.975772179554},"point_estimate":940.0799809043685,"standard_error":11.451531213934804},"StdDev":{"confidence_interval":{"confidence_level":0.95,"lower_bound":62.57859064373801,"upper_bound":82.50039318157462},"point_estimate":74.26983164223555,"standard_error":5.154318656037715}}