{"Mean":{"confidence_interval":{"confidence_level":0.95,"lower_bound":3206158.559347121,"upper_bound":3259156.4900364878},"point_estimate":3231675.586374694,"standard_error":13536.78872926996},"Median":{"confidence_interval":{"confidence_level":0.95,"lower_bound":3145061.3899159666,"upper_bound":3191754.9821428575},"point_estimate":3153988.6014056226,"standard_error":10547.958913115954},"MedianAbsDev":{"confidence_interval":{"confidence_level":0.95,"lower_bound":6322.814191321114,"upper_bound":72895.3525245991},"point_estimate":19836.19251261877,"standard_error":15087.046233953737},"Slope":{"confidence_interval":{"confidence_level":0.95,"lower_bound":3213032.479501266,"upper_bound":3276467.0194113429},"point_estimate":3244132.0965331757,"standard_error":16180.26023449898},"StdDev":{"confidence_interval":{"confidence_level":0.95,"lower_bound":108015.71988265953,"upper_bound":158835.9389503028},"point_estimate":135333.3741219222,"standard_error":12973.95791003877}}