{"Mean":{"confidence_interval":{"confidence_level":0.95,"lower_bound":23861636.833843456,"upper_bound":23940838.94063283},"point_estimate":23900867.175033548,"standard_error":20045.533083666236},"Median":{"confidence_interval":{"confidence_level":0.95,"lower_bound":23876227.333333333,"upper_bound":23914305.933971775},"point_estimate":23898595.996389025,"standard_error":9800.174543450228},"MedianAbsDev":{"confidence_interval":{"confidence_level":0.95,"lower_bound":90641.58533363538,"upper_bound":149267.02604920107},"point_estimate":118247.0929931345,"standard_error":14301.344212403988},"Slope":{"confidence_interval":{"confidence_level":0.95,"lower_bound":23869775.585014348,"upper_bound":23924027.84911722},"point_estimate":23896237.19578543,"standard_error":13811.374217758572},"StdDev":{"confidence_interval":{"confidence_level":0.95,"lower_bound":121749.89481152872,"upper_bound":276754.87496453619},"point_estimate":201304.76866136789,"standard_error":40312.89016624968}}