{"Mean":{"confidence_interval":{"confidence_level":0.95,"lower_bound":2354223.9363090007,"upper_bound":2386191.66059692},"point_estimate":2368134.080391036,"standard_error":8245.6832008254},"Median":{"confidence_interval":{"confidence_level":0.95,"lower_bound":2343796.716981132,"upper_bound":2348128.3491289198},"point_estimate":2345437.982057416,"standard_error":969.6959599157947},"MedianAbsDev":{"confidence_interval":{"confidence_level":0.95,"lower_bound":5748.68252900525,"upper_bound":11191.844806199839},"point_estimate":7868.927846988941,"standard_error":1321.1292377332523},"Slope":{"confidence_interval":{"confidence_level":0.95,"lower_bound":2346662.111219641,"upper_bound":2417063.7397622426},"point_estimate":2377308.7923422495,"standard_error":18124.979475470183},"StdDev":{"confidence_interval":{"confidence_level":0.95,"lower_bound":31496.44265939282,"upper_bound":124302.05900236433},"point_estimate":82855.54217061909,"standard_error":24152.63345695458}}