{"Mean":{"confidence_interval":{"confidence_level":0.95,"lower_bound":290051966.3895115,"upper_bound":290744845.0877855},"point_estimate":290401869.79189226,"standard_error":176464.3896653591},"Median":{"confidence_interval":{"confidence_level":0.95,"lower_bound":290325252.13236716,"upper_bound":290907488.9550562},"point_estimate":290656141.6403823,"standard_error":129173.710496985},"MedianAbsDev":{"confidence_interval":{"confidence_level":0.95,"lower_bound":1095424.2205516208,"upper_bound":2110180.111025321},"point_estimate":1496822.1516515224,"standard_error":282324.7105702398},"Slope":{"confidence_interval":{"confidence_level":0.95,"lower_bound":289080184.95378658,"upper_bound":290112055.6149794},"point_estimate":289593915.16928628,"standard_error":263625.21721037509},"StdDev":{"confidence_interval":{"confidence_level":0.95,"lower_bound":1510392.5870694214,"upper_bound":1999947.413598474},"point_estimate":1771010.7567418377,"standard_error":124230.66778534686}}