{"Mean":{"confidence_interval":{"confidence_level":0.95,"lower_bound":27.80424945488723,"upper_bound":28.281640665386477},"point_estimate":28.040527781082234,"standard_error":0.12169791538399576},"Median":{"confidence_interval":{"confidence_level":0.95,"lower_bound":27.118139884158248,"upper_bound":27.252915010410754},"point_estimate":27.165866999269896,"standard_error":0.1564087017815711},"MedianAbsDev":{"confidence_interval":{"confidence_level":0.95,"lower_bound":0.13662473769183304,"upper_bound":0.4325840561755453},"point_estimate":0.2138702872833955,"standard_error":0.13532397768586217},"Slope":{"confidence_interval":{"confidence_level":0.95,"lower_bound":27.77986272433048,"upper_bound":28.387809401139124},"point_estimate":28.064302283763938,"standard_error":0.1555989503079974},"StdDev":{"confidence_interval":{"confidence_level":0.95,"lower_bound":1.1363051935204725,"upper_bound":1.268688955976811},"point_estimate":1.2251105522714723,"standard_error":0.034563681717001578}}