{"Mean":{"confidence_interval":{"confidence_level":0.95,"lower_bound":48709.712868364215,"upper_bound":50124.37511862211},"point_estimate":49367.41622911713,"standard_error":362.86202192666635},"Median":{"confidence_interval":{"confidence_level":0.95,"lower_bound":48127.87876261716,"upper_bound":48143.96126659662},"point_estimate":48135.468245614036,"standard_error":4.45199810672937},"MedianAbsDev":{"confidence_interval":{"confidence_level":0.95,"lower_bound":19.86377322600069,"upper_bound":42.91309899479715},"point_estimate":29.666879190699484,"standard_error":6.156202850418195},"Slope":{"confidence_interval":{"confidence_level":0.95,"lower_bound":49334.0820642759,"upper_bound":52121.43317295358},"point_estimate":50678.28923055385,"standard_error":711.84265736215},"StdDev":{"confidence_interval":{"confidence_level":0.95,"lower_bound":2460.9629534181979,"upper_bound":4499.513964403716},"point_estimate":3646.7075825596959,"standard_error":509.2260258365098}}