{"Mean":{"confidence_interval":{"confidence_level":0.95,"lower_bound":249603.30524504206,"upper_bound":250214.22934687776},"point_estimate":249891.4000106613,"standard_error":156.35062957289},"Median":{"confidence_interval":{"confidence_level":0.95,"lower_bound":249257.36154244306,"upper_bound":249481.17605633805},"point_estimate":249330.10298295454,"standard_error":55.53819534478543},"MedianAbsDev":{"confidence_interval":{"confidence_level":0.95,"lower_bound":295.05333342395957,"upper_bound":576.55758302918},"point_estimate":407.05383272781338,"standard_error":73.2831570388656},"Slope":{"confidence_interval":{"confidence_level":0.95,"lower_bound":249192.64096932359,"upper_bound":249874.71708843643},"point_estimate":249496.00347273533,"standard_error":175.8199516997665},"StdDev":{"confidence_interval":{"confidence_level":0.95,"lower_bound":1082.1889975067359,"upper_bound":1970.4625449098156},"point_estimate":1569.055781640697,"standard_error":226.12907702544823}}