{"Mean":{"confidence_interval":{"confidence_level":0.95,"lower_bound":14253031.354489696,"upper_bound":14262075.173789975},"point_estimate":14257348.12880332,"standard_error":2301.0354090447506},"Median":{"confidence_interval":{"confidence_level":0.95,"lower_bound":14245517.88,"upper_bound":14248036.65625},"point_estimate":14246022.62037037,"standard_error":549.1786282006207},"MedianAbsDev":{"confidence_interval":{"confidence_level":0.95,"lower_bound":2951.942755470593,"upper_bound":6232.093526376275},"point_estimate":3793.569049592533,"standard_error":837.219461975244},"Slope":{"confidence_interval":{"confidence_level":0.95,"lower_bound":14255223.393819295,"upper_bound":14268231.907757063},"point_estimate":14261489.474777598,"standard_error":3331.3474729971819},"StdDev":{"confidence_interval":{"confidence_level":0.95,"lower_bound":18239.296481807607,"upper_bound":27128.077799002553},"point_estimate":23232.201282565216,"standard_error":2268.046594861043}}