{"Mean":{"confidence_interval":{"confidence_level":0.95,"lower_bound":8031.859123060904,"upper_bound":8130.611200587893},"point_estimate":8078.453797134358,"standard_error":25.329314179403509},"Median":{"confidence_interval":{"confidence_level":0.95,"lower_bound":7964.517741935484,"upper_bound":7989.040923076923},"point_estimate":7976.469929824561,"standard_error":6.860935576984092},"MedianAbsDev":{"confidence_interval":{"confidence_level":0.95,"lower_bound":34.74788307898467,"upper_bound":72.2630469852136},"point_estimate":52.983959267953839,"standard_error":10.146577569585338},"Slope":{"confidence_interval":{"confidence_level":0.95,"lower_bound":8103.605240068242,"upper_bound":8322.006870287525},"point_estimate":8214.272383602778,"standard_error":56.06816683707941},"StdDev":{"confidence_interval":{"confidence_level":0.95,"lower_bound":183.6155327071045,"upper_bound":310.6792491566715},"point_estimate":255.246666619714,"standard_error":32.39412006776669}}