{"Mean":{"confidence_interval":{"confidence_level":0.95,"lower_bound":0.9297958631686532,"upper_bound":0.9487155786681222},"point_estimate":0.9390366532614136,"standard_error":0.004805567910272375},"Median":{"confidence_interval":{"confidence_level":0.95,"lower_bound":0.9113887337073725,"upper_bound":0.9417805314096908},"point_estimate":0.9216594471775197,"standard_error":0.008394751727790279}}