{"Mean":{"confidence_interval":{"confidence_level":0.95,"lower_bound":6706447.230094843,"upper_bound":7177323.152489788},"point_estimate":6938560.017811012,"standard_error":120544.9663519148},"Median":{"confidence_interval":{"confidence_level":0.95,"lower_bound":5972231.0,"upper_bound":6789507.805194805},"point_estimate":5993920.355113637,"standard_error":227146.26604382957},"MedianAbsDev":{"confidence_interval":{"confidence_level":0.95,"lower_bound":20889.910837699004,"upper_bound":1229982.3436224219},"point_estimate":54867.160497816076,"standard_error":329465.61293084427},"Slope":{"confidence_interval":{"confidence_level":0.95,"lower_bound":6804617.188070568,"upper_bound":7428052.35126983},"point_estimate":7111721.044477612,"standard_error":158964.7588470983},"StdDev":{"confidence_interval":{"confidence_level":0.95,"lower_bound":1081269.950494801,"upper_bound":1306005.8139389728},"point_estimate":1208828.1061018827,"standard_error":57200.55125824099}}