{"Mean":{"confidence_interval":{"confidence_level":0.95,"lower_bound":15268.270535632428,"upper_bound":15281.420159660223},"point_estimate":15274.364384460348,"standard_error":3.366662721703788},"Median":{"confidence_interval":{"confidence_level":0.95,"lower_bound":15264.151985309772,"upper_bound":15267.874735096058},"point_estimate":15266.065837603983,"standard_error":1.1149012387946167},"MedianAbsDev":{"confidence_interval":{"confidence_level":0.95,"lower_bound":6.403763942941257,"upper_bound":12.383033364207743},"point_estimate":9.659216895822999,"standard_error":1.4609011723392438},"Slope":{"confidence_interval":{"confidence_level":0.95,"lower_bound":15261.73790466421,"upper_bound":15264.334618921683},"point_estimate":15262.95370711698,"standard_error":0.6641512981340354},"StdDev":{"confidence_interval":{"confidence_level":0.95,"lower_bound":20.12952849360214,"upper_bound":45.26633705543839},"point_estimate":33.849722026051107,"standard_error":6.419763234363977}}