{"Mean":{"confidence_interval":{"confidence_level":0.95,"lower_bound":52816414.06947062,"upper_bound":53495831.31555076},"point_estimate":53146502.11226855,"standard_error":173056.4858750545},"Median":{"confidence_interval":{"confidence_level":0.95,"lower_bound":52560161.24137931,"upper_bound":53119287.87965104},"point_estimate":52840142.605923097,"standard_error":134986.36222118443},"MedianAbsDev":{"confidence_interval":{"confidence_level":0.95,"lower_bound":1227240.84477395,"upper_bound":1856521.1120739412},"point_estimate":1552675.3046006605,"standard_error":171034.48985054237},"Slope":{"confidence_interval":{"confidence_level":0.95,"lower_bound":52625676.214734878,"upper_bound":53157110.26060678},"point_estimate":52887646.74339294,"standard_error":136145.2052704401},"StdDev":{"confidence_interval":{"confidence_level":0.95,"lower_bound":1408360.588176331,"upper_bound":2045496.0870915079},"point_estimate":1745159.8891787946,"standard_error":163236.60691592855}}