{"Mean":{"confidence_interval":{"confidence_level":0.95,"lower_bound":426528.32013966076,"upper_bound":429238.6457786201},"point_estimate":427865.3690438623,"standard_error":689.642434962039},"Median":{"confidence_interval":{"confidence_level":0.95,"lower_bound":422829.9259259259,"upper_bound":423085.4311403509},"point_estimate":422920.90689503736,"standard_error":495.9268084594336},"MedianAbsDev":{"confidence_interval":{"confidence_level":0.95,"lower_bound":549.540972639342,"upper_bound":2012.0707305307045},"point_estimate":900.0661048360943,"standard_error":599.9231646618061},"Slope":{"confidence_interval":{"confidence_level":0.95,"lower_bound":425274.0549203322,"upper_bound":428458.5785993895},"point_estimate":426808.0830944288,"standard_error":810.4710333498142},"StdDev":{"confidence_interval":{"confidence_level":0.95,"lower_bound":6380.19907607417,"upper_bound":7297.120807419985},"point_estimate":6960.290468135644,"standard_error":234.92867307187229}}