{"Mean":{"confidence_interval":{"confidence_level":0.95,"lower_bound":1755093.914183123,"upper_bound":1783302.2349382998},"point_estimate":1769496.0781493718,"standard_error":7206.7235346312859},"Median":{"confidence_interval":{"confidence_level":0.95,"lower_bound":1805649.195887446,"upper_bound":1808792.0555555556},"point_estimate":1806687.77130957,"standard_error":773.0584643778565},"MedianAbsDev":{"confidence_interval":{"confidence_level":0.95,"lower_bound":8930.150262510191,"upper_bound":28398.866092942157},"point_estimate":13322.083048593748,"standard_error":5027.964381289437},"Slope":{"confidence_interval":{"confidence_level":0.95,"lower_bound":1710204.0895434507,"upper_bound":1751297.045216973},"point_estimate":1730002.2670932466,"standard_error":10553.111190798498},"StdDev":{"confidence_interval":{"confidence_level":0.95,"lower_bound":63092.83363842935,"upper_bound":78273.30979027439},"point_estimate":72223.57229075507,"standard_error":3896.6500915315325}}