{"Mean":{"confidence_interval":{"confidence_level":0.95,"lower_bound":304552.5282264024,"upper_bound":308028.53558660487},"point_estimate":306284.8364468713,"standard_error":880.6938626033268},"Median":{"confidence_interval":{"confidence_level":0.95,"lower_bound":300030.0,"upper_bound":312520.07421875},"point_estimate":312183.8635981912,"standard_error":2811.6726931867249},"MedianAbsDev":{"confidence_interval":{"confidence_level":0.95,"lower_bound":680.4320472862708,"upper_bound":16967.39000349832},"point_estimate":1516.001041286059,"standard_error":5110.171759884774},"Slope":{"confidence_interval":{"confidence_level":0.95,"lower_bound":310669.8597951779,"upper_bound":312455.6746295623},"point_estimate":311596.3270067977,"standard_error":454.639743925099},"StdDev":{"confidence_interval":{"confidence_level":0.95,"lower_bound":8090.555358001479,"upper_bound":9575.618881335611},"point_estimate":8843.920660802018,"standard_error":381.0160378535968}}