{"Mean":{"confidence_interval":{"confidence_level":0.95,"lower_bound":3202921.121613441,"upper_bound":3254304.3931125465},"point_estimate":3227053.9648033,"standard_error":13146.776822124013},"Median":{"confidence_interval":{"confidence_level":0.95,"lower_bound":3151171.75,"upper_bound":3192653.592592593},"point_estimate":3173339.2572944296,"standard_error":11214.118400315605},"MedianAbsDev":{"confidence_interval":{"confidence_level":0.95,"lower_bound":17337.611303960555,"upper_bound":72073.9901846953},"point_estimate":46361.98519327291,"standard_error":14560.430614233252},"Slope":{"confidence_interval":{"confidence_level":0.95,"lower_bound":3191024.8606919206,"upper_bound":3248259.7705810104},"point_estimate":3218541.466839072,"standard_error":14609.879682377683},"StdDev":{"confidence_interval":{"confidence_level":0.95,"lower_bound":90950.3969963269,"upper_bound":171670.25506590939},"point_estimate":132853.37730784864,"standard_error":20858.030949773274}}