{"Mean":{"confidence_interval":{"confidence_level":0.95,"lower_bound":6162481.879807334,"upper_bound":6253452.090910645},"point_estimate":6206956.59289507,"standard_error":23134.48674233118},"Median":{"confidence_interval":{"confidence_level":0.95,"lower_bound":6140083.557065217,"upper_bound":6274960.476190476},"point_estimate":6182521.693877552,"standard_error":42803.320973297785},"MedianAbsDev":{"confidence_interval":{"confidence_level":0.95,"lower_bound":191900.04830913773,"upper_bound":303427.28883023009},"point_estimate":276795.3883934134,"standard_error":31469.340803621195},"Slope":{"confidence_interval":{"confidence_level":0.95,"lower_bound":6119339.473738221,"upper_bound":6242864.392808409},"point_estimate":6178487.287214423,"standard_error":31482.62529035207},"StdDev":{"confidence_interval":{"confidence_level":0.95,"lower_bound":193685.297204254,"upper_bound":272919.93442576387},"point_estimate":232563.55170441318,"standard_error":20459.133658895727}}