{"Mean":{"confidence_interval":{"confidence_level":0.95,"lower_bound":252105.96869817819,"upper_bound":268008.0051144328},"point_estimate":259931.49048735298,"standard_error":4064.6000049193},"Median":{"confidence_interval":{"confidence_level":0.95,"lower_bound":228197.04731081928,"upper_bound":228321.82105263158},"point_estimate":228237.77639172253,"standard_error":5185.742063596676},"MedianAbsDev":{"confidence_interval":{"confidence_level":0.95,"lower_bound":133.25753589726234,"upper_bound":482.76493156278635},"point_estimate":225.49260170796794,"standard_error":3851.4041150444497},"Slope":{"confidence_interval":{"confidence_level":0.95,"lower_bound":232869.33341460463,"upper_bound":242787.18906182986},"point_estimate":237241.56837653317,"standard_error":2550.238154968612},"StdDev":{"confidence_interval":{"confidence_level":0.95,"lower_bound":38059.77913575628,"upper_bound":42436.31745303234},"point_estimate":41009.04184520387,"standard_error":1146.1845291379817}}