{"Mean":{"confidence_interval":{"confidence_level":0.95,"lower_bound":3432.97359248283,"upper_bound":3452.6021801989957},"point_estimate":3441.9908089985949,"standard_error":5.023783113529263},"Median":{"confidence_interval":{"confidence_level":0.95,"lower_bound":3424.878462486464,"upper_bound":3430.416799825265},"point_estimate":3427.980533912454,"standard_error":1.3456791889837566},"MedianAbsDev":{"confidence_interval":{"confidence_level":0.95,"lower_bound":9.226805940506598,"upper_bound":15.310050561788036},"point_estimate":12.240823726513982,"standard_error":1.5504537631401179},"Slope":{"confidence_interval":{"confidence_level":0.95,"lower_bound":3423.6991370448706,"upper_bound":3429.105906329808},"point_estimate":3426.205525870255,"standard_error":1.38106721095981},"StdDev":{"confidence_interval":{"confidence_level":0.95,"lower_bound":30.254823698952234,"upper_bound":66.25944058072472},"point_estimate":50.680935429940159,"standard_error":9.17466669145642}}