{"Mean":{"confidence_interval":{"confidence_level":0.95,"lower_bound":97459.71768059308,"upper_bound":98817.61525508762},"point_estimate":98105.67626350287,"standard_error":347.01720071850817},"Median":{"confidence_interval":{"confidence_level":0.95,"lower_bound":96038.1828327922,"upper_bound":98317.51077741702},"point_estimate":96755.67922077922,"standard_error":733.7976339562755},"MedianAbsDev":{"confidence_interval":{"confidence_level":0.95,"lower_bound":931.7173170251401,"upper_bound":3460.050505014508},"point_estimate":2071.2151962197824,"standard_error":729.7311191813544},"Slope":{"confidence_interval":{"confidence_level":0.95,"lower_bound":98448.82988865221,"upper_bound":100332.68832701235},"point_estimate":99376.86649515698,"standard_error":481.51423528673146},"StdDev":{"confidence_interval":{"confidence_level":0.95,"lower_bound":2564.41772385642,"upper_bound":4368.721381672177},"point_estimate":3478.0373252040988,"standard_error":465.41393933734198}}