{"Mean":{"confidence_interval":{"confidence_level":0.95,"lower_bound":2191841.478652753,"upper_bound":2208039.9447255718},"point_estimate":2199445.3215925607,"standard_error":4155.848548768951},"Median":{"confidence_interval":{"confidence_level":0.95,"lower_bound":2186116.833185579,"upper_bound":2187647.5},"point_estimate":2186652.2079365078,"standard_error":406.1696063957563},"MedianAbsDev":{"confidence_interval":{"confidence_level":0.95,"lower_bound":3003.39147557916,"upper_bound":8484.722851765451},"point_estimate":4956.0621483758509,"standard_error":1563.16079256892},"Slope":{"confidence_interval":{"confidence_level":0.95,"lower_bound":2201796.4205925248,"upper_bound":2233249.737456199},"point_estimate":2217565.1632008275,"standard_error":8021.163997525601},"StdDev":{"confidence_interval":{"confidence_level":0.95,"lower_bound":30033.34662334134,"upper_bound":50102.93750725347},"point_estimate":41592.95551831385,"standard_error":5060.560894476997}}