{"Mean":{"confidence_interval":{"confidence_level":0.95,"lower_bound":1380966.6607713488,"upper_bound":1395503.6628767788},"point_estimate":1387970.2217317785,"standard_error":3708.47193013467},"Median":{"confidence_interval":{"confidence_level":0.95,"lower_bound":1367496.04,"upper_bound":1371053.2857142857},"point_estimate":1369467.2583333334,"standard_error":930.1041684479737},"MedianAbsDev":{"confidence_interval":{"confidence_level":0.95,"lower_bound":7106.639018276341,"upper_bound":12610.679007176444},"point_estimate":10318.335017810034,"standard_error":1440.0796161890024},"Slope":{"confidence_interval":{"confidence_level":0.95,"lower_bound":1386515.4913610395,"upper_bound":1408516.385120057},"point_estimate":1397298.6450628048,"standard_error":5605.511191761388},"StdDev":{"confidence_interval":{"confidence_level":0.95,"lower_bound":30927.45663675029,"upper_bound":42506.490928286235},"point_estimate":37301.16988720433,"standard_error":2957.6852437113304}}