{"Mean":{"confidence_interval":{"confidence_level":0.95,"lower_bound":46319434.53594499,"upper_bound":46548236.396084178},"point_estimate":46433744.956501189,"standard_error":58259.144450994354},"Median":{"confidence_interval":{"confidence_level":0.95,"lower_bound":46185997.44444445,"upper_bound":46578025.38297872},"point_estimate":46411739.95075758,"standard_error":116763.87749029177},"MedianAbsDev":{"confidence_interval":{"confidence_level":0.95,"lower_bound":495874.737082823,"upper_bound":742869.8175239223},"point_estimate":647379.7752878483,"standard_error":63526.66678118022},"Slope":{"confidence_interval":{"confidence_level":0.95,"lower_bound":46359516.548020329,"upper_bound":46566193.22797915},"point_estimate":46460669.50487365,"standard_error":52686.15434606107},"StdDev":{"confidence_interval":{"confidence_level":0.95,"lower_bound":487570.8769788381,"upper_bound":689101.1032391805},"point_estimate":586447.2585577516,"standard_error":52039.882360977695}}