{"Mean":{"confidence_interval":{"confidence_level":0.95,"lower_bound":4197910.730485143,"upper_bound":4252996.989550424},"point_estimate":4221920.091339175,"standard_error":14210.09041872177},"Median":{"confidence_interval":{"confidence_level":0.95,"lower_bound":4174962.412987013,"upper_bound":4181448.3333333337},"point_estimate":4178203.973129392,"standard_error":1785.299950911699},"MedianAbsDev":{"confidence_interval":{"confidence_level":0.95,"lower_bound":7400.556115748172,"upper_bound":17668.730498658402},"point_estimate":11671.491108373719,"standard_error":2809.6978497002576},"Slope":{"confidence_interval":{"confidence_level":0.95,"lower_bound":4198918.973555817,"upper_bound":4304357.220730854},"point_estimate":4242779.143520024,"standard_error":27595.95447217947},"StdDev":{"confidence_interval":{"confidence_level":0.95,"lower_bound":53647.8551685196,"upper_bound":211015.57004378816},"point_estimate":142366.42336964803,"standard_error":41119.60382926375}}