{"Mean":{"confidence_interval":{"confidence_level":0.95,"lower_bound":52.38975509670695,"upper_bound":52.920273889747459},"point_estimate":52.60035131362263,"standard_error":0.14219212546422886},"Median":{"confidence_interval":{"confidence_level":0.95,"lower_bound":52.339816335218639,"upper_bound":52.433894731121437},"point_estimate":52.38590410319475,"standard_error":0.02314164560988244},"MedianAbsDev":{"confidence_interval":{"confidence_level":0.95,"lower_bound":0.07768305515330372,"upper_bound":0.14039498147675376},"point_estimate":0.11268153416690785,"standard_error":0.015551640225096319},"Slope":{"confidence_interval":{"confidence_level":0.95,"lower_bound":52.37073396121289,"upper_bound":53.846178356838709},"point_estimate":52.9714889918225,"standard_error":0.4003666676943091},"StdDev":{"confidence_interval":{"confidence_level":0.95,"lower_bound":0.0963986637454882,"upper_bound":2.269752561100709},"point_estimate":1.4281375672367498,"standard_error":0.597934831604506}}