{"Mean":{"confidence_interval":{"confidence_level":0.95,"lower_bound":3173.6641453711047,"upper_bound":3198.104940522958},"point_estimate":3185.543202186373,"standard_error":6.231060611427661},"Median":{"confidence_interval":{"confidence_level":0.95,"lower_bound":3142.9407511902666,"upper_bound":3181.4933501078364},"point_estimate":3164.57501283763,"standard_error":9.91883157885965},"MedianAbsDev":{"confidence_interval":{"confidence_level":0.95,"lower_bound":28.137336867259675,"upper_bound":70.74017754091286},"point_estimate":51.86099661702611,"standard_error":11.929907232148127},"Slope":{"confidence_interval":{"confidence_level":0.95,"lower_bound":3184.075598376476,"upper_bound":3218.442393769464},"point_estimate":3200.8343836199776,"standard_error":8.734892392175356},"StdDev":{"confidence_interval":{"confidence_level":0.95,"lower_bound":51.77706248646412,"upper_bound":72.89107912725096},"point_estimate":62.69782711140063,"standard_error":5.425555744969581}}