{"Mean":{"confidence_interval":{"confidence_level":0.95,"lower_bound":136686.35578542934,"upper_bound":137576.99974453538},"point_estimate":137116.51111342203,"standard_error":228.1019702382573},"Median":{"confidence_interval":{"confidence_level":0.95,"lower_bound":136073.77796352586,"upper_bound":136224.8338414634},"point_estimate":136138.9597149123,"standard_error":40.111858180794779},"MedianAbsDev":{"confidence_interval":{"confidence_level":0.95,"lower_bound":341.78968609626096,"upper_bound":782.3813871856212},"point_estimate":613.177332335086,"standard_error":113.8125545887673},"Slope":{"confidence_interval":{"confidence_level":0.95,"lower_bound":137664.83654903269,"upper_bound":139328.89411814363},"point_estimate":138536.31524198317,"standard_error":426.3825428451181},"StdDev":{"confidence_interval":{"confidence_level":0.95,"lower_bound":1853.2008938295492,"upper_bound":2627.707070342363},"point_estimate":2299.6777681891919,"standard_error":199.47980798365644}}