{"Mean":{"confidence_interval":{"confidence_level":0.95,"lower_bound":3755591.857995137,"upper_bound":3782579.086971764},"point_estimate":3768275.9761017917,"standard_error":6908.598217935517},"Median":{"confidence_interval":{"confidence_level":0.95,"lower_bound":3738495.205128205,"upper_bound":3743189.4615384617},"point_estimate":3742216.841042893,"standard_error":1429.0525654608396},"MedianAbsDev":{"confidence_interval":{"confidence_level":0.95,"lower_bound":6685.925218947715,"upper_bound":17439.619929744436},"point_estimate":13535.678565527101,"standard_error":3280.26839387268},"Slope":{"confidence_interval":{"confidence_level":0.95,"lower_bound":3766309.7565666527,"upper_bound":3804644.153912067},"point_estimate":3784641.786389833,"standard_error":9803.311536818732},"StdDev":{"confidence_interval":{"confidence_level":0.95,"lower_bound":49916.407169691454,"upper_bound":85144.84706399834},"point_estimate":69193.70880554953,"standard_error":9003.151319159719}}