{"Mean":{"confidence_interval":{"confidence_level":0.95,"lower_bound":5708345.9842565939,"upper_bound":5897572.721503404},"point_estimate":5801146.526361249,"standard_error":48471.95164684504},"Median":{"confidence_interval":{"confidence_level":0.95,"lower_bound":5707221.81617647,"upper_bound":5791327.116666667},"point_estimate":5784285.072649572,"standard_error":30767.90053289554},"MedianAbsDev":{"confidence_interval":{"confidence_level":0.95,"lower_bound":397154.8498852026,"upper_bound":685680.4139016585},"point_estimate":595602.6073698803,"standard_error":79122.39889621405},"Slope":{"confidence_interval":{"confidence_level":0.95,"lower_bound":5684125.23259579,"upper_bound":5937866.51264173},"point_estimate":5807019.270814246,"standard_error":64657.40880682575},"StdDev":{"confidence_interval":{"confidence_level":0.95,"lower_bound":411404.09186033825,"upper_bound":553373.5988983545},"point_estimate":487948.88809833579,"standard_error":36183.48973699678}}