{"Mean":{"confidence_interval":{"confidence_level":0.95,"lower_bound":1819862.5818047364,"upper_bound":1856491.42056123},"point_estimate":1836001.8102109899,"standard_error":9336.0043353655},"Median":{"confidence_interval":{"confidence_level":0.95,"lower_bound":1816722.8461538463,"upper_bound":1816921.0},"point_estimate":1816861.0925404644,"standard_error":44.19872999896603},"MedianAbsDev":{"confidence_interval":{"confidence_level":0.95,"lower_bound":470.4491298057652,"upper_bound":1083.0139371830454},"point_estimate":745.7357645257033,"standard_error":171.38772818316498},"Slope":{"confidence_interval":{"confidence_level":0.95,"lower_bound":1822763.3086939955,"upper_bound":1906241.7674427108},"point_estimate":1860995.5662243239,"standard_error":21353.160759649094},"StdDev":{"confidence_interval":{"confidence_level":0.95,"lower_bound":21065.225790599456,"upper_bound":137448.46198398737},"point_estimate":93806.53360592968,"standard_error":27278.259715243246}}