{"Mean":{"confidence_interval":{"confidence_level":0.95,"lower_bound":444762.9512332634,"upper_bound":493799.9007828323},"point_estimate":469224.9736289428,"standard_error":12542.946972465026},"Median":{"confidence_interval":{"confidence_level":0.95,"lower_bound":343368.1515151515,"upper_bound":572572.4608695651},"point_estimate":454258.3812169312,"standard_error":91816.08838250417},"MedianAbsDev":{"confidence_interval":{"confidence_level":0.95,"lower_bound":1991.7442566673852,"upper_bound":208698.6623457684},"point_estimate":166430.27719429567,"standard_error":66584.5043012311},"Slope":{"confidence_interval":{"confidence_level":0.95,"lower_bound":524077.713685963,"upper_bound":567442.9655078644},"point_estimate":547696.4661425545,"standard_error":11131.431062595677},"StdDev":{"confidence_interval":{"confidence_level":0.95,"lower_bound":119917.307889347,"upper_bound":130644.12064991133},"point_estimate":126040.71922149841,"standard_error":2737.67164371502}}