{"Mean":{"confidence_interval":{"confidence_level":0.95,"lower_bound":112.63644891464473,"upper_bound":117.98464901583707},"point_estimate":115.21169541692098,"standard_error":1.3617209299284734},"Median":{"confidence_interval":{"confidence_level":0.95,"lower_bound":108.21681702703242,"upper_bound":108.34159526459604},"point_estimate":108.28116800146029,"standard_error":0.03321642413037629},"MedianAbsDev":{"confidence_interval":{"confidence_level":0.95,"lower_bound":0.12390489034797615,"upper_bound":0.32460448345337669},"point_estimate":0.19072930068576647,"standard_error":0.053746530770059388},"Slope":{"confidence_interval":{"confidence_level":0.95,"lower_bound":115.48896088566045,"upper_bound":123.70245417448055},"point_estimate":119.47523158095011,"standard_error":2.1031504006539465},"StdDev":{"confidence_interval":{"confidence_level":0.95,"lower_bound":11.282402243322185,"upper_bound":15.390735340847398},"point_estimate":13.664849090197775,"standard_error":1.056407910540647}}