{"Mean":{"confidence_interval":{"confidence_level":0.95,"lower_bound":65647970.69141332,"upper_bound":66566008.71407291},"point_estimate":66055198.8695628,"standard_error":235953.03563061759},"Median":{"confidence_interval":{"confidence_level":0.95,"lower_bound":65423965.56619385,"upper_bound":65496000.84},"point_estimate":65478169.77851021,"standard_error":19491.69759318265},"MedianAbsDev":{"confidence_interval":{"confidence_level":0.95,"lower_bound":106101.1059938778,"upper_bound":254431.33881740183},"point_estimate":176533.24946590965,"standard_error":40890.15164934076},"Slope":{"confidence_interval":{"confidence_level":0.95,"lower_bound":65589378.77200879,"upper_bound":66630447.10606523},"point_estimate":66078202.681811738,"standard_error":266727.2566731202},"StdDev":{"confidence_interval":{"confidence_level":0.95,"lower_bound":1114178.799833285,"upper_bound":3456264.3573536409},"point_estimate":2374526.3865943227,"standard_error":609795.2347489428}}