{"Mean":{"confidence_interval":{"confidence_level":0.95,"lower_bound":248.50677344867544,"upper_bound":262.36036930176928},"point_estimate":255.29607450280037,"standard_error":3.546597782191403},"Median":{"confidence_interval":{"confidence_level":0.95,"lower_bound":233.5204056488517,"upper_bound":233.7106843952484},"point_estimate":233.59195898370684,"standard_error":0.27824425949761708},"MedianAbsDev":{"confidence_interval":{"confidence_level":0.95,"lower_bound":0.27588055675032488,"upper_bound":0.667044156158642},"point_estimate":0.40730249231896906,"standard_error":0.17263605395911256},"Slope":{"confidence_interval":{"confidence_level":0.95,"lower_bound":257.545905523131,"upper_bound":278.10254661252409},"point_estimate":267.62331113369069,"standard_error":5.249916546128429},"StdDev":{"confidence_interval":{"confidence_level":0.95,"lower_bound":31.37203863523524,"upper_bound":38.741734454290739},"point_estimate":35.73424937653602,"standard_error":1.949607317281713}}