{"Mean":{"confidence_interval":{"confidence_level":0.95,"lower_bound":84012.39757893679,"upper_bound":86611.81763785707},"point_estimate":85192.53757845119,"standard_error":674.4268717101899},"Median":{"confidence_interval":{"confidence_level":0.95,"lower_bound":83373.40384615385,"upper_bound":83399.85364583333},"point_estimate":83385.13571985447,"standard_error":6.911612901655165},"MedianAbsDev":{"confidence_interval":{"confidence_level":0.95,"lower_bound":33.19483137963782,"upper_bound":73.44028624002779},"point_estimate":48.21118765214156,"standard_error":10.232494844932285},"Slope":{"confidence_interval":{"confidence_level":0.95,"lower_bound":85116.75840135086,"upper_bound":91674.63459820372},"point_estimate":88298.44058667061,"standard_error":1693.5261470847452},"StdDev":{"confidence_interval":{"confidence_level":0.95,"lower_bound":3987.187990398734,"upper_bound":8899.697620102657},"point_estimate":6765.818342133482,"standard_error":1308.5754687484346}}