{"Mean":{"confidence_interval":{"confidence_level":0.95,"lower_bound":252862.80461486657,"upper_bound":261402.13686027524},"point_estimate":256873.51046033525,"standard_error":2181.5670984922937},"Median":{"confidence_interval":{"confidence_level":0.95,"lower_bound":248777.6201923077,"upper_bound":249131.31127450983},"point_estimate":248960.19953416149,"standard_error":103.87418248807177},"MedianAbsDev":{"confidence_interval":{"confidence_level":0.95,"lower_bound":367.33417258325985,"upper_bound":873.2040999777121},"point_estimate":593.9650700800179,"standard_error":133.23000268010473},"Slope":{"confidence_interval":{"confidence_level":0.95,"lower_bound":259783.13573141173,"upper_bound":278866.08719599},"point_estimate":269417.71351189599,"standard_error":4878.4218889540529},"StdDev":{"confidence_interval":{"confidence_level":0.95,"lower_bound":15630.632050866843,"upper_bound":26712.4332654691},"point_estimate":21901.818439029834,"standard_error":2897.3330306358154}}