{"Mean":{"confidence_interval":{"confidence_level":0.95,"lower_bound":21.58427277258092,"upper_bound":22.28832122291607},"point_estimate":21.92444734335805,"standard_error":0.17931944340386106},"Median":{"confidence_interval":{"confidence_level":0.95,"lower_bound":20.93643623098489,"upper_bound":20.96641530193169},"point_estimate":20.942630098999638,"standard_error":0.006901215701654866},"MedianAbsDev":{"confidence_interval":{"confidence_level":0.95,"lower_bound":0.021001024717025267,"upper_bound":0.06358985713889499},"point_estimate":0.031121864752882628,"standard_error":0.010306589282085114},"Slope":{"confidence_interval":{"confidence_level":0.95,"lower_bound":21.841171470104077,"upper_bound":22.855372192228509},"point_estimate":22.325846213806906,"standard_error":0.2596457888585067},"StdDev":{"confidence_interval":{"confidence_level":0.95,"lower_bound":1.5196150623024179,"upper_bound":1.9982987681008724},"point_estimate":1.8057787735449789,"standard_error":0.12231172986118649}}