{"Mean":{"confidence_interval":{"confidence_level":0.95,"lower_bound":2765761.357357615,"upper_bound":2797561.1408404509},"point_estimate":2781514.4342439475,"standard_error":8105.708381894879},"Median":{"confidence_interval":{"confidence_level":0.95,"lower_bound":2742622.1951219516,"upper_bound":2789180.1},"point_estimate":2760943.1544622427,"standard_error":11467.633045415734},"MedianAbsDev":{"confidence_interval":{"confidence_level":0.95,"lower_bound":56354.103062371825,"upper_bound":105272.90068903238},"point_estimate":83931.4558496659,"standard_error":11786.318654224071},"Slope":{"confidence_interval":{"confidence_level":0.95,"lower_bound":2748790.095195552,"upper_bound":2786572.2735382209},"point_estimate":2767284.8082488549,"standard_error":9667.882885169734},"StdDev":{"confidence_interval":{"confidence_level":0.95,"lower_bound":71977.42796964906,"upper_bound":89999.19368890967},"point_estimate":81825.85511253454,"standard_error":4609.19625865439}}