{"Mean":{"confidence_interval":{"confidence_level":0.95,"lower_bound":0.015105814510497851,"upper_bound":0.034254156658544778},"point_estimate":0.02507241905970048,"standard_error":0.004827424080528105},"Median":{"confidence_interval":{"confidence_level":0.95,"lower_bound":-0.01030727299693901,"upper_bound":-0.006820023939991593},"point_estimate":-0.009041765751438114,"standard_error":0.000953536920003525}}