{"Mean":{"confidence_interval":{"confidence_level":0.95,"lower_bound":15956484.149480727,"upper_bound":15972107.458071519},"point_estimate":15963465.210254755,"standard_error":4000.473857966118},"Median":{"confidence_interval":{"confidence_level":0.95,"lower_bound":15952038.829188146,"upper_bound":15966667.166666666},"point_estimate":15957688.967479675,"standard_error":3732.490888002696},"MedianAbsDev":{"confidence_interval":{"confidence_level":0.95,"lower_bound":19909.77434454606,"upper_bound":29958.740090544652},"point_estimate":25641.0253943776,"standard_error":2588.427104833948},"Slope":{"confidence_interval":{"confidence_level":0.95,"lower_bound":15945438.229838627,"upper_bound":15954058.829278525},"point_estimate":15949535.289404463,"standard_error":2201.646176999236},"StdDev":{"confidence_interval":{"confidence_level":0.95,"lower_bound":21629.28216484778,"upper_bound":59847.63496421541},"point_estimate":40311.03843159849,"standard_error":11189.16175025642}}