{"Mean":{"confidence_interval":{"confidence_level":0.95,"lower_bound":27.32063037597098,"upper_bound":27.75813102299002},"point_estimate":27.529801484533043,"standard_error":0.11175160582522612},"Median":{"confidence_interval":{"confidence_level":0.95,"lower_bound":26.93817846287451,"upper_bound":26.979123175456765},"point_estimate":26.947681797963999,"standard_error":0.013513743723684148},"MedianAbsDev":{"confidence_interval":{"confidence_level":0.95,"lower_bound":0.029708937873476339,"upper_bound":0.08807938220168758},"point_estimate":0.044953200597871927,"standard_error":0.017528763962563543},"Slope":{"confidence_interval":{"confidence_level":0.95,"lower_bound":27.226342789569029,"upper_bound":27.88583248258447},"point_estimate":27.5488871415398,"standard_error":0.16898108792928613},"StdDev":{"confidence_interval":{"confidence_level":0.95,"lower_bound":0.9329264865437136,"upper_bound":1.2667976097370269},"point_estimate":1.1253794606317403,"standard_error":0.08588662778097588}}