{"Mean":{"confidence_interval":{"confidence_level":0.95,"lower_bound":563391.3541258809,"upper_bound":581312.387066013},"point_estimate":571599.4291739247,"standard_error":4583.802887295829},"Median":{"confidence_interval":{"confidence_level":0.95,"lower_bound":541581.9516129033,"upper_bound":567003.8901785715},"point_estimate":566045.8511204482,"standard_error":10394.572724721682},"MedianAbsDev":{"confidence_interval":{"confidence_level":0.95,"lower_bound":4141.580621947007,"upper_bound":38562.560926418446},"point_estimate":37533.22229076611,"standard_error":13314.193093965907},"Slope":{"confidence_interval":{"confidence_level":0.95,"lower_bound":552006.2949863091,"upper_bound":563797.2290539933},"point_estimate":557375.9937756761,"standard_error":3016.1488821069626},"StdDev":{"confidence_interval":{"confidence_level":0.95,"lower_bound":29405.688467869695,"upper_bound":64519.30613764774},"point_estimate":45900.59918267006,"standard_error":10223.420144941447}}