{"Mean":{"confidence_interval":{"confidence_level":0.95,"lower_bound":6350936.807924923,"upper_bound":6432992.204610386},"point_estimate":6392228.60672775,"standard_error":20903.048121330132},"Median":{"confidence_interval":{"confidence_level":0.95,"lower_bound":6334467.866666666,"upper_bound":6510662.863013699},"point_estimate":6417194.874107143,"standard_error":45436.042768101266},"MedianAbsDev":{"confidence_interval":{"confidence_level":0.95,"lower_bound":162733.108246079,"upper_bound":318604.5176302915},"point_estimate":255687.41631189115,"standard_error":36478.91203236132},"Slope":{"confidence_interval":{"confidence_level":0.95,"lower_bound":6396938.874822004,"upper_bound":6479356.781571606},"point_estimate":6438819.1720319199,"standard_error":21064.059389543716},"StdDev":{"confidence_interval":{"confidence_level":0.95,"lower_bound":188228.69066627493,"upper_bound":228918.49152198784},"point_estimate":209726.03090447494,"standard_error":10375.319579518322}}