{"Mean":{"confidence_interval":{"confidence_level":0.95,"lower_bound":1189167.1996563816,"upper_bound":1220311.5469556794},"point_estimate":1204823.8494556938,"standard_error":7956.424002581952},"Median":{"confidence_interval":{"confidence_level":0.95,"lower_bound":1190509.9655172413,"upper_bound":1273201.4886363636},"point_estimate":1191137.8119565217,"standard_error":21774.556703378952},"MedianAbsDev":{"confidence_interval":{"confidence_level":0.95,"lower_bound":44301.91795823296,"upper_bound":133906.2023653525},"point_estimate":128154.16844058532,"standard_error":22564.14790764843},"Slope":{"confidence_interval":{"confidence_level":0.95,"lower_bound":1195166.6734007369,"upper_bound":1238329.3835202119},"point_estimate":1217417.5489581794,"standard_error":11022.648373417624},"StdDev":{"confidence_interval":{"confidence_level":0.95,"lower_bound":74117.59917810676,"upper_bound":84797.10082155497},"point_estimate":79999.74346594569,"standard_error":2719.3265950581096}}