{"Mean":{"confidence_interval":{"confidence_level":0.95,"lower_bound":6664429.9221521229,"upper_bound":6721846.198590895},"point_estimate":6692023.455117806,"standard_error":14674.569758606012},"Median":{"confidence_interval":{"confidence_level":0.95,"lower_bound":6613027.918320106,"upper_bound":6639213.2283333339},"point_estimate":6618710.573260074,"standard_error":6380.458112027134},"MedianAbsDev":{"confidence_interval":{"confidence_level":0.95,"lower_bound":16068.239065890879,"upper_bound":52597.47858356154},"point_estimate":27297.14030046146,"standard_error":8867.60997069686},"Slope":{"confidence_interval":{"confidence_level":0.95,"lower_bound":6656179.003881609,"upper_bound":6713533.549166929},"point_estimate":6682054.945846017,"standard_error":14672.594279222852},"StdDev":{"confidence_interval":{"confidence_level":0.95,"lower_bound":114459.93793231236,"upper_bound":173617.66953358017},"point_estimate":147557.21804731526,"standard_error":15107.389641985077}}