{"Mean":{"confidence_interval":{"confidence_level":0.95,"lower_bound":580686.4889391238,"upper_bound":596576.4957709099},"point_estimate":588166.6926873032,"standard_error":4046.998282955483},"Median":{"confidence_interval":{"confidence_level":0.95,"lower_bound":561782.7916666666,"upper_bound":597975.2979797979},"point_estimate":564918.3125,"standard_error":11088.241564276246},"MedianAbsDev":{"confidence_interval":{"confidence_level":0.95,"lower_bound":1191.1499711000398,"upper_bound":48777.11010665812},"point_estimate":5986.947018697644,"standard_error":14010.927690315795},"Slope":{"confidence_interval":{"confidence_level":0.95,"lower_bound":587254.9276485657,"upper_bound":612499.5997890177},"point_estimate":598874.9785207625,"standard_error":6489.627063984921},"StdDev":{"confidence_interval":{"confidence_level":0.95,"lower_bound":26663.428460646614,"upper_bound":53490.51219495649},"point_estimate":40764.91173597062,"standard_error":6887.287265301338}}