{"Mean":{"confidence_interval":{"confidence_level":0.95,"lower_bound":-0.006620641498107478,"upper_bound":0.010536737926002495},"point_estimate":0.0020837034227116915,"standard_error":0.004366969426092118},"Median":{"confidence_interval":{"confidence_level":0.95,"lower_bound":0.0010129576270956343,"upper_bound":0.0026007326869170734},"point_estimate":0.001779252765863104,"standard_error":0.0003955958486066786}}