{"Mean":{"confidence_interval":{"confidence_level":0.95,"lower_bound":20556918.53422996,"upper_bound":20648164.559740019},"point_estimate":20600758.120708996,"standard_error":23305.668135977085},"Median":{"confidence_interval":{"confidence_level":0.95,"lower_bound":20530039.324464349,"upper_bound":20604193.897435897},"point_estimate":20558465.061486965,"standard_error":18274.71795977341},"MedianAbsDev":{"confidence_interval":{"confidence_level":0.95,"lower_bound":100938.67342546737,"upper_bound":190052.5480798918},"point_estimate":130595.81123791635,"standard_error":24227.96218884933},"Slope":{"confidence_interval":{"confidence_level":0.95,"lower_bound":20524160.141708107,"upper_bound":20584424.793168829},"point_estimate":20552818.51348899,"standard_error":15387.065382385446},"StdDev":{"confidence_interval":{"confidence_level":0.95,"lower_bound":161960.4455123313,"upper_bound":298216.6699773267},"point_estimate":234435.34854898888,"standard_error":34881.97412120842}}