{"Mean":{"confidence_interval":{"confidence_level":0.95,"lower_bound":5265426.9522002,"upper_bound":5349582.654333107},"point_estimate":5306871.4462700239,"standard_error":21517.067743634227},"Median":{"confidence_interval":{"confidence_level":0.95,"lower_bound":5284800.666666667,"upper_bound":5354450.95},"point_estimate":5338744.219574036,"standard_error":18386.318065249994},"MedianAbsDev":{"confidence_interval":{"confidence_level":0.95,"lower_bound":91421.80212814627,"upper_bound":383238.01159064527},"point_estimate":271354.6363906757,"standard_error":87507.99393108173},"Slope":{"confidence_interval":{"confidence_level":0.95,"lower_bound":5268689.512379395,"upper_bound":5363495.361429166},"point_estimate":5314956.1222402839,"standard_error":24235.960003738943},"StdDev":{"confidence_interval":{"confidence_level":0.95,"lower_bound":187291.53464903445,"upper_bound":240556.17380639417},"point_estimate":215755.24202029583,"standard_error":13580.729476404355}}