{"Mean":{"confidence_interval":{"confidence_level":0.95,"lower_bound":290957.7212365778,"upper_bound":297633.1532535841},"point_estimate":294210.8440324275,"standard_error":1709.3890028123595},"Median":{"confidence_interval":{"confidence_level":0.95,"lower_bound":281471.1994047619,"upper_bound":294076.29061798416},"point_estimate":285115.3608490566,"standard_error":5067.542379651308},"MedianAbsDev":{"confidence_interval":{"confidence_level":0.95,"lower_bound":1701.1617017694189,"upper_bound":19380.63728169055},"point_estimate":7523.261392782675,"standard_error":6899.994668849565},"Slope":{"confidence_interval":{"confidence_level":0.95,"lower_bound":299986.90665381177,"upper_bound":308430.5012442192},"point_estimate":304203.3979592138,"standard_error":2163.288610734613},"StdDev":{"confidence_interval":{"confidence_level":0.95,"lower_bound":14591.072015916952,"upper_bound":19196.741907471107},"point_estimate":17199.44102283522,"standard_error":1173.6438614885418}}