{"Mean":{"confidence_interval":{"confidence_level":0.95,"lower_bound":500.22900266356359,"upper_bound":529.3242925005712},"point_estimate":514.7861321306663,"standard_error":7.267684403701571},"Median":{"confidence_interval":{"confidence_level":0.95,"lower_bound":436.0432529086977,"upper_bound":581.5535223212446},"point_estimate":581.4264065162322,"standard_error":56.520984615691109},"MedianAbsDev":{"confidence_interval":{"confidence_level":0.95,"lower_bound":0.23239909904423715,"upper_bound":108.51857441047507},"point_estimate":1.8205412096449152,"standard_error":24.786134957473075},"Slope":{"confidence_interval":{"confidence_level":0.95,"lower_bound":451.15250979366859,"upper_bound":469.68259504038329},"point_estimate":459.1981191705864,"standard_error":4.755363490455451},"StdDev":{"confidence_interval":{"confidence_level":0.95,"lower_bound":70.38937293771615,"upper_bound":73.35354179809385},"point_estimate":73.05567358485242,"standard_error":0.7935815020554947}}