{"Mean":{"confidence_interval":{"confidence_level":0.95,"lower_bound":25095.845697307584,"upper_bound":26064.990913722027},"point_estimate":25558.149516658043,"standard_error":246.9146192013695},"Median":{"confidence_interval":{"confidence_level":0.95,"lower_bound":24406.583275261324,"upper_bound":24453.923108722614},"point_estimate":24421.07837398374,"standard_error":12.604417646751605},"MedianAbsDev":{"confidence_interval":{"confidence_level":0.95,"lower_bound":46.39030995079398,"upper_bound":116.40428021120067},"point_estimate":69.14373667864274,"standard_error":17.876170473304165},"Slope":{"confidence_interval":{"confidence_level":0.95,"lower_bound":25817.512956602586,"upper_bound":27522.452963409258},"point_estimate":26664.28392074883,"standard_error":434.8534394193761},"StdDev":{"confidence_interval":{"confidence_level":0.95,"lower_bound":1945.1621720828446,"upper_bound":2862.4406014899388},"point_estimate":2479.064062162254,"standard_error":231.91642608049313}}