{"Mean":{"confidence_interval":{"confidence_level":0.95,"lower_bound":71040.67423032412,"upper_bound":74433.29968787347},"point_estimate":72483.66903548186,"standard_error":879.1446258961435},"Median":{"confidence_interval":{"confidence_level":0.95,"lower_bound":70461.06315789474,"upper_bound":70585.91530864197},"point_estimate":70517.10681504486,"standard_error":36.62589517280314},"MedianAbsDev":{"confidence_interval":{"confidence_level":0.95,"lower_bound":175.39171609744595,"upper_bound":318.7029559717096},"point_estimate":226.43694486883536,"standard_error":36.2245937933265},"Slope":{"confidence_interval":{"confidence_level":0.95,"lower_bound":70433.7996349934,"upper_bound":71582.83079219917},"point_estimate":70891.73351204374,"standard_error":303.26834413624627},"StdDev":{"confidence_interval":{"confidence_level":0.95,"lower_bound":2258.7018302616659,"upper_bound":13566.697480102872},"point_estimate":8826.487525467812,"standard_error":2990.5284586113655}}