{"Mean":{"confidence_interval":{"confidence_level":0.95,"lower_bound":10348993.555165368,"upper_bound":10398164.520296455},"point_estimate":10373161.04980525,"standard_error":12555.084310831013},"Median":{"confidence_interval":{"confidence_level":0.95,"lower_bound":10320860.324242425,"upper_bound":10392961.211538462},"point_estimate":10360994.800892856,"standard_error":18121.156127858885},"MedianAbsDev":{"confidence_interval":{"confidence_level":0.95,"lower_bound":93828.75717555822,"upper_bound":156498.87509173575},"point_estimate":135534.02562500046,"standard_error":17040.597325302933},"Slope":{"confidence_interval":{"confidence_level":0.95,"lower_bound":10313218.02919883,"upper_bound":10365861.898047194},"point_estimate":10338719.035495788,"standard_error":13452.278601230142},"StdDev":{"confidence_interval":{"confidence_level":0.95,"lower_bound":104925.01015040399,"upper_bound":147769.9822377177},"point_estimate":126576.48403453121,"standard_error":11012.518254628587}}