{"Mean":{"confidence_interval":{"confidence_level":0.95,"lower_bound":3267530.158704162,"upper_bound":3322661.4986843008},"point_estimate":3294811.739856478,"standard_error":14070.167635341735},"Median":{"confidence_interval":{"confidence_level":0.95,"lower_bound":3172405.0,"upper_bound":3314036.5774647889},"point_estimate":3256271.3321875,"standard_error":42287.35024015913},"MedianAbsDev":{"confidence_interval":{"confidence_level":0.95,"lower_bound":22030.182369318885,"upper_bound":218141.04295009905},"point_estimate":142747.0684089656,"standard_error":57118.793830316725},"Slope":{"confidence_interval":{"confidence_level":0.95,"lower_bound":3262929.0273546709,"upper_bound":3331560.5870104746},"point_estimate":3297184.9181528005,"standard_error":17531.051911629827},"StdDev":{"confidence_interval":{"confidence_level":0.95,"lower_bound":127058.79002001357,"upper_bound":155202.30446747217},"point_estimate":141827.9395526831,"standard_error":7167.717221492532}}