{"Mean":{"confidence_interval":{"confidence_level":0.95,"lower_bound":74298.29294862705,"upper_bound":78017.70277648524},"point_estimate":76126.69877051655,"standard_error":944.4034415196852},"Median":{"confidence_interval":{"confidence_level":0.95,"lower_bound":69949.24904432969,"upper_bound":70025.93706293707},"point_estimate":69975.18228139382,"standard_error":84.30886967541247},"MedianAbsDev":{"confidence_interval":{"confidence_level":0.95,"lower_bound":79.32258721157493,"upper_bound":201.3591699330759},"point_estimate":126.47748033437049,"standard_error":58.81224292762427},"Slope":{"confidence_interval":{"confidence_level":0.95,"lower_bound":74708.5835256657,"upper_bound":79975.46080288771},"point_estimate":77324.79094315172,"standard_error":1343.6327465488549},"StdDev":{"confidence_interval":{"confidence_level":0.95,"lower_bound":8454.705054453676,"upper_bound":10128.640950167528},"point_estimate":9490.806359195203,"standard_error":432.31201795270717}}