{"Mean":{"confidence_interval":{"confidence_level":0.95,"lower_bound":372020.339678292,"upper_bound":373645.2168888865},"point_estimate":372802.9694274385,"standard_error":414.3015242302579},"Median":{"confidence_interval":{"confidence_level":0.95,"lower_bound":370540.0714285714,"upper_bound":370714.4358974359},"point_estimate":370642.8677248677,"standard_error":45.8881118321295},"MedianAbsDev":{"confidence_interval":{"confidence_level":0.95,"lower_bound":386.5961286438305,"upper_bound":785.5707473556477},"point_estimate":604.7310709125853,"standard_error":106.1367915072701},"Slope":{"confidence_interval":{"confidence_level":0.95,"lower_bound":372520.3977820495,"upper_bound":374930.2750101774},"point_estimate":373680.5065917935,"standard_error":614.8395954052563},"StdDev":{"confidence_interval":{"confidence_level":0.95,"lower_bound":3511.7298931636717,"upper_bound":4621.082532665578},"point_estimate":4159.1147570538419,"standard_error":285.24799258225007}}