{"Mean":{"confidence_interval":{"confidence_level":0.95,"lower_bound":33367069.61233655,"upper_bound":33585317.202770348},"point_estimate":33473281.924791706,"standard_error":55814.69092001178},"Median":{"confidence_interval":{"confidence_level":0.95,"lower_bound":33252197.173333333,"upper_bound":33463238.44897959},"point_estimate":33359104.57378741,"standard_error":52461.30452760192},"MedianAbsDev":{"confidence_interval":{"confidence_level":0.95,"lower_bound":310721.10879224966,"upper_bound":568276.6573713237},"point_estimate":438228.4294858354,"standard_error":66000.2672652807},"Slope":{"confidence_interval":{"confidence_level":0.95,"lower_bound":33372457.610573297,"upper_bound":33576758.77971121},"point_estimate":33471847.823236295,"standard_error":51998.98879693178},"StdDev":{"confidence_interval":{"confidence_level":0.95,"lower_bound":460164.2918258761,"upper_bound":651783.5971800994},"point_estimate":560926.5485944656,"standard_error":49066.42804640536}}