{"Mean":{"confidence_interval":{"confidence_level":0.95,"lower_bound":100283.5628743973,"upper_bound":102091.677090624},"point_estimate":101171.68710411465,"standard_error":462.8842220541404},"Median":{"confidence_interval":{"confidence_level":0.95,"lower_bound":99352.72727272728,"upper_bound":101338.61144427787},"point_estimate":100358.32804383117,"standard_error":524.5508349451116},"MedianAbsDev":{"confidence_interval":{"confidence_level":0.95,"lower_bound":2451.9958421897215,"upper_bound":5807.815098080748},"point_estimate":3383.6748412345907,"standard_error":840.9578599116455},"Slope":{"confidence_interval":{"confidence_level":0.95,"lower_bound":100420.88828704732,"upper_bound":102905.98397498978},"point_estimate":101651.72289533432,"standard_error":633.813453016221},"StdDev":{"confidence_interval":{"confidence_level":0.95,"lower_bound":3904.9555283461365,"upper_bound":5321.519725234465},"point_estimate":4657.47570444037,"standard_error":362.3407618996025}}