{"Mean":{"confidence_interval":{"confidence_level":0.95,"lower_bound":73977473.90452232,"upper_bound":74644043.28266944},"point_estimate":74300587.32548175,"standard_error":170909.66454939758},"Median":{"confidence_interval":{"confidence_level":0.95,"lower_bound":73598454.09965636,"upper_bound":74155355.83709273},"point_estimate":73845931.65683174,"standard_error":157863.6294020445},"MedianAbsDev":{"confidence_interval":{"confidence_level":0.95,"lower_bound":878595.2276179822,"upper_bound":1739174.8886777992},"point_estimate":1299035.7068202838,"standard_error":226053.9872451218},"Slope":{"confidence_interval":{"confidence_level":0.95,"lower_bound":73794971.18848972,"upper_bound":74260577.76551706},"point_estimate":74027314.07000444,"standard_error":118867.05465085418},"StdDev":{"confidence_interval":{"confidence_level":0.95,"lower_bound":1356345.1583062276,"upper_bound":2047319.7772919485},"point_estimate":1726656.3342461994,"standard_error":176685.92186659273}}