{"Mean":{"confidence_interval":{"confidence_level":0.95,"lower_bound":4240127.096659367,"upper_bound":4255329.109150119},"point_estimate":4247039.732355786,"standard_error":3904.288223712967},"Median":{"confidence_interval":{"confidence_level":0.95,"lower_bound":4231890.71984127,"upper_bound":4237822.476190476},"point_estimate":4234814.4517625239,"standard_error":1585.0720848971917},"MedianAbsDev":{"confidence_interval":{"confidence_level":0.95,"lower_bound":6937.776392603459,"upper_bound":13424.606275240452},"point_estimate":8947.753631308262,"standard_error":1688.7887889362119},"Slope":{"confidence_interval":{"confidence_level":0.95,"lower_bound":4229857.795868755,"upper_bound":4232732.606929127},"point_estimate":4231170.832962908,"standard_error":734.5816714642748},"StdDev":{"confidence_interval":{"confidence_level":0.95,"lower_bound":21245.34562865292,"upper_bound":54536.2412087461},"point_estimate":39203.46895784772,"standard_error":8537.490514001162}}