{"Mean":{"confidence_interval":{"confidence_level":0.95,"lower_bound":38459.01303609034,"upper_bound":38621.50772960281},"point_estimate":38523.11780772183,"standard_error":43.06059746740266},"Median":{"confidence_interval":{"confidence_level":0.95,"lower_bound":38423.325230573,"upper_bound":38451.50800415801},"point_estimate":38437.86643142189,"standard_error":7.0023665103191219},"MedianAbsDev":{"confidence_interval":{"confidence_level":0.95,"lower_bound":39.194863077812708,"upper_bound":72.39195937152525},"point_estimate":54.275464016178037,"standard_error":8.67717202835298},"Slope":{"confidence_interval":{"confidence_level":0.95,"lower_bound":38403.582814694244,"upper_bound":38426.992219420674},"point_estimate":38414.83051050914,"standard_error":5.950461845401782},"StdDev":{"confidence_interval":{"confidence_level":0.95,"lower_bound":112.20120444118089,"upper_bound":710.9120920379747},"point_estimate":433.7106621910247,"standard_error":188.5769232069558}}