{"Mean":{"confidence_interval":{"confidence_level":0.95,"lower_bound":4171578.547096739,"upper_bound":4180268.5649924988},"point_estimate":4175494.4646856707,"standard_error":2224.4275889002417},"Median":{"confidence_interval":{"confidence_level":0.95,"lower_bound":4166984.964285714,"upper_bound":4170769.5241147747},"point_estimate":4168959.9465868796,"standard_error":1045.794561702622},"MedianAbsDev":{"confidence_interval":{"confidence_level":0.95,"lower_bound":5721.377470243573,"upper_bound":11588.516609577213},"point_estimate":8514.294633622003,"standard_error":1474.814741340989},"Slope":{"confidence_interval":{"confidence_level":0.95,"lower_bound":4165209.553822781,"upper_bound":4168670.4537584555},"point_estimate":4166761.7512102855,"standard_error":887.1582001719468},"StdDev":{"confidence_interval":{"confidence_level":0.95,"lower_bound":11931.36519284892,"upper_bound":31387.035038135145},"point_estimate":22400.453046726707,"standard_error":4996.348867389384}}