{"Mean":{"confidence_interval":{"confidence_level":0.95,"lower_bound":2563531.5103091069,"upper_bound":2572641.087019059},"point_estimate":2567746.682231938,"standard_error":2332.3552269691269},"Median":{"confidence_interval":{"confidence_level":0.95,"lower_bound":2557545.683623188,"upper_bound":2562006.918859649},"point_estimate":2559874.002272727,"standard_error":1068.4808424937747},"MedianAbsDev":{"confidence_interval":{"confidence_level":0.95,"lower_bound":5107.0178419969329,"upper_bound":9841.496472237384},"point_estimate":7094.0305426841209,"standard_error":1230.4710296190477},"Slope":{"confidence_interval":{"confidence_level":0.95,"lower_bound":2556973.622042217,"upper_bound":2562962.5456707219},"point_estimate":2559565.09926112,"standard_error":1536.3824062435759},"StdDev":{"confidence_interval":{"confidence_level":0.95,"lower_bound":14215.034495147303,"upper_bound":31413.588344879943},"point_estimate":23324.065563704473,"standard_error":4441.460471460103}}