{"Mean":{"confidence_interval":{"confidence_level":0.95,"lower_bound":3298195.2286915739,"upper_bound":3401263.145377163},"point_estimate":3343462.207515704,"standard_error":26555.07719988509},"Median":{"confidence_interval":{"confidence_level":0.95,"lower_bound":3217755.5588235298,"upper_bound":3369257.342857143},"point_estimate":3267858.8272804056,"standard_error":36350.71324652116},"MedianAbsDev":{"confidence_interval":{"confidence_level":0.95,"lower_bound":87922.90571757767,"upper_bound":250602.18186630656},"point_estimate":161094.51336355994,"standard_error":42602.78663321151},"Slope":{"confidence_interval":{"confidence_level":0.95,"lower_bound":3279666.008937289,"upper_bound":3354394.455815607},"point_estimate":3316191.9753598344,"standard_error":19122.52046686124},"StdDev":{"confidence_interval":{"confidence_level":0.95,"lower_bound":148688.1020699009,"upper_bound":400280.42738711516},"point_estimate":267059.8661948758,"standard_error":80178.08409027198}}