{"Mean":{"confidence_interval":{"confidence_level":0.95,"lower_bound":6824.20385446673,"upper_bound":6839.135924189459},"point_estimate":6831.294627526473,"standard_error":3.82381751939323},"Median":{"confidence_interval":{"confidence_level":0.95,"lower_bound":6817.649935787671,"upper_bound":6829.892115504359},"point_estimate":6822.560641696846,"standard_error":3.0044939486710255},"MedianAbsDev":{"confidence_interval":{"confidence_level":0.95,"lower_bound":16.017832157014465,"upper_bound":27.903749085601626},"point_estimate":21.837146133877878,"standard_error":3.1990648415527467},"Slope":{"confidence_interval":{"confidence_level":0.95,"lower_bound":6812.314358349527,"upper_bound":6822.754154378367},"point_estimate":6817.594492227591,"standard_error":2.6601610076443236},"StdDev":{"confidence_interval":{"confidence_level":0.95,"lower_bound":26.739550655436763,"upper_bound":49.78245526100987},"point_estimate":38.45389673000871,"standard_error":5.994864403575088}}