{"Mean":{"confidence_interval":{"confidence_level":0.95,"lower_bound":876.7623027452482,"upper_bound":913.1888411711306},"point_estimate":894.2633492807694,"standard_error":9.39172270851118},"Median":{"confidence_interval":{"confidence_level":0.95,"lower_bound":845.9295512180128,"upper_bound":846.2644855144855},"point_estimate":846.0860235917928,"standard_error":0.09765614580830345},"MedianAbsDev":{"confidence_interval":{"confidence_level":0.95,"lower_bound":0.5355209631562671,"upper_bound":1.2838866140551837},"point_estimate":0.9439437466211608,"standard_error":0.19867027607463753},"Slope":{"confidence_interval":{"confidence_level":0.95,"lower_bound":907.208689335047,"upper_bound":967.9810215981477},"point_estimate":937.6228343313255,"standard_error":15.524560929412792},"StdDev":{"confidence_interval":{"confidence_level":0.95,"lower_bound":78.89582266995142,"upper_bound":105.93106235636739},"point_estimate":94.39532933718606,"standard_error":7.117846805665756}}