{"Mean":{"confidence_interval":{"confidence_level":0.95,"lower_bound":560266.3869844928,"upper_bound":571795.4313851635},"point_estimate":564628.9274506887,"standard_error":3140.246116050169},"Median":{"confidence_interval":{"confidence_level":0.95,"lower_bound":558769.7140873016,"upper_bound":559058.5698924732},"point_estimate":558945.8198505524,"standard_error":71.45556528107528},"MedianAbsDev":{"confidence_interval":{"confidence_level":0.95,"lower_bound":505.87956173845489,"upper_bound":817.7270137256452},"point_estimate":654.2698749228348,"standard_error":78.06698301385753},"Slope":{"confidence_interval":{"confidence_level":0.95,"lower_bound":561382.271662912,"upper_bound":568986.57581731},"point_estimate":564981.5567858727,"standard_error":1945.1965931126229},"StdDev":{"confidence_interval":{"confidence_level":0.95,"lower_bound":6536.841179920573,"upper_bound":52627.83851002232},"point_estimate":31558.79431405071,"standard_error":15269.5188516841}}