{"Mean":{"confidence_interval":{"confidence_level":0.95,"lower_bound":1816252.9864370148,"upper_bound":1817918.6295116549},"point_estimate":1816986.5287248868,"standard_error":427.5523085861757},"Median":{"confidence_interval":{"confidence_level":0.95,"lower_bound":1815462.283018868,"upper_bound":1816053.0833333333},"point_estimate":1815724.5491891893,"standard_error":163.32331392147416},"MedianAbsDev":{"confidence_interval":{"confidence_level":0.95,"lower_bound":865.8315128857635,"upper_bound":1592.7418630394309},"point_estimate":1175.011544581415,"standard_error":186.4947280219569},"Slope":{"confidence_interval":{"confidence_level":0.95,"lower_bound":1815412.4250371634,"upper_bound":1816594.5749556926},"point_estimate":1815944.2076311513,"standard_error":303.21796588765309},"StdDev":{"confidence_interval":{"confidence_level":0.95,"lower_bound":2138.023242727457,"upper_bound":6410.616242115275},"point_estimate":4290.123898278394,"standard_error":1194.1606029104929}}