{"Mean":{"confidence_interval":{"confidence_level":0.95,"lower_bound":44735332.25917398,"upper_bound":45046909.2864781},"point_estimate":44882237.39449897,"standard_error":79606.7206261129},"Median":{"confidence_interval":{"confidence_level":0.95,"lower_bound":44559012.81395349,"upper_bound":44767979.078431379},"point_estimate":44650754.68010753,"standard_error":52246.10252370885},"MedianAbsDev":{"confidence_interval":{"confidence_level":0.95,"lower_bound":311953.1382237247,"upper_bound":523529.71383986677},"point_estimate":411079.6013096789,"standard_error":53162.72371233563},"Slope":{"confidence_interval":{"confidence_level":0.95,"lower_bound":44661830.543271739,"upper_bound":44794973.19647873},"point_estimate":44728768.23565834,"standard_error":33944.47261193539},"StdDev":{"confidence_interval":{"confidence_level":0.95,"lower_bound":569506.9672797559,"upper_bound":983984.9274053885},"point_estimate":800172.0405353104,"standard_error":105302.44408049599}}