{"Mean":{"confidence_interval":{"confidence_level":0.95,"lower_bound":1373411.1837325867,"upper_bound":1380434.952776878},"point_estimate":1376460.4855127633,"standard_error":1809.7421688903206},"Median":{"confidence_interval":{"confidence_level":0.95,"lower_bound":1369761.3846153846,"upper_bound":1375171.3917525775},"point_estimate":1371115.3470588234,"standard_error":1252.4580954990605},"MedianAbsDev":{"confidence_interval":{"confidence_level":0.95,"lower_bound":2093.057707298148,"upper_bound":7712.906502108511},"point_estimate":4116.27852339158,"standard_error":1296.7598251572118},"Slope":{"confidence_interval":{"confidence_level":0.95,"lower_bound":1373293.8452716736,"upper_bound":1379134.4026495333},"point_estimate":1375947.496938082,"standard_error":1499.982859390374},"StdDev":{"confidence_interval":{"confidence_level":0.95,"lower_bound":7808.448958606141,"upper_bound":27832.743118023627},"point_estimate":18223.639886478973,"standard_error":5619.53960537371}}