{"Mean":{"confidence_interval":{"confidence_level":0.95,"lower_bound":2114.9643083789208,"upper_bound":2217.641611274013},"point_estimate":2164.571566726803,"standard_error":26.193162609027188},"Median":{"confidence_interval":{"confidence_level":0.95,"lower_bound":2026.2150896722326,"upper_bound":2031.8097490744549},"point_estimate":2029.4104895104895,"standard_error":1.2878516388241078},"MedianAbsDev":{"confidence_interval":{"confidence_level":0.95,"lower_bound":9.697162554390053,"upper_bound":20.293050912992677},"point_estimate":16.604706454754209,"standard_error":2.9134072501492125},"Slope":{"confidence_interval":{"confidence_level":0.95,"lower_bound":2194.634777617291,"upper_bound":2358.1985083314737},"point_estimate":2276.349778261408,"standard_error":41.81380025219654},"StdDev":{"confidence_interval":{"confidence_level":0.95,"lower_bound":219.35641081742782,"upper_bound":292.52288480008039},"point_estimate":262.70956510572929,"standard_error":18.614242286570179}}