{"Mean":{"confidence_interval":{"confidence_level":0.95,"lower_bound":5608336.839874101,"upper_bound":5835119.05769502},"point_estimate":5720002.367881256,"standard_error":57769.444948452525},"Median":{"confidence_interval":{"confidence_level":0.95,"lower_bound":5328994.017419355,"upper_bound":5678390.114974937},"point_estimate":5495161.835714286,"standard_error":102622.33493038327},"MedianAbsDev":{"confidence_interval":{"confidence_level":0.95,"lower_bound":237612.82315487279,"upper_bound":709195.996770295},"point_estimate":457712.73362136675,"standard_error":137569.33490857174},"Slope":{"confidence_interval":{"confidence_level":0.95,"lower_bound":5558361.476321189,"upper_bound":5875080.30879925},"point_estimate":5711653.116547953,"standard_error":80797.52170514381},"StdDev":{"confidence_interval":{"confidence_level":0.95,"lower_bound":505315.97859550107,"upper_bound":640337.3518048121},"point_estimate":579918.407119157,"standard_error":34538.721120729315}}