{"Mean":{"confidence_interval":{"confidence_level":0.95,"lower_bound":10723552.542534745,"upper_bound":11230084.151021084},"point_estimate":10967467.019886572,"standard_error":129664.42499545243},"Median":{"confidence_interval":{"confidence_level":0.95,"lower_bound":10191928.01754386,"upper_bound":10325551.266666668},"point_estimate":10247033.485507247,"standard_error":35751.627975301315},"MedianAbsDev":{"confidence_interval":{"confidence_level":0.95,"lower_bound":88318.80759567925,"upper_bound":284624.4996202786},"point_estimate":169225.7961906298,"standard_error":52539.44956736242},"Slope":{"confidence_interval":{"confidence_level":0.95,"lower_bound":10601834.719205004,"upper_bound":11249159.62473737},"point_estimate":10906683.782089552,"standard_error":165893.43909183908},"StdDev":{"confidence_interval":{"confidence_level":0.95,"lower_bound":1072394.148158928,"upper_bound":1474381.066892776},"point_estimate":1299100.343699089,"standard_error":102728.69034736936}}