{"Mean":{"confidence_interval":{"confidence_level":0.95,"lower_bound":314091.66653485616,"upper_bound":322822.25759486536},"point_estimate":318369.5054164376,"standard_error":2226.536460591988},"Median":{"confidence_interval":{"confidence_level":0.95,"lower_bound":312178.0784722222,"upper_bound":326616.44680851066},"point_estimate":313291.14367816099,"standard_error":3125.390429814827},"MedianAbsDev":{"confidence_interval":{"confidence_level":0.95,"lower_bound":22685.34501825989,"upper_bound":29004.033193465977},"point_estimate":25693.95835990601,"standard_error":2208.063250576283},"Slope":{"confidence_interval":{"confidence_level":0.95,"lower_bound":328365.234421768,"upper_bound":336366.3821987238},"point_estimate":332252.36136618888,"standard_error":2041.129872348714},"StdDev":{"confidence_interval":{"confidence_level":0.95,"lower_bound":19235.411772246935,"upper_bound":25266.709011112594},"point_estimate":22376.12788051855,"standard_error":1541.4610119659897}}