{"Mean":{"confidence_interval":{"confidence_level":0.95,"lower_bound":6017634.526128317,"upper_bound":6024047.572669915},"point_estimate":6021293.0503849559,"standard_error":1654.1970562225486},"Median":{"confidence_interval":{"confidence_level":0.95,"lower_bound":6019896.598490048,"upper_bound":6024744.599205261},"point_estimate":6023237.357466416,"standard_error":1173.7676076205749},"MedianAbsDev":{"confidence_interval":{"confidence_level":0.95,"lower_bound":7041.184974994373,"upper_bound":11604.82908584953},"point_estimate":8987.612417646895,"standard_error":1209.4532165799183},"Slope":{"confidence_interval":{"confidence_level":0.95,"lower_bound":6020628.346845234,"upper_bound":6024303.30781741},"point_estimate":6022419.773163884,"standard_error":934.851910587598},"StdDev":{"confidence_interval":{"confidence_level":0.95,"lower_bound":8219.158175008986,"upper_bound":25840.00347620074},"point_estimate":16731.475716394703,"standard_error":5567.628873875113}}