{"Mean":{"confidence_interval":{"confidence_level":0.95,"lower_bound":81.3685470307255,"upper_bound":83.79233874590564},"point_estimate":82.59117573393678,"standard_error":0.6199690532727178},"Median":{"confidence_interval":{"confidence_level":0.95,"lower_bound":87.09901445488672,"upper_bound":87.13716512197434},"point_estimate":87.12219418160133,"standard_error":0.5150296488142203},"MedianAbsDev":{"confidence_interval":{"confidence_level":0.95,"lower_bound":0.15274256095608136,"upper_bound":0.8982689689623028},"point_estimate":0.3743930744079772,"standard_error":0.380008760967121},"Slope":{"confidence_interval":{"confidence_level":0.95,"lower_bound":79.08029565006497,"upper_bound":82.41590273001219},"point_estimate":80.80437686543519,"standard_error":0.8510718630275772},"StdDev":{"confidence_interval":{"confidence_level":0.95,"lower_bound":5.734289171502673,"upper_bound":6.477392636975804},"point_estimate":6.230619799158023,"standard_error":0.19394647907019656}}