{"Mean":{"confidence_interval":{"confidence_level":0.95,"lower_bound":10673517.960535972,"upper_bound":11093760.923260164},"point_estimate":10875537.152118348,"standard_error":107408.69160158295},"Median":{"confidence_interval":{"confidence_level":0.95,"lower_bound":10267372.333333334,"upper_bound":10538468.755813955},"point_estimate":10382507.436170213,"standard_error":71175.49391087257},"MedianAbsDev":{"confidence_interval":{"confidence_level":0.95,"lower_bound":287898.29581873657,"upper_bound":661136.217459394},"point_estimate":443452.58501710087,"standard_error":97242.98428883124},"Slope":{"confidence_interval":{"confidence_level":0.95,"lower_bound":10532779.345924208,"upper_bound":11063902.679382865},"point_estimate":10777853.630861534,"standard_error":136319.50561227036},"StdDev":{"confidence_interval":{"confidence_level":0.95,"lower_bound":863831.3839829079,"upper_bound":1256614.7565216369},"point_estimate":1079614.095302999,"standard_error":100127.65317969595}}