{"Mean":{"confidence_interval":{"confidence_level":0.95,"lower_bound":1643018.859848297,"upper_bound":1699090.1134863476},"point_estimate":1670013.2920548062,"standard_error":14341.601121528594},"Median":{"confidence_interval":{"confidence_level":0.95,"lower_bound":1579125.2246376812,"upper_bound":1603880.3818782098},"point_estimate":1596965.4395424836,"standard_error":6944.953165315136},"MedianAbsDev":{"confidence_interval":{"confidence_level":0.95,"lower_bound":6299.21793989093,"upper_bound":40697.72545068568},"point_estimate":30433.673171921164,"standard_error":9504.177337032643},"Slope":{"confidence_interval":{"confidence_level":0.95,"lower_bound":1684768.455771133,"upper_bound":1778119.5748770277},"point_estimate":1732363.5722210729,"standard_error":23848.88048698883},"StdDev":{"confidence_interval":{"confidence_level":0.95,"lower_bound":122914.40744789488,"upper_bound":160072.21984966947},"point_estimate":144459.91071991734,"standard_error":9532.521497814665}}