{"Mean":{"confidence_interval":{"confidence_level":0.95,"lower_bound":28600863.085610294,"upper_bound":28982495.53056765},"point_estimate":28788207.193644156,"standard_error":97170.63290234},"Median":{"confidence_interval":{"confidence_level":0.95,"lower_bound":28283713.4,"upper_bound":28916603.181818185},"point_estimate":28563624.727272728,"standard_error":170902.0986584693},"MedianAbsDev":{"confidence_interval":{"confidence_level":0.95,"lower_bound":724578.5531884513,"upper_bound":1249368.9032598905},"point_estimate":1024235.307385885,"standard_error":138178.2085832937},"Slope":{"confidence_interval":{"confidence_level":0.95,"lower_bound":28618730.220834696,"upper_bound":29039174.522348595},"point_estimate":28825100.090060589,"standard_error":107225.63220076166},"StdDev":{"confidence_interval":{"confidence_level":0.95,"lower_bound":825515.1925835883,"upper_bound":1108347.0203342837},"point_estimate":975750.4438681986,"standard_error":72366.59203389315}}