{"Mean":{"confidence_interval":{"confidence_level":0.95,"lower_bound":-0.07600603587978336,"upper_bound":-0.039994514684769669},"point_estimate":-0.05796273064210655,"standard_error":0.009177336397910297},"Median":{"confidence_interval":{"confidence_level":0.95,"lower_bound":-0.0006720355558723321,"upper_bound":0.000903655849320506},"point_estimate":0.0003725428967937816,"standard_error":0.00037331589404579474}}