{"Mean":{"confidence_interval":{"confidence_level":0.95,"lower_bound":764.3271370200519,"upper_bound":771.8856087837885},"point_estimate":766.987119810967,"standard_error":2.2314830523533275},"Median":{"confidence_interval":{"confidence_level":0.95,"lower_bound":763.8296754173027,"upper_bound":764.1096059358279},"point_estimate":763.959412862185,"standard_error":0.07453227890051256},"MedianAbsDev":{"confidence_interval":{"confidence_level":0.95,"lower_bound":0.373372152130089,"upper_bound":0.7377263141250235},"point_estimate":0.5248185795973336,"standard_error":0.09221180722592357},"Slope":{"confidence_interval":{"confidence_level":0.95,"lower_bound":763.683700491781,"upper_bound":780.3672832491103},"point_estimate":769.2606575400196,"standard_error":4.826497802534175},"StdDev":{"confidence_interval":{"confidence_level":0.95,"lower_bound":1.2054922157252959,"upper_bound":38.21899939889903},"point_estimate":22.413908597273929,"standard_error":12.635095282262162}}