{"Mean":{"confidence_interval":{"confidence_level":0.95,"lower_bound":28191.084666221137,"upper_bound":29454.51332530036},"point_estimate":28806.155412387987,"standard_error":322.1565818438568},"Median":{"confidence_interval":{"confidence_level":0.95,"lower_bound":26727.897647058824,"upper_bound":26788.12839366516},"point_estimate":26745.908426857586,"standard_error":16.838470469914478},"MedianAbsDev":{"confidence_interval":{"confidence_level":0.95,"lower_bound":31.245722086479959,"upper_bound":121.243055417168},"point_estimate":58.52138532348094,"standard_error":24.85825503150546},"Slope":{"confidence_interval":{"confidence_level":0.95,"lower_bound":28206.602250075284,"upper_bound":29765.539993252645},"point_estimate":28933.424802545225,"standard_error":397.74735043819228},"StdDev":{"confidence_interval":{"confidence_level":0.95,"lower_bound":2864.8741255704869,"upper_bound":3490.634217787515},"point_estimate":3244.262388527649,"standard_error":161.37967909644463}}