{"Mean":{"confidence_interval":{"confidence_level":0.95,"lower_bound":577419.8852580555,"upper_bound":595726.1781846596},"point_estimate":586200.48249378,"standard_error":4678.51830645687},"Median":{"confidence_interval":{"confidence_level":0.95,"lower_bound":558938.8345959596,"upper_bound":561038.4875},"point_estimate":559333.0018115942,"standard_error":1331.7632706601185},"MedianAbsDev":{"confidence_interval":{"confidence_level":0.95,"lower_bound":803.466414599231,"upper_bound":4151.3328762990599},"point_estimate":1671.4864194161249,"standard_error":1949.531160212804},"Slope":{"confidence_interval":{"confidence_level":0.95,"lower_bound":587575.7382667713,"upper_bound":610034.8951602521},"point_estimate":598553.1426688341,"standard_error":5722.720811186946},"StdDev":{"confidence_interval":{"confidence_level":0.95,"lower_bound":34838.76906808416,"upper_bound":57677.964240237605},"point_estimate":47137.493531079344,"standard_error":5841.9245548409039}}