{"Mean":{"confidence_interval":{"confidence_level":0.95,"lower_bound":428267.6059889287,"upper_bound":441078.7292015868},"point_estimate":434432.0458509434,"standard_error":3281.41164756569},"Median":{"confidence_interval":{"confidence_level":0.95,"lower_bound":417479.6451612903,"upper_bound":418451.0852713178},"point_estimate":417799.2111111111,"standard_error":313.9807021280999},"MedianAbsDev":{"confidence_interval":{"confidence_level":0.95,"lower_bound":1024.9894589261879,"upper_bound":2350.2688489553436},"point_estimate":1441.510712478233,"standard_error":395.7707690309817},"Slope":{"confidence_interval":{"confidence_level":0.95,"lower_bound":435144.50065682057,"upper_bound":455915.57013537929},"point_estimate":445346.35150879269,"standard_error":5292.244026025151},"StdDev":{"confidence_interval":{"confidence_level":0.95,"lower_bound":27238.4421190102,"upper_bound":37193.913810792335},"point_estimate":33015.67362588383,"standard_error":2562.1927898925339}}