{"Mean":{"confidence_interval":{"confidence_level":0.95,"lower_bound":12120.131356573702,"upper_bound":12814.070005951491},"point_estimate":12466.212468833248,"standard_error":176.26692391884166},"Median":{"confidence_interval":{"confidence_level":0.95,"lower_bound":10904.41479064499,"upper_bound":14437.543234064786},"point_estimate":10910.99108682266,"standard_error":998.5331726461454},"MedianAbsDev":{"confidence_interval":{"confidence_level":0.95,"lower_bound":18.24382966419018,"upper_bound":2236.2639699728795},"point_estimate":34.41034849639856,"standard_error":481.22699323815399},"Slope":{"confidence_interval":{"confidence_level":0.95,"lower_bound":11733.4813533274,"upper_bound":12636.234369970623},"point_estimate":12181.43808465355,"standard_error":230.02163480489137},"StdDev":{"confidence_interval":{"confidence_level":0.95,"lower_bound":1689.0096983068193,"upper_bound":1792.7961126746912},"point_estimate":1769.1868701546362,"standard_error":27.156998446207557}}