{"Mean":{"confidence_interval":{"confidence_level":0.95,"lower_bound":3503467.530721927,"upper_bound":3546744.437792368},"point_estimate":3526156.194557222,"standard_error":11027.32047445858},"Median":{"confidence_interval":{"confidence_level":0.95,"lower_bound":3501530.066414598,"upper_bound":3527748.434782609},"point_estimate":3504156.211678005,"standard_error":7091.010448026044},"MedianAbsDev":{"confidence_interval":{"confidence_level":0.95,"lower_bound":28073.30013351423,"upper_bound":63837.219010885754},"point_estimate":45549.69446296581,"standard_error":9563.025710696691},"Slope":{"confidence_interval":{"confidence_level":0.95,"lower_bound":3526268.731011409,"upper_bound":3547067.658327491},"point_estimate":3536060.964604699,"standard_error":5319.7239043353069},"StdDev":{"confidence_interval":{"confidence_level":0.95,"lower_bound":71526.69187023702,"upper_bound":152475.34404531538},"point_estimate":110322.21316570892,"standard_error":21820.889182909446}}