{"Mean":{"confidence_interval":{"confidence_level":0.95,"lower_bound":3234708.7327828158,"upper_bound":3292144.019162042},"point_estimate":3262420.6303624615,"standard_error":14657.810766707029},"Median":{"confidence_interval":{"confidence_level":0.95,"lower_bound":3161892.666666667,"upper_bound":3255521.4915254239},"point_estimate":3209802.7808676308,"standard_error":27137.14641569347},"MedianAbsDev":{"confidence_interval":{"confidence_level":0.95,"lower_bound":34713.32491099485,"upper_bound":170664.60037998003},"point_estimate":104277.5197293689,"standard_error":39131.35653996327},"Slope":{"confidence_interval":{"confidence_level":0.95,"lower_bound":3238380.5081390438,"upper_bound":3307636.470587272},"point_estimate":3273322.803419536,"standard_error":17721.56905347416},"StdDev":{"confidence_interval":{"confidence_level":0.95,"lower_bound":116260.77215838598,"upper_bound":176913.67407817773},"point_estimate":147491.8467879279,"standard_error":15537.7983718158}}