{"Mean":{"confidence_interval":{"confidence_level":0.95,"lower_bound":4030025.054042723,"upper_bound":4084156.357355423},"point_estimate":4056765.213884893,"standard_error":13790.438059653243},"Median":{"confidence_interval":{"confidence_level":0.95,"lower_bound":4015822.2,"upper_bound":4047380.1142857146},"point_estimate":4031083.4208369285,"standard_error":8866.085804862827},"MedianAbsDev":{"confidence_interval":{"confidence_level":0.95,"lower_bound":54917.85074418527,"upper_bound":98358.90093975398},"point_estimate":70442.01083373468,"standard_error":10851.206749465753},"Slope":{"confidence_interval":{"confidence_level":0.95,"lower_bound":4033593.3957954344,"upper_bound":4098194.389901323},"point_estimate":4063769.487037092,"standard_error":16514.06014377027},"StdDev":{"confidence_interval":{"confidence_level":0.95,"lower_bound":113002.64966952057,"upper_bound":161493.81920510249},"point_estimate":138876.43616963327,"standard_error":12347.878387579702}}