{"Mean":{"confidence_interval":{"confidence_level":0.95,"lower_bound":4187465.804953381,"upper_bound":4203520.168652508},"point_estimate":4194884.7914386759,"standard_error":4129.351117346062},"Median":{"confidence_interval":{"confidence_level":0.95,"lower_bound":4176724.26984127,"upper_bound":4183298.0406504066},"point_estimate":4179563.7147327878,"standard_error":2055.2697799597315},"MedianAbsDev":{"confidence_interval":{"confidence_level":0.95,"lower_bound":6923.344344778597,"upper_bound":13528.135292357576},"point_estimate":9732.569261202327,"standard_error":1789.2031603939389},"Slope":{"confidence_interval":{"confidence_level":0.95,"lower_bound":4174965.4724357884,"upper_bound":4177286.8688233},"point_estimate":4176055.0643387029,"standard_error":594.1456980551337},"StdDev":{"confidence_interval":{"confidence_level":0.95,"lower_bound":26997.664410211055,"upper_bound":54959.79405581542},"point_estimate":41545.25032657766,"standard_error":7201.450505524122}}