{"Mean":{"confidence_interval":{"confidence_level":0.95,"lower_bound":32964.37915487676,"upper_bound":33218.4343425605},"point_estimate":33087.259814217774,"standard_error":64.85144937751156},"Median":{"confidence_interval":{"confidence_level":0.95,"lower_bound":32738.96789769221,"upper_bound":32807.127536231885},"point_estimate":32760.650396825396,"standard_error":18.203736459881364},"MedianAbsDev":{"confidence_interval":{"confidence_level":0.95,"lower_bound":97.4720802939778,"upper_bound":205.56240089104379},"point_estimate":135.8586663380256,"standard_error":28.73567679431101},"Slope":{"confidence_interval":{"confidence_level":0.95,"lower_bound":33190.56888087477,"upper_bound":33627.26399615303},"point_estimate":33417.21589261613,"standard_error":111.45449634811789},"StdDev":{"confidence_interval":{"confidence_level":0.95,"lower_bound":547.0605491370163,"upper_bound":722.9918459027788},"point_estimate":649.7493255462556,"standard_error":45.139027725512729}}