{"Mean":{"confidence_interval":{"confidence_level":0.95,"lower_bound":576615.7687037092,"upper_bound":594334.9956349353},"point_estimate":584658.3396358832,"standard_error":4544.376048862361},"Median":{"confidence_interval":{"confidence_level":0.95,"lower_bound":558013.6988636364,"upper_bound":592633.8310483871},"point_estimate":560687.25,"standard_error":13284.392701487608},"MedianAbsDev":{"confidence_interval":{"confidence_level":0.95,"lower_bound":892.98812343713,"upper_bound":50472.51802393372},"point_estimate":5160.111819928116,"standard_error":18287.929799859576},"Slope":{"confidence_interval":{"confidence_level":0.95,"lower_bound":577681.8371128815,"upper_bound":597737.4874913138},"point_estimate":586773.006844983,"standard_error":5137.022189680226},"StdDev":{"confidence_interval":{"confidence_level":0.95,"lower_bound":26017.110339676317,"upper_bound":64396.034896786245},"point_estimate":45574.05152416283,"standard_error":10114.996340981972}}