{"Mean":{"confidence_interval":{"confidence_level":0.95,"lower_bound":14280629.743702326,"upper_bound":14321963.058932715},"point_estimate":14301406.214949994,"standard_error":10525.095571672175},"Median":{"confidence_interval":{"confidence_level":0.95,"lower_bound":14282312.243589744,"upper_bound":14334107.285714286},"point_estimate":14303209.105073009,"standard_error":12021.366400068915},"MedianAbsDev":{"confidence_interval":{"confidence_level":0.95,"lower_bound":68160.45235853228,"upper_bound":106212.29854329681},"point_estimate":80377.16552642457,"standard_error":9841.41162800825},"Slope":{"confidence_interval":{"confidence_level":0.95,"lower_bound":14279317.99179356,"upper_bound":14337340.971257035},"point_estimate":14307268.160177332,"standard_error":14840.023589122586},"StdDev":{"confidence_interval":{"confidence_level":0.95,"lower_bound":85080.51497010133,"upper_bound":126119.71811115481},"point_estimate":105800.44323019269,"standard_error":10532.37754157913}}