{"Mean":{"confidence_interval":{"confidence_level":0.95,"lower_bound":83308.63576338804,"upper_bound":87761.834736932},"point_estimate":85472.19103480717,"standard_error":1136.2765782912746},"Median":{"confidence_interval":{"confidence_level":0.95,"lower_bound":85269.54818594104,"upper_bound":85681.34464285715},"point_estimate":85481.69311570782,"standard_error":194.63091785499857},"MedianAbsDev":{"confidence_interval":{"confidence_level":0.95,"lower_bound":1601.1777144305502,"upper_bound":11847.167514822399},"point_estimate":6507.769316580176,"standard_error":2934.083824248284},"Slope":{"confidence_interval":{"confidence_level":0.95,"lower_bound":87211.24879137179,"upper_bound":94864.17663850062},"point_estimate":91104.90685363846,"standard_error":1948.459077029308},"StdDev":{"confidence_interval":{"confidence_level":0.95,"lower_bound":9189.758331232117,"upper_bound":13252.297070924178},"point_estimate":11377.432442003526,"standard_error":1040.763103687691}}