{"Mean":{"confidence_interval":{"confidence_level":0.95,"lower_bound":181.8603745713637,"upper_bound":190.1064363212846},"point_estimate":185.85848891396135,"standard_error":2.114153623733082},"Median":{"confidence_interval":{"confidence_level":0.95,"lower_bound":176.65766680104336,"upper_bound":176.80446663740123},"point_estimate":176.6963296915861,"standard_error":0.039279769649599827},"MedianAbsDev":{"confidence_interval":{"confidence_level":0.95,"lower_bound":0.19558899358881369,"upper_bound":0.41048777592198895},"point_estimate":0.2529231705933015,"standard_error":0.05641339932383183},"Slope":{"confidence_interval":{"confidence_level":0.95,"lower_bound":188.79400237576025,"upper_bound":204.13995547006074},"point_estimate":196.52955046808916,"standard_error":3.9124698063538649},"StdDev":{"confidence_interval":{"confidence_level":0.95,"lower_bound":16.178550033012408,"upper_bound":24.67330055244579},"point_estimate":21.243655526806067,"standard_error":2.1185645005101159}}