{"Mean":{"confidence_interval":{"confidence_level":0.95,"lower_bound":4.588693417324919,"upper_bound":4.8086040502461879},"point_estimate":4.698878398771225,"standard_error":0.05634313545157017},"Median":{"confidence_interval":{"confidence_level":0.95,"lower_bound":4.147341513214905,"upper_bound":5.257619377218035},"point_estimate":4.421194527439106,"standard_error":0.5078971192044968},"MedianAbsDev":{"confidence_interval":{"confidence_level":0.95,"lower_bound":0.003203811799389084,"upper_bound":0.8231631242870394},"point_estimate":0.5409873038434332,"standard_error":0.21997183932788215},"Slope":{"confidence_interval":{"confidence_level":0.95,"lower_bound":4.446701925421731,"upper_bound":4.734312875826834},"point_estimate":4.590705815712091,"standard_error":0.07356542877430682},"StdDev":{"confidence_interval":{"confidence_level":0.95,"lower_bound":0.5462813621474607,"upper_bound":0.5666806390457005},"point_estimate":0.5621081025453204,"standard_error":0.0053010180872594069}}