{"Mean":{"confidence_interval":{"confidence_level":0.95,"lower_bound":136785.56138734162,"upper_bound":137650.89139608775},"point_estimate":137200.9103149947,"standard_error":220.82554410625003},"Median":{"confidence_interval":{"confidence_level":0.95,"lower_bound":136105.46071428574,"upper_bound":136425.73660714288},"point_estimate":136261.32786585368,"standard_error":96.32418389106636},"MedianAbsDev":{"confidence_interval":{"confidence_level":0.95,"lower_bound":451.31387215212359,"upper_bound":870.6204535824658},"point_estimate":642.5021122581561,"standard_error":109.12174022600007},"Slope":{"confidence_interval":{"confidence_level":0.95,"lower_bound":137534.84560832694,"upper_bound":139135.75426032954},"point_estimate":138364.1633197872,"standard_error":409.1894827189969},"StdDev":{"confidence_interval":{"confidence_level":0.95,"lower_bound":1806.0272789190915,"upper_bound":2516.648170523844},"point_estimate":2214.9429493161467,"standard_error":182.4143466050034}}