{"Mean":{"confidence_interval":{"confidence_level":0.95,"lower_bound":2715617.3878255148,"upper_bound":2730203.141233968},"point_estimate":2723149.120794878,"standard_error":3717.9442565985998},"Median":{"confidence_interval":{"confidence_level":0.95,"lower_bound":2718863.258241758,"upper_bound":2732854.6516853936},"point_estimate":2723450.870768859,"standard_error":4068.122946124173},"MedianAbsDev":{"confidence_interval":{"confidence_level":0.95,"lower_bound":22492.98081655217,"upper_bound":39030.43525449409},"point_estimate":29668.69568964863,"standard_error":4224.253305911902},"Slope":{"confidence_interval":{"confidence_level":0.95,"lower_bound":2721045.403729808,"upper_bound":2732608.717959009},"point_estimate":2726859.4454558889,"standard_error":2950.5531457360054},"StdDev":{"confidence_interval":{"confidence_level":0.95,"lower_bound":28126.230457335852,"upper_bound":48404.330899782435},"point_estimate":37562.96150894065,"standard_error":5437.739854819547}}