{"Mean":{"confidence_interval":{"confidence_level":0.95,"lower_bound":3372039.9486400957,"upper_bound":3480601.023731327},"point_estimate":3423951.406743077,"standard_error":27670.722906801326},"Median":{"confidence_interval":{"confidence_level":0.95,"lower_bound":3316835.4594594596,"upper_bound":3438871.6666666667},"point_estimate":3395730.416427432,"standard_error":24466.19535871333},"MedianAbsDev":{"confidence_interval":{"confidence_level":0.95,"lower_bound":254678.82316462475,"upper_bound":372798.72296044687},"point_estimate":335486.269010382,"standard_error":29394.328176416166},"Slope":{"confidence_interval":{"confidence_level":0.95,"lower_bound":3309931.090640341,"upper_bound":3409772.7545072759},"point_estimate":3359539.0662213687,"standard_error":25510.79379471445},"StdDev":{"confidence_interval":{"confidence_level":0.95,"lower_bound":215330.57448839825,"upper_bound":354912.5290468212},"point_estimate":277755.6227421056,"standard_error":39155.77559095941}}