{"Mean":{"confidence_interval":{"confidence_level":0.95,"lower_bound":6006428.996175296,"upper_bound":6013901.571949057},"point_estimate":6010905.009205382,"standard_error":1959.7107540416556},"Median":{"confidence_interval":{"confidence_level":0.95,"lower_bound":6011150.131578947,"upper_bound":6015441.547169811},"point_estimate":6013184.45681783,"standard_error":1064.183818723642},"MedianAbsDev":{"confidence_interval":{"confidence_level":0.95,"lower_bound":5665.244531689473,"upper_bound":8723.40005370933},"point_estimate":7212.7753569019409,"standard_error":779.7551368550163},"Slope":{"confidence_interval":{"confidence_level":0.95,"lower_bound":6012769.147343691,"upper_bound":6015985.211531544},"point_estimate":6014400.712147185,"standard_error":817.9490153213428},"StdDev":{"confidence_interval":{"confidence_level":0.95,"lower_bound":6898.426538908012,"upper_bound":31934.950669167465},"point_estimate":19656.22340850397,"standard_error":8265.306964438332}}