{"Mean":{"confidence_interval":{"confidence_level":0.95,"lower_bound":15768.695713156867,"upper_bound":16070.714694707784},"point_estimate":15906.572210807983,"standard_error":78.38623496474485},"Median":{"confidence_interval":{"confidence_level":0.95,"lower_bound":15698.886252354048,"upper_bound":15706.592700464755},"point_estimate":15702.834804208065,"standard_error":1.913382555658198},"MedianAbsDev":{"confidence_interval":{"confidence_level":0.95,"lower_bound":12.131672117015441,"upper_bound":23.18376090094141},"point_estimate":16.311144048125955,"standard_error":2.746060535918524},"Slope":{"confidence_interval":{"confidence_level":0.95,"lower_bound":15869.81064874765,"upper_bound":16655.48854026125},"point_estimate":16247.139577511001,"standard_error":202.0112573712786},"StdDev":{"confidence_interval":{"confidence_level":0.95,"lower_bound":400.4774135454255,"upper_bound":1059.7112473751714},"point_estimate":789.4914376789644,"standard_error":161.87261919155524}}