{"Mean":{"confidence_interval":{"confidence_level":0.95,"lower_bound":15.67324955832051,"upper_bound":16.25817400565975},"point_estimate":15.950967377118147,"standard_error":0.14869618471405966},"Median":{"confidence_interval":{"confidence_level":0.95,"lower_bound":15.34890961198928,"upper_bound":15.36358355791297},"point_estimate":15.353283362906053,"standard_error":0.0033362339434194435},"MedianAbsDev":{"confidence_interval":{"confidence_level":0.95,"lower_bound":0.013537745555517933,"upper_bound":0.03227304243281206},"point_estimate":0.019449742777630089,"standard_error":0.004857512137669723},"Slope":{"confidence_interval":{"confidence_level":0.95,"lower_bound":15.732261464387215,"upper_bound":16.486234058963267},"point_estimate":16.080085021049358,"standard_error":0.19284901510358494},"StdDev":{"confidence_interval":{"confidence_level":0.95,"lower_bound":1.1301262506714763,"upper_bound":1.7698180315241577},"point_estimate":1.4911352432510275,"standard_error":0.1655725783985022}}