{"Mean":{"confidence_interval":{"confidence_level":0.95,"lower_bound":25198.969721807898,"upper_bound":26121.69880436652},"point_estimate":25643.707005510874,"standard_error":235.99903223560222},"Median":{"confidence_interval":{"confidence_level":0.95,"lower_bound":24376.427864703175,"upper_bound":24450.154810298103},"point_estimate":24390.583567854912,"standard_error":17.431408781660946},"MedianAbsDev":{"confidence_interval":{"confidence_level":0.95,"lower_bound":55.16177841337323,"upper_bound":177.102128456153},"point_estimate":101.16987429269226,"standard_error":30.019730364939556},"Slope":{"confidence_interval":{"confidence_level":0.95,"lower_bound":25396.39902009315,"upper_bound":26670.0990298541},"point_estimate":25997.70337231976,"standard_error":325.87633348818},"StdDev":{"confidence_interval":{"confidence_level":0.95,"lower_bound":1969.1197068641123,"upper_bound":2657.476473206026},"point_estimate":2370.6513712862226,"standard_error":176.02018068908465}}