{"Mean":{"confidence_interval":{"confidence_level":0.95,"lower_bound":8150.215027453101,"upper_bound":8264.312029079707},"point_estimate":8205.339738933135,"standard_error":29.093662469785888},"Median":{"confidence_interval":{"confidence_level":0.95,"lower_bound":8030.722959183673,"upper_bound":8089.772209119497},"point_estimate":8051.087414089347,"standard_error":14.302350422650344},"MedianAbsDev":{"confidence_interval":{"confidence_level":0.95,"lower_bound":47.59702384987691,"upper_bound":128.36091561259679},"point_estimate":78.7760946406361,"standard_error":19.49774564110702},"Slope":{"confidence_interval":{"confidence_level":0.95,"lower_bound":8238.25216915922,"upper_bound":8426.236631176253},"point_estimate":8332.49235803655,"standard_error":48.00350638568243},"StdDev":{"confidence_interval":{"confidence_level":0.95,"lower_bound":244.93365176433023,"upper_bound":328.0522445368991},"point_estimate":292.43746888838458,"standard_error":21.284212720183576}}