{"Mean":{"confidence_interval":{"confidence_level":0.95,"lower_bound":8266166.75189269,"upper_bound":8340828.883397777},"point_estimate":8297589.192200973,"standard_error":19311.208138336602},"Median":{"confidence_interval":{"confidence_level":0.95,"lower_bound":8255067.062978724,"upper_bound":8261336.517241379},"point_estimate":8257965.155462185,"standard_error":1848.1391233148018},"MedianAbsDev":{"confidence_interval":{"confidence_level":0.95,"lower_bound":8038.338073655043,"upper_bound":14526.25556570842},"point_estimate":10880.357770632072,"standard_error":1642.5669056828716},"Slope":{"confidence_interval":{"confidence_level":0.95,"lower_bound":8258608.666826635,"upper_bound":8357152.879719457},"point_estimate":8299100.159352741,"standard_error":25574.28959285581},"StdDev":{"confidence_interval":{"confidence_level":0.95,"lower_bound":43343.227131483705,"upper_bound":301627.2926391869},"point_estimate":193894.882187409,"standard_error":68155.38543905769}}