{"Mean":{"confidence_interval":{"confidence_level":0.95,"lower_bound":21861.838318687416,"upper_bound":22002.9713916106},"point_estimate":21930.321786773835,"standard_error":36.00301526645603},"Median":{"confidence_interval":{"confidence_level":0.95,"lower_bound":21844.2893081761,"upper_bound":21963.44811320755},"point_estimate":21930.617257480466,"standard_error":30.82012591602923},"MedianAbsDev":{"confidence_interval":{"confidence_level":0.95,"lower_bound":219.9414431914387,"upper_bound":409.689897080687},"point_estimate":333.7749345285789,"standard_error":48.93857555835295},"Slope":{"confidence_interval":{"confidence_level":0.95,"lower_bound":21847.016938072873,"upper_bound":22041.291680330327},"point_estimate":21941.776550685765,"standard_error":49.472370516295438},"StdDev":{"confidence_interval":{"confidence_level":0.95,"lower_bound":287.5994909369211,"upper_bound":429.51199803330266},"point_estimate":361.8385504637792,"standard_error":36.35290686749652}}