{"Mean":{"confidence_interval":{"confidence_level":0.95,"lower_bound":4004105.503242331,"upper_bound":4073860.7746422307},"point_estimate":4037748.8884576277,"standard_error":17814.15494106026},"Median":{"confidence_interval":{"confidence_level":0.95,"lower_bound":3978340.5161290324,"upper_bound":4013719.419278997},"point_estimate":3987802.25,"standard_error":8333.89521640485},"MedianAbsDev":{"confidence_interval":{"confidence_level":0.95,"lower_bound":54369.27500914952,"upper_bound":105949.9836111954},"point_estimate":70277.842757676,"standard_error":13215.119969859665},"Slope":{"confidence_interval":{"confidence_level":0.95,"lower_bound":4033082.5636200017,"upper_bound":4105152.310830155},"point_estimate":4066466.528458697,"standard_error":18417.711866968693},"StdDev":{"confidence_interval":{"confidence_level":0.95,"lower_bound":141052.6928682873,"upper_bound":211278.18796586045},"point_estimate":179084.49945154979,"standard_error":17969.47987078231}}