{"Mean":{"confidence_interval":{"confidence_level":0.95,"lower_bound":4312.680904283776,"upper_bound":4401.150079600877},"point_estimate":4355.64031134801,"standard_error":22.53670704793024},"Median":{"confidence_interval":{"confidence_level":0.95,"lower_bound":4211.248080723624,"upper_bound":4272.099750849751},"point_estimate":4239.226249178172,"standard_error":14.15595081606046},"MedianAbsDev":{"confidence_interval":{"confidence_level":0.95,"lower_bound":59.05394807819821,"upper_bound":146.50470466599416},"point_estimate":94.50330755658624,"standard_error":22.059082271775858},"Slope":{"confidence_interval":{"confidence_level":0.95,"lower_bound":4324.589365304339,"upper_bound":4436.9358659534659},"point_estimate":4377.4875667486389,"standard_error":28.698444694766829},"StdDev":{"confidence_interval":{"confidence_level":0.95,"lower_bound":195.08587724513985,"upper_bound":253.1568712179347},"point_estimate":226.7607945591238,"standard_error":14.844096422024297}}