{"Mean":{"confidence_interval":{"confidence_level":0.95,"lower_bound":3525.924323751943,"upper_bound":3675.1388129354879},"point_estimate":3597.7052598811158,"standard_error":38.09288506276255},"Median":{"confidence_interval":{"confidence_level":0.95,"lower_bound":3397.73255702511,"upper_bound":3407.2168335419275},"point_estimate":3401.0552279268169,"standard_error":2.5196670468555064},"MedianAbsDev":{"confidence_interval":{"confidence_level":0.95,"lower_bound":7.723118451266377,"upper_bound":19.79070618804299},"point_estimate":12.415647614125892,"standard_error":3.098721689700332},"Slope":{"confidence_interval":{"confidence_level":0.95,"lower_bound":3725.101189592551,"upper_bound":3973.245896876043},"point_estimate":3856.497971800991,"standard_error":63.517265759167639},"StdDev":{"confidence_interval":{"confidence_level":0.95,"lower_bound":318.9684557145323,"upper_bound":429.85644858124308},"point_estimate":383.3617222100344,"standard_error":28.640141713638945}}