{"Mean":{"confidence_interval":{"confidence_level":0.95,"lower_bound":178637.7150258639,"upper_bound":180362.5204312196},"point_estimate":179472.8398360947,"standard_error":439.86638921351939},"Median":{"confidence_interval":{"confidence_level":0.95,"lower_bound":177091.56481481484,"upper_bound":177202.44574119577},"point_estimate":177137.55633879783,"standard_error":29.487513401769353},"MedianAbsDev":{"confidence_interval":{"confidence_level":0.95,"lower_bound":179.05042182119494,"upper_bound":446.19120763408997},"point_estimate":264.9491943479438,"standard_error":71.99151102559269},"Slope":{"confidence_interval":{"confidence_level":0.95,"lower_bound":179433.95604330937,"upper_bound":182051.09967492298},"point_estimate":180693.7273296882,"standard_error":666.7618693534212},"StdDev":{"confidence_interval":{"confidence_level":0.95,"lower_bound":3706.28891003221,"upper_bound":4903.232369396976},"point_estimate":4409.25386171815,"standard_error":307.4283290693904}}