{"Mean":{"confidence_interval":{"confidence_level":0.95,"lower_bound":369726.82065073496,"upper_bound":370070.3935105066},"point_estimate":369894.0478153807,"standard_error":88.08410134357331},"Median":{"confidence_interval":{"confidence_level":0.95,"lower_bound":369609.91790697679,"upper_bound":369886.2631578947},"point_estimate":369753.22700216449,"standard_error":64.07925346238314},"MedianAbsDev":{"confidence_interval":{"confidence_level":0.95,"lower_bound":464.0828035017843,"upper_bound":866.4983202025135},"point_estimate":638.2006640576872,"standard_error":103.41000700509274},"Slope":{"confidence_interval":{"confidence_level":0.95,"lower_bound":369403.56924232767,"upper_bound":369700.4111373808},"point_estimate":369546.03783163396,"standard_error":75.92708783128804},"StdDev":{"confidence_interval":{"confidence_level":0.95,"lower_bound":710.3303006368221,"upper_bound":1031.0235231105656},"point_estimate":883.079197696997,"standard_error":81.9755710175782}}