{"Mean":{"confidence_interval":{"confidence_level":0.95,"lower_bound":0.5115306859524093,"upper_bound":0.523559963435906},"point_estimate":0.5173977358767996,"standard_error":0.003070872911982346},"Median":{"confidence_interval":{"confidence_level":0.95,"lower_bound":0.5065284475155456,"upper_bound":0.5225034320472},"point_estimate":0.5135679666188573,"standard_error":0.004205092897412981}}