{"Mean":{"confidence_interval":{"confidence_level":0.95,"lower_bound":19.989730680862775,"upper_bound":20.795749363019764},"point_estimate":20.391679938898088,"standard_error":0.2067025333495283},"Median":{"confidence_interval":{"confidence_level":0.95,"lower_bound":18.463783647385737,"upper_bound":22.626829697257134},"point_estimate":18.527072958659397,"standard_error":1.597385170877874},"MedianAbsDev":{"confidence_interval":{"confidence_level":0.95,"lower_bound":0.029224948523666997,"upper_bound":2.7627917046604915},"point_estimate":0.1814081633601539,"standard_error":0.7167168042658366},"Slope":{"confidence_interval":{"confidence_level":0.95,"lower_bound":20.0266544693075,"upper_bound":21.123832037080683},"point_estimate":20.566925215336086,"standard_error":0.28052448337097038},"StdDev":{"confidence_interval":{"confidence_level":0.95,"lower_bound":2.0125772828245349,"upper_bound":2.1065570304018457},"point_estimate":2.0858113803174946,"standard_error":0.02435159212691582}}