{"Mean":{"confidence_interval":{"confidence_level":0.95,"lower_bound":3969770.5270445204,"upper_bound":4024199.8977586936},"point_estimate":3996904.0484900546,"standard_error":13882.143979237371},"Median":{"confidence_interval":{"confidence_level":0.95,"lower_bound":3980806.2784810129,"upper_bound":4009329.5542168675},"point_estimate":3990805.147575251,"standard_error":6179.969640874262},"MedianAbsDev":{"confidence_interval":{"confidence_level":0.95,"lower_bound":42763.439282433574,"upper_bound":71306.43186525759},"point_estimate":55428.67035580405,"standard_error":7460.590702705677},"Slope":{"confidence_interval":{"confidence_level":0.95,"lower_bound":4002675.033058434,"upper_bound":4027545.802773888},"point_estimate":4014127.7369469485,"standard_error":6341.488249069595},"StdDev":{"confidence_interval":{"confidence_level":0.95,"lower_bound":111683.97401942406,"upper_bound":164629.39227747904},"point_estimate":139898.84701698498,"standard_error":13494.8099985468}}