{"Mean":{"confidence_interval":{"confidence_level":0.95,"lower_bound":23434289.46288283,"upper_bound":24771849.174217896},"point_estimate":24069865.5353843,"standard_error":341907.24462172036},"Median":{"confidence_interval":{"confidence_level":0.95,"lower_bound":22319691.25,"upper_bound":22323661.45625},"point_estimate":22321181.1087333,"standard_error":3084.9571673456159},"MedianAbsDev":{"confidence_interval":{"confidence_level":0.95,"lower_bound":7555.293178454551,"upper_bound":28178.491758755536},"point_estimate":12763.75590815355,"standard_error":7010.719350384455},"Slope":{"confidence_interval":{"confidence_level":0.95,"lower_bound":23517473.326209997,"upper_bound":25127424.556742588},"point_estimate":24280223.005036206,"standard_error":411871.06869107767},"StdDev":{"confidence_interval":{"confidence_level":0.95,"lower_bound":2599285.513001059,"upper_bound":4120355.6073851964},"point_estimate":3436632.975007788,"standard_error":388914.53085319985}}