{"Mean":{"confidence_interval":{"confidence_level":0.95,"lower_bound":189.65827909438884,"upper_bound":198.77034116233225},"point_estimate":194.04827771339698,"standard_error":2.3284371910471686},"Median":{"confidence_interval":{"confidence_level":0.95,"lower_bound":181.28038730943553,"upper_bound":181.39359978024997},"point_estimate":181.32584567266276,"standard_error":0.034483553586185867},"MedianAbsDev":{"confidence_interval":{"confidence_level":0.95,"lower_bound":0.14463548118632378,"upper_bound":0.3249595781658116},"point_estimate":0.21862536847285814,"standard_error":0.05131779897781864},"Slope":{"confidence_interval":{"confidence_level":0.95,"lower_bound":192.69602194650936,"upper_bound":205.61229786052835},"point_estimate":198.8235802848222,"standard_error":3.2965742913344244},"StdDev":{"confidence_interval":{"confidence_level":0.95,"lower_bound":19.832222881475518,"upper_bound":25.971971366832084},"point_estimate":23.444540450712663,"standard_error":1.570371497610307}}