{"Mean":{"confidence_interval":{"confidence_level":0.95,"lower_bound":80310606.12856424,"upper_bound":81214733.39892142},"point_estimate":80756571.60124803,"standard_error":230916.150529884},"Median":{"confidence_interval":{"confidence_level":0.95,"lower_bound":80101021.0106383,"upper_bound":81302141.4},"point_estimate":80800288.41339214,"standard_error":325121.0866386496},"MedianAbsDev":{"confidence_interval":{"confidence_level":0.95,"lower_bound":1581424.3865692949,"upper_bound":2603069.1094517458},"point_estimate":1982620.121872933,"standard_error":264002.2696149299},"Slope":{"confidence_interval":{"confidence_level":0.95,"lower_bound":80003549.87186119,"upper_bound":80862543.70874672},"point_estimate":80425340.43931137,"standard_error":219184.92384841052},"StdDev":{"confidence_interval":{"confidence_level":0.95,"lower_bound":1857131.3500914796,"upper_bound":2792325.912636041},"point_estimate":2320489.379436975,"standard_error":240601.4499958151}}