{"Mean":{"confidence_interval":{"confidence_level":0.95,"lower_bound":2557354.498705922,"upper_bound":2570621.7606277286},"point_estimate":2563089.262895259,"standard_error":3424.026342273754},"Median":{"confidence_interval":{"confidence_level":0.95,"lower_bound":2550982.132075472,"upper_bound":2556831.641941392},"point_estimate":2553521.3684523815,"standard_error":1496.1541516409625},"MedianAbsDev":{"confidence_interval":{"confidence_level":0.95,"lower_bound":6989.203377532262,"upper_bound":13394.403621948937},"point_estimate":10193.679194714976,"standard_error":1620.4832318614966},"Slope":{"confidence_interval":{"confidence_level":0.95,"lower_bound":2549337.1124742638,"upper_bound":2553564.759182892},"point_estimate":2551242.9019417765,"standard_error":1080.0775259690075},"StdDev":{"confidence_interval":{"confidence_level":0.95,"lower_bound":15233.502548160002,"upper_bound":52698.271690832524},"point_estimate":34445.83740428823,"standard_error":10741.775369757592}}