{"Mean":{"confidence_interval":{"confidence_level":0.95,"lower_bound":2826.5109737913364,"upper_bound":2950.422463998092},"point_estimate":2883.6217460108616,"standard_error":32.72317469151591},"Median":{"confidence_interval":{"confidence_level":0.95,"lower_bound":2770.2903645833337,"upper_bound":2774.5349014336918},"point_estimate":2771.8002468291945,"standard_error":1.16441163245104},"MedianAbsDev":{"confidence_interval":{"confidence_level":0.95,"lower_bound":5.5557530398402419,"upper_bound":10.911808334053836},"point_estimate":7.382857232976778,"standard_error":1.4061303152852137},"Slope":{"confidence_interval":{"confidence_level":0.95,"lower_bound":2917.6612153162579,"upper_bound":3212.3954107223828},"point_estimate":3067.2115336108238,"standard_error":75.2752261425401},"StdDev":{"confidence_interval":{"confidence_level":0.95,"lower_bound":231.84695581066837,"upper_bound":405.7009209971126},"point_estimate":330.1570714347266,"standard_error":45.221157775324417}}