{"Mean":{"confidence_interval":{"confidence_level":0.95,"lower_bound":3125.104247977193,"upper_bound":3137.334531310467},"point_estimate":3131.2444305043948,"standard_error":3.1168629008259778},"Median":{"confidence_interval":{"confidence_level":0.95,"lower_bound":3127.4261336318747,"upper_bound":3137.2591996726325},"point_estimate":3132.7524969907947,"standard_error":2.7656318138702487},"MedianAbsDev":{"confidence_interval":{"confidence_level":0.95,"lower_bound":14.301430713424314,"upper_bound":23.998399036127915},"point_estimate":18.471570146176729,"standard_error":2.4753450373874914},"Slope":{"confidence_interval":{"confidence_level":0.95,"lower_bound":3121.3276187946955,"upper_bound":3130.7234246383329},"point_estimate":3126.0930685375576,"standard_error":2.3967484289985636},"StdDev":{"confidence_interval":{"confidence_level":0.95,"lower_bound":25.079486176046794,"upper_bound":36.81667496960839},"point_estimate":31.261682770080019,"standard_error":2.9847723064887705}}