{"Mean":{"confidence_interval":{"confidence_level":0.95,"lower_bound":46755252.97207429,"upper_bound":47086433.89823022},"point_estimate":46917840.565491568,"standard_error":84474.17236105117},"Median":{"confidence_interval":{"confidence_level":0.95,"lower_bound":46597174.8680352,"upper_bound":47102917.75862069},"point_estimate":46815632.749631818,"standard_error":119673.71063821668},"MedianAbsDev":{"confidence_interval":{"confidence_level":0.95,"lower_bound":639653.889147812,"upper_bound":1008004.551759626},"point_estimate":842636.2772227959,"standard_error":94748.193537709},"Slope":{"confidence_interval":{"confidence_level":0.95,"lower_bound":46861904.4686058,"upper_bound":47223472.77539058},"point_estimate":47038477.81894192,"standard_error":92153.57851754403},"StdDev":{"confidence_interval":{"confidence_level":0.95,"lower_bound":679024.1651926021,"upper_bound":1034679.9409905246},"point_estimate":847690.1898812753,"standard_error":92827.26530670314}}