{"Mean":{"confidence_interval":{"confidence_level":0.95,"lower_bound":3936062.162920811,"upper_bound":4010223.6055055644},"point_estimate":3973730.7453094834,"standard_error":18851.155168003574},"Median":{"confidence_interval":{"confidence_level":0.95,"lower_bound":3965117.5,"upper_bound":4003769.5756656557},"point_estimate":3977488.14384058,"standard_error":9926.452009253318},"MedianAbsDev":{"confidence_interval":{"confidence_level":0.95,"lower_bound":77533.82016410526,"upper_bound":149769.93178424298},"point_estimate":111471.44994424397,"standard_error":17244.843961009774},"Slope":{"confidence_interval":{"confidence_level":0.95,"lower_bound":3939371.404966059,"upper_bound":3989127.1310168958},"point_estimate":3964534.4216580467,"standard_error":12675.987625523216},"StdDev":{"confidence_interval":{"confidence_level":0.95,"lower_bound":140718.6066961393,"upper_bound":235713.18638278589},"point_estimate":189879.23916863645,"standard_error":24350.714760663737}}