{"Mean":{"confidence_interval":{"confidence_level":0.95,"lower_bound":535.2505554093876,"upper_bound":537.3947034339699},"point_estimate":536.2570278705209,"standard_error":0.5472954783773829},"Median":{"confidence_interval":{"confidence_level":0.95,"lower_bound":534.0267865810051,"upper_bound":534.9501510374757},"point_estimate":534.3937420888217,"standard_error":0.22749858663743414},"MedianAbsDev":{"confidence_interval":{"confidence_level":0.95,"lower_bound":1.5627748654877079,"upper_bound":2.7090558956844239},"point_estimate":2.085254492297542,"standard_error":0.2747130979465831},"Slope":{"confidence_interval":{"confidence_level":0.95,"lower_bound":533.72956178684,"upper_bound":534.4254105770502},"point_estimate":534.0586946018932,"standard_error":0.1779242481553321},"StdDev":{"confidence_interval":{"confidence_level":0.95,"lower_bound":3.732650800888238,"upper_bound":6.964692934441709},"point_estimate":5.498370558880839,"standard_error":0.8262666915034811}}