{"Mean":{"confidence_interval":{"confidence_level":0.95,"lower_bound":1532711.7762057353,"upper_bound":1569204.6932665744},"point_estimate":1549904.1083410534,"standard_error":9351.358271885643},"Median":{"confidence_interval":{"confidence_level":0.95,"lower_bound":1512308.2161719774,"upper_bound":1514418.325},"point_estimate":1513135.3382047737,"standard_error":572.3050365759983},"MedianAbsDev":{"confidence_interval":{"confidence_level":0.95,"lower_bound":2819.8991164185565,"upper_bound":5693.194045554117},"point_estimate":4003.4340602560957,"standard_error":795.3470537846881},"Slope":{"confidence_interval":{"confidence_level":0.95,"lower_bound":1554708.3355040178,"upper_bound":1631368.0621241655},"point_estimate":1593019.6521412738,"standard_error":19598.11242909501},"StdDev":{"confidence_interval":{"confidence_level":0.95,"lower_bound":67399.25493140031,"upper_bound":113593.6441501321},"point_estimate":93946.62587362225,"standard_error":11679.392006024726}}