{"Mean":{"confidence_interval":{"confidence_level":0.95,"lower_bound":2665.7570462638325,"upper_bound":2704.796024668602},"point_estimate":2684.2170948188925,"standard_error":9.957897276923662},"Median":{"confidence_interval":{"confidence_level":0.95,"lower_bound":2625.7583603295076,"upper_bound":2646.7888695146759},"point_estimate":2631.4992576760434,"standard_error":6.407501379297604},"MedianAbsDev":{"confidence_interval":{"confidence_level":0.95,"lower_bound":8.568674089704553,"upper_bound":43.04943566477361},"point_estimate":17.70335124130183,"standard_error":9.580265640618869},"Slope":{"confidence_interval":{"confidence_level":0.95,"lower_bound":2647.6774625819646,"upper_bound":2684.382136603541},"point_estimate":2664.5992493380038,"standard_error":9.452160086579705},"StdDev":{"confidence_interval":{"confidence_level":0.95,"lower_bound":71.75686807521554,"upper_bound":125.06374967561568},"point_estimate":100.16529838740276,"standard_error":13.658930159509837}}