{"Mean":{"confidence_interval":{"confidence_level":0.95,"lower_bound":68070371.58467913,"upper_bound":68974507.41779001},"point_estimate":68500136.64305678,"standard_error":230589.20448564657},"Median":{"confidence_interval":{"confidence_level":0.95,"lower_bound":67410408.94745395,"upper_bound":68580391.17741935},"point_estimate":68069713.15050093,"standard_error":333886.0488242104},"MedianAbsDev":{"confidence_interval":{"confidence_level":0.95,"lower_bound":1411755.1885932438,"upper_bound":2275472.856515503},"point_estimate":1738217.5804916397,"standard_error":215578.01781092338},"Slope":{"confidence_interval":{"confidence_level":0.95,"lower_bound":68003033.54519145,"upper_bound":68580257.91186556},"point_estimate":68293606.59693809,"standard_error":147191.21392278176},"StdDev":{"confidence_interval":{"confidence_level":0.95,"lower_bound":1663018.768186238,"upper_bound":2916851.347561567},"point_estimate":2320040.759084116,"standard_error":321047.5098280126}}