{"Mean":{"confidence_interval":{"confidence_level":0.95,"lower_bound":9690072.18432391,"upper_bound":9795211.832209746},"point_estimate":9744380.992104004,"standard_error":26729.97010576555},"Median":{"confidence_interval":{"confidence_level":0.95,"lower_bound":9787086.51111111,"upper_bound":9828212.404195805},"point_estimate":9803085.94362745,"standard_error":11935.920311651735},"MedianAbsDev":{"confidence_interval":{"confidence_level":0.95,"lower_bound":77865.82211032204,"upper_bound":169094.53114115439},"point_estimate":100297.22104936949,"standard_error":22200.328224431698},"Slope":{"confidence_interval":{"confidence_level":0.95,"lower_bound":9735461.540578558,"upper_bound":9825344.251453329},"point_estimate":9783547.559470963,"standard_error":22977.716680633857},"StdDev":{"confidence_interval":{"confidence_level":0.95,"lower_bound":198207.56911914279,"upper_bound":335475.12495033958},"point_estimate":270160.65674141168,"standard_error":35020.64638717317}}