{"Mean":{"confidence_interval":{"confidence_level":0.95,"lower_bound":0.012304727817379118,"upper_bound":0.05154413699040304},"point_estimate":0.03134654887109778,"standard_error":0.009834012668585428},"Median":{"confidence_interval":{"confidence_level":0.95,"lower_bound":0.0004773350676112731,"upper_bound":0.0031066894717938786},"point_estimate":0.0011271121013625152,"standard_error":0.0005629096097392968}}