{"Mean":{"confidence_interval":{"confidence_level":0.95,"lower_bound":304973958.1110882,"upper_bound":305651754.758382},"point_estimate":305263739.6754755,"standard_error":174910.26575746187},"Median":{"confidence_interval":{"confidence_level":0.95,"lower_bound":304878160.96511629,"upper_bound":305562173.4163735},"point_estimate":305218846.84592726,"standard_error":188221.6346118054},"MedianAbsDev":{"confidence_interval":{"confidence_level":0.95,"lower_bound":742673.6388805322,"upper_bound":1134062.0206888729},"point_estimate":893537.3458544924,"standard_error":104278.8654143108},"Slope":{"confidence_interval":{"confidence_level":0.95,"lower_bound":305334141.5237331,"upper_bound":305947827.7916112},"point_estimate":305594084.2135688,"standard_error":158226.8492613323},"StdDev":{"confidence_interval":{"confidence_level":0.95,"lower_bound":820935.5368101306,"upper_bound":2747954.080487785},"point_estimate":1750803.295456455,"standard_error":621223.868793509}}