{"Mean":{"confidence_interval":{"confidence_level":0.95,"lower_bound":1783664.3314781138,"upper_bound":1825460.888041884},"point_estimate":1804296.480666576,"standard_error":10661.919099330396},"Median":{"confidence_interval":{"confidence_level":0.95,"lower_bound":1746925.0514725568,"upper_bound":1767873.606060606},"point_estimate":1759601.2503840246,"standard_error":6664.8435179561179},"MedianAbsDev":{"confidence_interval":{"confidence_level":0.95,"lower_bound":56690.46030892768,"upper_bound":116354.0535173396},"point_estimate":100141.96869147939,"standard_error":16063.24969364881},"Slope":{"confidence_interval":{"confidence_level":0.95,"lower_bound":1806251.7405736237,"upper_bound":1854922.8534139957},"point_estimate":1830012.5057366633,"standard_error":12465.950076636536},"StdDev":{"confidence_interval":{"confidence_level":0.95,"lower_bound":97113.41689865012,"upper_bound":114392.25864320914},"point_estimate":107225.33879996342,"standard_error":4390.95272090325}}