{"Mean":{"confidence_interval":{"confidence_level":0.95,"lower_bound":6050257.965146051,"upper_bound":6123254.951485576},"point_estimate":6086564.043354359,"standard_error":18645.77341876528},"Median":{"confidence_interval":{"confidence_level":0.95,"lower_bound":5995541.44,"upper_bound":6141345.633333334},"point_estimate":6052581.689469781,"standard_error":38603.96177332264},"MedianAbsDev":{"confidence_interval":{"confidence_level":0.95,"lower_bound":158121.95715564374,"upper_bound":259938.40759168159},"point_estimate":225345.89673163868,"standard_error":25244.028050662542},"Slope":{"confidence_interval":{"confidence_level":0.95,"lower_bound":6059831.841894391,"upper_bound":6160439.105983562},"point_estimate":6108395.639080834,"standard_error":25635.93332604894},"StdDev":{"confidence_interval":{"confidence_level":0.95,"lower_bound":165747.03997620508,"upper_bound":207882.28376787256},"point_estimate":187794.60779592707,"standard_error":10790.751057789917}}