{"Mean":{"confidence_interval":{"confidence_level":0.95,"lower_bound":374614.12300597559,"upper_bound":377673.20849953379},"point_estimate":376101.5607753142,"standard_error":780.07691365588},"Median":{"confidence_interval":{"confidence_level":0.95,"lower_bound":371325.9743589744,"upper_bound":371684.4236111111},"point_estimate":371451.5811111111,"standard_error":83.01097416633893},"MedianAbsDev":{"confidence_interval":{"confidence_level":0.95,"lower_bound":359.3681477262263,"upper_bound":860.5107786702691},"point_estimate":538.6284926153387,"standard_error":125.85730969979139},"Slope":{"confidence_interval":{"confidence_level":0.95,"lower_bound":376658.5584181112,"upper_bound":381304.9699434905},"point_estimate":378958.0648943402,"standard_error":1185.3288981059118},"StdDev":{"confidence_interval":{"confidence_level":0.95,"lower_bound":6804.694414485118,"upper_bound":8512.352097731688},"point_estimate":7835.073449909895,"standard_error":438.252410559399}}