{"Mean":{"confidence_interval":{"confidence_level":0.95,"lower_bound":117.17301171177945,"upper_bound":122.14418211021273},"point_estimate":119.66426450436389,"standard_error":1.267033970416039},"Median":{"confidence_interval":{"confidence_level":0.95,"lower_bound":120.19463665274836,"upper_bound":124.75326352497405},"point_estimate":123.05609774979665,"standard_error":1.166891398843251},"MedianAbsDev":{"confidence_interval":{"confidence_level":0.95,"lower_bound":8.253774107362327,"upper_bound":19.231063094751297},"point_estimate":13.049574723017733,"standard_error":2.815983890850148},"Slope":{"confidence_interval":{"confidence_level":0.95,"lower_bound":115.90298743477517,"upper_bound":121.26406279777207},"point_estimate":118.627973856021,"standard_error":1.3638779081939317},"StdDev":{"confidence_interval":{"confidence_level":0.95,"lower_bound":11.37005417652081,"upper_bound":13.889967666745252},"point_estimate":12.753412569439112,"standard_error":0.6432670883819787}}