{"Mean":{"confidence_interval":{"confidence_level":0.95,"lower_bound":239504.71690525319,"upper_bound":250993.50221331913},"point_estimate":245260.05556228583,"standard_error":2931.0772336214347},"Median":{"confidence_interval":{"confidence_level":0.95,"lower_bound":217136.55112781956,"upper_bound":273133.6964705882},"point_estimate":244215.2111631016,"standard_error":17212.076424152492},"MedianAbsDev":{"confidence_interval":{"confidence_level":0.95,"lower_bound":1976.535272012502,"upper_bound":44811.71591401856},"point_estimate":44798.2849060752,"standard_error":12917.241733162336},"Slope":{"confidence_interval":{"confidence_level":0.95,"lower_bound":229572.04107800226,"upper_bound":243900.61203008626},"point_estimate":236530.53984690409,"standard_error":3663.025076487909},"StdDev":{"confidence_interval":{"confidence_level":0.95,"lower_bound":27981.767649012952,"upper_bound":30469.15999527515},"point_estimate":29390.592057978418,"standard_error":630.648755512125}}