{"Mean":{"confidence_interval":{"confidence_level":0.95,"lower_bound":3911930.727444219,"upper_bound":3989488.80808432},"point_estimate":3951758.7070983995,"standard_error":19802.78571485113},"Median":{"confidence_interval":{"confidence_level":0.95,"lower_bound":3928781.50877193,"upper_bound":3988947.3089285718},"point_estimate":3957114.2095094087,"standard_error":13671.29329059787},"MedianAbsDev":{"confidence_interval":{"confidence_level":0.95,"lower_bound":118687.33362319449,"upper_bound":188795.57066998975},"point_estimate":160941.38548406019,"standard_error":18939.659647218585},"Slope":{"confidence_interval":{"confidence_level":0.95,"lower_bound":3927070.5440788969,"upper_bound":3978695.0298874757},"point_estimate":3952969.5090379787,"standard_error":13179.34783045843},"StdDev":{"confidence_interval":{"confidence_level":0.95,"lower_bound":143434.51377148854,"upper_bound":256066.41343623814},"point_estimate":198897.30086894695,"standard_error":29393.63980648552}}