{"Mean":{"confidence_interval":{"confidence_level":0.95,"lower_bound":14253944.44156744,"upper_bound":14266684.02921124},"point_estimate":14260251.14687549,"standard_error":3246.0833044540415},"Median":{"confidence_interval":{"confidence_level":0.95,"lower_bound":14234364.086956522,"upper_bound":14270475.0},"point_estimate":14246436.948717948,"standard_error":10482.174010134378},"MedianAbsDev":{"confidence_interval":{"confidence_level":0.95,"lower_bound":11492.628858768157,"upper_bound":53687.72540808809},"point_estimate":29385.554461169526,"standard_error":12590.68537260477},"Slope":{"confidence_interval":{"confidence_level":0.95,"lower_bound":14251335.856463677,"upper_bound":14266848.519393744},"point_estimate":14258868.087102114,"standard_error":3956.253285749214},"StdDev":{"confidence_interval":{"confidence_level":0.95,"lower_bound":30507.400220447777,"upper_bound":34361.68738754135},"point_estimate":32766.232665437998,"standard_error":983.7804709940604}}