{"Mean":{"confidence_interval":{"confidence_level":0.95,"lower_bound":53028947.81015839,"upper_bound":53453105.64754254},"point_estimate":53234418.60649723,"standard_error":108320.86994218953},"Median":{"confidence_interval":{"confidence_level":0.95,"lower_bound":52996984.85383065,"upper_bound":53219528.43333334},"point_estimate":53078563.60697198,"standard_error":57686.642563568224},"MedianAbsDev":{"confidence_interval":{"confidence_level":0.95,"lower_bound":584127.8642969425,"upper_bound":1103393.3457846035},"point_estimate":907559.3231870872,"standard_error":124044.44719303466},"Slope":{"confidence_interval":{"confidence_level":0.95,"lower_bound":52881283.23721645,"upper_bound":53433411.10490204},"point_estimate":53149947.9873622,"standard_error":140958.96265972945},"StdDev":{"confidence_interval":{"confidence_level":0.95,"lower_bound":850092.9490454148,"upper_bound":1311847.2827297815},"point_estimate":1088229.4787766583,"standard_error":118577.6954600099}}