{"Mean":{"confidence_interval":{"confidence_level":0.95,"lower_bound":1174586.6241457056,"upper_bound":1209575.0229850605},"point_estimate":1191795.4484748673,"standard_error":8945.519508377361},"Median":{"confidence_interval":{"confidence_level":0.95,"lower_bound":1124206.0,"upper_bound":1217970.4},"point_estimate":1125853.1,"standard_error":19518.597697960915},"MedianAbsDev":{"confidence_interval":{"confidence_level":0.95,"lower_bound":1934.714558921022,"upper_bound":138278.6986422051},"point_estimate":4865.4532679709559,"standard_error":28522.129787172074},"Slope":{"confidence_interval":{"confidence_level":0.95,"lower_bound":1197040.4902817193,"upper_bound":1260221.9672966363},"point_estimate":1229618.6437712429,"standard_error":16109.343565981482},"StdDev":{"confidence_interval":{"confidence_level":0.95,"lower_bound":76749.00232715896,"upper_bound":100494.76517555722},"point_estimate":90036.37232545295,"standard_error":6067.5434247671969}}