{"Mean":{"confidence_interval":{"confidence_level":0.95,"lower_bound":451602.6118735374,"upper_bound":463488.9624470502},"point_estimate":457288.24837009169,"standard_error":3033.150411464891},"Median":{"confidence_interval":{"confidence_level":0.95,"lower_bound":442803.11666666666,"upper_bound":443657.21722222227},"point_estimate":443309.6976190476,"standard_error":238.42949296702995},"MedianAbsDev":{"confidence_interval":{"confidence_level":0.95,"lower_bound":1579.1907736304957,"upper_bound":3509.979892078191},"point_estimate":2434.4608111031259,"standard_error":510.3555800059478},"Slope":{"confidence_interval":{"confidence_level":0.95,"lower_bound":457650.25930903755,"upper_bound":477221.23406399347},"point_estimate":467190.16594946067,"standard_error":4997.681211348224},"StdDev":{"confidence_interval":{"confidence_level":0.95,"lower_bound":24191.598588322904,"upper_bound":35041.02677832411},"point_estimate":30495.04430662597,"standard_error":2754.694803268633}}