{"Mean":{"confidence_interval":{"confidence_level":0.95,"lower_bound":2534111.102476733,"upper_bound":2588427.8593092767},"point_estimate":2560711.073566255,"standard_error":13848.884208563315},"Median":{"confidence_interval":{"confidence_level":0.95,"lower_bound":2458776.9,"upper_bound":2465216.0},"point_estimate":2461938.138888889,"standard_error":6826.866426298244},"MedianAbsDev":{"confidence_interval":{"confidence_level":0.95,"lower_bound":4747.638642196018,"upper_bound":15766.426658828193},"point_estimate":8631.428567435494,"standard_error":8339.080100316245},"Slope":{"confidence_interval":{"confidence_level":0.95,"lower_bound":2532063.8629422278,"upper_bound":2603824.6346780995},"point_estimate":2566708.8276902616,"standard_error":18248.52032541832},"StdDev":{"confidence_interval":{"confidence_level":0.95,"lower_bound":126731.19276031954,"upper_bound":145763.48921973646},"point_estimate":138856.32638835044,"standard_error":4950.24311178299}}