{"Mean":{"confidence_interval":{"confidence_level":0.95,"lower_bound":32451.005267321114,"upper_bound":32522.6083525163},"point_estimate":32484.622335474534,"standard_error":18.30418567044919},"Median":{"confidence_interval":{"confidence_level":0.95,"lower_bound":32401.83149869951,"upper_bound":32456.687945119396},"point_estimate":32414.287248714354,"standard_error":16.610750520430135},"MedianAbsDev":{"confidence_interval":{"confidence_level":0.95,"lower_bound":65.5327010878279,"upper_bound":131.51958581642487},"point_estimate":88.73775108247374,"standard_error":17.088841466966679},"Slope":{"confidence_interval":{"confidence_level":0.95,"lower_bound":32374.31791889633,"upper_bound":32398.041036455805},"point_estimate":32385.692626360375,"standard_error":6.052116769591678},"StdDev":{"confidence_interval":{"confidence_level":0.95,"lower_bound":124.74058550604627,"upper_bound":239.6640885740648},"point_estimate":184.26198141825595,"standard_error":29.546605571467706}}