{"Mean":{"confidence_interval":{"confidence_level":0.95,"lower_bound":3917399.982501321,"upper_bound":4065827.739985595},"point_estimate":3977691.6327528615,"standard_error":39167.716801307375},"Median":{"confidence_interval":{"confidence_level":0.95,"lower_bound":3882620.873101703,"upper_bound":3951720.1595853858},"point_estimate":3899099.3402406417,"standard_error":16169.473125671291},"MedianAbsDev":{"confidence_interval":{"confidence_level":0.95,"lower_bound":76201.03567068688,"upper_bound":126221.14171346573},"point_estimate":97863.33904459013,"standard_error":12796.648692366674},"Slope":{"confidence_interval":{"confidence_level":0.95,"lower_bound":3875861.0157707489,"upper_bound":3915858.7391919509},"point_estimate":3895571.6267356288,"standard_error":10225.15495602313},"StdDev":{"confidence_interval":{"confidence_level":0.95,"lower_bound":111624.32633347738,"upper_bound":637268.4267170974},"point_estimate":393550.54541910157,"standard_error":159455.98470213373}}