{"Mean":{"confidence_interval":{"confidence_level":0.95,"lower_bound":592.6806119877994,"upper_bound":633.9879786107509},"point_estimate":612.8241056815084,"standard_error":10.524508162051616},"Median":{"confidence_interval":{"confidence_level":0.95,"lower_bound":541.5979573478248,"upper_bound":544.7795850533946},"point_estimate":542.4905609822276,"standard_error":1.245541568862575},"MedianAbsDev":{"confidence_interval":{"confidence_level":0.95,"lower_bound":1.8685005415240568,"upper_bound":6.506630113767748},"point_estimate":3.3193041860354195,"standard_error":1.540471879736312},"Slope":{"confidence_interval":{"confidence_level":0.95,"lower_bound":595.2124056196968,"upper_bound":650.8092426310429},"point_estimate":621.8853079090097,"standard_error":14.17495040453913},"StdDev":{"confidence_interval":{"confidence_level":0.95,"lower_bound":94.43016465329534,"upper_bound":112.16545907181117},"point_estimate":105.47635191965884,"standard_error":4.567384055936277}}