{"Mean":{"confidence_interval":{"confidence_level":0.95,"lower_bound":16230555.076943357,"upper_bound":16242741.242630277},"point_estimate":16236602.919510546,"standard_error":3101.5851143998668},"Median":{"confidence_interval":{"confidence_level":0.95,"lower_bound":16227328.038250812,"upper_bound":16237006.068965517},"point_estimate":16233040.372233572,"standard_error":2441.49743038697},"MedianAbsDev":{"confidence_interval":{"confidence_level":0.95,"lower_bound":16336.907834252916,"upper_bound":30802.229174287506},"point_estimate":24129.925474624582,"standard_error":3827.328697681887},"Slope":{"confidence_interval":{"confidence_level":0.95,"lower_bound":16224538.048843392,"upper_bound":16232047.010857357},"point_estimate":16228142.534951974,"standard_error":1918.2299938992888},"StdDev":{"confidence_interval":{"confidence_level":0.95,"lower_bound":24411.551126043414,"upper_bound":37577.696395904},"point_estimate":31183.443595776633,"standard_error":3375.593450196798}}