{"Mean":{"confidence_interval":{"confidence_level":0.95,"lower_bound":1725630.2063956208,"upper_bound":1732230.5374917358},"point_estimate":1728816.8037393459,"standard_error":1681.9209271764628},"Median":{"confidence_interval":{"confidence_level":0.95,"lower_bound":1726127.7346938777,"upper_bound":1728638.1923076923},"point_estimate":1726938.669030733,"standard_error":745.6664911931848},"MedianAbsDev":{"confidence_interval":{"confidence_level":0.95,"lower_bound":4588.32132482925,"upper_bound":11724.051538203881},"point_estimate":7844.08904420777,"standard_error":2024.8806927176798},"Slope":{"confidence_interval":{"confidence_level":0.95,"lower_bound":1720412.6043485283,"upper_bound":1729638.906002052},"point_estimate":1724733.2278498596,"standard_error":2356.878028452978},"StdDev":{"confidence_interval":{"confidence_level":0.95,"lower_bound":12778.836919769376,"upper_bound":20610.78628409386},"point_estimate":16941.059770518892,"standard_error":2008.267601028357}}