{"Mean":{"confidence_interval":{"confidence_level":0.95,"lower_bound":14393202.772563205,"upper_bound":14428406.938568928},"point_estimate":14410172.86637279,"standard_error":9000.355263782276},"Median":{"confidence_interval":{"confidence_level":0.95,"lower_bound":14354267.631578947,"upper_bound":14388086.205069125},"point_estimate":14371948.921875,"standard_error":9918.782382075802},"MedianAbsDev":{"confidence_interval":{"confidence_level":0.95,"lower_bound":35303.81177323192,"upper_bound":88503.98967102307},"point_estimate":58855.387004339354,"standard_error":14577.667505317777},"Slope":{"confidence_interval":{"confidence_level":0.95,"lower_bound":14383285.760334639,"upper_bound":14427698.25200769},"point_estimate":14403943.359686716,"standard_error":11366.298208959473},"StdDev":{"confidence_interval":{"confidence_level":0.95,"lower_bound":73326.75792848699,"upper_bound":105941.41560407012},"point_estimate":90413.32018277423,"standard_error":8380.90658127103}}