{"Mean":{"confidence_interval":{"confidence_level":0.95,"lower_bound":324.99030783788609,"upper_bound":325.20689958753328},"point_estimate":325.0893606081199,"standard_error":0.055527430795552317},"Median":{"confidence_interval":{"confidence_level":0.95,"lower_bound":324.8634721060805,"upper_bound":324.9472348813152},"point_estimate":324.9113558894302,"standard_error":0.01870567788356854},"MedianAbsDev":{"confidence_interval":{"confidence_level":0.95,"lower_bound":0.10817387981495327,"upper_bound":0.21046726754703833},"point_estimate":0.1512813361733193,"standard_error":0.02616528861832951},"Slope":{"confidence_interval":{"confidence_level":0.95,"lower_bound":324.8348340818866,"upper_bound":324.8699712449792},"point_estimate":324.8509115719072,"standard_error":0.008975548887741504},"StdDev":{"confidence_interval":{"confidence_level":0.95,"lower_bound":0.3406989557022183,"upper_bound":0.7725083957798575},"point_estimate":0.5578202816501141,"standard_error":0.1146246901138444}}