{"Mean":{"confidence_interval":{"confidence_level":0.95,"lower_bound":9632452.906626272,"upper_bound":9740366.233891022},"point_estimate":9687242.567450678,"standard_error":27443.77202425465},"Median":{"confidence_interval":{"confidence_level":0.95,"lower_bound":9740873.683333334,"upper_bound":9816172.883207072},"point_estimate":9790028.671559036,"standard_error":17481.95035047238},"MedianAbsDev":{"confidence_interval":{"confidence_level":0.95,"lower_bound":114268.84237191647,"upper_bound":230016.80221611224},"point_estimate":156200.1755730465,"standard_error":27922.44368012192},"Slope":{"confidence_interval":{"confidence_level":0.95,"lower_bound":9684312.848526668,"upper_bound":9788193.392049399},"point_estimate":9738135.645018472,"standard_error":26530.96268204717},"StdDev":{"confidence_interval":{"confidence_level":0.95,"lower_bound":232130.02012476134,"upper_bound":315557.97072407489},"point_estimate":276614.46652046919,"standard_error":21293.06899343607}}