{"Mean":{"confidence_interval":{"confidence_level":0.95,"lower_bound":2608.402298719553,"upper_bound":2668.4891785299389},"point_estimate":2636.951564195998,"standard_error":15.356710285959732},"Median":{"confidence_interval":{"confidence_level":0.95,"lower_bound":2573.3098065083556,"upper_bound":2614.8628529725485},"point_estimate":2596.597657990097,"standard_error":9.470770782254647},"MedianAbsDev":{"confidence_interval":{"confidence_level":0.95,"lower_bound":54.608321926083728,"upper_bound":92.56645268756783},"point_estimate":78.46378694410412,"standard_error":9.537461851300364},"Slope":{"confidence_interval":{"confidence_level":0.95,"lower_bound":2594.098280617749,"upper_bound":2668.638151884291},"point_estimate":2627.379671407065,"standard_error":19.12100940277395},"StdDev":{"confidence_interval":{"confidence_level":0.95,"lower_bound":109.53755307560061,"upper_bound":191.28173870060403},"point_estimate":155.02452110324215,"standard_error":20.864424653009235}}