{"Mean":{"confidence_interval":{"confidence_level":0.95,"lower_bound":50315.039844124985,"upper_bound":51804.5047293382},"point_estimate":51007.69462606948,"standard_error":383.0005783676714},"Median":{"confidence_interval":{"confidence_level":0.95,"lower_bound":49724.32472202295,"upper_bound":49751.32419786096},"point_estimate":49737.27323190789,"standard_error":6.819422604613597},"MedianAbsDev":{"confidence_interval":{"confidence_level":0.95,"lower_bound":25.17188647619247,"upper_bound":66.602172038391},"point_estimate":41.5192137920749,"standard_error":10.463303507076166},"Slope":{"confidence_interval":{"confidence_level":0.95,"lower_bound":51343.05137400957,"upper_bound":54806.22394531639},"point_estimate":53081.24292670312,"standard_error":887.6895151925912},"StdDev":{"confidence_interval":{"confidence_level":0.95,"lower_bound":2628.8517888612038,"upper_bound":4782.5212223174189},"point_estimate":3838.7133357453787,"standard_error":563.6962054062997}}