{"Mean":{"confidence_interval":{"confidence_level":0.95,"lower_bound":100572415.93860038,"upper_bound":101299476.26247676},"point_estimate":100935139.51220356,"standard_error":184931.86688041088},"Median":{"confidence_interval":{"confidence_level":0.95,"lower_bound":100976005.78514493,"upper_bound":101483442.4125},"point_estimate":101138515.9658385,"standard_error":128114.94071945458},"MedianAbsDev":{"confidence_interval":{"confidence_level":0.95,"lower_bound":751116.3068179122,"upper_bound":1868111.8312610279},"point_estimate":1044572.5704318743,"standard_error":296017.3892301855},"Slope":{"confidence_interval":{"confidence_level":0.95,"lower_bound":100194189.35973132,"upper_bound":100994594.37858497},"point_estimate":100594157.9854884,"standard_error":204080.81324092297},"StdDev":{"confidence_interval":{"confidence_level":0.95,"lower_bound":1542281.2577871804,"upper_bound":2142411.5112665265},"point_estimate":1855531.5166052592,"standard_error":153470.58045682696}}