{"Mean":{"confidence_interval":{"confidence_level":0.95,"lower_bound":954334.526863611,"upper_bound":960382.9200964578},"point_estimate":957307.2383670572,"standard_error":1540.6336414383575},"Median":{"confidence_interval":{"confidence_level":0.95,"lower_bound":946153.2554376659,"upper_bound":949218.0147058824},"point_estimate":946597.4798387097,"standard_error":1836.4926768591252},"MedianAbsDev":{"confidence_interval":{"confidence_level":0.95,"lower_bound":3219.056510212808,"upper_bound":8470.010637609483},"point_estimate":4212.8555443595819,"standard_error":1914.5827339852763},"Slope":{"confidence_interval":{"confidence_level":0.95,"lower_bound":956271.1371994631,"upper_bound":964774.0566144708},"point_estimate":960509.628216344,"standard_error":2169.1345638518357},"StdDev":{"confidence_interval":{"confidence_level":0.95,"lower_bound":14299.904457220999,"upper_bound":16104.778942080016},"point_estimate":15469.549679040227,"standard_error":466.5226072228229}}