{"Mean":{"confidence_interval":{"confidence_level":0.95,"lower_bound":0.19210876961196919,"upper_bound":0.20914200282242349},"point_estimate":0.20065392386996629,"standard_error":0.004347836821750614},"Median":{"confidence_interval":{"confidence_level":0.95,"lower_bound":0.1935374490342061,"upper_bound":0.2211421571128995},"point_estimate":0.21307287397087006,"standard_error":0.00755407237190084}}