{"Mean":{"confidence_interval":{"confidence_level":0.95,"lower_bound":128.2351749008991,"upper_bound":133.40471470370316},"point_estimate":130.736680108996,"standard_error":1.3250365378772827},"Median":{"confidence_interval":{"confidence_level":0.95,"lower_bound":123.66058086901386,"upper_bound":124.00654381988373},"point_estimate":123.82086429577493,"standard_error":0.08554153305650439},"MedianAbsDev":{"confidence_interval":{"confidence_level":0.95,"lower_bound":0.2805883816788658,"upper_bound":0.6616283092979145},"point_estimate":0.430697702315251,"standard_error":0.09979080483154469},"Slope":{"confidence_interval":{"confidence_level":0.95,"lower_bound":129.20296676087578,"upper_bound":136.11579996237087},"point_estimate":132.44165413728903,"standard_error":1.7637414556212916},"StdDev":{"confidence_interval":{"confidence_level":0.95,"lower_bound":10.980934368795762,"upper_bound":14.792412082388366},"point_estimate":13.261516081217728,"standard_error":0.9601573133564667}}