{"Mean":{"confidence_interval":{"confidence_level":0.95,"lower_bound":26.467960833740145,"upper_bound":26.98255581830733},"point_estimate":26.72324803544263,"standard_error":0.13120092851611285},"Median":{"confidence_interval":{"confidence_level":0.95,"lower_bound":25.698959709260558,"upper_bound":25.83114707241021},"point_estimate":25.711473805693694,"standard_error":0.228519415897492},"MedianAbsDev":{"confidence_interval":{"confidence_level":0.95,"lower_bound":0.07091873958253878,"upper_bound":0.291149986935483},"point_estimate":0.10039638514927386,"standard_error":0.16243248048362664},"Slope":{"confidence_interval":{"confidence_level":0.95,"lower_bound":26.416680256519905,"upper_bound":27.108679703343954},"point_estimate":26.764608639172054,"standard_error":0.1764898009282694},"StdDev":{"confidence_interval":{"confidence_level":0.95,"lower_bound":1.2237279960148802,"upper_bound":1.357380814344732},"point_estimate":1.3148966209469828,"standard_error":0.034675648041276149}}