{"Mean":{"confidence_interval":{"confidence_level":0.95,"lower_bound":-0.10594510902342368,"upper_bound":-0.05182968283138019},"point_estimate":-0.07963211206414811,"standard_error":0.013866607323405226},"Median":{"confidence_interval":{"confidence_level":0.95,"lower_bound":-0.2133383705314772,"upper_bound":0.006185511428600909},"point_estimate":0.004237678507814868,"standard_error":0.06714416682356131}}