{"Mean":{"confidence_interval":{"confidence_level":0.95,"lower_bound":6152541.674567595,"upper_bound":6228859.054656909},"point_estimate":6190746.913017838,"standard_error":19558.439595589116},"Median":{"confidence_interval":{"confidence_level":0.95,"lower_bound":6127844.0,"upper_bound":6291863.512820513},"point_estimate":6195260.182917003,"standard_error":45586.688433125055},"MedianAbsDev":{"confidence_interval":{"confidence_level":0.95,"lower_bound":181178.55353093288,"upper_bound":282756.40153066199},"point_estimate":245325.94681387035,"standard_error":26438.326636903443},"Slope":{"confidence_interval":{"confidence_level":0.95,"lower_bound":6134299.116430339,"upper_bound":6224441.845085595},"point_estimate":6179380.094192404,"standard_error":22996.404426885943},"StdDev":{"confidence_interval":{"confidence_level":0.95,"lower_bound":177506.9332033381,"upper_bound":214370.98519543588},"point_estimate":197313.0087617687,"standard_error":9404.541265802518}}