{"Mean":{"confidence_interval":{"confidence_level":0.95,"lower_bound":10341626.165552082,"upper_bound":10416895.59168536},"point_estimate":10378444.16619218,"standard_error":19269.648696727836},"Median":{"confidence_interval":{"confidence_level":0.95,"lower_bound":10309977.47972973,"upper_bound":10440606.714285715},"point_estimate":10370203.19345238,"standard_error":26459.58326613412},"MedianAbsDev":{"confidence_interval":{"confidence_level":0.95,"lower_bound":159064.6893747846,"upper_bound":250737.47608075408},"point_estimate":218213.1670058665,"standard_error":22803.560717651875},"Slope":{"confidence_interval":{"confidence_level":0.95,"lower_bound":10342225.911548397,"upper_bound":10434550.20340478},"point_estimate":10387740.07602187,"standard_error":23622.2695798365},"StdDev":{"confidence_interval":{"confidence_level":0.95,"lower_bound":162817.00988235468,"upper_bound":220873.9932794574},"point_estimate":193394.1613096495,"standard_error":14841.656829221663}}