{"Mean":{"confidence_interval":{"confidence_level":0.95,"lower_bound":1014.3386220126971,"upper_bound":1051.4798860030554},"point_estimate":1033.100285372467,"standard_error":9.464315926854774},"Median":{"confidence_interval":{"confidence_level":0.95,"lower_bound":924.2060041407867,"upper_bound":1114.5876811594204},"point_estimate":1114.2408135027136,"standard_error":47.64727989249813},"MedianAbsDev":{"confidence_interval":{"confidence_level":0.95,"lower_bound":1.3238340609558124,"upper_bound":109.5443291015962},"point_estimate":9.871067986499968,"standard_error":25.77689876933568},"Slope":{"confidence_interval":{"confidence_level":0.95,"lower_bound":986.4431001500332,"upper_bound":1035.4610207478343},"point_estimate":1011.4672092400674,"standard_error":12.562231073198877},"StdDev":{"confidence_interval":{"confidence_level":0.95,"lower_bound":90.4523006362605,"upper_bound":96.60916849966178},"point_estimate":95.04142624623948,"standard_error":1.5999615163067454}}