{"Mean":{"confidence_interval":{"confidence_level":0.95,"lower_bound":211.63303240876926,"upper_bound":217.8701266356872},"point_estimate":214.70823498655907,"standard_error":1.5924113369135167},"Median":{"confidence_interval":{"confidence_level":0.95,"lower_bound":202.80475318809966,"upper_bound":203.69324630560636},"point_estimate":203.43839473781328,"standard_error":1.6123172517290308},"MedianAbsDev":{"confidence_interval":{"confidence_level":0.95,"lower_bound":0.9122862758027774,"upper_bound":4.538925041620157},"point_estimate":1.7309138937967779,"standard_error":1.6227312479230028},"Slope":{"confidence_interval":{"confidence_level":0.95,"lower_bound":212.47847224941286,"upper_bound":220.98661272202794},"point_estimate":216.81204119680707,"standard_error":2.173620465167518},"StdDev":{"confidence_interval":{"confidence_level":0.95,"lower_bound":14.765268689956394,"upper_bound":16.606678662216699},"point_estimate":15.977536009351148,"standard_error":0.47947017882192957}}