{"Mean":{"confidence_interval":{"confidence_level":0.95,"lower_bound":15685957.749316026,"upper_bound":15698233.33468087},"point_estimate":15691607.828621379,"standard_error":3150.316331381764},"Median":{"confidence_interval":{"confidence_level":0.95,"lower_bound":15682263.979591838,"upper_bound":15691483.736842106},"point_estimate":15687300.3575,"standard_error":2452.6452262009618},"MedianAbsDev":{"confidence_interval":{"confidence_level":0.95,"lower_bound":14748.72953918392,"upper_bound":22508.995315829343},"point_estimate":17985.09154379263,"standard_error":1936.2019595915534},"Slope":{"confidence_interval":{"confidence_level":0.95,"lower_bound":15679926.3025167,"upper_bound":15686343.329410654},"point_estimate":15683089.612058519,"standard_error":1638.335770082476},"StdDev":{"confidence_interval":{"confidence_level":0.95,"lower_bound":19172.81429881655,"upper_bound":45345.79445612715},"point_estimate":31690.109752602588,"standard_error":7545.716245360221}}