{"Mean":{"confidence_interval":{"confidence_level":0.95,"lower_bound":13567.512651562225,"upper_bound":14197.570887386151},"point_estimate":13883.909974655227,"standard_error":160.97073152676249},"Median":{"confidence_interval":{"confidence_level":0.95,"lower_bound":15137.234814257028,"upper_bound":15145.808032128514},"point_estimate":15143.657680366858,"standard_error":237.5619452625246},"MedianAbsDev":{"confidence_interval":{"confidence_level":0.95,"lower_bound":14.27011005880034,"upper_bound":137.4145976438133},"point_estimate":37.877548439731828,"standard_error":213.60757938182514},"Slope":{"confidence_interval":{"confidence_level":0.95,"lower_bound":12955.065288561573,"upper_bound":13816.264587950267},"point_estimate":13390.905081641773,"standard_error":220.1928492964365},"StdDev":{"confidence_interval":{"confidence_level":0.95,"lower_bound":1500.827642212888,"upper_bound":1672.2380153425184},"point_estimate":1617.2063554530149,"standard_error":44.287443754851739}}