{"Mean":{"confidence_interval":{"confidence_level":0.95,"lower_bound":6731700.212713989,"upper_bound":6829267.37495679},"point_estimate":6780203.261908418,"standard_error":24872.250857506053},"Median":{"confidence_interval":{"confidence_level":0.95,"lower_bound":6569203.961538462,"upper_bound":6884955.748397436},"point_estimate":6743115.63599151,"standard_error":72669.98732704389},"MedianAbsDev":{"confidence_interval":{"confidence_level":0.95,"lower_bound":108288.89905157464,"upper_bound":384296.55357475896},"point_estimate":328351.1177082819,"standard_error":73333.38964681326},"Slope":{"confidence_interval":{"confidence_level":0.95,"lower_bound":6767684.927463574,"upper_bound":6885010.202764784},"point_estimate":6827131.832490025,"standard_error":29874.89375406168},"StdDev":{"confidence_interval":{"confidence_level":0.95,"lower_bound":229731.52578918963,"upper_bound":269052.1888068141},"point_estimate":249924.69828530178,"standard_error":10034.278851663978}}