{"Mean":{"confidence_interval":{"confidence_level":0.95,"lower_bound":2324554.939415816,"upper_bound":2390729.6761904319},"point_estimate":2355686.690664869,"standard_error":16886.42182014582},"Median":{"confidence_interval":{"confidence_level":0.95,"lower_bound":2285130.270833333,"upper_bound":2294118.856527094},"point_estimate":2287753.4963369967,"standard_error":2214.475947799964},"MedianAbsDev":{"confidence_interval":{"confidence_level":0.95,"lower_bound":8619.410269870592,"upper_bound":20786.269909523107},"point_estimate":12347.730999482816,"standard_error":2990.8657728093846},"Slope":{"confidence_interval":{"confidence_level":0.95,"lower_bound":2306743.6202420087,"upper_bound":2376391.0513960064},"point_estimate":2337633.4893837745,"standard_error":17819.894972934148},"StdDev":{"confidence_interval":{"confidence_level":0.95,"lower_bound":120616.21364547695,"upper_bound":205469.76843396564},"point_estimate":168894.71735617263,"standard_error":21532.683366118723}}