{"Mean":{"confidence_interval":{"confidence_level":0.95,"lower_bound":16182082.48823319,"upper_bound":16199396.691439543},"point_estimate":16189838.208034454,"standard_error":4434.408078322431},"Median":{"confidence_interval":{"confidence_level":0.95,"lower_bound":16177823.912912913,"upper_bound":16191348.208577712},"point_estimate":16184651.309185606,"standard_error":3772.9408852339636},"MedianAbsDev":{"confidence_interval":{"confidence_level":0.95,"lower_bound":21246.650607212,"upper_bound":33479.26463719187},"point_estimate":28304.019154809248,"standard_error":3209.8851866516308},"Slope":{"confidence_interval":{"confidence_level":0.95,"lower_bound":16167431.19848534,"upper_bound":16176590.79245857},"point_estimate":16171758.000555639,"standard_error":2340.718356275249},"StdDev":{"confidence_interval":{"confidence_level":0.95,"lower_bound":23938.469894816822,"upper_bound":65255.52003686382},"point_estimate":44431.6836611995,"standard_error":11448.968472424718}}