{"Mean":{"confidence_interval":{"confidence_level":0.95,"lower_bound":-0.02540952184543268,"upper_bound":0.01317899727962505},"point_estimate":-0.005511421117230686,"standard_error":0.009871052673540564},"Median":{"confidence_interval":{"confidence_level":0.95,"lower_bound":0.03466958739988195,"upper_bound":0.035557974655555438},"point_estimate":0.03512257288925369,"standard_error":0.000255820271429156}}