{"Mean":{"confidence_interval":{"confidence_level":0.95,"lower_bound":70412445.32996503,"upper_bound":71392098.82207702},"point_estimate":70883379.73817154,"standard_error":250196.36584259687},"Median":{"confidence_interval":{"confidence_level":0.95,"lower_bound":70037470.14814815,"upper_bound":70750956.76923077},"point_estimate":70324589.48236263,"standard_error":184518.99045052398},"MedianAbsDev":{"confidence_interval":{"confidence_level":0.95,"lower_bound":1174333.3760490483,"upper_bound":2408334.2467937387},"point_estimate":1601396.503389269,"standard_error":304467.8328965382},"Slope":{"confidence_interval":{"confidence_level":0.95,"lower_bound":70221896.68427515,"upper_bound":70788029.93616598},"point_estimate":70496937.8782326,"standard_error":144199.5811433615},"StdDev":{"confidence_interval":{"confidence_level":0.95,"lower_bound":1883840.6465266622,"upper_bound":3078652.0794367089},"point_estimate":2520824.239744078,"standard_error":305063.77804264947}}