{"Mean":{"confidence_interval":{"confidence_level":0.95,"lower_bound":24075.832397800186,"upper_bound":24145.443916387703},"point_estimate":24107.105321441355,"standard_error":17.77316981493505},"Median":{"confidence_interval":{"confidence_level":0.95,"lower_bound":24027.24030923345,"upper_bound":24064.984478935698},"point_estimate":24044.474272484134,"standard_error":11.197159354873282},"MedianAbsDev":{"confidence_interval":{"confidence_level":0.95,"lower_bound":42.95704084751959,"upper_bound":90.34875621936533},"point_estimate":67.11534742990699,"standard_error":12.758134337693419},"Slope":{"confidence_interval":{"confidence_level":0.95,"lower_bound":24032.315495090483,"upper_bound":24097.762476158412},"point_estimate":24060.4130775968,"standard_error":16.928601108589196},"StdDev":{"confidence_interval":{"confidence_level":0.95,"lower_bound":106.17249263208098,"upper_bound":253.1299365916583},"point_estimate":178.16189527417888,"standard_error":40.769033412251079}}