{"Mean":{"confidence_interval":{"confidence_level":0.95,"lower_bound":1159132.5689510245,"upper_bound":1194754.5494375292},"point_estimate":1176891.551278238,"standard_error":9105.804473679313},"Median":{"confidence_interval":{"confidence_level":0.95,"lower_bound":1137591.4942528737,"upper_bound":1179051.5},"point_estimate":1178268.7592592594,"standard_error":9983.184314252721},"MedianAbsDev":{"confidence_interval":{"confidence_level":0.95,"lower_bound":88339.61183076035,"upper_bound":150680.72720969624},"point_estimate":148755.61793426655,"standard_error":14562.565126428648},"Slope":{"confidence_interval":{"confidence_level":0.95,"lower_bound":1116254.475781907,"upper_bound":1151766.5690002265},"point_estimate":1132182.7358445398,"standard_error":9050.852778691236},"StdDev":{"confidence_interval":{"confidence_level":0.95,"lower_bound":83699.43817809985,"upper_bound":97836.7356273986},"point_estimate":91583.09673276694,"standard_error":3599.1293208232116}}