{"Mean":{"confidence_interval":{"confidence_level":0.95,"lower_bound":130166958.70070875,"upper_bound":130399054.48368989},"point_estimate":130282311.51315513,"standard_error":59177.14194401468},"Median":{"confidence_interval":{"confidence_level":0.95,"lower_bound":129956938.17225558,"upper_bound":130311598.8125},"point_estimate":130145704.16363636,"standard_error":90195.51876996077},"MedianAbsDev":{"confidence_interval":{"confidence_level":0.95,"lower_bound":433139.50680957597,"upper_bound":837832.0166943887},"point_estimate":634178.8891759885,"standard_error":106150.88899855249},"Slope":{"confidence_interval":{"confidence_level":0.95,"lower_bound":129769092.31417594,"upper_bound":129955995.47864805},"point_estimate":129855264.46152209,"standard_error":47665.822011051336},"StdDev":{"confidence_interval":{"confidence_level":0.95,"lower_bound":531379.6861107844,"upper_bound":648283.351528834},"point_estimate":595089.7487450447,"standard_error":29873.510013586816}}