{"Mean":{"confidence_interval":{"confidence_level":0.95,"lower_bound":291483986.57800629,"upper_bound":292245360.17801657},"point_estimate":291838180.14700898,"standard_error":194678.75747982288},"Median":{"confidence_interval":{"confidence_level":0.95,"lower_bound":291377216.1470318,"upper_bound":292047645.1751337},"point_estimate":291736294.9,"standard_error":173303.17200740597},"MedianAbsDev":{"confidence_interval":{"confidence_level":0.95,"lower_bound":936395.6485804477,"upper_bound":1639293.6915767224},"point_estimate":1254755.6365548443,"standard_error":176340.2307551714},"Slope":{"confidence_interval":{"confidence_level":0.95,"lower_bound":291261641.30442026,"upper_bound":292321131.516857},"point_estimate":291718918.6998197,"standard_error":274461.17010241458},"StdDev":{"confidence_interval":{"confidence_level":0.95,"lower_bound":1315224.1342614375,"upper_bound":2711852.2006720209},"point_estimate":1956925.6802568956,"standard_error":403604.6595026351}}