{"Mean":{"confidence_interval":{"confidence_level":0.95,"lower_bound":14468952.947572479,"upper_bound":14522501.911747314},"point_estimate":14495287.481657474,"standard_error":13686.631702849736},"Median":{"confidence_interval":{"confidence_level":0.95,"lower_bound":14413024.22775974,"upper_bound":14491760.16838488},"point_estimate":14454301.737745099,"standard_error":20045.27009917769},"MedianAbsDev":{"confidence_interval":{"confidence_level":0.95,"lower_bound":84314.61630217581,"upper_bound":167561.0117206511},"point_estimate":124230.95088710774,"standard_error":20792.63724490833},"Slope":{"confidence_interval":{"confidence_level":0.95,"lower_bound":14480133.056806338,"upper_bound":14542799.17096982},"point_estimate":14510501.175965716,"standard_error":16000.174881855333},"StdDev":{"confidence_interval":{"confidence_level":0.95,"lower_bound":119892.2161228622,"upper_bound":151406.44554494779},"point_estimate":137225.29410942054,"standard_error":8053.30351547372}}