{"Mean":{"confidence_interval":{"confidence_level":0.95,"lower_bound":288.20945086714536,"upper_bound":299.5961460005675},"point_estimate":293.7068990084886,"standard_error":2.900748589729016},"Median":{"confidence_interval":{"confidence_level":0.95,"lower_bound":278.9186711760005,"upper_bound":279.24311526266049},"point_estimate":279.0535719111448,"standard_error":0.08346319239421007},"MedianAbsDev":{"confidence_interval":{"confidence_level":0.95,"lower_bound":0.368700631431021,"upper_bound":0.8458937917571575},"point_estimate":0.5384800313140404,"standard_error":0.1230184019273481},"Slope":{"confidence_interval":{"confidence_level":0.95,"lower_bound":294.76416567103697,"upper_bound":312.6180413125887},"point_estimate":303.4148356936782,"standard_error":4.550657799104141},"StdDev":{"confidence_interval":{"confidence_level":0.95,"lower_bound":23.9870374947066,"upper_bound":32.7838489471999},"point_estimate":29.08849396194215,"standard_error":2.266893251815342}}