{"Mean":{"confidence_interval":{"confidence_level":0.95,"lower_bound":0.72814990749706,"upper_bound":0.7383202261930738},"point_estimate":0.7333948125714689,"standard_error":0.0025892151398178048},"Median":{"confidence_interval":{"confidence_level":0.95,"lower_bound":0.7348232672484829,"upper_bound":0.7438189826402895},"point_estimate":0.7387616172951677,"standard_error":0.0023811750473232879}}