{"Mean":{"confidence_interval":{"confidence_level":0.95,"lower_bound":74592108.28479792,"upper_bound":75085581.72868078},"point_estimate":74829332.6042667,"standard_error":126132.3977223084},"Median":{"confidence_interval":{"confidence_level":0.95,"lower_bound":74572582.38749126,"upper_bound":74825949.16551724},"point_estimate":74679679.22906038,"standard_error":64552.41496703722},"MedianAbsDev":{"confidence_interval":{"confidence_level":0.95,"lower_bound":637230.41438171,"upper_bound":1219657.0997730827},"point_estimate":985409.2897320831,"standard_error":144067.43033345993},"Slope":{"confidence_interval":{"confidence_level":0.95,"lower_bound":74489964.80574031,"upper_bound":74812388.76122622},"point_estimate":74647732.30187084,"standard_error":82277.15064498077},"StdDev":{"confidence_interval":{"confidence_level":0.95,"lower_bound":922551.7898629061,"upper_bound":1581124.009278639},"point_estimate":1268991.4288129938,"standard_error":168334.00098939919}}