{"Mean":{"confidence_interval":{"confidence_level":0.95,"lower_bound":-0.05507352853008304,"upper_bound":-0.005510697133242854},"point_estimate":-0.030438252887226126,"standard_error":0.01266944187926508},"Median":{"confidence_interval":{"confidence_level":0.95,"lower_bound":0.036520341105202417,"upper_bound":0.037577334409756097},"point_estimate":0.03710809064705245,"standard_error":0.0002890107455779913}}