{"Mean":{"confidence_interval":{"confidence_level":0.95,"lower_bound":2927.952211508876,"upper_bound":3055.568040581098},"point_estimate":2989.600473115947,"standard_error":32.681093845782978},"Median":{"confidence_interval":{"confidence_level":0.95,"lower_bound":2804.77868852459,"upper_bound":2814.788524590164},"point_estimate":2808.6938524590166,"standard_error":2.776808212035538},"MedianAbsDev":{"confidence_interval":{"confidence_level":0.95,"lower_bound":9.999422100024983,"upper_bound":22.362010406051913},"point_estimate":14.729371267079087,"standard_error":3.4435108601728809},"Slope":{"confidence_interval":{"confidence_level":0.95,"lower_bound":2968.597548550615,"upper_bound":3148.8727411110078},"point_estimate":3053.681143514694,"standard_error":46.00327386568543},"StdDev":{"confidence_interval":{"confidence_level":0.95,"lower_bound":278.85470396156549,"upper_bound":360.66547029043417},"point_estimate":327.2350001639986,"standard_error":21.009928410989518}}