{"Mean":{"confidence_interval":{"confidence_level":0.95,"lower_bound":40206.0493079637,"upper_bound":40284.48692755145},"point_estimate":40242.12602099319,"standard_error":20.032728246813144},"Median":{"confidence_interval":{"confidence_level":0.95,"lower_bound":40157.7962962963,"upper_bound":40180.058984819734},"point_estimate":40164.46707889126,"standard_error":6.578399866237607},"MedianAbsDev":{"confidence_interval":{"confidence_level":0.95,"lower_bound":40.02829342715457,"upper_bound":82.98604802735481},"point_estimate":60.05173120382139,"standard_error":11.227659991031379},"Slope":{"confidence_interval":{"confidence_level":0.95,"lower_bound":40153.00812980511,"upper_bound":40249.107778604244},"point_estimate":40192.63303762376,"standard_error":25.304259565338833},"StdDev":{"confidence_interval":{"confidence_level":0.95,"lower_bound":123.2505688518844,"upper_bound":275.467885943283},"point_estimate":201.5160700965153,"standard_error":39.80141469532081}}