{"Mean":{"confidence_interval":{"confidence_level":0.95,"lower_bound":17.29256785458808,"upper_bound":18.08099553854328},"point_estimate":17.692145311271579,"standard_error":0.20245812468082928},"Median":{"confidence_interval":{"confidence_level":0.95,"lower_bound":19.189715635118984,"upper_bound":19.19459480414428},"point_estimate":19.191705510188059,"standard_error":0.15571719423054335},"MedianAbsDev":{"confidence_interval":{"confidence_level":0.95,"lower_bound":0.012165810026446402,"upper_bound":0.09673943674900285},"point_estimate":0.026006021051075906,"standard_error":0.10567730697758066},"Slope":{"confidence_interval":{"confidence_level":0.95,"lower_bound":16.501975151644314,"upper_bound":17.59586943485713},"point_estimate":17.06027421422047,"standard_error":0.2783890467611577},"StdDev":{"confidence_interval":{"confidence_level":0.95,"lower_bound":1.8721737418554972,"upper_bound":2.1171178373008776},"point_estimate":2.034766294141237,"standard_error":0.06410504356131425}}