{"Mean":{"confidence_interval":{"confidence_level":0.95,"lower_bound":635.8096085766708,"upper_bound":667.6143592340517},"point_estimate":651.816744177868,"standard_error":8.114688727625893},"Median":{"confidence_interval":{"confidence_level":0.95,"lower_bound":713.0999543558866,"upper_bound":713.6235495372947},"point_estimate":713.3317595104924,"standard_error":8.308025983546852},"MedianAbsDev":{"confidence_interval":{"confidence_level":0.95,"lower_bound":2.2500112903416444,"upper_bound":7.629246792737764},"point_estimate":3.1711483555854995,"standard_error":6.711386846374803},"Slope":{"confidence_interval":{"confidence_level":0.95,"lower_bound":604.0278566936829,"upper_bound":647.2639056294291},"point_estimate":625.9783042785379,"standard_error":11.021360883837977},"StdDev":{"confidence_interval":{"confidence_level":0.95,"lower_bound":75.58198140157252,"upper_bound":84.84648029507959},"point_estimate":81.76667422291112,"standard_error":2.4389092141230508}}