{"Mean":{"confidence_interval":{"confidence_level":0.95,"lower_bound":83265492.76861027,"upper_bound":84044352.43238762},"point_estimate":83650083.4133347,"standard_error":199239.5388111534},"Median":{"confidence_interval":{"confidence_level":0.95,"lower_bound":83426079.06237322,"upper_bound":83944345.75999999},"point_estimate":83686157.81104356,"standard_error":168600.35490332629},"MedianAbsDev":{"confidence_interval":{"confidence_level":0.95,"lower_bound":1198684.5731265404,"upper_bound":1931806.0809553825},"point_estimate":1494600.5155701568,"standard_error":190712.396514684},"Slope":{"confidence_interval":{"confidence_level":0.95,"lower_bound":83163250.96399549,"upper_bound":83785705.11695335},"point_estimate":83474380.24578099,"standard_error":158439.92911370015},"StdDev":{"confidence_interval":{"confidence_level":0.95,"lower_bound":1525313.720572909,"upper_bound":2449277.7983661286},"point_estimate":2004207.2602830083,"standard_error":236223.3169424703}}