{"Mean":{"confidence_interval":{"confidence_level":0.95,"lower_bound":3928942.47514927,"upper_bound":4005697.968959133},"point_estimate":3968926.296585698,"standard_error":19564.995700001262},"Median":{"confidence_interval":{"confidence_level":0.95,"lower_bound":3940657.0757575759,"upper_bound":4003657.0147058826},"point_estimate":3967737.43904824,"standard_error":13395.896416989994},"MedianAbsDev":{"confidence_interval":{"confidence_level":0.95,"lower_bound":87093.3856455625,"upper_bound":151824.43761380833},"point_estimate":112038.13053582559,"standard_error":17502.534197659235},"Slope":{"confidence_interval":{"confidence_level":0.95,"lower_bound":3945679.4280299057,"upper_bound":3992188.370499637},"point_estimate":3968465.5667178959,"standard_error":11834.938551514791},"StdDev":{"confidence_interval":{"confidence_level":0.95,"lower_bound":128116.27010048248,"upper_bound":262440.1885290724},"point_estimate":196974.79648518994,"standard_error":34777.36068304084}}