{"Mean":{"confidence_interval":{"confidence_level":0.95,"lower_bound":33349045.742589304,"upper_bound":33540662.722150487},"point_estimate":33444133.510440604,"standard_error":48840.72848682235},"Median":{"confidence_interval":{"confidence_level":0.95,"lower_bound":33312531.209473686,"upper_bound":33521838.93465909},"point_estimate":33452335.566666668,"standard_error":59477.3074057116},"MedianAbsDev":{"confidence_interval":{"confidence_level":0.95,"lower_bound":394012.24758294029,"upper_bound":603516.9193757973},"point_estimate":497832.9958998229,"standard_error":53934.4826783325},"Slope":{"confidence_interval":{"confidence_level":0.95,"lower_bound":33397029.51532613,"upper_bound":33576847.5356955},"point_estimate":33486555.471845725,"standard_error":45907.186276621214},"StdDev":{"confidence_interval":{"confidence_level":0.95,"lower_bound":397206.58075162899,"upper_bound":593359.6821042423},"point_estimate":491690.00928651346,"standard_error":50868.73027442875}}