{"Mean":{"confidence_interval":{"confidence_level":0.95,"lower_bound":1787751.261612334,"upper_bound":1831087.657873576},"point_estimate":1809040.349158664,"standard_error":11089.103361865547},"Median":{"confidence_interval":{"confidence_level":0.95,"lower_bound":1743395.496678744,"upper_bound":1754758.3617021277},"point_estimate":1748352.0,"standard_error":4303.235107781349},"MedianAbsDev":{"confidence_interval":{"confidence_level":0.95,"lower_bound":33011.33904602966,"upper_bound":57630.42394232837},"point_estimate":47250.73650113172,"standard_error":7412.420881129187},"Slope":{"confidence_interval":{"confidence_level":0.95,"lower_bound":1819416.5398765302,"upper_bound":1877435.8352493467},"point_estimate":1848021.994322447,"standard_error":14853.401788855717},"StdDev":{"confidence_interval":{"confidence_level":0.95,"lower_bound":98126.02995387934,"upper_bound":120396.12107783513},"point_estimate":111284.3178668306,"standard_error":5686.564978319511}}