{"Mean":{"confidence_interval":{"confidence_level":0.95,"lower_bound":2046117.597303845,"upper_bound":2086986.5842715356},"point_estimate":2066555.358954333,"standard_error":10461.770097518704},"Median":{"confidence_interval":{"confidence_level":0.95,"lower_bound":1984601.6204994193,"upper_bound":2151896.8571428575},"point_estimate":2013366.5542929294,"standard_error":68123.02629250259},"MedianAbsDev":{"confidence_interval":{"confidence_level":0.95,"lower_bound":57285.5052588939,"upper_bound":158673.34444468059},"point_estimate":103588.3963189222,"standard_error":26427.586591328814},"Slope":{"confidence_interval":{"confidence_level":0.95,"lower_bound":2007118.1814020805,"upper_bound":2053801.498809405},"point_estimate":2029078.8525727797,"standard_error":11890.720774614527},"StdDev":{"confidence_interval":{"confidence_level":0.95,"lower_bound":100400.82826191091,"upper_bound":109210.27783204551},"point_estimate":105448.99791717009,"standard_error":2249.9810083390386}}