{"Mean":{"confidence_interval":{"confidence_level":0.95,"lower_bound":-0.009975905333086516,"upper_bound":0.0004183467174505286},"point_estimate":-0.004666947549015199,"standard_error":0.0026491828784820567},"Median":{"confidence_interval":{"confidence_level":0.95,"lower_bound":-0.01683622507095406,"upper_bound":0.008682522369189316},"point_estimate":-0.0022526952724253315,"standard_error":0.005465494728920225}}