{"Mean":{"confidence_interval":{"confidence_level":0.95,"lower_bound":0.01891255489579386,"upper_bound":0.020159318597247883},"point_estimate":0.019467544577971286,"standard_error":0.00031739315307228593},"Median":{"confidence_interval":{"confidence_level":0.95,"lower_bound":0.019064701184140499,"upper_bound":0.01966014539096798},"point_estimate":0.019312526403408416,"standard_error":0.0001487914573654529}}