{"Mean":{"confidence_interval":{"confidence_level":0.95,"lower_bound":665.4549782950902,"upper_bound":692.5884967678436},"point_estimate":678.5243108564781,"standard_error":6.976706799700935},"Median":{"confidence_interval":{"confidence_level":0.95,"lower_bound":645.5548669242327,"upper_bound":647.8192940350056},"point_estimate":646.6600099313207,"standard_error":0.6373908708334461},"MedianAbsDev":{"confidence_interval":{"confidence_level":0.95,"lower_bound":3.533409467211413,"upper_bound":10.512122361129505},"point_estimate":5.6725041909863489,"standard_error":1.7799660731970617},"Slope":{"confidence_interval":{"confidence_level":0.95,"lower_bound":702.384637977136,"upper_bound":749.9942562199093},"point_estimate":727.8851944329281,"standard_error":12.106541649885017},"StdDev":{"confidence_interval":{"confidence_level":0.95,"lower_bound":57.792349255464,"upper_bound":79.17192117675102},"point_estimate":70.05239924478203,"standard_error":5.603095239487713}}