{"Mean":{"confidence_interval":{"confidence_level":0.95,"lower_bound":1378115.067824083,"upper_bound":1396189.5412253154},"point_estimate":1384927.336969037,"standard_error":4955.595854027803},"Median":{"confidence_interval":{"confidence_level":0.95,"lower_bound":1375526.25,"upper_bound":1377832.392857143},"point_estimate":1377214.6056818183,"standard_error":510.06916411754869},"MedianAbsDev":{"confidence_interval":{"confidence_level":0.95,"lower_bound":2538.1600176413987,"upper_bound":6133.410956539654},"point_estimate":4199.676225440818,"standard_error":989.2906987340849},"Slope":{"confidence_interval":{"confidence_level":0.95,"lower_bound":1375064.8216382417,"upper_bound":1382158.5191383674},"point_estimate":1378267.6560987144,"standard_error":1824.3542039098534},"StdDev":{"confidence_interval":{"confidence_level":0.95,"lower_bound":9038.376350720566,"upper_bound":83730.05868402304},"point_estimate":49970.30963358739,"standard_error":24672.798978932547}}