{"Mean":{"confidence_interval":{"confidence_level":0.95,"lower_bound":417489.12883664327,"upper_bound":419006.5250600881},"point_estimate":418170.07196480696,"standard_error":390.8156773410518},"Median":{"confidence_interval":{"confidence_level":0.95,"lower_bound":417049.7634408602,"upper_bound":417542.13661202185},"point_estimate":417288.4656944445,"standard_error":129.94270285442352},"MedianAbsDev":{"confidence_interval":{"confidence_level":0.95,"lower_bound":708.4676045054865,"upper_bound":1187.614958663485},"point_estimate":912.6492386049076,"standard_error":118.70576394682229},"Slope":{"confidence_interval":{"confidence_level":0.95,"lower_bound":416724.7519175522,"upper_bound":417159.61776477718},"point_estimate":416930.2535559825,"standard_error":110.84159848104253},"StdDev":{"confidence_interval":{"confidence_level":0.95,"lower_bound":2092.4440156675607,"upper_bound":5337.88412249401},"point_estimate":3911.5323731972205,"standard_error":848.368973704731}}