{"Mean":{"confidence_interval":{"confidence_level":0.95,"lower_bound":65768154.58136359,"upper_bound":66382341.376615669},"point_estimate":66061493.05540064,"standard_error":156546.17578997764},"Median":{"confidence_interval":{"confidence_level":0.95,"lower_bound":65365291.5,"upper_bound":66065141.30102041},"point_estimate":65635406.51304348,"standard_error":181755.78001010774},"MedianAbsDev":{"confidence_interval":{"confidence_level":0.95,"lower_bound":986502.6425684781,"upper_bound":1707649.4957539256},"point_estimate":1361186.7179418696,"standard_error":195411.41226083079},"Slope":{"confidence_interval":{"confidence_level":0.95,"lower_bound":66132261.518366757,"upper_bound":66700538.272552389},"point_estimate":66419722.64888725,"standard_error":144385.21316044426},"StdDev":{"confidence_interval":{"confidence_level":0.95,"lower_bound":1134115.8405173848,"upper_bound":2012911.9504461638},"point_estimate":1569400.834932512,"standard_error":229545.25644541134}}