{"Mean":{"confidence_interval":{"confidence_level":0.95,"lower_bound":0.3726139082852323,"upper_bound":0.4083299717083052},"point_estimate":0.39046537586005339,"standard_error":0.009091363018818076},"Median":{"confidence_interval":{"confidence_level":0.95,"lower_bound":0.3539391513481296,"upper_bound":0.3658931737257156},"point_estimate":0.3598730655694189,"standard_error":0.003128734581911151}}