{"Mean":{"confidence_interval":{"confidence_level":0.95,"lower_bound":1992070.0310272554,"upper_bound":2025675.792710289},"point_estimate":2008428.7995252694,"standard_error":8585.872306205558},"Median":{"confidence_interval":{"confidence_level":0.95,"lower_bound":1954264.3103448277,"upper_bound":1974604.4040404042},"point_estimate":1965553.6754032258,"standard_error":6264.714547919164},"MedianAbsDev":{"confidence_interval":{"confidence_level":0.95,"lower_bound":12382.65814477957,"upper_bound":37042.19291345334},"point_estimate":23846.643035392022,"standard_error":6611.551385246567},"Slope":{"confidence_interval":{"confidence_level":0.95,"lower_bound":1994411.8215667613,"upper_bound":2036408.8310948783},"point_estimate":2014198.637700606,"standard_error":10728.91611499842},"StdDev":{"confidence_interval":{"confidence_level":0.95,"lower_bound":73673.85040069424,"upper_bound":95656.5360178667},"point_estimate":86406.37785432255,"standard_error":5635.078601245721}}