{"Mean":{"confidence_interval":{"confidence_level":0.95,"lower_bound":154810.70554715274,"upper_bound":154956.4950887779},"point_estimate":154879.00785813287,"standard_error":37.25162382256425},"Median":{"confidence_interval":{"confidence_level":0.95,"lower_bound":154701.27380952383,"upper_bound":154781.29309881846},"point_estimate":154737.51214771626,"standard_error":20.655757920017103},"MedianAbsDev":{"confidence_interval":{"confidence_level":0.95,"lower_bound":86.0653935733915,"upper_bound":172.225804126051},"point_estimate":131.47531184640543,"standard_error":22.267545929861546},"Slope":{"confidence_interval":{"confidence_level":0.95,"lower_bound":154674.9024621405,"upper_bound":154704.94162172292},"point_estimate":154688.3858253288,"standard_error":7.664684051829164},"StdDev":{"confidence_interval":{"confidence_level":0.95,"lower_bound":263.90387028047726,"upper_bound":467.0695448352417},"point_estimate":374.73206708553666,"standard_error":51.95999955368573}}