{"Mean":{"confidence_interval":{"confidence_level":0.95,"lower_bound":33138040.62200895,"upper_bound":33380580.643784729},"point_estimate":33257733.906151005,"standard_error":61856.31206291403},"Median":{"confidence_interval":{"confidence_level":0.95,"lower_bound":33092375.875,"upper_bound":33355778.277777777},"point_estimate":33234921.53,"standard_error":66217.11706656852},"MedianAbsDev":{"confidence_interval":{"confidence_level":0.95,"lower_bound":463741.92600486529,"upper_bound":808017.9824786763},"point_estimate":616248.9027745234,"standard_error":90883.87396159722},"Slope":{"confidence_interval":{"confidence_level":0.95,"lower_bound":32847767.499480048,"upper_bound":33142978.3779378},"point_estimate":32988793.472691,"standard_error":75301.73623508914},"StdDev":{"confidence_interval":{"confidence_level":0.95,"lower_bound":533712.7198576874,"upper_bound":699421.1160105111},"point_estimate":621152.7536714162,"standard_error":42284.21163130704}}