{"Mean":{"confidence_interval":{"confidence_level":0.95,"lower_bound":997.8101429544616,"upper_bound":1038.0214368309883},"point_estimate":1017.8245391971312,"standard_error":10.267088727263538},"Median":{"confidence_interval":{"confidence_level":0.95,"lower_bound":925.9125282918386,"upper_bound":1133.3322856972894},"point_estimate":931.0446178937559,"standard_error":59.78295022538832},"MedianAbsDev":{"confidence_interval":{"confidence_level":0.95,"lower_bound":2.8570575477023105,"upper_bound":127.99805747204798},"point_estimate":11.689421693097826,"standard_error":32.79575700433234},"Slope":{"confidence_interval":{"confidence_level":0.95,"lower_bound":997.4590871993872,"upper_bound":1051.9521428476547},"point_estimate":1024.7233801722107,"standard_error":13.912381696847385},"StdDev":{"confidence_interval":{"confidence_level":0.95,"lower_bound":98.57514607814199,"upper_bound":104.7797641800662},"point_estimate":103.16791047559042,"standard_error":1.5952935585537203}}