{"Mean":{"confidence_interval":{"confidence_level":0.95,"lower_bound":22.999048451027169,"upper_bound":23.9891587924092},"point_estimate":23.494824779368938,"standard_error":0.252863830410775},"Median":{"confidence_interval":{"confidence_level":0.95,"lower_bound":20.805409946387589,"upper_bound":25.881583958226487},"point_estimate":25.875839837069184,"standard_error":2.0689759111661427},"MedianAbsDev":{"confidence_interval":{"confidence_level":0.95,"lower_bound":0.021438498609289693,"upper_bound":3.8525041491180249},"point_estimate":0.3632336387124305,"standard_error":1.001864762131295},"Slope":{"confidence_interval":{"confidence_level":0.95,"lower_bound":22.276785583246693,"upper_bound":23.5757951817114},"point_estimate":22.931674217657084,"standard_error":0.33156940753159816},"StdDev":{"confidence_interval":{"confidence_level":0.95,"lower_bound":2.462659814383331,"upper_bound":2.57380148507286},"point_estimate":2.5465898345822746,"standard_error":0.02845093674212417}}