{"Mean":{"confidence_interval":{"confidence_level":0.95,"lower_bound":15.776416865447038,"upper_bound":16.34472280967474},"point_estimate":16.04764745271406,"standard_error":0.14411022629264193},"Median":{"confidence_interval":{"confidence_level":0.95,"lower_bound":15.46525972619357,"upper_bound":15.477689337909152},"point_estimate":15.471113490363264,"standard_error":0.0032760937010952579},"MedianAbsDev":{"confidence_interval":{"confidence_level":0.95,"lower_bound":0.015835864681329045,"upper_bound":0.03173562860895962},"point_estimate":0.021591847091699525,"standard_error":0.0040754664043694019},"Slope":{"confidence_interval":{"confidence_level":0.95,"lower_bound":16.353520893287578,"upper_bound":17.516459486370438},"point_estimate":16.95490919220322,"standard_error":0.29733781074625195},"StdDev":{"confidence_interval":{"confidence_level":0.95,"lower_bound":1.0941950321040968,"upper_bound":1.7144529336969346},"point_estimate":1.445312152649743,"standard_error":0.16028052961418449}}