{"Mean":{"confidence_interval":{"confidence_level":0.95,"lower_bound":326655.849905558,"upper_bound":328852.33620331637},"point_estimate":327656.2421386902,"standard_error":564.0391954881575},"Median":{"confidence_interval":{"confidence_level":0.95,"lower_bound":325524.36875,"upper_bound":326555.6441570881},"point_estimate":325837.48200757577,"standard_error":247.0183195574065},"MedianAbsDev":{"confidence_interval":{"confidence_level":0.95,"lower_bound":1285.9076283826346,"upper_bound":2397.07460981127},"point_estimate":1603.0787367314895,"standard_error":283.3280031639147},"Slope":{"confidence_interval":{"confidence_level":0.95,"lower_bound":326746.4068975943,"upper_bound":331252.8795669775},"point_estimate":328754.31308630117,"standard_error":1159.8488310430117},"StdDev":{"confidence_interval":{"confidence_level":0.95,"lower_bound":3103.396223451531,"upper_bound":7902.072654469521},"point_estimate":5674.122347173578,"standard_error":1235.7324357525307}}