{"Mean":{"confidence_interval":{"confidence_level":0.95,"lower_bound":-0.061651199884249479,"upper_bound":-0.034326115068688888},"point_estimate":-0.04867559220492379,"standard_error":0.006972097158767185},"Median":{"confidence_interval":{"confidence_level":0.95,"lower_bound":-0.0511593615052941,"upper_bound":-0.038449028231710039},"point_estimate":-0.04094098474752206,"standard_error":0.0028751716136348394}}