{"Mean":{"confidence_interval":{"confidence_level":0.95,"lower_bound":35358.64219418286,"upper_bound":35518.562017243996},"point_estimate":35432.84868835647,"standard_error":41.04124401447038},"Median":{"confidence_interval":{"confidence_level":0.95,"lower_bound":35271.217357185305,"upper_bound":35338.60147759692},"point_estimate":35293.22113943029,"standard_error":17.474879126840908},"MedianAbsDev":{"confidence_interval":{"confidence_level":0.95,"lower_bound":95.8747275116911,"upper_bound":171.43583869742225},"point_estimate":126.23593785106142,"standard_error":19.280045852174348},"Slope":{"confidence_interval":{"confidence_level":0.95,"lower_bound":35274.61308459092,"upper_bound":35631.79562545526},"point_estimate":35436.559588163655,"standard_error":93.93937419161898},"StdDev":{"confidence_interval":{"confidence_level":0.95,"lower_bound":269.7757804474709,"upper_bound":527.0438825777859},"point_estimate":412.86016585638307,"standard_error":65.53914442478659}}