{"Mean":{"confidence_interval":{"confidence_level":0.95,"lower_bound":334698.225435498,"upper_bound":341716.84899237877},"point_estimate":337909.1934800933,"standard_error":1803.6689656527493},"Median":{"confidence_interval":{"confidence_level":0.95,"lower_bound":330125.23,"upper_bound":331103.3154885655},"point_estimate":330690.46145124718,"standard_error":513.7001655162263},"MedianAbsDev":{"confidence_interval":{"confidence_level":0.95,"lower_bound":1326.9278029346004,"upper_bound":3914.3771901935426},"point_estimate":2473.1114093692829,"standard_error":870.9286601477994},"Slope":{"confidence_interval":{"confidence_level":0.95,"lower_bound":335256.10458973937,"upper_bound":340534.14904906958},"point_estimate":337908.7748485296,"standard_error":1348.2209988538237},"StdDev":{"confidence_interval":{"confidence_level":0.95,"lower_bound":10681.07620245088,"upper_bound":24199.454886158852},"point_estimate":18187.496803022237,"standard_error":3584.7888974787626}}