{"Mean":{"confidence_interval":{"confidence_level":0.95,"lower_bound":24529.571635485205,"upper_bound":24571.799838035018},"point_estimate":24549.64890506842,"standard_error":10.810560992844309},"Median":{"confidence_interval":{"confidence_level":0.95,"lower_bound":24495.986728837877,"upper_bound":24528.747771868697},"point_estimate":24510.900644071375,"standard_error":7.37315035031586},"MedianAbsDev":{"confidence_interval":{"confidence_level":0.95,"lower_bound":34.58631924157234,"upper_bound":67.9310091663046},"point_estimate":48.4662729754708,"standard_error":8.145513349559572},"Slope":{"confidence_interval":{"confidence_level":0.95,"lower_bound":24494.45603596218,"upper_bound":24554.49174039849},"point_estimate":24517.72165112616,"standard_error":16.008124484392348},"StdDev":{"confidence_interval":{"confidence_level":0.95,"lower_bound":80.00537345900041,"upper_bound":135.63515864043485},"point_estimate":108.78249291855053,"standard_error":14.316034878317428}}