{"Mean":{"confidence_interval":{"confidence_level":0.95,"lower_bound":14394620.936318117,"upper_bound":14436270.6845607},"point_estimate":14415147.923689707,"standard_error":10642.36547577786},"Median":{"confidence_interval":{"confidence_level":0.95,"lower_bound":14369376.43373494,"upper_bound":14444171.881578947},"point_estimate":14402408.888314177,"standard_error":19301.927352486666},"MedianAbsDev":{"confidence_interval":{"confidence_level":0.95,"lower_bound":82102.10347573085,"upper_bound":140888.24369083695},"point_estimate":109266.77493320305,"standard_error":13434.55367549336},"Slope":{"confidence_interval":{"confidence_level":0.95,"lower_bound":14388805.46644135,"upper_bound":14436598.593416712},"point_estimate":14411878.179804936,"standard_error":12189.998679992794},"StdDev":{"confidence_interval":{"confidence_level":0.95,"lower_bound":91462.85890417612,"upper_bound":119828.99877793828},"point_estimate":106749.41861700308,"standard_error":7247.849245395958}}