{"Mean":{"confidence_interval":{"confidence_level":0.95,"lower_bound":34254076.58719869,"upper_bound":37324575.82118984},"point_estimate":35780379.393649,"standard_error":784569.8528106385},"Median":{"confidence_interval":{"confidence_level":0.95,"lower_bound":32992564.5,"upper_bound":37742983.26760563},"point_estimate":35524736.35486135,"standard_error":1149002.5351680639},"MedianAbsDev":{"confidence_interval":{"confidence_level":0.95,"lower_bound":5852194.81613988,"upper_bound":11067615.28988555},"point_estimate":8512268.48452435,"standard_error":1306488.336423322},"Slope":{"confidence_interval":{"confidence_level":0.95,"lower_bound":35961017.72188452,"upper_bound":38511357.68869524},"point_estimate":37144000.66592877,"standard_error":650982.8997959427},"StdDev":{"confidence_interval":{"confidence_level":0.95,"lower_bound":6982552.549770992,"upper_bound":8716220.39000318},"point_estimate":7904974.784893579,"standard_error":441818.079142089}}