{"Mean":{"confidence_interval":{"confidence_level":0.95,"lower_bound":1387714.0804885673,"upper_bound":1405318.9948487255},"point_estimate":1396238.8890319553,"standard_error":4501.724611993447},"Median":{"confidence_interval":{"confidence_level":0.95,"lower_bound":1362105.3623376624,"upper_bound":1380348.0166666667},"point_estimate":1376206.7112375533,"standard_error":5323.2988585009529},"MedianAbsDev":{"confidence_interval":{"confidence_level":0.95,"lower_bound":6421.735155222117,"upper_bound":32426.797300709313},"point_estimate":25785.127443928028,"standard_error":6866.127703638422},"Slope":{"confidence_interval":{"confidence_level":0.95,"lower_bound":1389931.3096198722,"upper_bound":1410982.2621330068},"point_estimate":1400204.122065908,"standard_error":5363.010665961325},"StdDev":{"confidence_interval":{"confidence_level":0.95,"lower_bound":36850.1521290051,"upper_bound":54711.161653763105},"point_estimate":45432.43354765025,"standard_error":4651.786146220628}}