{"Mean":{"confidence_interval":{"confidence_level":0.95,"lower_bound":32850.49102851921,"upper_bound":32996.668871633854},"point_estimate":32918.86948919883,"standard_error":37.43183679037189},"Median":{"confidence_interval":{"confidence_level":0.95,"lower_bound":32779.12648556876,"upper_bound":32823.55616023761},"point_estimate":32797.501212599345,"standard_error":11.15368055932738},"MedianAbsDev":{"confidence_interval":{"confidence_level":0.95,"lower_bound":71.12653959011107,"upper_bound":129.18399100807344},"point_estimate":90.57121521479526,"standard_error":14.193153637333289},"Slope":{"confidence_interval":{"confidence_level":0.95,"lower_bound":32841.77028139397,"upper_bound":33184.23962113183},"point_estimate":33008.196320855,"standard_error":87.40558494792684},"StdDev":{"confidence_interval":{"confidence_level":0.95,"lower_bound":251.81160535466513,"upper_bound":473.3418145587818},"point_estimate":376.1630113532842,"standard_error":56.533197169645678}}