{"Mean":{"confidence_interval":{"confidence_level":0.95,"lower_bound":3614139.477603352,"upper_bound":3803625.709282327},"point_estimate":3694940.262220696,"standard_error":49327.87514158543},"Median":{"confidence_interval":{"confidence_level":0.95,"lower_bound":3541221.635338346,"upper_bound":3654488.452830189},"point_estimate":3581018.0353280466,"standard_error":27122.339636406643},"MedianAbsDev":{"confidence_interval":{"confidence_level":0.95,"lower_bound":68381.24552599027,"upper_bound":172462.55023981195},"point_estimate":124037.25180715205,"standard_error":27591.063487260144},"Slope":{"confidence_interval":{"confidence_level":0.95,"lower_bound":3607531.2482654836,"upper_bound":3663056.328409532},"point_estimate":3634895.916302645,"standard_error":14223.610677289571},"StdDev":{"confidence_interval":{"confidence_level":0.95,"lower_bound":123593.98643994246,"upper_bound":751490.2361765356},"point_estimate":494622.66029545289,"standard_error":167965.43068032817}}