{"Mean":{"confidence_interval":{"confidence_level":0.95,"lower_bound":-0.0022778898147170765,"upper_bound":0.0059375245612379779},"point_estimate":0.0018978955702830814,"standard_error":0.00208529595718547},"Median":{"confidence_interval":{"confidence_level":0.95,"lower_bound":0.001165211872228955,"upper_bound":0.0027827716803447979},"point_estimate":0.0018384305259524503,"standard_error":0.0004230755288943827}}