{"Mean":{"confidence_interval":{"confidence_level":0.95,"lower_bound":139.98798193908966,"upper_bound":145.38042618501366},"point_estimate":142.69594852314746,"standard_error":1.37197025576379},"Median":{"confidence_interval":{"confidence_level":0.95,"lower_bound":126.8319885786802,"upper_bound":154.46680849112864},"point_estimate":154.44277411167514,"standard_error":6.520633354080504},"MedianAbsDev":{"confidence_interval":{"confidence_level":0.95,"lower_bound":0.15165183925147134,"upper_bound":14.579915719974066},"point_estimate":0.478227547854936,"standard_error":3.117854969059761},"Slope":{"confidence_interval":{"confidence_level":0.95,"lower_bound":130.26205380648887,"upper_bound":134.288362041735},"point_estimate":132.0127999334633,"standard_error":1.0319715875905958},"StdDev":{"confidence_interval":{"confidence_level":0.95,"lower_bound":13.087473012001406,"upper_bound":13.996007594230355},"point_estimate":13.786497559163616,"standard_error":0.23639735553382244}}