{"Mean":{"confidence_interval":{"confidence_level":0.95,"lower_bound":2675.6274081761705,"upper_bound":2680.6259964762969},"point_estimate":2678.1466917457016,"standard_error":1.2791210482030476},"Median":{"confidence_interval":{"confidence_level":0.95,"lower_bound":2678.0372063492065,"upper_bound":2680.8482402930405},"point_estimate":2679.382481395349,"standard_error":0.770175620931015},"MedianAbsDev":{"confidence_interval":{"confidence_level":0.95,"lower_bound":10.192362297111123,"upper_bound":20.042845823862476},"point_estimate":16.842239734246406,"standard_error":2.5725199980305204},"Slope":{"confidence_interval":{"confidence_level":0.95,"lower_bound":2674.663012369514,"upper_bound":2680.898296931567},"point_estimate":2677.844620194079,"standard_error":1.5892019485446092},"StdDev":{"confidence_interval":{"confidence_level":0.95,"lower_bound":11.536986171263513,"upper_bound":14.014364139099765},"point_estimate":12.894952706515902,"standard_error":0.6364523177599105}}