{"Mean":{"confidence_interval":{"confidence_level":0.95,"lower_bound":9744939.865743258,"upper_bound":10113524.773949985},"point_estimate":9924937.623870641,"standard_error":94410.87432808253},"Median":{"confidence_interval":{"confidence_level":0.95,"lower_bound":9279142.397192028,"upper_bound":9300165.124758222},"point_estimate":9294564.998517786,"standard_error":25944.522988084842},"MedianAbsDev":{"confidence_interval":{"confidence_level":0.95,"lower_bound":24122.033602791158,"upper_bound":125760.52161911242},"point_estimate":45296.21890738942,"standard_error":48147.01023903951},"Slope":{"confidence_interval":{"confidence_level":0.95,"lower_bound":9844594.413514577,"upper_bound":10348138.15988033},"point_estimate":10090845.830551206,"standard_error":128688.87121557656},"StdDev":{"confidence_interval":{"confidence_level":0.95,"lower_bound":842000.2947772305,"upper_bound":1025807.4702204857},"point_estimate":952042.4575306804,"standard_error":47311.44763928108}}