{"Mean":{"confidence_interval":{"confidence_level":0.95,"lower_bound":-0.003093250773764738,"upper_bound":-0.00045014063770572766},"point_estimate":-0.0018122885820720525,"standard_error":0.0006730829155062732},"Median":{"confidence_interval":{"confidence_level":0.95,"lower_bound":-0.00270464004767923,"upper_bound":-0.0006638923376979244},"point_estimate":-0.0014827587135087806,"standard_error":0.0005420354073618079}}