{"Mean":{"confidence_interval":{"confidence_level":0.95,"lower_bound":27603.07840746882,"upper_bound":28713.145400569858},"point_estimate":28138.15264142048,"standard_error":281.9559916054803},"Median":{"confidence_interval":{"confidence_level":0.95,"lower_bound":26758.70388767209,"upper_bound":26778.25},"point_estimate":26770.674208144796,"standard_error":5.174615430466217},"MedianAbsDev":{"confidence_interval":{"confidence_level":0.95,"lower_bound":27.055661049727605,"upper_bound":58.80558719515541},"point_estimate":40.179652458613279,"standard_error":8.480971692068082},"Slope":{"confidence_interval":{"confidence_level":0.95,"lower_bound":28529.536389617217,"upper_bound":30402.33794948466},"point_estimate":29463.51732916663,"standard_error":477.00406958441666},"StdDev":{"confidence_interval":{"confidence_level":0.95,"lower_bound":2298.0662586244468,"upper_bound":3216.1744386815928},"point_estimate":2828.101681524707,"standard_error":234.21687422427284}}