{"Mean":{"confidence_interval":{"confidence_level":0.95,"lower_bound":1861175.9309112847,"upper_bound":1869428.2261129015},"point_estimate":1864264.0041993918,"standard_error":2249.5322366896355},"Median":{"confidence_interval":{"confidence_level":0.95,"lower_bound":1860183.3329161453,"upper_bound":1862553.2142857144},"point_estimate":1861225.5625,"standard_error":629.3382492537528},"MedianAbsDev":{"confidence_interval":{"confidence_level":0.95,"lower_bound":3251.4715321738256,"upper_bound":5526.855637925231},"point_estimate":4089.196527594529,"standard_error":585.2010915823677},"Slope":{"confidence_interval":{"confidence_level":0.95,"lower_bound":1859523.0605669036,"upper_bound":1872165.1287803488},"point_estimate":1863808.4553184573,"standard_error":3572.516340782468},"StdDev":{"confidence_interval":{"confidence_level":0.95,"lower_bound":4803.458779212085,"upper_bound":37752.74568198992},"point_estimate":22550.707152039762,"standard_error":11086.441839259887}}