{"Mean":{"confidence_interval":{"confidence_level":0.95,"lower_bound":359.67435396666539,"upper_bound":385.1567091778844},"point_estimate":372.19234213967305,"standard_error":6.5231269365143869},"Median":{"confidence_interval":{"confidence_level":0.95,"lower_bound":322.5136239782016,"upper_bound":323.9592415985468},"point_estimate":322.8721408567968,"standard_error":5.3195909158113638},"MedianAbsDev":{"confidence_interval":{"confidence_level":0.95,"lower_bound":0.49412079372202197,"upper_bound":2.6449875328328655},"point_estimate":1.0178699062446273,"standard_error":4.919303839534369},"Slope":{"confidence_interval":{"confidence_level":0.95,"lower_bound":363.3400022318838,"upper_bound":398.6075945637804},"point_estimate":380.84295006843197,"standard_error":9.03106354847211},"StdDev":{"confidence_interval":{"confidence_level":0.95,"lower_bound":60.55171969186901,"upper_bound":68.34678592455457},"point_estimate":65.66560513181114,"standard_error":2.050444919590284}}