{"Mean":{"confidence_interval":{"confidence_level":0.95,"lower_bound":1891465.1119520779,"upper_bound":1935991.6464903576},"point_estimate":1913391.5241981215,"standard_error":11379.06003210842},"Median":{"confidence_interval":{"confidence_level":0.95,"lower_bound":1845526.8352272728,"upper_bound":1861106.761904762},"point_estimate":1854473.844493451,"standard_error":3914.9949311042007},"MedianAbsDev":{"confidence_interval":{"confidence_level":0.95,"lower_bound":39032.50619833892,"upper_bound":70011.1418070536},"point_estimate":57454.14297116152,"standard_error":8212.263976711916},"Slope":{"confidence_interval":{"confidence_level":0.95,"lower_bound":1889945.5126593388,"upper_bound":1942794.7220563887},"point_estimate":1914526.97254618,"standard_error":13523.406712733276},"StdDev":{"confidence_interval":{"confidence_level":0.95,"lower_bound":101371.29363338108,"upper_bound":123840.64666114035},"point_estimate":114698.88155607245,"standard_error":5762.712200892749}}