{"Mean":{"confidence_interval":{"confidence_level":0.95,"lower_bound":4954494.927013238,"upper_bound":4984675.7066977419},"point_estimate":4967544.838441967,"standard_error":7747.91601927867},"Median":{"confidence_interval":{"confidence_level":0.95,"lower_bound":4942618.93,"upper_bound":4947463.057142857},"point_estimate":4944896.656862745,"standard_error":1136.0639881132002},"MedianAbsDev":{"confidence_interval":{"confidence_level":0.95,"lower_bound":5480.331059636017,"upper_bound":12643.344036380955},"point_estimate":8504.43573537984,"standard_error":1813.339742665178},"Slope":{"confidence_interval":{"confidence_level":0.95,"lower_bound":4939123.220410175,"upper_bound":4942302.5091562},"point_estimate":4940811.353169794,"standard_error":815.7220601722892},"StdDev":{"confidence_interval":{"confidence_level":0.95,"lower_bound":30894.433616550596,"upper_bound":118561.5118982799},"point_estimate":77902.59304146451,"standard_error":23284.833078574982}}