{"Mean":{"confidence_interval":{"confidence_level":0.95,"lower_bound":-0.0016437613244488386,"upper_bound":0.0009928016853492472},"point_estimate":-0.00047040241604401345,"standard_error":0.0006738057680670134},"Median":{"confidence_interval":{"confidence_level":0.95,"lower_bound":-0.0015005835873658225,"upper_bound":-0.0010099169657469265},"point_estimate":-0.0013199827976085877,"standard_error":0.00013413915044635234}}