{"Mean":{"confidence_interval":{"confidence_level":0.95,"lower_bound":36.214588766211097,"upper_bound":36.237859860358089},"point_estimate":36.22523882415904,"standard_error":0.005934487641340489},"Median":{"confidence_interval":{"confidence_level":0.95,"lower_bound":36.20304264472637,"upper_bound":36.2106307415431},"point_estimate":36.20728169127336,"standard_error":0.0018538814168709865},"MedianAbsDev":{"confidence_interval":{"confidence_level":0.95,"lower_bound":0.014672145036178105,"upper_bound":0.025419471130830909},"point_estimate":0.0206948136242937,"standard_error":0.0026627677092613455},"Slope":{"confidence_interval":{"confidence_level":0.95,"lower_bound":36.196403982189547,"upper_bound":36.20484221400356},"point_estimate":36.20027508493362,"standard_error":0.0021509499565390548},"StdDev":{"confidence_interval":{"confidence_level":0.95,"lower_bound":0.03632990448691965,"upper_bound":0.08067998932584515},"point_estimate":0.05980164456658957,"standard_error":0.011399826885557909}}