{"Mean":{"confidence_interval":{"confidence_level":0.95,"lower_bound":3317140.46871147,"upper_bound":3403602.95821378},"point_estimate":3359040.6154188585,"standard_error":22039.53999085349},"Median":{"confidence_interval":{"confidence_level":0.95,"lower_bound":3197318.0,"upper_bound":3412697.534090909},"point_estimate":3239834.8967857148,"standard_error":52160.12639298467},"MedianAbsDev":{"confidence_interval":{"confidence_level":0.95,"lower_bound":48521.378805239685,"upper_bound":326014.5695456261},"point_estimate":113215.7002151226,"standard_error":69156.4049373173},"Slope":{"confidence_interval":{"confidence_level":0.95,"lower_bound":3323637.4545621254,"upper_bound":3416864.8921803866},"point_estimate":3368733.963969263,"standard_error":23812.722476479008},"StdDev":{"confidence_interval":{"confidence_level":0.95,"lower_bound":186160.63350241766,"upper_bound":258480.7066664345},"point_estimate":222128.95244816313,"standard_error":18545.36110141845}}