{"Mean":{"confidence_interval":{"confidence_level":0.95,"lower_bound":206.20509073545044,"upper_bound":217.85876259235313},"point_estimate":211.97217723935536,"standard_error":2.982288240433433},"Median":{"confidence_interval":{"confidence_level":0.95,"lower_bound":182.9649250007232,"upper_bound":238.38593595475883},"point_estimate":226.53870581045508,"standard_error":24.230577091609374},"MedianAbsDev":{"confidence_interval":{"confidence_level":0.95,"lower_bound":0.1966950865936534,"upper_bound":51.733187192976128},"point_estimate":30.31269578856589,"standard_error":15.519563600025453},"Slope":{"confidence_interval":{"confidence_level":0.95,"lower_bound":205.6669378410568,"upper_bound":221.79312975674095},"point_estimate":213.7166216245431,"standard_error":4.106620107519983},"StdDev":{"confidence_interval":{"confidence_level":0.95,"lower_bound":27.116623215637867,"upper_bound":34.10097936609656},"point_estimate":29.917443994868859,"standard_error":2.093373916310352}}