{"Mean":{"confidence_interval":{"confidence_level":0.95,"lower_bound":1818838.7744181927,"upper_bound":1820071.0539803538},"point_estimate":1819392.733690446,"standard_error":316.84468884475208},"Median":{"confidence_interval":{"confidence_level":0.95,"lower_bound":1818294.5833333336,"upper_bound":1818816.5789473686},"point_estimate":1818604.2873807,"standard_error":130.21071159536309},"MedianAbsDev":{"confidence_interval":{"confidence_level":0.95,"lower_bound":860.0859868579923,"upper_bound":1481.367112712441},"point_estimate":1236.401630177128,"standard_error":161.0839834578688},"Slope":{"confidence_interval":{"confidence_level":0.95,"lower_bound":1818078.1580855048,"upper_bound":1818574.0291454294},"point_estimate":1818312.7846194769,"standard_error":126.62529943217162},"StdDev":{"confidence_interval":{"confidence_level":0.95,"lower_bound":1727.6969228832052,"upper_bound":4602.826950022055},"point_estimate":3180.815366629343,"standard_error":777.0251717768725}}