{"Mean":{"confidence_interval":{"confidence_level":0.95,"lower_bound":363.40889834572416,"upper_bound":381.933390034099},"point_estimate":372.3005885461238,"standard_error":4.722296397771043},"Median":{"confidence_interval":{"confidence_level":0.95,"lower_bound":347.0951820553539,"upper_bound":347.54028177540206},"point_estimate":347.1561613160187,"standard_error":0.1268850084888335},"MedianAbsDev":{"confidence_interval":{"confidence_level":0.95,"lower_bound":0.3145760420311553,"upper_bound":0.9766834231212672},"point_estimate":0.46870703296187085,"standard_error":0.17922186605377517},"Slope":{"confidence_interval":{"confidence_level":0.95,"lower_bound":373.4400109613758,"upper_bound":401.8537505134234},"point_estimate":387.26966469802178,"standard_error":7.254935467401418},"StdDev":{"confidence_interval":{"confidence_level":0.95,"lower_bound":39.806708867289959,"upper_bound":53.0487263205856},"point_estimate":47.555679273870747,"standard_error":3.4053641701094827}}