{"Mean":{"confidence_interval":{"confidence_level":0.95,"lower_bound":24403448.67444753,"upper_bound":24469391.087184218},"point_estimate":24436469.53690505,"standard_error":16798.6341479411},"Median":{"confidence_interval":{"confidence_level":0.95,"lower_bound":24395261.489130435,"upper_bound":24449952.755102043},"point_estimate":24421062.057748539,"standard_error":14398.77083247033},"MedianAbsDev":{"confidence_interval":{"confidence_level":0.95,"lower_bound":71743.68274744759,"upper_bound":128874.95670540535},"point_estimate":97691.17265477988,"standard_error":14369.528287916157},"Slope":{"confidence_interval":{"confidence_level":0.95,"lower_bound":24410665.356293419,"upper_bound":24484812.783245624},"point_estimate":24441806.92212206,"standard_error":19242.166287453092},"StdDev":{"confidence_interval":{"confidence_level":0.95,"lower_bound":121111.38715178194,"upper_bound":214411.8079959672},"point_estimate":169010.10387278957,"standard_error":23824.65953577111}}