{"Mean":{"confidence_interval":{"confidence_level":0.95,"lower_bound":29253028.889264108,"upper_bound":29608986.35901365},"point_estimate":29427161.374316183,"standard_error":90822.70172045392},"Median":{"confidence_interval":{"confidence_level":0.95,"lower_bound":29160665.56626506,"upper_bound":29513511.222222225},"point_estimate":29347691.854430379,"standard_error":91147.16613489703},"MedianAbsDev":{"confidence_interval":{"confidence_level":0.95,"lower_bound":609973.3321008079,"upper_bound":1112520.0673611747},"point_estimate":838229.1540815503,"standard_error":124190.98446251902},"Slope":{"confidence_interval":{"confidence_level":0.95,"lower_bound":29104451.755746694,"upper_bound":29399071.69454042},"point_estimate":29249266.601507315,"standard_error":75293.14695157121},"StdDev":{"confidence_interval":{"confidence_level":0.95,"lower_bound":766746.3537395705,"upper_bound":1050556.1398306646},"point_estimate":915146.7722054563,"standard_error":72626.95498808152}}