{"Mean":{"confidence_interval":{"confidence_level":0.95,"lower_bound":0.7120206491717642,"upper_bound":0.9055059570947215},"point_estimate":0.8021665864811132,"standard_error":0.04990671968510698},"Median":{"confidence_interval":{"confidence_level":0.95,"lower_bound":0.3622934483507523,"upper_bound":1.5004754678716546},"point_estimate":0.9239159506356762,"standard_error":0.26569809827084059}}