{"Mean":{"confidence_interval":{"confidence_level":0.95,"lower_bound":14231956.190222415,"upper_bound":14359645.969539434},"point_estimate":14285975.98101907,"standard_error":33146.41238291366},"Median":{"confidence_interval":{"confidence_level":0.95,"lower_bound":14226332.146666667,"upper_bound":14263421.288059703},"point_estimate":14244761.48231132,"standard_error":10553.102314288715},"MedianAbsDev":{"confidence_interval":{"confidence_level":0.95,"lower_bound":54750.58198930744,"upper_bound":98203.59472796598},"point_estimate":80951.70414781948,"standard_error":10924.222436360162},"Slope":{"confidence_interval":{"confidence_level":0.95,"lower_bound":14245810.919626913,"upper_bound":14395667.071158601},"point_estimate":14306793.967607508,"standard_error":39114.577143053066},"StdDev":{"confidence_interval":{"confidence_level":0.95,"lower_bound":87157.48858396616,"upper_bound":511101.73889606728},"point_estimate":332751.46176752456,"standard_error":114618.67379797805}}