{"Mean":{"confidence_interval":{"confidence_level":0.95,"lower_bound":538.8293180776797,"upper_bound":539.2614566427332},"point_estimate":539.0335333784262,"standard_error":0.11052323583668195},"Median":{"confidence_interval":{"confidence_level":0.95,"lower_bound":538.4907834598138,"upper_bound":538.7232908504445},"point_estimate":538.6130113152353,"standard_error":0.06194803666137878},"MedianAbsDev":{"confidence_interval":{"confidence_level":0.95,"lower_bound":0.2503350529284313,"upper_bound":0.519429516570494},"point_estimate":0.4147016499271491,"standard_error":0.07775829182186878},"Slope":{"confidence_interval":{"confidence_level":0.95,"lower_bound":538.4128675554969,"upper_bound":538.5099624716662},"point_estimate":538.4561619233672,"standard_error":0.0248164796211782},"StdDev":{"confidence_interval":{"confidence_level":0.95,"lower_bound":0.8097373661644085,"upper_bound":1.3601638066016684},"point_estimate":1.1120870896237778,"standard_error":0.14027513740193735}}