{"Mean":{"confidence_interval":{"confidence_level":0.95,"lower_bound":140934.47554708326,"upper_bound":146505.71692250295},"point_estimate":143669.06478659778,"standard_error":1425.1081998561634},"Median":{"confidence_interval":{"confidence_level":0.95,"lower_bound":133307.8947368421,"upper_bound":138159.375},"point_estimate":133698.66311813188,"standard_error":1209.8288572612369},"MedianAbsDev":{"confidence_interval":{"confidence_level":0.95,"lower_bound":1014.5256825199983,"upper_bound":8224.879814858223},"point_estimate":1927.2378203155327,"standard_error":1800.9393192370872},"Slope":{"confidence_interval":{"confidence_level":0.95,"lower_bound":144363.53266996938,"upper_bound":152508.763399314},"point_estimate":148338.8069391902,"standard_error":2081.6897817395895},"StdDev":{"confidence_interval":{"confidence_level":0.95,"lower_bound":12646.171643103136,"upper_bound":15596.985341114061},"point_estimate":14336.746831070192,"standard_error":753.2817844611245}}