{"Mean":{"confidence_interval":{"confidence_level":0.95,"lower_bound":118.47855883369756,"upper_bound":121.66605428762139},"point_estimate":119.90823517554101,"standard_error":0.8325811425177503},"Median":{"confidence_interval":{"confidence_level":0.95,"lower_bound":117.69558260480228,"upper_bound":117.75264580211452},"point_estimate":117.72712486971725,"standard_error":0.01375806755842242},"MedianAbsDev":{"confidence_interval":{"confidence_level":0.95,"lower_bound":0.09558984715924755,"upper_bound":0.18136762476979194},"point_estimate":0.11980142569869575,"standard_error":0.021793918871388364},"Slope":{"confidence_interval":{"confidence_level":0.95,"lower_bound":119.77185503637115,"upper_bound":127.88152793354216},"point_estimate":123.68581501578463,"standard_error":2.1077386387795369},"StdDev":{"confidence_interval":{"confidence_level":0.95,"lower_bound":4.93144143055464,"upper_bound":11.007246547066267},"point_estimate":8.357047809843497,"standard_error":1.627678402318501}}