{"Mean":{"confidence_interval":{"confidence_level":0.95,"lower_bound":2968.3486319619385,"upper_bound":2998.910583168709},"point_estimate":2982.935827596448,"standard_error":7.8230256781258709},"Median":{"confidence_interval":{"confidence_level":0.95,"lower_bound":2936.657596371882,"upper_bound":2959.4434523809525},"point_estimate":2945.475689581388,"standard_error":5.308303024069355},"MedianAbsDev":{"confidence_interval":{"confidence_level":0.95,"lower_bound":14.315449992843235,"upper_bound":47.91639891783213},"point_estimate":25.44756904238298,"standard_error":7.946818896949775},"Slope":{"confidence_interval":{"confidence_level":0.95,"lower_bound":2959.5810248165487,"upper_bound":2987.426996840985},"point_estimate":2972.8967307644945,"standard_error":7.120040893354868},"StdDev":{"confidence_interval":{"confidence_level":0.95,"lower_bound":58.935680765587019,"upper_bound":95.38432379208214},"point_estimate":78.56719608504746,"standard_error":9.294899442207708}}