{"Mean":{"confidence_interval":{"confidence_level":0.95,"lower_bound":14689.822195558514,"upper_bound":15244.493993123897},"point_estimate":14947.551690101267,"standard_error":142.18706503645988},"Median":{"confidence_interval":{"confidence_level":0.95,"lower_bound":14386.581811367043,"upper_bound":14410.99720893142},"point_estimate":14402.627536196198,"standard_error":6.3804909615254739},"MedianAbsDev":{"confidence_interval":{"confidence_level":0.95,"lower_bound":34.632420910893,"upper_bound":60.85782540292226},"point_estimate":45.94100435607013,"standard_error":6.749327853370855},"Slope":{"confidence_interval":{"confidence_level":0.95,"lower_bound":15223.715236320271,"upper_bound":16395.75339892471},"point_estimate":15828.420716623901,"standard_error":299.6477137885215},"StdDev":{"confidence_interval":{"confidence_level":0.95,"lower_bound":1070.2178425730288,"upper_bound":1696.6121238628944},"point_estimate":1429.4156421967219,"standard_error":162.14335338192039}}