{"Mean":{"confidence_interval":{"confidence_level":0.95,"lower_bound":5509944.615329815,"upper_bound":5751754.58557027},"point_estimate":5627468.877768386,"standard_error":61570.035823329395},"Median":{"confidence_interval":{"confidence_level":0.95,"lower_bound":5193761.172619048,"upper_bound":5437230.9655172419},"point_estimate":5252872.073811401,"standard_error":57704.40978117338},"MedianAbsDev":{"confidence_interval":{"confidence_level":0.95,"lower_bound":75416.59541108772,"upper_bound":432657.6300210355},"point_estimate":160524.5798652355,"standard_error":84765.99852329708},"Slope":{"confidence_interval":{"confidence_level":0.95,"lower_bound":5397413.098760396,"upper_bound":5666453.240675008},"point_estimate":5524014.544258904,"standard_error":68716.53860954897},"StdDev":{"confidence_interval":{"confidence_level":0.95,"lower_bound":537051.4617840024,"upper_bound":677144.0769147901},"point_estimate":617249.7423040753,"standard_error":35752.173081130386}}