{"Mean":{"confidence_interval":{"confidence_level":0.95,"lower_bound":3521958.039494777,"upper_bound":3562973.6300926569},"point_estimate":3543797.8124987457,"standard_error":10435.693752752224},"Median":{"confidence_interval":{"confidence_level":0.95,"lower_bound":3525422.7,"upper_bound":3541915.861111111},"point_estimate":3528115.5051020409,"standard_error":3948.5894715539304},"MedianAbsDev":{"confidence_interval":{"confidence_level":0.95,"lower_bound":25094.586302137144,"upper_bound":65852.55077475122},"point_estimate":44160.23779544251,"standard_error":10498.225354661912},"Slope":{"confidence_interval":{"confidence_level":0.95,"lower_bound":3547787.0917867405,"upper_bound":3566935.748986755},"point_estimate":3556798.0707551355,"standard_error":4898.990235386881},"StdDev":{"confidence_interval":{"confidence_level":0.95,"lower_bound":66291.4483524563,"upper_bound":146806.20203740127},"point_estimate":104713.36465684229,"standard_error":22072.270789381724}}