{"Mean":{"confidence_interval":{"confidence_level":0.95,"lower_bound":-0.009827324462345308,"upper_bound":0.050137851156022938},"point_estimate":0.02019890264433899,"standard_error":0.015445169831950469},"Median":{"confidence_interval":{"confidence_level":0.95,"lower_bound":0.00461792514330206,"upper_bound":0.006684825514783476},"point_estimate":0.005345222570658281,"standard_error":0.0005747633970099758}}