{"Mean":{"confidence_interval":{"confidence_level":0.95,"lower_bound":0.9592290193623729,"upper_bound":0.9976157699784349},"point_estimate":0.9785263062495091,"standard_error":0.009792588025032037},"Median":{"confidence_interval":{"confidence_level":0.95,"lower_bound":1.0074965993022747,"upper_bound":1.0513636992169456},"point_estimate":1.0485703828122426,"standard_error":0.010752493305639884}}