{"Mean":{"confidence_interval":{"confidence_level":0.95,"lower_bound":1690625.3718892523,"upper_bound":1728923.3508490823},"point_estimate":1709207.2681352464,"standard_error":9793.294647403027},"Median":{"confidence_interval":{"confidence_level":0.95,"lower_bound":1652379.3333333333,"upper_bound":1668824.5597174657},"point_estimate":1662348.3177083336,"standard_error":4113.101110668402},"MedianAbsDev":{"confidence_interval":{"confidence_level":0.95,"lower_bound":13918.698354866488,"upper_bound":32868.127825518015},"point_estimate":23107.257174864146,"standard_error":4750.400398405779},"Slope":{"confidence_interval":{"confidence_level":0.95,"lower_bound":1689602.4082752297,"upper_bound":1743370.3900884542},"point_estimate":1714960.733684055,"standard_error":13789.502684307436},"StdDev":{"confidence_interval":{"confidence_level":0.95,"lower_bound":82613.56417420118,"upper_bound":109532.61772386215},"point_estimate":98292.72508889079,"standard_error":6899.707145257953}}