{"Mean":{"confidence_interval":{"confidence_level":0.95,"lower_bound":310394.73931450906,"upper_bound":314157.81854913019},"point_estimate":311941.8433434915,"standard_error":992.4942474358961},"Median":{"confidence_interval":{"confidence_level":0.95,"lower_bound":310131.59011546047,"upper_bound":310208.1357142857},"point_estimate":310160.9284508627,"standard_error":19.597987727403884},"MedianAbsDev":{"confidence_interval":{"confidence_level":0.95,"lower_bound":97.22785797078972,"upper_bound":186.06016564412409},"point_estimate":134.51954870042045,"standard_error":22.353356909904055},"Slope":{"confidence_interval":{"confidence_level":0.95,"lower_bound":310166.48570611656,"upper_bound":317354.5950317298},"point_estimate":313094.52171494017,"standard_error":1911.5369736988558},"StdDev":{"confidence_interval":{"confidence_level":0.95,"lower_bound":915.5364163072204,"upper_bound":15630.842159055655},"point_estimate":9957.496751820345,"standard_error":3858.381443622689}}