{"Mean":{"confidence_interval":{"confidence_level":0.95,"lower_bound":139062.46661556597,"upper_bound":140851.47480983044},"point_estimate":139925.1732964643,"standard_error":458.27717801723096},"Median":{"confidence_interval":{"confidence_level":0.95,"lower_bound":137875.8340175953,"upper_bound":138050.22961309524},"point_estimate":137944.7043918919,"standard_error":42.697901659105259},"MedianAbsDev":{"confidence_interval":{"confidence_level":0.95,"lower_bound":323.17488548222408,"upper_bound":670.434944049262},"point_estimate":458.1763920077715,"standard_error":82.94743844937944},"Slope":{"confidence_interval":{"confidence_level":0.95,"lower_bound":141118.41643060998,"upper_bound":144526.08885052685},"point_estimate":142905.35461097977,"standard_error":870.8605446424584},"StdDev":{"confidence_interval":{"confidence_level":0.95,"lower_bound":3596.0012675855457,"upper_bound":5323.777826743561},"point_estimate":4603.4238457404,"standard_error":439.48809158622859}}