{"Mean":{"confidence_interval":{"confidence_level":0.95,"lower_bound":14672657.768002656,"upper_bound":14771910.1555201},"point_estimate":14720560.225890976,"standard_error":25416.889324247306},"Median":{"confidence_interval":{"confidence_level":0.95,"lower_bound":14631028.202832606,"upper_bound":14689371.570481662},"point_estimate":14655537.343472317,"standard_error":15681.582996805171},"MedianAbsDev":{"confidence_interval":{"confidence_level":0.95,"lower_bound":90023.11130449838,"upper_bound":160833.54898211247},"point_estimate":118205.71707181851,"standard_error":18513.9652543094},"Slope":{"confidence_interval":{"confidence_level":0.95,"lower_bound":14660504.75231997,"upper_bound":14772431.07859022},"point_estimate":14710197.376414955,"standard_error":28627.383177696403},"StdDev":{"confidence_interval":{"confidence_level":0.95,"lower_bound":195174.01014168995,"upper_bound":305849.59705849239},"point_estimate":254962.8703579238,"standard_error":28092.38116985448}}