{"Mean":{"confidence_interval":{"confidence_level":0.95,"lower_bound":5189248.744949667,"upper_bound":5325532.376395568},"point_estimate":5253880.949088328,"standard_error":34757.157929083354},"Median":{"confidence_interval":{"confidence_level":0.95,"lower_bound":5065818.72631579,"upper_bound":5081334.0},"point_estimate":5067340.270743146,"standard_error":3269.7042009651224},"MedianAbsDev":{"confidence_interval":{"confidence_level":0.95,"lower_bound":6740.840164463353,"upper_bound":29201.62001906791},"point_estimate":11620.049247490433,"standard_error":5123.490022981815},"Slope":{"confidence_interval":{"confidence_level":0.95,"lower_bound":5263030.526588747,"upper_bound":5492042.338914208},"point_estimate":5373693.689330575,"standard_error":58670.10105763508},"StdDev":{"confidence_interval":{"confidence_level":0.95,"lower_bound":262915.6877115401,"upper_bound":419220.1921352812},"point_estimate":349115.5852777058,"standard_error":39916.94842542781}}