{"Mean":{"confidence_interval":{"confidence_level":0.95,"lower_bound":6884.357551901819,"upper_bound":6905.362794452624},"point_estimate":6893.931445400683,"standard_error":5.374026185422057},"Median":{"confidence_interval":{"confidence_level":0.95,"lower_bound":6874.163973922902,"upper_bound":6893.1076835174849},"point_estimate":6881.046732075599,"standard_error":4.997500228167511},"MedianAbsDev":{"confidence_interval":{"confidence_level":0.95,"lower_bound":23.58511328897199,"upper_bound":39.50198504377122},"point_estimate":30.980043502117959,"standard_error":3.8526541133722755},"Slope":{"confidence_interval":{"confidence_level":0.95,"lower_bound":6873.147357668078,"upper_bound":6886.951244085186},"point_estimate":6879.869455999705,"standard_error":3.5302294396099196},"StdDev":{"confidence_interval":{"confidence_level":0.95,"lower_bound":32.82552923793891,"upper_bound":76.16222453472006},"point_estimate":53.783773629430019,"standard_error":12.146442974334868}}