{"Mean":{"confidence_interval":{"confidence_level":0.95,"lower_bound":288510158.3204064,"upper_bound":288890765.96838369},"point_estimate":288698106.6164372,"standard_error":97286.49335836493},"Median":{"confidence_interval":{"confidence_level":0.95,"lower_bound":288321858.60442796,"upper_bound":288761317.3333333},"point_estimate":288586156.5986842,"standard_error":104796.65067075887},"MedianAbsDev":{"confidence_interval":{"confidence_level":0.95,"lower_bound":719538.0640886644,"upper_bound":1176820.495072612},"point_estimate":895231.2225377039,"standard_error":115882.0050189604},"Slope":{"confidence_interval":{"confidence_level":0.95,"lower_bound":288158284.54510679,"upper_bound":288479705.1955732},"point_estimate":288316166.7914113,"standard_error":82010.6048708922},"StdDev":{"confidence_interval":{"confidence_level":0.95,"lower_bound":834651.5127299969,"upper_bound":1112901.9249097608},"point_estimate":981787.4573369619,"standard_error":71107.4361901013}}