{"Mean":{"confidence_interval":{"confidence_level":0.95,"lower_bound":666.4204865920078,"upper_bound":666.8502951171139},"point_estimate":666.6166767213293,"standard_error":0.10981818193260586},"Median":{"confidence_interval":{"confidence_level":0.95,"lower_bound":666.2083993280537,"upper_bound":666.3145271455207},"point_estimate":666.2753319181877,"standard_error":0.03026776227573503},"MedianAbsDev":{"confidence_interval":{"confidence_level":0.95,"lower_bound":0.20265945235680536,"upper_bound":0.4053675377411559},"point_estimate":0.3032072859805434,"standard_error":0.053777974211497017},"Slope":{"confidence_interval":{"confidence_level":0.95,"lower_bound":666.0849076310454,"upper_bound":666.1791547572564},"point_estimate":666.1293425692784,"standard_error":0.024044935641198294},"StdDev":{"confidence_interval":{"confidence_level":0.95,"lower_bound":0.6688079771666826,"upper_bound":1.487564146977491},"point_estimate":1.1024090228115709,"standard_error":0.2107555629115749}}