{"Mean":{"confidence_interval":{"confidence_level":0.95,"lower_bound":331577.75398315236,"upper_bound":333279.3192440165},"point_estimate":332416.2587514907,"standard_error":433.52851781543299},"Median":{"confidence_interval":{"confidence_level":0.95,"lower_bound":329151.025,"upper_bound":329957.2075825826},"point_estimate":329348.16414835167,"standard_error":372.5223285481588},"MedianAbsDev":{"confidence_interval":{"confidence_level":0.95,"lower_bound":436.31658262277127,"upper_bound":1730.676014274376},"point_estimate":785.5252701450675,"standard_error":460.49778190488657},"Slope":{"confidence_interval":{"confidence_level":0.95,"lower_bound":330554.6197045516,"upper_bound":332234.27348633829},"point_estimate":331305.87735333238,"standard_error":429.214806885844},"StdDev":{"confidence_interval":{"confidence_level":0.95,"lower_bound":4008.2496437450479,"upper_bound":4561.628420430692},"point_estimate":4365.021557677844,"standard_error":143.5684146335691}}