{"Mean":{"confidence_interval":{"confidence_level":0.95,"lower_bound":-0.08317969398636567,"upper_bound":-0.05241416812983557},"point_estimate":-0.06774942240544013,"standard_error":0.007836535841424136},"Median":{"confidence_interval":{"confidence_level":0.95,"lower_bound":-0.021053796846684626,"upper_bound":-0.010387257674084105},"point_estimate":-0.012380747072946674,"standard_error":0.003552060375007918}}