{"Mean":{"confidence_interval":{"confidence_level":0.95,"lower_bound":273.53484358346545,"upper_bound":287.7179880016018},"point_estimate":280.3618344731914,"standard_error":3.612302904342477},"Median":{"confidence_interval":{"confidence_level":0.95,"lower_bound":261.4697984341163,"upper_bound":261.79751535996709},"point_estimate":261.61453856405128,"standard_error":0.09550026830493053},"MedianAbsDev":{"confidence_interval":{"confidence_level":0.95,"lower_bound":0.33071865781618955,"upper_bound":0.8577017815897488},"point_estimate":0.5778160929401666,"standard_error":0.14751215086430648},"Slope":{"confidence_interval":{"confidence_level":0.95,"lower_bound":280.49611358006549,"upper_bound":301.93239167706659},"point_estimate":290.8352127807826,"standard_error":5.473667642758606},"StdDev":{"confidence_interval":{"confidence_level":0.95,"lower_bound":30.40947922029043,"upper_bound":40.70043771861276},"point_estimate":36.33778234936989,"standard_error":2.701662369038312}}