{"Mean":{"confidence_interval":{"confidence_level":0.95,"lower_bound":0.5753627558138242,"upper_bound":0.5918941514775097},"point_estimate":0.5829490356240081,"standard_error":0.004163078363194238},"Median":{"confidence_interval":{"confidence_level":0.95,"lower_bound":0.5769892725275828,"upper_bound":0.5899505885771785},"point_estimate":0.5849056777619499,"standard_error":0.0029387022729726018}}