{"Mean":{"confidence_interval":{"confidence_level":0.95,"lower_bound":6861093.375835507,"upper_bound":6934928.678493963},"point_estimate":6896370.80777585,"standard_error":18836.302191045044},"Median":{"confidence_interval":{"confidence_level":0.95,"lower_bound":6827050.724137931,"upper_bound":6884379.54115942},"point_estimate":6859249.092552027,"standard_error":18215.151608783515},"MedianAbsDev":{"confidence_interval":{"confidence_level":0.95,"lower_bound":78047.15459205899,"upper_bound":132961.00705613663},"point_estimate":107270.36647899947,"standard_error":13750.069651076847},"Slope":{"confidence_interval":{"confidence_level":0.95,"lower_bound":6858377.621369487,"upper_bound":6947441.33311305},"point_estimate":6899440.711408305,"standard_error":22831.340509981997},"StdDev":{"confidence_interval":{"confidence_level":0.95,"lower_bound":139846.63588948619,"upper_bound":235524.1695634788},"point_estimate":189613.2702034203,"standard_error":24547.674110535634}}