{"Mean":{"confidence_interval":{"confidence_level":0.95,"lower_bound":0.5734687938455283,"upper_bound":0.5880359853176539},"point_estimate":0.5806127768408533,"standard_error":0.003769441356807928},"Median":{"confidence_interval":{"confidence_level":0.95,"lower_bound":0.5720234061778955,"upper_bound":0.5886912658758057},"point_estimate":0.5813957330689563,"standard_error":0.004412818377392299}}