{"Mean":{"confidence_interval":{"confidence_level":0.95,"lower_bound":259639.84745692547,"upper_bound":267407.214676361},"point_estimate":263341.7116308693,"standard_error":1985.522348176688},"Median":{"confidence_interval":{"confidence_level":0.95,"lower_bound":253668.08653846154,"upper_bound":254408.45153061226},"point_estimate":254206.53616071429,"standard_error":171.20246185678054},"MedianAbsDev":{"confidence_interval":{"confidence_level":0.95,"lower_bound":771.5780061807795,"upper_bound":1715.1704895496399},"point_estimate":1342.4184613945868,"standard_error":236.55811358492728},"Slope":{"confidence_interval":{"confidence_level":0.95,"lower_bound":264665.80326468488,"upper_bound":277851.1644882494},"point_estimate":271166.31678513376,"standard_error":3356.8195172211505},"StdDev":{"confidence_interval":{"confidence_level":0.95,"lower_bound":15880.379870454639,"upper_bound":22944.558325969992},"point_estimate":19939.631386718407,"standard_error":1795.3340558338653}}