{"Mean":{"confidence_interval":{"confidence_level":0.95,"lower_bound":0.3237041124089475,"upper_bound":0.35516893714838029},"point_estimate":0.3390826883160627,"standard_error":0.008219096574695361},"Median":{"confidence_interval":{"confidence_level":0.95,"lower_bound":0.3132322758646653,"upper_bound":0.3491146821210729},"point_estimate":0.3282995466260883,"standard_error":0.009279808100614096}}