{"Mean":{"confidence_interval":{"confidence_level":0.95,"lower_bound":0.9961760458281115,"upper_bound":1.0187177942091117},"point_estimate":1.0075816344346667,"standard_error":0.005735939358027983},"Median":{"confidence_interval":{"confidence_level":0.95,"lower_bound":0.9963043267768474,"upper_bound":1.0184054637602778},"point_estimate":1.0043982733898865,"standard_error":0.005883681532307118}}