{"Mean":{"confidence_interval":{"confidence_level":0.95,"lower_bound":39445.86238205249,"upper_bound":40023.47086821238},"point_estimate":39730.07430944651,"standard_error":147.66591406950637},"Median":{"confidence_interval":{"confidence_level":0.95,"lower_bound":38518.18704160066,"upper_bound":41147.23438914027},"point_estimate":38545.08525835867,"standard_error":536.6460669898551},"MedianAbsDev":{"confidence_interval":{"confidence_level":0.95,"lower_bound":140.6734775025212,"upper_bound":2115.7723401519244},"point_estimate":232.72696970068047,"standard_error":472.1549317099635},"Slope":{"confidence_interval":{"confidence_level":0.95,"lower_bound":39222.26592813887,"upper_bound":39950.23823704273},"point_estimate":39584.42757817917,"standard_error":186.25197800524067},"StdDev":{"confidence_interval":{"confidence_level":0.95,"lower_bound":1391.3856341840192,"upper_bound":1544.7053005275055},"point_estimate":1484.9248052982869,"standard_error":38.777763014466739}}