{"Mean":{"confidence_interval":{"confidence_level":0.95,"lower_bound":4290118.730486193,"upper_bound":4316350.950234272},"point_estimate":4302717.337143837,"standard_error":6692.964924402972},"Median":{"confidence_interval":{"confidence_level":0.95,"lower_bound":4276955.06867329,"upper_bound":4301269.183673469},"point_estimate":4292153.103519669,"standard_error":6082.9554479576759},"MedianAbsDev":{"confidence_interval":{"confidence_level":0.95,"lower_bound":49180.64946961084,"upper_bound":80214.84612323484},"point_estimate":71403.44401171617,"standard_error":8104.707869359955},"Slope":{"confidence_interval":{"confidence_level":0.95,"lower_bound":4252327.089443149,"upper_bound":4262296.652313917},"point_estimate":4256701.146505098,"standard_error":2535.882998592147},"StdDev":{"confidence_interval":{"confidence_level":0.95,"lower_bound":52592.25506884913,"upper_bound":82055.14694518516},"point_estimate":67151.13031312007,"standard_error":7624.077917590325}}