{"Mean":{"confidence_interval":{"confidence_level":0.95,"lower_bound":611197.2960927333,"upper_bound":658365.242733094},"point_estimate":633355.3866148493,"standard_error":12046.490516280273},"Median":{"confidence_interval":{"confidence_level":0.95,"lower_bound":597115.9551282051,"upper_bound":599105.3630136986},"point_estimate":597728.3448529412,"standard_error":868.604396417991},"MedianAbsDev":{"confidence_interval":{"confidence_level":0.95,"lower_bound":21993.964635975488,"upper_bound":52747.049947772946},"point_estimate":28951.659294961595,"standard_error":11905.664185612672},"Slope":{"confidence_interval":{"confidence_level":0.95,"lower_bound":585734.9093039713,"upper_bound":600733.8500517573},"point_estimate":593147.5860558593,"standard_error":3823.0642070023129},"StdDev":{"confidence_interval":{"confidence_level":0.95,"lower_bound":84522.13487840408,"upper_bound":149501.4577697969},"point_estimate":120782.22977024957,"standard_error":16633.187630522665}}