{"Mean":{"confidence_interval":{"confidence_level":0.95,"lower_bound":71652.0199856408,"upper_bound":72923.7682793276},"point_estimate":72246.58130969266,"standard_error":324.79685181608439},"Median":{"confidence_interval":{"confidence_level":0.95,"lower_bound":71080.71793650794,"upper_bound":71333.83377622378},"point_estimate":71167.04724351954,"standard_error":69.69102951142287},"MedianAbsDev":{"confidence_interval":{"confidence_level":0.95,"lower_bound":475.1132720380238,"upper_bound":841.1971023991042},"point_estimate":629.9113343558731,"standard_error":95.81950886950159},"Slope":{"confidence_interval":{"confidence_level":0.95,"lower_bound":70984.11574622641,"upper_bound":72748.15227663757},"point_estimate":71679.1780420669,"standard_error":468.6989097503842},"StdDev":{"confidence_interval":{"confidence_level":0.95,"lower_bound":2237.9240910381238,"upper_bound":4141.847157067495},"point_estimate":3262.732255555757,"standard_error":486.9354943851257}}