{"Mean":{"confidence_interval":{"confidence_level":0.95,"lower_bound":14271659.29590299,"upper_bound":14274812.9019866},"point_estimate":14273179.782985874,"standard_error":807.4193874390925},"Median":{"confidence_interval":{"confidence_level":0.95,"lower_bound":14269047.714396285,"upper_bound":14269955.914893618},"point_estimate":14269378.739285715,"standard_error":223.3507179071944},"MedianAbsDev":{"confidence_interval":{"confidence_level":0.95,"lower_bound":1237.780585869016,"upper_bound":2500.295411836816},"point_estimate":1778.9046016483972,"standard_error":335.5551001708505},"Slope":{"confidence_interval":{"confidence_level":0.95,"lower_bound":14270350.301568335,"upper_bound":14273417.47954754},"point_estimate":14271794.87152948,"standard_error":784.823238687367},"StdDev":{"confidence_interval":{"confidence_level":0.95,"lower_bound":6504.314315572538,"upper_bound":9329.491440749138},"point_estimate":8099.333722870157,"standard_error":721.9274329833584}}