{"Mean":{"confidence_interval":{"confidence_level":0.95,"lower_bound":27.20507337354571,"upper_bound":27.64313799164896},"point_estimate":27.413323131392884,"standard_error":0.11200007320627535},"Median":{"confidence_interval":{"confidence_level":0.95,"lower_bound":26.884071610899455,"upper_bound":26.9038614973241},"point_estimate":26.89407627705105,"standard_error":0.005120329174800427},"MedianAbsDev":{"confidence_interval":{"confidence_level":0.95,"lower_bound":0.03807983552369646,"upper_bound":0.06516023914521879},"point_estimate":0.0524754110434657,"standard_error":0.007254759450635534},"Slope":{"confidence_interval":{"confidence_level":0.95,"lower_bound":27.26123501158725,"upper_bound":27.848756294109206},"point_estimate":27.534467798158464,"standard_error":0.14953672204178443},"StdDev":{"confidence_interval":{"confidence_level":0.95,"lower_bound":0.9060307646186829,"upper_bound":1.281704940359443},"point_estimate":1.1233390248856446,"standard_error":0.09636440913760468}}