{"Mean":{"confidence_interval":{"confidence_level":0.95,"lower_bound":21623339.93041292,"upper_bound":21732334.198194155},"point_estimate":21673028.56776152,"standard_error":27930.36998795046},"Median":{"confidence_interval":{"confidence_level":0.95,"lower_bound":21601667.217391306,"upper_bound":21639551.075},"point_estimate":21625867.5556266,"standard_error":11397.71299690153},"MedianAbsDev":{"confidence_interval":{"confidence_level":0.95,"lower_bound":62362.52675479567,"upper_bound":116854.34957483299},"point_estimate":88504.52438979446,"standard_error":13740.828720590525},"Slope":{"confidence_interval":{"confidence_level":0.95,"lower_bound":21649127.492487767,"upper_bound":21730345.946643756},"point_estimate":21686561.411627015,"standard_error":20798.73653468424},"StdDev":{"confidence_interval":{"confidence_level":0.95,"lower_bound":154294.67399164607,"upper_bound":395332.80878020168},"point_estimate":281574.14500588047,"standard_error":62774.34606115992}}