{"Mean":{"confidence_interval":{"confidence_level":0.95,"lower_bound":3393.130762632399,"upper_bound":3399.4467706240318},"point_estimate":3396.1457871580307,"standard_error":1.6130717794800003},"Median":{"confidence_interval":{"confidence_level":0.95,"lower_bound":3388.893146723132,"upper_bound":3393.6382502919216},"point_estimate":3390.283659975064,"standard_error":1.3896321732650237},"MedianAbsDev":{"confidence_interval":{"confidence_level":0.95,"lower_bound":6.955063687234423,"upper_bound":12.086310398989874},"point_estimate":9.409181732330037,"standard_error":1.2780501107003384},"Slope":{"confidence_interval":{"confidence_level":0.95,"lower_bound":3387.7247158634356,"upper_bound":3395.2143632508398},"point_estimate":3391.007684544832,"standard_error":1.9288424121354476},"StdDev":{"confidence_interval":{"confidence_level":0.95,"lower_bound":12.519807299446513,"upper_bound":19.331860253009514},"point_estimate":16.23526810272554,"standard_error":1.7406272235367562}}