{"Mean":{"confidence_interval":{"confidence_level":0.95,"lower_bound":79651147.49791225,"upper_bound":80780318.78506129},"point_estimate":80215009.57866483,"standard_error":288860.90811465619},"Median":{"confidence_interval":{"confidence_level":0.95,"lower_bound":79498684.63636364,"upper_bound":80338255.33166144},"point_estimate":79859924.55263159,"standard_error":236911.56115108019},"MedianAbsDev":{"confidence_interval":{"confidence_level":0.95,"lower_bound":1586249.0191029637,"upper_bound":2688441.741987688},"point_estimate":2186507.4826082584,"standard_error":274588.1738122162},"Slope":{"confidence_interval":{"confidence_level":0.95,"lower_bound":79742498.64193046,"upper_bound":80544398.79485686},"point_estimate":80124759.4923393,"standard_error":204646.06669116437},"StdDev":{"confidence_interval":{"confidence_level":0.95,"lower_bound":2318568.124728576,"upper_bound":3445838.8686907968},"point_estimate":2904576.0987752017,"standard_error":288336.84481233617}}