{"Mean":{"confidence_interval":{"confidence_level":0.95,"lower_bound":4119369.1539030268,"upper_bound":4186032.595795009},"point_estimate":4151391.6120886399,"standard_error":17015.11221054836},"Median":{"confidence_interval":{"confidence_level":0.95,"lower_bound":4100894.241836468,"upper_bound":4146131.5166666668},"point_estimate":4130227.9901489119,"standard_error":12151.430131284022},"MedianAbsDev":{"confidence_interval":{"confidence_level":0.95,"lower_bound":44423.58272182707,"upper_bound":76924.44897063161},"point_estimate":57756.968382119034,"standard_error":8873.693527824797},"Slope":{"confidence_interval":{"confidence_level":0.95,"lower_bound":4129089.250927383,"upper_bound":4150663.693576145},"point_estimate":4138923.9030116747,"standard_error":5497.663036951196},"StdDev":{"confidence_interval":{"confidence_level":0.95,"lower_bound":104222.6783802927,"upper_bound":229131.38133588615},"point_estimate":170330.38527472883,"standard_error":32001.249546323354}}