{"Mean":{"confidence_interval":{"confidence_level":0.95,"lower_bound":847.0682154550507,"upper_bound":888.3643044093847},"point_estimate":867.0169511924597,"standard_error":10.595771556509583},"Median":{"confidence_interval":{"confidence_level":0.95,"lower_bound":802.511622276029,"upper_bound":803.0570160267497},"point_estimate":802.847106421882,"standard_error":0.14415721386487094},"MedianAbsDev":{"confidence_interval":{"confidence_level":0.95,"lower_bound":0.8513664028618193,"upper_bound":1.7036624449490903},"point_estimate":1.3363104913649533,"standard_error":0.2276183998112488},"Slope":{"confidence_interval":{"confidence_level":0.95,"lower_bound":865.0742581309586,"upper_bound":923.5714621008963},"point_estimate":893.0898855708273,"standard_error":14.874148231019616},"StdDev":{"confidence_interval":{"confidence_level":0.95,"lower_bound":92.96435032988062,"upper_bound":115.16329360009593},"point_estimate":106.4834574321572,"standard_error":5.685976188943817}}