{"Mean":{"confidence_interval":{"confidence_level":0.95,"lower_bound":196.23586465269785,"upper_bound":209.64929640181706},"point_estimate":202.55822130025863,"standard_error":3.4259717642926494},"Median":{"confidence_interval":{"confidence_level":0.95,"lower_bound":178.71109405972249,"upper_bound":186.4911748750539},"point_estimate":179.07707857396137,"standard_error":4.510170759928556},"MedianAbsDev":{"confidence_interval":{"confidence_level":0.95,"lower_bound":0.3737559078420733,"upper_bound":11.891156526417579},"point_estimate":0.9062394815443919,"standard_error":4.225278988361017},"Slope":{"confidence_interval":{"confidence_level":0.95,"lower_bound":195.46837551506756,"upper_bound":210.24687427330808},"point_estimate":202.67847657402175,"standard_error":3.7791435796092238},"StdDev":{"confidence_interval":{"confidence_level":0.95,"lower_bound":26.40249009654428,"upper_bound":44.56348158908815},"point_estimate":34.4051209328838,"standard_error":5.628206878190415}}