{"Mean":{"confidence_interval":{"confidence_level":0.95,"lower_bound":8271.130766024176,"upper_bound":8624.872095614775},"point_estimate":8447.175886936257,"standard_error":90.02621164127454},"Median":{"confidence_interval":{"confidence_level":0.95,"lower_bound":8124.303214285715,"upper_bound":8927.999296834118},"point_estimate":8591.567262432454,"standard_error":199.95159643804383},"MedianAbsDev":{"confidence_interval":{"confidence_level":0.95,"lower_bound":787.801779830337,"upper_bound":1437.19778819393},"point_estimate":1134.590743567431,"standard_error":159.0318325567344},"Slope":{"confidence_interval":{"confidence_level":0.95,"lower_bound":8345.216215639588,"upper_bound":8866.924582245387},"point_estimate":8609.269215731807,"standard_error":133.55070104899455},"StdDev":{"confidence_interval":{"confidence_level":0.95,"lower_bound":823.5305390117925,"upper_bound":970.7468000250785},"point_estimate":903.6501685184036,"standard_error":37.57785941793212}}