{"Mean":{"confidence_interval":{"confidence_level":0.95,"lower_bound":19999.493362373356,"upper_bound":20051.913823282288},"point_estimate":20026.822838749616,"standard_error":13.331875620143825},"Median":{"confidence_interval":{"confidence_level":0.95,"lower_bound":19954.682607371305,"upper_bound":20090.315962099125},"point_estimate":20037.307696393626,"standard_error":34.79812720099202},"MedianAbsDev":{"confidence_interval":{"confidence_level":0.95,"lower_bound":71.30822438398705,"upper_bound":153.90496593308644},"point_estimate":145.7456394204899,"standard_error":20.930772958379163},"Slope":{"confidence_interval":{"confidence_level":0.95,"lower_bound":20019.84319096479,"upper_bound":20084.49747863059},"point_estimate":20051.33563982472,"standard_error":16.493669763736823},"StdDev":{"confidence_interval":{"confidence_level":0.95,"lower_bound":96.4621935754932,"upper_bound":179.8943938864189},"point_estimate":134.64497863247878,"standard_error":22.929402291708198}}