{"Mean":{"confidence_interval":{"confidence_level":0.95,"lower_bound":14227013.799752063,"upper_bound":14264515.63465757},"point_estimate":14245405.149805084,"standard_error":9581.638302755886},"Median":{"confidence_interval":{"confidence_level":0.95,"lower_bound":14192432.0625,"upper_bound":14253689.325822885},"point_estimate":14228050.07142857,"standard_error":17266.116374255726},"MedianAbsDev":{"confidence_interval":{"confidence_level":0.95,"lower_bound":67057.40352211912,"upper_bound":121673.88367832102},"point_estimate":97212.40031504382,"standard_error":13730.678440055517},"Slope":{"confidence_interval":{"confidence_level":0.95,"lower_bound":14238185.223324504,"upper_bound":14284922.85191466},"point_estimate":14260991.799086744,"standard_error":11960.778874419775},"StdDev":{"confidence_interval":{"confidence_level":0.95,"lower_bound":84114.11045397906,"upper_bound":106453.0153957349},"point_estimate":96416.0679060333,"standard_error":5721.345222042024}}