{"Mean":{"confidence_interval":{"confidence_level":0.95,"lower_bound":1795708.630803685,"upper_bound":1825934.2576172567},"point_estimate":1811281.5527106408,"standard_error":7704.647305868246},"Median":{"confidence_interval":{"confidence_level":0.95,"lower_bound":1844022.4903470185,"upper_bound":1848115.6393442623},"point_estimate":1845720.8806818184,"standard_error":1165.729454205142},"MedianAbsDev":{"confidence_interval":{"confidence_level":0.95,"lower_bound":6161.003305452817,"upper_bound":13373.201157677297},"point_estimate":9159.762502191417,"standard_error":1761.9405844670674},"Slope":{"confidence_interval":{"confidence_level":0.95,"lower_bound":1749576.033782031,"upper_bound":1798156.9553291407},"point_estimate":1773767.7358090736,"standard_error":12416.542903406653},"StdDev":{"confidence_interval":{"confidence_level":0.95,"lower_bound":63570.811944876776,"upper_bound":87679.04691628428},"point_estimate":77610.33690789058,"standard_error":6158.5323476919179}}