{"Mean":{"confidence_interval":{"confidence_level":0.95,"lower_bound":6704267.334528702,"upper_bound":7151614.899593762},"point_estimate":6924411.8675649459,"standard_error":114187.74800863785},"Median":{"confidence_interval":{"confidence_level":0.95,"lower_bound":5940027.153846154,"upper_bound":7378742.9772727279},"point_estimate":6254216.349642858,"standard_error":384940.17586877828},"MedianAbsDev":{"confidence_interval":{"confidence_level":0.95,"lower_bound":43611.55828189462,"upper_bound":2012869.1840152334},"point_estimate":507739.3819396587,"standard_error":553847.5757102304},"Slope":{"confidence_interval":{"confidence_level":0.95,"lower_bound":6722871.809485987,"upper_bound":7303629.676809826},"point_estimate":7010062.826844983,"standard_error":148335.8799218858},"StdDev":{"confidence_interval":{"confidence_level":0.95,"lower_bound":1026678.1985827198,"upper_bound":1237377.984395754},"point_estimate":1145803.5945125193,"standard_error":53670.039051857144}}