{"Mean":{"confidence_interval":{"confidence_level":0.95,"lower_bound":0.3033931668353654,"upper_bound":0.32374165093808868},"point_estimate":0.3137403938301062,"standard_error":0.005341515301597193},"Median":{"confidence_interval":{"confidence_level":0.95,"lower_bound":0.2953830669167572,"upper_bound":0.32036147877481216},"point_estimate":0.3081865306689471,"standard_error":0.006006315072954198}}