{"Mean":{"confidence_interval":{"confidence_level":0.95,"lower_bound":1235715.9268888806,"upper_bound":1238130.771717342},"point_estimate":1236614.2143857778,"standard_error":669.0491474855887},"Median":{"confidence_interval":{"confidence_level":0.95,"lower_bound":1235199.2236842106,"upper_bound":1235707.7827731092},"point_estimate":1235442.6298748195,"standard_error":144.223127345091},"MedianAbsDev":{"confidence_interval":{"confidence_level":0.95,"lower_bound":524.4493606770996,"upper_bound":1009.837344692485},"point_estimate":792.9532877759899,"standard_error":124.5318490426335},"Slope":{"confidence_interval":{"confidence_level":0.95,"lower_bound":1235093.2254542879,"upper_bound":1235265.225171116},"point_estimate":1235170.609410374,"standard_error":44.04150493314974},"StdDev":{"confidence_interval":{"confidence_level":0.95,"lower_bound":1184.4864466129828,"upper_bound":11322.76327317572},"point_estimate":6733.343785235089,"standard_error":3409.317420205708}}