{"Mean":{"confidence_interval":{"confidence_level":0.95,"lower_bound":-0.11073720848231633,"upper_bound":-0.06665843592682097},"point_estimate":-0.08908533192505774,"standard_error":0.011247676660005956},"Median":{"confidence_interval":{"confidence_level":0.95,"lower_bound":-0.2004321880701877,"upper_bound":0.005959728986588697},"point_estimate":0.005658496319039807,"standard_error":0.03719033801590177}}