{"Mean":{"confidence_interval":{"confidence_level":0.95,"lower_bound":774108.8517572694,"upper_bound":777078.8249004617},"point_estimate":775313.1189656194,"standard_error":776.1172642319895},"Median":{"confidence_interval":{"confidence_level":0.95,"lower_bound":772690.6489361703,"upper_bound":775659.4225352113},"point_estimate":774568.0768020596,"standard_error":854.1717570876519},"MedianAbsDev":{"confidence_interval":{"confidence_level":0.95,"lower_bound":2864.90193230901,"upper_bound":4652.8189585842569},"point_estimate":3797.738512889959,"standard_error":440.2946645931192},"Slope":{"confidence_interval":{"confidence_level":0.95,"lower_bound":773595.5149511239,"upper_bound":775514.2533387318},"point_estimate":774561.1162450126,"standard_error":489.84256693965497},"StdDev":{"confidence_interval":{"confidence_level":0.95,"lower_bound":3069.3964467747439,"upper_bound":12546.59443855353},"point_estimate":7794.772670840647,"standard_error":3154.5677668427445}}