{"Mean":{"confidence_interval":{"confidence_level":0.95,"lower_bound":3776805.8822043386,"upper_bound":3938770.77975198},"point_estimate":3856205.821224585,"standard_error":41405.18690793017},"Median":{"confidence_interval":{"confidence_level":0.95,"lower_bound":3560981.006902761,"upper_bound":3899265.9935897437},"point_estimate":3628044.1645021645,"standard_error":96693.57054304538},"MedianAbsDev":{"confidence_interval":{"confidence_level":0.95,"lower_bound":110740.0174168929,"upper_bound":544603.9509148471},"point_estimate":223718.95251077007,"standard_error":120504.58778695845},"Slope":{"confidence_interval":{"confidence_level":0.95,"lower_bound":3650263.0092153695,"upper_bound":3766533.8213977499},"point_estimate":3705909.730471405,"standard_error":29874.708117778937},"StdDev":{"confidence_interval":{"confidence_level":0.95,"lower_bound":353344.2118197929,"upper_bound":476807.41526723708},"point_estimate":416057.5379485302,"standard_error":31639.39155261351}}