{"Mean":{"confidence_interval":{"confidence_level":0.95,"lower_bound":296516654.45663079,"upper_bound":297135059.63479217},"point_estimate":296821333.89524987,"standard_error":157668.56124780043},"Median":{"confidence_interval":{"confidence_level":0.95,"lower_bound":296249825.4468085,"upper_bound":296951637.99908426},"point_estimate":296626391.76111117,"standard_error":174619.8567604023},"MedianAbsDev":{"confidence_interval":{"confidence_level":0.95,"lower_bound":1141300.9008604084,"upper_bound":1903903.0166604215},"point_estimate":1620729.77035107,"standard_error":200874.5406901491},"Slope":{"confidence_interval":{"confidence_level":0.95,"lower_bound":295862139.7616459,"upper_bound":296373745.84326639},"point_estimate":296110473.72149845,"standard_error":130055.28129626203},"StdDev":{"confidence_interval":{"confidence_level":0.95,"lower_bound":1344584.7299751314,"upper_bound":1804153.2160888175},"point_estimate":1584388.3445838458,"standard_error":117379.2415118636}}