{"Mean":{"confidence_interval":{"confidence_level":0.95,"lower_bound":-0.00983599882395322,"upper_bound":0.000712405118238001},"point_estimate":-0.004231848377551861,"standard_error":0.002686145128226389},"Median":{"confidence_interval":{"confidence_level":0.95,"lower_bound":-0.0029895755778949208,"upper_bound":0.00125640566822538},"point_estimate":-0.0014753947123422596,"standard_error":0.001104868878616708}}