{"Mean":{"confidence_interval":{"confidence_level":0.95,"lower_bound":267946.803523453,"upper_bound":269312.299865435},"point_estimate":268628.1987834769,"standard_error":348.4523086632839},"Median":{"confidence_interval":{"confidence_level":0.95,"lower_bound":265662.140625,"upper_bound":272230.9289376538},"point_estimate":266627.2,"standard_error":2036.872093840493},"MedianAbsDev":{"confidence_interval":{"confidence_level":0.95,"lower_bound":711.5372372405778,"upper_bound":4841.412020970881},"point_estimate":2666.0619049388308,"standard_error":1123.7297351984249},"Slope":{"confidence_interval":{"confidence_level":0.95,"lower_bound":267782.1176990387,"upper_bound":269698.2920509208},"point_estimate":268731.57747820307,"standard_error":490.07257049740346},"StdDev":{"confidence_interval":{"confidence_level":0.95,"lower_bound":3347.1608386859795,"upper_bound":3577.8447588725914},"point_estimate":3495.731722079128,"standard_error":58.65190791590885}}