{"Mean":{"confidence_interval":{"confidence_level":0.95,"lower_bound":1570202.667193278,"upper_bound":1634873.255925358},"point_estimate":1596520.7698565948,"standard_error":16866.935526369296},"Median":{"confidence_interval":{"confidence_level":0.95,"lower_bound":1554089.501082251,"upper_bound":1556850.7837837837},"point_estimate":1555211.8731379733,"standard_error":675.5718806813687},"MedianAbsDev":{"confidence_interval":{"confidence_level":0.95,"lower_bound":2454.527274210094,"upper_bound":5554.4335611503779},"point_estimate":4034.667914111092,"standard_error":820.1708869161685},"Slope":{"confidence_interval":{"confidence_level":0.95,"lower_bound":1570829.1297033332,"upper_bound":1627071.9865076147},"point_estimate":1596554.4480774347,"standard_error":14434.7945250227},"StdDev":{"confidence_interval":{"confidence_level":0.95,"lower_bound":55699.33143440201,"upper_bound":270403.67005234226},"point_estimate":168739.94969861656,"standard_error":65879.44223071099}}