{"Mean":{"confidence_interval":{"confidence_level":0.95,"lower_bound":1535169.436450861,"upper_bound":1672418.4096879953},"point_estimate":1583268.1978760935,"standard_error":41888.47141441115},"Median":{"confidence_interval":{"confidence_level":0.95,"lower_bound":1519166.0204081634,"upper_bound":1530814.8076923078},"point_estimate":1523932.6354723708,"standard_error":2895.322204062694},"MedianAbsDev":{"confidence_interval":{"confidence_level":0.95,"lower_bound":11875.64825280144,"upper_bound":27080.595321915782},"point_estimate":18545.349571091247,"standard_error":3850.9185254277356},"Slope":{"confidence_interval":{"confidence_level":0.95,"lower_bound":1524247.38457806,"upper_bound":1553355.217495736},"point_estimate":1536650.958247377,"standard_error":7486.177409126878},"StdDev":{"confidence_interval":{"confidence_level":0.95,"lower_bound":33909.172842601234,"upper_bound":717689.9146971838},"point_estimate":419799.6548594215,"standard_error":243772.80014958749}}