{"Mean":{"confidence_interval":{"confidence_level":0.95,"lower_bound":136278.14052588304,"upper_bound":137143.8621275432},"point_estimate":136693.0960589707,"standard_error":220.5202952432978},"Median":{"confidence_interval":{"confidence_level":0.95,"lower_bound":135700.98928571429,"upper_bound":135895.4430272109},"point_estimate":135826.39798009367,"standard_error":57.69720983625188},"MedianAbsDev":{"confidence_interval":{"confidence_level":0.95,"lower_bound":453.9038908546192,"upper_bound":772.839682808975},"point_estimate":613.1984306641341,"standard_error":79.05761291805054},"Slope":{"confidence_interval":{"confidence_level":0.95,"lower_bound":137055.20274718165,"upper_bound":138650.65797450854},"point_estimate":137878.8685104182,"standard_error":407.59406733848359},"StdDev":{"confidence_interval":{"confidence_level":0.95,"lower_bound":1775.4701816345913,"upper_bound":2527.52370034207},"point_estimate":2208.00405769412,"standard_error":192.72201366495202}}