{"Mean":{"confidence_interval":{"confidence_level":0.95,"lower_bound":16497.149706683922,"upper_bound":17228.537054697874},"point_estimate":16857.61259876659,"standard_error":186.61827175463393},"Median":{"confidence_interval":{"confidence_level":0.95,"lower_bound":15377.241038027685,"upper_bound":15485.5395480226},"point_estimate":15405.38686440678,"standard_error":305.8656048595707},"MedianAbsDev":{"confidence_interval":{"confidence_level":0.95,"lower_bound":38.55781783616643,"upper_bound":200.6187126440695},"point_estimate":78.28278797075856,"standard_error":224.95659883510948},"Slope":{"confidence_interval":{"confidence_level":0.95,"lower_bound":16409.03090553366,"upper_bound":17364.97031281522},"point_estimate":16869.932646717745,"standard_error":244.22113738174574},"StdDev":{"confidence_interval":{"confidence_level":0.95,"lower_bound":1741.3654870215883,"upper_bound":1932.2837783549204},"point_estimate":1870.517703703554,"standard_error":49.9357778047758}}