{"Mean":{"confidence_interval":{"confidence_level":0.95,"lower_bound":47768358.232313718,"upper_bound":47793614.63038841},"point_estimate":47780275.804381858,"standard_error":6429.873327455141},"Median":{"confidence_interval":{"confidence_level":0.95,"lower_bound":47770291.614035088,"upper_bound":47785811.79310345},"point_estimate":47778328.75546177,"standard_error":3838.9217690012239},"MedianAbsDev":{"confidence_interval":{"confidence_level":0.95,"lower_bound":25260.678808378663,"upper_bound":46496.11975255103},"point_estimate":32803.01089575514,"standard_error":5334.276223313667},"Slope":{"confidence_interval":{"confidence_level":0.95,"lower_bound":47737891.23533047,"upper_bound":47759361.623352978},"point_estimate":47748274.91813507,"standard_error":5478.396166694102},"StdDev":{"confidence_interval":{"confidence_level":0.95,"lower_bound":42213.71567828573,"upper_bound":87506.51815243549},"point_estimate":64343.9235626881,"standard_error":12085.369370794382}}