{"Mean":{"confidence_interval":{"confidence_level":0.95,"lower_bound":111.87538456567255,"upper_bound":116.47663236329639},"point_estimate":114.05464773753504,"standard_error":1.1787613806444924},"Median":{"confidence_interval":{"confidence_level":0.95,"lower_bound":109.37593638993278,"upper_bound":109.41972058948804},"point_estimate":109.39121396519949,"standard_error":0.011098209766483477},"MedianAbsDev":{"confidence_interval":{"confidence_level":0.95,"lower_bound":0.048719310070212708,"upper_bound":0.12410181021575227},"point_estimate":0.07208173379049827,"standard_error":0.019887304162848127},"Slope":{"confidence_interval":{"confidence_level":0.95,"lower_bound":115.30515429521576,"upper_bound":124.36032513974993},"point_estimate":119.8347885882256,"standard_error":2.3148002498025286},"StdDev":{"confidence_interval":{"confidence_level":0.95,"lower_bound":8.742938022216237,"upper_bound":14.231495213202546},"point_estimate":11.8575916671419,"standard_error":1.3761569226819675}}