{"Mean":{"confidence_interval":{"confidence_level":0.95,"lower_bound":50109038.16077292,"upper_bound":50680574.0641935},"point_estimate":50394518.48051974,"standard_error":145728.31850925007},"Median":{"confidence_interval":{"confidence_level":0.95,"lower_bound":49729624.97674418,"upper_bound":50412761.84210526},"point_estimate":50084366.907520327,"standard_error":132568.93007864766},"MedianAbsDev":{"confidence_interval":{"confidence_level":0.95,"lower_bound":1016285.89688113,"upper_bound":1812707.4114181204},"point_estimate":1424115.511518895,"standard_error":196878.44999141893},"Slope":{"confidence_interval":{"confidence_level":0.95,"lower_bound":50847906.444020498,"upper_bound":51467912.16072261},"point_estimate":51170413.79873504,"standard_error":158448.35870989474},"StdDev":{"confidence_interval":{"confidence_level":0.95,"lower_bound":1250580.1680661408,"upper_bound":1689457.1463012465},"point_estimate":1464714.8491796584,"standard_error":113014.95103424747}}