{"Mean":{"confidence_interval":{"confidence_level":0.95,"lower_bound":-0.07300070422196556,"upper_bound":-0.007501026861080241},"point_estimate":-0.04150949311661101,"standard_error":0.01675389519651238},"Median":{"confidence_interval":{"confidence_level":0.95,"lower_bound":-0.024543512966091253,"upper_bound":-0.023841495108243628},"point_estimate":-0.024103142996043548,"standard_error":0.00018874857304841558}}