{"Mean":{"confidence_interval":{"confidence_level":0.95,"lower_bound":4111988.9813429776,"upper_bound":4171520.1868833445},"point_estimate":4140745.2182347008,"standard_error":15079.865312864042},"Median":{"confidence_interval":{"confidence_level":0.95,"lower_bound":4111718.55,"upper_bound":4150117.5236549165},"point_estimate":4130359.4161442008,"standard_error":8553.440106181968},"MedianAbsDev":{"confidence_interval":{"confidence_level":0.95,"lower_bound":57719.11390289327,"upper_bound":89309.5363577158},"point_estimate":68078.66401026705,"standard_error":8278.828261325894},"Slope":{"confidence_interval":{"confidence_level":0.95,"lower_bound":4138255.896955972,"upper_bound":4162805.8265022479},"point_estimate":4149742.3197399147,"standard_error":6258.1672615350339},"StdDev":{"confidence_interval":{"confidence_level":0.95,"lower_bound":90852.99055450269,"upper_bound":205366.39778490034},"point_estimate":151451.9530438031,"standard_error":29317.75691959999}}