{"Mean":{"confidence_interval":{"confidence_level":0.95,"lower_bound":1039725.463628828,"upper_bound":1089354.086765162},"point_estimate":1064438.8434736806,"standard_error":12705.929977058338},"Median":{"confidence_interval":{"confidence_level":0.95,"lower_bound":951864.8928571428,"upper_bound":1211855.292929293},"point_estimate":955491.0,"standard_error":63263.852055487005},"MedianAbsDev":{"confidence_interval":{"confidence_level":0.95,"lower_bound":1801.220891536789,"upper_bound":168594.17587916269},"point_estimate":8098.300913764851,"standard_error":38685.65502315006},"Slope":{"confidence_interval":{"confidence_level":0.95,"lower_bound":1036308.3896005508,"upper_bound":1103281.8017107677},"point_estimate":1069527.1241170387,"standard_error":17162.205574509975},"StdDev":{"confidence_interval":{"confidence_level":0.95,"lower_bound":122149.27216662854,"upper_bound":130616.44475112083},"point_estimate":128346.15392605493,"standard_error":2198.297309752093}}