{"Mean":{"confidence_interval":{"confidence_level":0.95,"lower_bound":1367701.1761445148,"upper_bound":1372796.648704988},"point_estimate":1369946.8945183736,"standard_error":1311.9128857157937},"Median":{"confidence_interval":{"confidence_level":0.95,"lower_bound":1365580.5882352943,"upper_bound":1366179.4156095843},"point_estimate":1365908.1023809524,"standard_error":147.78718168944324},"MedianAbsDev":{"confidence_interval":{"confidence_level":0.95,"lower_bound":814.9209351873329,"upper_bound":1713.4760895796165},"point_estimate":1288.7727933373399,"standard_error":239.32542546816249},"Slope":{"confidence_interval":{"confidence_level":0.95,"lower_bound":1369037.6158657224,"upper_bound":1377150.8912906827},"point_estimate":1372504.9327235113,"standard_error":2105.5265524021999},"StdDev":{"confidence_interval":{"confidence_level":0.95,"lower_bound":5287.570379297312,"upper_bound":19139.681453110625},"point_estimate":13186.740600316225,"standard_error":3571.753239673782}}