{"Mean":{"confidence_interval":{"confidence_level":0.95,"lower_bound":26394.719047431598,"upper_bound":26891.701337143975},"point_estimate":26609.169536805166,"standard_error":122.85707708253713},"Median":{"confidence_interval":{"confidence_level":0.95,"lower_bound":26373.117463617462,"upper_bound":26383.44265887509},"point_estimate":26376.092664092663,"standard_error":2.8597950319267344},"MedianAbsDev":{"confidence_interval":{"confidence_level":0.95,"lower_bound":13.934333852913025,"upper_bound":27.363471473995046},"point_estimate":18.58844771257435,"standard_error":3.3565158827853458},"Slope":{"confidence_interval":{"confidence_level":0.95,"lower_bound":26371.097555060423,"upper_bound":26965.32769262475},"point_estimate":26631.2631983513,"standard_error":150.1632128333329},"StdDev":{"confidence_interval":{"confidence_level":0.95,"lower_bound":50.90738880240466,"upper_bound":1822.1144887614544},"point_estimate":1226.4600933675714,"standard_error":393.51085003175867}}