{"Mean":{"confidence_interval":{"confidence_level":0.95,"lower_bound":69182.21735656755,"upper_bound":70577.45815698366},"point_estimate":69840.53973560273,"standard_error":357.11109470710468},"Median":{"confidence_interval":{"confidence_level":0.95,"lower_bound":67648.57548701299,"upper_bound":69774.2711906123},"point_estimate":67940.10123856706,"standard_error":465.72702589489458},"MedianAbsDev":{"confidence_interval":{"confidence_level":0.95,"lower_bound":687.4653664008122,"upper_bound":3551.1007022340788},"point_estimate":1256.61187586521,"standard_error":671.7248805722982},"Slope":{"confidence_interval":{"confidence_level":0.95,"lower_bound":69595.4166738715,"upper_bound":71040.020838992},"point_estimate":70288.3448149106,"standard_error":368.9503091250508},"StdDev":{"confidence_interval":{"confidence_level":0.95,"lower_bound":2620.031232323395,"upper_bound":4729.883578453929},"point_estimate":3583.884334198799,"standard_error":610.2038989525509}}