{"Mean":{"confidence_interval":{"confidence_level":0.95,"lower_bound":21.316187883762458,"upper_bound":21.332424478190267},"point_estimate":21.3238163741757,"standard_error":0.004137718761151492},"Median":{"confidence_interval":{"confidence_level":0.95,"lower_bound":21.30575236297599,"upper_bound":21.31278213580782},"point_estimate":21.308881710098996,"standard_error":0.001944999765774281},"MedianAbsDev":{"confidence_interval":{"confidence_level":0.95,"lower_bound":0.00911330217248249,"upper_bound":0.01732762518440202},"point_estimate":0.01129631418588583,"standard_error":0.002141456273405618},"Slope":{"confidence_interval":{"confidence_level":0.95,"lower_bound":21.3028081661951,"upper_bound":21.306681235648357},"point_estimate":21.304686735828225,"standard_error":0.0009878407383030566},"StdDev":{"confidence_interval":{"confidence_level":0.95,"lower_bound":0.02904729366837683,"upper_bound":0.05199349015175041},"point_estimate":0.04155230898046232,"standard_error":0.0058574098924271309}}