{"Mean":{"confidence_interval":{"confidence_level":0.95,"lower_bound":910.4552336950412,"upper_bound":954.5762675916478},"point_estimate":932.148363311455,"standard_error":11.220684321669373},"Median":{"confidence_interval":{"confidence_level":0.95,"lower_bound":850.8022866703848,"upper_bound":854.9742690846986},"point_estimate":851.9826814928425,"standard_error":7.579265742785807},"MedianAbsDev":{"confidence_interval":{"confidence_level":0.95,"lower_bound":9.977885744330479,"upper_bound":17.8586462255937},"point_estimate":13.073369562486569,"standard_error":5.7142000369968459},"Slope":{"confidence_interval":{"confidence_level":0.95,"lower_bound":912.8277731461072,"upper_bound":970.3672265991852},"point_estimate":939.777562448947,"standard_error":14.67338293041291},"StdDev":{"confidence_interval":{"confidence_level":0.95,"lower_bound":103.42151991323229,"upper_bound":117.56437145709961},"point_estimate":112.71960084599599,"standard_error":3.6789621426670049}}