{"Mean":{"confidence_interval":{"confidence_level":0.95,"lower_bound":57.28675559842876,"upper_bound":60.101851399616247},"point_estimate":58.65877548786314,"standard_error":0.7174343002791345},"Median":{"confidence_interval":{"confidence_level":0.95,"lower_bound":54.25121588878662,"upper_bound":54.344025123179388},"point_estimate":54.27285798541088,"standard_error":0.024810117270159614},"MedianAbsDev":{"confidence_interval":{"confidence_level":0.95,"lower_bound":0.07165638792457,"upper_bound":0.22190604606034135},"point_estimate":0.11252196612767354,"standard_error":0.038296157127068308},"Slope":{"confidence_interval":{"confidence_level":0.95,"lower_bound":58.89590000489973,"upper_bound":63.03591139074866},"point_estimate":60.900534704689658,"standard_error":1.055933498127611},"StdDev":{"confidence_interval":{"confidence_level":0.95,"lower_bound":6.325181001557038,"upper_bound":7.825574149657229},"point_estimate":7.217931906102697,"standard_error":0.3938128937074287}}