{"Mean":{"confidence_interval":{"confidence_level":0.95,"lower_bound":217.41116459367226,"upper_bound":217.63495595584195},"point_estimate":217.52349140946357,"standard_error":0.05712220854676807},"Median":{"confidence_interval":{"confidence_level":0.95,"lower_bound":217.1851254892931,"upper_bound":217.96199526929437},"point_estimate":217.7557325965155,"standard_error":0.2429781948449273},"MedianAbsDev":{"confidence_interval":{"confidence_level":0.95,"lower_bound":0.33629214390217956,"upper_bound":0.88241006220124},"point_estimate":0.7177222207370473,"standard_error":0.1554381589932594},"Slope":{"confidence_interval":{"confidence_level":0.95,"lower_bound":217.27543553950893,"upper_bound":217.56182948488473},"point_estimate":217.41869497790695,"standard_error":0.073106902076597},"StdDev":{"confidence_interval":{"confidence_level":0.95,"lower_bound":0.5399055343460631,"upper_bound":0.60358824530463},"point_estimate":0.5758338898842972,"standard_error":0.016229823152912924}}