{"Mean":{"confidence_interval":{"confidence_level":0.95,"lower_bound":23109.488850615402,"upper_bound":23501.592316447986},"point_estimate":23304.030867264337,"standard_error":99.7370811793412},"Median":{"confidence_interval":{"confidence_level":0.95,"lower_bound":22664.473022085545,"upper_bound":23711.103511214813},"point_estimate":23439.50913242009,"standard_error":240.92362496283423},"MedianAbsDev":{"confidence_interval":{"confidence_level":0.95,"lower_bound":877.1384858145733,"upper_bound":1542.483642135989},"point_estimate":1430.6845674625648,"standard_error":172.20533079099872},"Slope":{"confidence_interval":{"confidence_level":0.95,"lower_bound":22972.32756659244,"upper_bound":23475.033672330956},"point_estimate":23217.2497126061,"standard_error":128.3406602496813},"StdDev":{"confidence_interval":{"confidence_level":0.95,"lower_bound":910.9099857411279,"upper_bound":1092.599279479211},"point_estimate":1002.5705477394538,"standard_error":46.56781891640703}}