{"Mean":{"confidence_interval":{"confidence_level":0.95,"lower_bound":386497.8250946641,"upper_bound":389764.3147460603},"point_estimate":388104.4409203147,"standard_error":831.1340417846526},"Median":{"confidence_interval":{"confidence_level":0.95,"lower_bound":381181.539556962,"upper_bound":397911.537037037},"point_estimate":381624.11025641029,"standard_error":2868.783979491512},"MedianAbsDev":{"confidence_interval":{"confidence_level":0.95,"lower_bound":523.6428481436324,"upper_bound":3373.28040053791},"point_estimate":1284.0875715623097,"standard_error":1432.5283823262737},"Slope":{"confidence_interval":{"confidence_level":0.95,"lower_bound":384168.9584881301,"upper_bound":387446.4093154517},"point_estimate":385633.85818137039,"standard_error":838.0159708079804},"StdDev":{"confidence_interval":{"confidence_level":0.95,"lower_bound":7894.055487974424,"upper_bound":8525.528284191196},"point_estimate":8361.630810204937,"standard_error":167.38551833970934}}