{"Mean":{"confidence_interval":{"confidence_level":0.95,"lower_bound":6841587.516244404,"upper_bound":6915062.114044839},"point_estimate":6876636.566757322,"standard_error":18746.454545422795},"Median":{"confidence_interval":{"confidence_level":0.95,"lower_bound":6818159.671052632,"upper_bound":6879852.906666666},"point_estimate":6849899.723736969,"standard_error":15974.733564954324},"MedianAbsDev":{"confidence_interval":{"confidence_level":0.95,"lower_bound":72868.62828779467,"upper_bound":120242.9782465901},"point_estimate":90244.78209434869,"standard_error":11899.131885547986},"Slope":{"confidence_interval":{"confidence_level":0.95,"lower_bound":6862461.327224014,"upper_bound":6998209.275543235},"point_estimate":6926597.507072558,"standard_error":34804.611022367804},"StdDev":{"confidence_interval":{"confidence_level":0.95,"lower_bound":138088.7285337063,"upper_bound":232149.84467393909},"point_estimate":188474.50542488567,"standard_error":24162.69930045107}}