{"Mean":{"confidence_interval":{"confidence_level":0.95,"lower_bound":4219.935736819555,"upper_bound":4463.8159815337289},"point_estimate":4342.333247435375,"standard_error":62.03632400318977},"Median":{"confidence_interval":{"confidence_level":0.95,"lower_bound":4617.007308805875,"upper_bound":4842.3065527681669},"point_estimate":4837.11839140581,"standard_error":134.6561094827841},"MedianAbsDev":{"confidence_interval":{"confidence_level":0.95,"lower_bound":19.787949480171059,"upper_bound":258.23916561672947},"point_estimate":40.02485949849215,"standard_error":93.16384121385976},"Slope":{"confidence_interval":{"confidence_level":0.95,"lower_bound":3972.976671093258,"upper_bound":4306.604317126554},"point_estimate":4138.59898751472,"standard_error":85.1342894252086},"StdDev":{"confidence_interval":{"confidence_level":0.95,"lower_bound":583.869768707687,"upper_bound":642.510247391889},"point_estimate":624.81412915165,"standard_error":15.312592203201655}}