{"Mean":{"confidence_interval":{"confidence_level":0.95,"lower_bound":27168.21305087692,"upper_bound":28193.590187156322},"point_estimate":27685.04284653917,"standard_error":261.81381942192857},"Median":{"confidence_interval":{"confidence_level":0.95,"lower_bound":27374.61891025641,"upper_bound":29804.151783082816},"point_estimate":29783.156816712995,"standard_error":695.3339862377493},"MedianAbsDev":{"confidence_interval":{"confidence_level":0.95,"lower_bound":112.2400527181363,"upper_bound":2668.8617300237799},"point_estimate":216.8728332380606,"standard_error":587.3099923463802},"Slope":{"confidence_interval":{"confidence_level":0.95,"lower_bound":26295.346574270945,"upper_bound":27655.333912638718},"point_estimate":26986.03969914328,"standard_error":347.1676613618502},"StdDev":{"confidence_interval":{"confidence_level":0.95,"lower_bound":2465.0610102787265,"upper_bound":2698.836409906466},"point_estimate":2626.6552830685625,"standard_error":60.81400340832362}}