{"Mean":{"confidence_interval":{"confidence_level":0.95,"lower_bound":421076.483851865,"upper_bound":432488.6675239693},"point_estimate":426446.3195327915,"standard_error":2920.1029702445896},"Median":{"confidence_interval":{"confidence_level":0.95,"lower_bound":413584.80555555559,"upper_bound":414393.3788335847},"point_estimate":413929.1991341992,"standard_error":211.3526108497459},"MedianAbsDev":{"confidence_interval":{"confidence_level":0.95,"lower_bound":696.2169641764243,"upper_bound":1718.200109448035},"point_estimate":1083.01120558752,"standard_error":268.0123833463665},"Slope":{"confidence_interval":{"confidence_level":0.95,"lower_bound":426990.2884235971,"upper_bound":447593.6275899166},"point_estimate":437110.3205448007,"standard_error":5280.793330538729},"StdDev":{"confidence_interval":{"confidence_level":0.95,"lower_bound":22191.72761044937,"upper_bound":34580.533252860325},"point_estimate":29341.328998232722,"standard_error":3127.031946442392}}