{"Mean":{"confidence_interval":{"confidence_level":0.95,"lower_bound":1113.4081169402446,"upper_bound":1114.8944132826708},"point_estimate":1114.103557155522,"standard_error":0.3798621527130636},"Median":{"confidence_interval":{"confidence_level":0.95,"lower_bound":1112.5258676397917,"upper_bound":1113.528903903904},"point_estimate":1112.9199512927563,"standard_error":0.2509780457770164},"MedianAbsDev":{"confidence_interval":{"confidence_level":0.95,"lower_bound":1.4188256834185729,"upper_bound":2.495264110057363},"point_estimate":1.9634285389591513,"standard_error":0.2862971289194762},"Slope":{"confidence_interval":{"confidence_level":0.95,"lower_bound":1112.1161213506344,"upper_bound":1113.3038307608757},"point_estimate":1112.6472788286292,"standard_error":0.3042502930339345},"StdDev":{"confidence_interval":{"confidence_level":0.95,"lower_bound":2.5953102507097007,"upper_bound":4.970406482669598},"point_estimate":3.8275448515964896,"standard_error":0.6120958479737846}}