{"Mean":{"confidence_interval":{"confidence_level":0.95,"lower_bound":3214400.991524345,"upper_bound":3239706.4658664457},"point_estimate":3226889.8095130559,"standard_error":6454.437785890433},"Median":{"confidence_interval":{"confidence_level":0.95,"lower_bound":3213437.3191489365,"upper_bound":3232435.775510204},"point_estimate":3222261.0204027558,"standard_error":4392.840145722873},"MedianAbsDev":{"confidence_interval":{"confidence_level":0.95,"lower_bound":32635.387919905683,"upper_bound":58220.5012308532},"point_estimate":45488.4654881175,"standard_error":6496.190741318094},"Slope":{"confidence_interval":{"confidence_level":0.95,"lower_bound":3220977.383944838,"upper_bound":3246187.662419513},"point_estimate":3233197.077543963,"standard_error":6432.159715737428},"StdDev":{"confidence_interval":{"confidence_level":0.95,"lower_bound":52125.179299985604,"upper_bound":76167.56225344062},"point_estimate":64488.331400248375,"standard_error":6157.047695222}}