{"Mean":{"confidence_interval":{"confidence_level":0.95,"lower_bound":21.483561850956169,"upper_bound":21.49780664215844},"point_estimate":21.490347215834537,"standard_error":0.003637041491764079},"Median":{"confidence_interval":{"confidence_level":0.95,"lower_bound":21.477295975645754,"upper_bound":21.487142185406858},"point_estimate":21.483581895003419,"standard_error":0.002358074504339573},"MedianAbsDev":{"confidence_interval":{"confidence_level":0.95,"lower_bound":0.016806157586952428,"upper_bound":0.026795090244033833},"point_estimate":0.02222387427942145,"standard_error":0.0026180322679760336},"Slope":{"confidence_interval":{"confidence_level":0.95,"lower_bound":21.46865956594688,"upper_bound":21.475469316108204},"point_estimate":21.471990667208745,"standard_error":0.001737849206293504},"StdDev":{"confidence_interval":{"confidence_level":0.95,"lower_bound":0.026945876838625525,"upper_bound":0.04445443550968018},"point_estimate":0.036481054029069728,"standard_error":0.0044757823909934639}}