{"Mean":{"confidence_interval":{"confidence_level":0.95,"lower_bound":14555137.699581463,"upper_bound":14643137.592984716},"point_estimate":14597246.191596423,"standard_error":22432.86618359041},"Median":{"confidence_interval":{"confidence_level":0.95,"lower_bound":14537802.623376623,"upper_bound":14574672.863333334},"point_estimate":14555126.940178574,"standard_error":9462.86078799621},"MedianAbsDev":{"confidence_interval":{"confidence_level":0.95,"lower_bound":61565.635008240366,"upper_bound":109081.75172811165},"point_estimate":82524.62093928586,"standard_error":12517.404163258047},"Slope":{"confidence_interval":{"confidence_level":0.95,"lower_bound":14549858.254093985,"upper_bound":14651952.402056965},"point_estimate":14592775.759500517,"standard_error":26733.41820528337},"StdDev":{"confidence_interval":{"confidence_level":0.95,"lower_bound":156794.01251143026,"upper_bound":283798.2406695772},"point_estimate":225062.14517319486,"standard_error":32435.444026127956}}