{"Mean":{"confidence_interval":{"confidence_level":0.95,"lower_bound":60.04443568535843,"upper_bound":62.795175788962847},"point_estimate":61.378540917079487,"standard_error":0.7025487836166466},"Median":{"confidence_interval":{"confidence_level":0.95,"lower_bound":56.990904533912999,"upper_bound":57.12504351423483},"point_estimate":57.02099723790671,"standard_error":0.03611089322337649},"MedianAbsDev":{"confidence_interval":{"confidence_level":0.95,"lower_bound":0.08414286732158938,"upper_bound":0.2824268033530379},"point_estimate":0.1309314567790202,"standard_error":0.05267357445185266},"Slope":{"confidence_interval":{"confidence_level":0.95,"lower_bound":59.856549000951208,"upper_bound":63.11786447565031},"point_estimate":61.35189841801979,"standard_error":0.8328908911437705},"StdDev":{"confidence_interval":{"confidence_level":0.95,"lower_bound":6.234783508285502,"upper_bound":7.621479310679386},"point_estimate":7.056901081497076,"standard_error":0.36843883791737849}}