{"Mean":{"confidence_interval":{"confidence_level":0.95,"lower_bound":123.7935567625368,"upper_bound":128.70341738563594},"point_estimate":126.1559919518383,"standard_error":1.2582143772013375},"Median":{"confidence_interval":{"confidence_level":0.95,"lower_bound":119.64639751862279,"upper_bound":119.93032444781267},"point_estimate":119.79142097687807,"standard_error":0.07981922608517876},"MedianAbsDev":{"confidence_interval":{"confidence_level":0.95,"lower_bound":0.3149480821847901,"upper_bound":0.607023202547081},"point_estimate":0.4083957986263082,"standard_error":0.0823201286137838},"Slope":{"confidence_interval":{"confidence_level":0.95,"lower_bound":126.2665013786854,"upper_bound":133.83027824606894},"point_estimate":129.90892346412236,"standard_error":1.9297565207930474},"StdDev":{"confidence_interval":{"confidence_level":0.95,"lower_bound":10.482334142092144,"upper_bound":14.177820833506459},"point_estimate":12.63839735766111,"standard_error":0.9474817250718666}}