{"Mean":{"confidence_interval":{"confidence_level":0.95,"lower_bound":249903.8391262159,"upper_bound":254114.68665787835},"point_estimate":251751.24646589889,"standard_error":1086.9845132657666},"Median":{"confidence_interval":{"confidence_level":0.95,"lower_bound":248840.83695652174,"upper_bound":249392.0002085651},"point_estimate":249017.9831081081,"standard_error":127.81146522351347},"MedianAbsDev":{"confidence_interval":{"confidence_level":0.95,"lower_bound":655.1096193737051,"upper_bound":1333.0350616065078},"point_estimate":868.2518918203721,"standard_error":180.1767731956203},"Slope":{"confidence_interval":{"confidence_level":0.95,"lower_bound":249910.3628734466,"upper_bound":257649.8202558709},"point_estimate":253331.65939633517,"standard_error":1991.5746256728358},"StdDev":{"confidence_interval":{"confidence_level":0.95,"lower_bound":3394.736818402597,"upper_bound":15817.608003148704},"point_estimate":10978.468080352908,"standard_error":2959.503755187277}}