{"Mean":{"confidence_interval":{"confidence_level":0.95,"lower_bound":212.05857182755086,"upper_bound":218.10206319158417},"point_estimate":214.98344331530903,"standard_error":1.5420081566647793},"Median":{"confidence_interval":{"confidence_level":0.95,"lower_bound":205.4904773978252,"upper_bound":205.74395657524614},"point_estimate":205.5463649500956,"standard_error":0.06704867354894613},"MedianAbsDev":{"confidence_interval":{"confidence_level":0.95,"lower_bound":0.13477027994514582,"upper_bound":0.49870604731709958},"point_estimate":0.2447699059096175,"standard_error":0.09754771316352999},"Slope":{"confidence_interval":{"confidence_level":0.95,"lower_bound":213.61512995700316,"upper_bound":222.00217713266833},"point_estimate":217.6374451089427,"standard_error":2.1429674593432126},"StdDev":{"confidence_interval":{"confidence_level":0.95,"lower_bound":13.562638857099483,"upper_bound":16.792604991470719},"point_estimate":15.528865725240335,"standard_error":0.8272000917730975}}