{"Mean":{"confidence_interval":{"confidence_level":0.95,"lower_bound":-0.027834543955729136,"upper_bound":0.01111085901143157},"point_estimate":-0.008883203496040437,"standard_error":0.010015591124231125},"Median":{"confidence_interval":{"confidence_level":0.95,"lower_bound":-0.10912890719924358,"upper_bound":-0.0012440835708595717},"point_estimate":-0.04352323763062138,"standard_error":0.04312539795912255}}