{"Mean":{"confidence_interval":{"confidence_level":0.95,"lower_bound":0.12384388626797247,"upper_bound":0.19285061582753136},"point_estimate":0.15696049078389574,"standard_error":0.017852950007058833},"Median":{"confidence_interval":{"confidence_level":0.95,"lower_bound":-0.01973471720142106,"upper_bound":0.32910496334004338},"point_estimate":0.32876467822225666,"standard_error":0.1522785458125942}}