{"Mean":{"confidence_interval":{"confidence_level":0.95,"lower_bound":55130.76877004139,"upper_bound":57713.73331375466},"point_estimate":56431.845751100554,"standard_error":660.2584412431169},"Median":{"confidence_interval":{"confidence_level":0.95,"lower_bound":58425.52204585538,"upper_bound":61705.493506493505},"point_estimate":61677.45249618299,"standard_error":1288.672494627523},"MedianAbsDev":{"confidence_interval":{"confidence_level":0.95,"lower_bound":101.00121700027117,"upper_bound":3524.2770651738276},"point_estimate":263.40649902815178,"standard_error":975.627376988366},"Slope":{"confidence_interval":{"confidence_level":0.95,"lower_bound":52486.377843387636,"upper_bound":55972.12455334574},"point_estimate":54249.84477991936,"standard_error":889.9699677574073},"StdDev":{"confidence_interval":{"confidence_level":0.95,"lower_bound":6190.770696370682,"upper_bound":6848.612290165665},"point_estimate":6643.343763697629,"standard_error":171.54771223409669}}