{"Mean":{"confidence_interval":{"confidence_level":0.95,"lower_bound":24517628.83463748,"upper_bound":24717516.934314927},"point_estimate":24608531.812329994,"standard_error":51333.543618176955},"Median":{"confidence_interval":{"confidence_level":0.95,"lower_bound":24469682.848432058,"upper_bound":24513066.4},"point_estimate":24494990.2,"standard_error":11263.878711477984},"MedianAbsDev":{"confidence_interval":{"confidence_level":0.95,"lower_bound":109476.57698116498,"upper_bound":208751.72192418146},"point_estimate":148314.15566802975,"standard_error":28232.890007903614},"Slope":{"confidence_interval":{"confidence_level":0.95,"lower_bound":24559204.03560431,"upper_bound":24747897.384663088},"point_estimate":24645691.802317129,"standard_error":48296.07366722556},"StdDev":{"confidence_interval":{"confidence_level":0.95,"lower_bound":290442.9220820219,"upper_bound":740054.8897865851},"point_estimate":516130.4344384674,"standard_error":122902.68320943743}}