{"Mean":{"confidence_interval":{"confidence_level":0.95,"lower_bound":71025611.04863543,"upper_bound":71447746.38274269},"point_estimate":71233049.29899858,"standard_error":107743.08644390766},"Median":{"confidence_interval":{"confidence_level":0.95,"lower_bound":70596239.57051282,"upper_bound":71353811.9090136},"point_estimate":71007066.32384616,"standard_error":188598.20845939624},"MedianAbsDev":{"confidence_interval":{"confidence_level":0.95,"lower_bound":663787.4307065832,"upper_bound":1566641.9357446156},"point_estimate":1187276.2672366896,"standard_error":227018.70345799134},"Slope":{"confidence_interval":{"confidence_level":0.95,"lower_bound":71075024.92684418,"upper_bound":71536789.24293672},"point_estimate":71305076.17332053,"standard_error":117649.31986318623},"StdDev":{"confidence_interval":{"confidence_level":0.95,"lower_bound":925861.5963627802,"upper_bound":1221187.7463250452},"point_estimate":1081190.7772065937,"standard_error":75662.48129562821}}