{"Mean":{"confidence_interval":{"confidence_level":0.95,"lower_bound":6285246.274972987,"upper_bound":6317674.484238598},"point_estimate":6301065.383638617,"standard_error":8277.696189487086},"Median":{"confidence_interval":{"confidence_level":0.95,"lower_bound":6257512.600316183,"upper_bound":6298535.466666667},"point_estimate":6272055.3409563419,"standard_error":10496.267011952064},"MedianAbsDev":{"confidence_interval":{"confidence_level":0.95,"lower_bound":38825.41499477913,"upper_bound":83708.6667795554},"point_estimate":55336.632364278084,"standard_error":10951.107901843221},"Slope":{"confidence_interval":{"confidence_level":0.95,"lower_bound":6293587.5950849479,"upper_bound":6336321.602189864},"point_estimate":6314394.164111127,"standard_error":10902.53356781955},"StdDev":{"confidence_interval":{"confidence_level":0.95,"lower_bound":69629.6536281552,"upper_bound":95220.30582218006},"point_estimate":83306.66518406308,"standard_error":6542.120879941201}}