{"Mean":{"confidence_interval":{"confidence_level":0.95,"lower_bound":31.06615775000848,"upper_bound":31.379436845549468},"point_estimate":31.209216072417335,"standard_error":0.08003615438746037},"Median":{"confidence_interval":{"confidence_level":0.95,"lower_bound":30.940874902259077,"upper_bound":30.962737771739133},"point_estimate":30.948024410650285,"standard_error":0.005706252269406903},"MedianAbsDev":{"confidence_interval":{"confidence_level":0.95,"lower_bound":0.029518263713199615,"upper_bound":0.06990342010947112},"point_estimate":0.04912321694054844,"standard_error":0.010583065977400499},"Slope":{"confidence_interval":{"confidence_level":0.95,"lower_bound":31.006020824532329,"upper_bound":31.36198344969076},"point_estimate":31.163320838901706,"standard_error":0.09131094606344939},"StdDev":{"confidence_interval":{"confidence_level":0.95,"lower_bound":0.47683227410320797,"upper_bound":1.0541775490518313},"point_estimate":0.8054474390536154,"standard_error":0.14604569748179789}}