{"Mean":{"confidence_interval":{"confidence_level":0.95,"lower_bound":44067919.82980609,"upper_bound":44330778.37020695},"point_estimate":44190805.847663808,"standard_error":67353.50100160223},"Median":{"confidence_interval":{"confidence_level":0.95,"lower_bound":43919698.96262887,"upper_bound":44088246.27368421},"point_estimate":44024406.172367539,"standard_error":41353.209018567126},"MedianAbsDev":{"confidence_interval":{"confidence_level":0.95,"lower_bound":218130.58699232777,"upper_bound":360216.66764418876},"point_estimate":285253.75529294888,"standard_error":34322.71457963108},"Slope":{"confidence_interval":{"confidence_level":0.95,"lower_bound":43988184.69951915,"upper_bound":44146766.95650284},"point_estimate":44062115.678457219,"standard_error":40686.343598739964},"StdDev":{"confidence_interval":{"confidence_level":0.95,"lower_bound":446445.1871995841,"upper_bound":870391.9356289944},"point_estimate":677441.8012612753,"standard_error":108312.47920974514}}