{"Mean":{"confidence_interval":{"confidence_level":0.95,"lower_bound":0.15420566438172854,"upper_bound":0.16344760795043268},"point_estimate":0.1586560412003939,"standard_error":0.0023622453194543028},"Median":{"confidence_interval":{"confidence_level":0.95,"lower_bound":0.1596410092626513,"upper_bound":0.16460432898783318},"point_estimate":0.16188353986701066,"standard_error":0.0012677186622393564}}