{"Mean":{"confidence_interval":{"confidence_level":0.95,"lower_bound":3798.6910479919349,"upper_bound":3809.2588745611749},"point_estimate":3803.7227387382506,"standard_error":2.692024834907178},"Median":{"confidence_interval":{"confidence_level":0.95,"lower_bound":3794.044205042449,"upper_bound":3805.8200854700855},"point_estimate":3797.5451075311095,"standard_error":2.963077475536061},"MedianAbsDev":{"confidence_interval":{"confidence_level":0.95,"lower_bound":16.421576344214168,"upper_bound":26.16571797087187},"point_estimate":20.414271714766206,"standard_error":2.4312080530129478},"Slope":{"confidence_interval":{"confidence_level":0.95,"lower_bound":3790.9736978280304,"upper_bound":3799.2013884828},"point_estimate":3795.013615850678,"standard_error":2.101177565453951},"StdDev":{"confidence_interval":{"confidence_level":0.95,"lower_bound":19.483220435672729,"upper_bound":35.163128391404828},"point_estimate":27.07571719669865,"standard_error":4.1561681287821738}}