{"Mean":{"confidence_interval":{"confidence_level":0.95,"lower_bound":857.6954908005494,"upper_bound":890.103367350696},"point_estimate":872.9258020527502,"standard_error":8.370659123091285},"Median":{"confidence_interval":{"confidence_level":0.95,"lower_bound":837.8243914659096,"upper_bound":839.2076600837821},"point_estimate":838.213312628545,"standard_error":0.37760795211244388},"MedianAbsDev":{"confidence_interval":{"confidence_level":0.95,"lower_bound":0.7328273848254046,"upper_bound":2.615447420361334},"point_estimate":1.457609010627321,"standard_error":0.47393852647276415},"Slope":{"confidence_interval":{"confidence_level":0.95,"lower_bound":891.2601745267202,"upper_bound":958.5558725449523},"point_estimate":926.180030114992,"standard_error":17.203501050240019},"StdDev":{"confidence_interval":{"confidence_level":0.95,"lower_bound":63.710907804887899,"upper_bound":99.33544317809717},"point_estimate":84.34597836013448,"standard_error":8.995365502805282}}