{"Mean":{"confidence_interval":{"confidence_level":0.95,"lower_bound":-0.03806033322147087,"upper_bound":-0.0365716451492343},"point_estimate":-0.03727067322635058,"standard_error":0.0003813550261201329},"Median":{"confidence_interval":{"confidence_level":0.95,"lower_bound":-0.03691274732835448,"upper_bound":-0.03597191510903397},"point_estimate":-0.03627409214121591,"standard_error":0.00024622974560548267}}