{"Mean":{"confidence_interval":{"confidence_level":0.95,"lower_bound":3568.619873627388,"upper_bound":3757.170944258261},"point_estimate":3659.5830597521787,"standard_error":48.11684502825499},"Median":{"confidence_interval":{"confidence_level":0.95,"lower_bound":3411.5631720430108,"upper_bound":3424.872657341595},"point_estimate":3417.8915689670996,"standard_error":3.4988057740321976},"MedianAbsDev":{"confidence_interval":{"confidence_level":0.95,"lower_bound":17.788512853757728,"upper_bound":36.58031101763523},"point_estimate":25.295540207653699,"standard_error":5.076160027726019},"Slope":{"confidence_interval":{"confidence_level":0.95,"lower_bound":3680.6921778842558,"upper_bound":3980.3754283021928},"point_estimate":3827.0343499764037,"standard_error":76.4243877621598},"StdDev":{"confidence_interval":{"confidence_level":0.95,"lower_bound":398.51704869441877,"upper_bound":544.9869468144635},"point_estimate":484.4458082034374,"standard_error":37.20854424571448}}