{"Mean":{"confidence_interval":{"confidence_level":0.95,"lower_bound":19003853.740911034,"upper_bound":19017258.781556325},"point_estimate":19010091.075935585,"standard_error":3420.8823250933908},"Median":{"confidence_interval":{"confidence_level":0.95,"lower_bound":19005947.877501728,"upper_bound":19013141.32142857},"point_estimate":19008820.803511919,"standard_error":2057.0470613666377},"MedianAbsDev":{"confidence_interval":{"confidence_level":0.95,"lower_bound":13287.499005008074,"upper_bound":20963.072034836365},"point_estimate":16231.79729007914,"standard_error":1946.2408264005283},"Slope":{"confidence_interval":{"confidence_level":0.95,"lower_bound":18990795.90444183,"upper_bound":19004889.824588505},"point_estimate":18998005.61211763,"standard_error":3584.3327767752809},"StdDev":{"confidence_interval":{"confidence_level":0.95,"lower_bound":20980.16618211008,"upper_bound":49363.66918692246},"point_estimate":34405.100568287664,"standard_error":8046.634279302525}}