{"Mean":{"confidence_interval":{"confidence_level":0.95,"lower_bound":3528249.1707205909,"upper_bound":3573042.6908105139},"point_estimate":3551293.766120773,"standard_error":11357.404089336302},"Median":{"confidence_interval":{"confidence_level":0.95,"lower_bound":3528509.6951219516,"upper_bound":3557159.4479166667},"point_estimate":3531068.247820255,"standard_error":7813.382471654595},"MedianAbsDev":{"confidence_interval":{"confidence_level":0.95,"lower_bound":29129.353330850572,"upper_bound":62170.77185281089},"point_estimate":45637.63654810327,"standard_error":8994.14434636462},"Slope":{"confidence_interval":{"confidence_level":0.95,"lower_bound":3555242.536536949,"upper_bound":3615030.4778017278},"point_estimate":3578394.719822669,"standard_error":16103.155449824344},"StdDev":{"confidence_interval":{"confidence_level":0.95,"lower_bound":66021.4286249506,"upper_bound":159076.09615138509},"point_estimate":114299.7541116651,"standard_error":24179.355359346675}}