{"Mean":{"confidence_interval":{"confidence_level":0.95,"lower_bound":1694261.2232458106,"upper_bound":1734841.4619565346},"point_estimate":1713934.6901918359,"standard_error":10387.016751592002},"Median":{"confidence_interval":{"confidence_level":0.95,"lower_bound":1653881.0402097903,"upper_bound":1659875.9},"point_estimate":1655025.5282258066,"standard_error":1778.0722648482238},"MedianAbsDev":{"confidence_interval":{"confidence_level":0.95,"lower_bound":8239.765706868357,"upper_bound":31679.87853756968},"point_estimate":15672.126280855111,"standard_error":7422.930223803673},"Slope":{"confidence_interval":{"confidence_level":0.95,"lower_bound":1716731.0041224,"upper_bound":1774822.5937880569},"point_estimate":1746222.8206472588,"standard_error":14823.13109718805},"StdDev":{"confidence_interval":{"confidence_level":0.95,"lower_bound":88596.90173867587,"upper_bound":117758.11465795366},"point_estimate":105066.79703243645,"standard_error":7448.706753753316}}