{"Mean":{"confidence_interval":{"confidence_level":0.95,"lower_bound":1779386.2038345535,"upper_bound":1815211.3011981117},"point_estimate":1797671.0198856595,"standard_error":9138.029023358791},"Median":{"confidence_interval":{"confidence_level":0.95,"lower_bound":1852270.2183908045,"upper_bound":1856088.3181818182},"point_estimate":1854638.2951363302,"standard_error":1358.1733620373873},"MedianAbsDev":{"confidence_interval":{"confidence_level":0.95,"lower_bound":4926.222941434048,"upper_bound":13410.14622384536},"point_estimate":7596.597426942623,"standard_error":2360.683480770057},"Slope":{"confidence_interval":{"confidence_level":0.95,"lower_bound":1776375.7306847205,"upper_bound":1820684.0043764765},"point_estimate":1799781.4898448352,"standard_error":11321.190039223078},"StdDev":{"confidence_interval":{"confidence_level":0.95,"lower_bound":81854.08592270255,"upper_bound":97933.42681685327},"point_estimate":91744.63945128773,"standard_error":4152.126020214728}}