{"Mean":{"confidence_interval":{"confidence_level":0.95,"lower_bound":649.8154851149408,"upper_bound":682.3556287203963},"point_estimate":665.7421755809583,"standard_error":8.33392566406515},"Median":{"confidence_interval":{"confidence_level":0.95,"lower_bound":618.703133234953,"upper_bound":619.5350031465983},"point_estimate":619.1197014935053,"standard_error":0.21449256834730186},"MedianAbsDev":{"confidence_interval":{"confidence_level":0.95,"lower_bound":0.41883155151764969,"upper_bound":1.582218187357573},"point_estimate":0.9285717042335927,"standard_error":0.2955365198136514},"Slope":{"confidence_interval":{"confidence_level":0.95,"lower_bound":630.572371637722,"upper_bound":649.2063109160231},"point_estimate":638.6140799728059,"standard_error":4.78124465260717},"StdDev":{"confidence_interval":{"confidence_level":0.95,"lower_bound":71.13429210373656,"upper_bound":92.0261675612583},"point_estimate":83.67724647249762,"standard_error":5.40524740547914}}