{"Mean":{"confidence_interval":{"confidence_level":0.95,"lower_bound":0.04717297265415632,"upper_bound":0.05576105035111517},"point_estimate":0.051335165610414849,"standard_error":0.0021883003592153675},"Median":{"confidence_interval":{"confidence_level":0.95,"lower_bound":0.049037313047141099,"upper_bound":0.05686675633052851},"point_estimate":0.052133607237222049,"standard_error":0.0020657612607503509}}