{"Mean":{"confidence_interval":{"confidence_level":0.95,"lower_bound":1535194.481478894,"upper_bound":1566473.9564875956},"point_estimate":1549753.4202292667,"standard_error":7977.381412497226},"Median":{"confidence_interval":{"confidence_level":0.95,"lower_bound":1519511.8541666668,"upper_bound":1521267.373768473},"point_estimate":1520512.975,"standard_error":459.0785412948929},"MedianAbsDev":{"confidence_interval":{"confidence_level":0.95,"lower_bound":2442.651904195349,"upper_bound":5081.7132114330729},"point_estimate":3732.9167254985288,"standard_error":705.3573142929756},"Slope":{"confidence_interval":{"confidence_level":0.95,"lower_bound":1530017.2219808682,"upper_bound":1562140.3322933654},"point_estimate":1544265.2944406679,"standard_error":8233.046804939002},"StdDev":{"confidence_interval":{"confidence_level":0.95,"lower_bound":53622.26531746603,"upper_bound":100779.57140796697},"point_estimate":80281.55552491639,"standard_error":12006.48019745032}}