{"Mean":{"confidence_interval":{"confidence_level":0.95,"lower_bound":1520154.193860887,"upper_bound":1540302.5818893065},"point_estimate":1529981.834245127,"standard_error":5133.154123779357},"Median":{"confidence_interval":{"confidence_level":0.95,"lower_bound":1503769.3943661974,"upper_bound":1511967.73},"point_estimate":1507606.724489796,"standard_error":2089.9008211316406},"MedianAbsDev":{"confidence_interval":{"confidence_level":0.95,"lower_bound":17717.945824049795,"upper_bound":45842.67149144587},"point_estimate":28295.54054110895,"standard_error":7549.491961645274},"Slope":{"confidence_interval":{"confidence_level":0.95,"lower_bound":1531293.38319627,"upper_bound":1553140.2709321005},"point_estimate":1542026.7904832275,"standard_error":5549.645411951596},"StdDev":{"confidence_interval":{"confidence_level":0.95,"lower_bound":43785.542677810634,"upper_bound":57893.452403212206},"point_estimate":51585.08614306938,"standard_error":3595.021426717559}}