{"Mean":{"confidence_interval":{"confidence_level":0.95,"lower_bound":3884.3058511047377,"upper_bound":3894.618622561862},"point_estimate":3889.29975648362,"standard_error":2.6362357948133905},"Median":{"confidence_interval":{"confidence_level":0.95,"lower_bound":3883.15048828125,"upper_bound":3892.306119791667},"point_estimate":3886.737781036168,"standard_error":2.5526598424909965},"MedianAbsDev":{"confidence_interval":{"confidence_level":0.95,"lower_bound":16.738506346338075,"upper_bound":29.66000116807251},"point_estimate":24.50210138444241,"standard_error":3.29093904351934},"Slope":{"confidence_interval":{"confidence_level":0.95,"lower_bound":3878.0464720885877,"upper_bound":3887.8713081445159},"point_estimate":3882.9690015308667,"standard_error":2.5029312663437537},"StdDev":{"confidence_interval":{"confidence_level":0.95,"lower_bound":20.317142280239815,"upper_bound":32.659527414604919},"point_estimate":26.490398920675223,"standard_error":3.191970176526806}}