{"Mean":{"confidence_interval":{"confidence_level":0.95,"lower_bound":23306635.061874179,"upper_bound":23439024.416549446},"point_estimate":23372411.251019036,"standard_error":33637.527615474835},"Median":{"confidence_interval":{"confidence_level":0.95,"lower_bound":23294325.19363395,"upper_bound":23407680.048752838},"point_estimate":23349690.25347866,"standard_error":26935.380616819835},"MedianAbsDev":{"confidence_interval":{"confidence_level":0.95,"lower_bound":187664.41528075253,"upper_bound":364128.6525139116},"point_estimate":256348.188616411,"standard_error":41673.814921512625},"Slope":{"confidence_interval":{"confidence_level":0.95,"lower_bound":23324403.367051335,"upper_bound":23455962.16501687},"point_estimate":23386906.797076994,"standard_error":33535.22463973943},"StdDev":{"confidence_interval":{"confidence_level":0.95,"lower_bound":272815.11598130597,"upper_bound":399602.36399544528},"point_estimate":338245.17675899519,"standard_error":32542.269634364555}}