{"Mean":{"confidence_interval":{"confidence_level":0.95,"lower_bound":306354.5737546713,"upper_bound":312027.9986751372},"point_estimate":309100.0204584896,"standard_error":1450.481396179191},"Median":{"confidence_interval":{"confidence_level":0.95,"lower_bound":297904.3020833333,"upper_bound":310954.2993918919},"point_estimate":310242.12347811218,"standard_error":3642.016955843029},"MedianAbsDev":{"confidence_interval":{"confidence_level":0.95,"lower_bound":4050.224853094141,"upper_bound":21231.20495411909},"point_estimate":20344.420336456486,"standard_error":4692.2188946504679},"Slope":{"confidence_interval":{"confidence_level":0.95,"lower_bound":313471.6170893138,"upper_bound":321179.110715247},"point_estimate":317031.3891421605,"standard_error":1968.1249628435892},"StdDev":{"confidence_interval":{"confidence_level":0.95,"lower_bound":11780.612887666462,"upper_bound":17343.55086688501},"point_estimate":14582.317951803721,"standard_error":1421.4286074464549}}