{"Mean":{"confidence_interval":{"confidence_level":0.95,"lower_bound":38688.57444742239,"upper_bound":38763.036294647834},"point_estimate":38723.13008756069,"standard_error":18.99200911793055},"Median":{"confidence_interval":{"confidence_level":0.95,"lower_bound":38647.5579335539,"upper_bound":38681.13313609467},"point_estimate":38662.085648148146,"standard_error":9.885481150549856},"MedianAbsDev":{"confidence_interval":{"confidence_level":0.95,"lower_bound":48.13588331701206,"upper_bound":91.19426234304754},"point_estimate":66.62045030015014,"standard_error":10.835137870667055},"Slope":{"confidence_interval":{"confidence_level":0.95,"lower_bound":38635.21478085583,"upper_bound":38680.1927614822},"point_estimate":38653.93459924293,"standard_error":11.697859215796023},"StdDev":{"confidence_interval":{"confidence_level":0.95,"lower_bound":118.91208523277494,"upper_bound":250.55109597352004},"point_estimate":190.8544271659499,"standard_error":33.52172175747648}}