{"Mean":{"confidence_interval":{"confidence_level":0.95,"lower_bound":67.89433118318016,"upper_bound":71.97114702994536},"point_estimate":69.92770291300757,"standard_error":1.0406678904309535},"Median":{"confidence_interval":{"confidence_level":0.95,"lower_bound":58.84702693040992,"upper_bound":79.78210150540197},"point_estimate":79.7627453460774,"standard_error":8.270821644450346},"MedianAbsDev":{"confidence_interval":{"confidence_level":0.95,"lower_bound":0.06546876442727932,"upper_bound":13.114878452484696},"point_estimate":0.13452264460689335,"standard_error":3.7289245840738407},"Slope":{"confidence_interval":{"confidence_level":0.95,"lower_bound":66.75645820391826,"upper_bound":72.07897935756449},"point_estimate":69.45965513751125,"standard_error":1.3605898885500294},"StdDev":{"confidence_interval":{"confidence_level":0.95,"lower_bound":10.083887805419899,"upper_bound":10.549354507654499},"point_estimate":10.44468828325332,"standard_error":0.11932766543930094}}