{"Mean":{"confidence_interval":{"confidence_level":0.95,"lower_bound":14668821.682115922,"upper_bound":14722814.381750379},"point_estimate":14693450.262393447,"standard_error":13790.168392189056},"Median":{"confidence_interval":{"confidence_level":0.95,"lower_bound":14657744.551020408,"upper_bound":14712146.059016394},"point_estimate":14686426.949761905,"standard_error":15083.09441619213},"MedianAbsDev":{"confidence_interval":{"confidence_level":0.95,"lower_bound":70443.30608178872,"upper_bound":103136.05876563495},"point_estimate":81957.17123871968,"standard_error":8628.614900763872},"Slope":{"confidence_interval":{"confidence_level":0.95,"lower_bound":14679718.709119153,"upper_bound":14762091.806771959},"point_estimate":14715933.721882666,"standard_error":21135.595503007444},"StdDev":{"confidence_interval":{"confidence_level":0.95,"lower_bound":80145.3060713146,"upper_bound":201792.19462934175},"point_estimate":138449.5414925924,"standard_error":34898.5484288986}}