{"Mean":{"confidence_interval":{"confidence_level":0.95,"lower_bound":52637916.21729363,"upper_bound":52909741.30161543},"point_estimate":52772926.78385936,"standard_error":69450.68386504674},"Median":{"confidence_interval":{"confidence_level":0.95,"lower_bound":52280358.66111112,"upper_bound":53025089.75226757},"point_estimate":52777607.77198152,"standard_error":177311.67268728739},"MedianAbsDev":{"confidence_interval":{"confidence_level":0.95,"lower_bound":492568.2158619828,"upper_bound":1102989.0932773199},"point_estimate":1023828.894656012,"standard_error":150988.25793385937},"Slope":{"confidence_interval":{"confidence_level":0.95,"lower_bound":52872953.34887852,"upper_bound":53144246.20132082},"point_estimate":53016185.348544407,"standard_error":69006.3701471918},"StdDev":{"confidence_interval":{"confidence_level":0.95,"lower_bound":619323.6593079881,"upper_bound":778330.2702704248},"point_estimate":698145.1755114641,"standard_error":40740.48645707781}}