{"Mean":{"confidence_interval":{"confidence_level":0.95,"lower_bound":9877.25501675285,"upper_bound":10106.518694054901},"point_estimate":9989.589666260135,"standard_error":58.64286546339694},"Median":{"confidence_interval":{"confidence_level":0.95,"lower_bound":9656.93814124585,"upper_bound":10272.601609657948},"point_estimate":9859.326123407109,"standard_error":152.71490877370506},"MedianAbsDev":{"confidence_interval":{"confidence_level":0.95,"lower_bound":440.272992831784,"upper_bound":789.2439730364193},"point_estimate":679.1165268666896,"standard_error":100.25709709312265},"Slope":{"confidence_interval":{"confidence_level":0.95,"lower_bound":9830.993411016098,"upper_bound":10097.586501907592},"point_estimate":9966.794060349486,"standard_error":67.75760233852223},"StdDev":{"confidence_interval":{"confidence_level":0.95,"lower_bound":499.33825019095158,"upper_bound":689.2096640321603},"point_estimate":587.9509609855887,"standard_error":49.65891278916249}}