{"Mean":{"confidence_interval":{"confidence_level":0.95,"lower_bound":1993.3623698385744,"upper_bound":2024.301863233806},"point_estimate":2004.60816355534,"standard_error":8.997110375502288},"Median":{"confidence_interval":{"confidence_level":0.95,"lower_bound":1990.34370342772,"upper_bound":1994.9049061534807},"point_estimate":1993.3788974119796,"standard_error":1.0333425752586632},"MedianAbsDev":{"confidence_interval":{"confidence_level":0.95,"lower_bound":8.226594948600774,"upper_bound":15.420916254591365},"point_estimate":12.336753781259106,"standard_error":1.9458504333541978},"Slope":{"confidence_interval":{"confidence_level":0.95,"lower_bound":1987.3746408482166,"upper_bound":2070.2561174913155},"point_estimate":2014.0073147107347,"standard_error":24.587031529031824},"StdDev":{"confidence_interval":{"confidence_level":0.95,"lower_bound":12.880000720865779,"upper_bound":154.61806043225},"point_estimate":90.95960858348404,"standard_error":49.71482590823851}}