{"Mean":{"confidence_interval":{"confidence_level":0.95,"lower_bound":3942604.609465202,"upper_bound":4017078.562593306},"point_estimate":3979009.795130689,"standard_error":18962.402980433635},"Median":{"confidence_interval":{"confidence_level":0.95,"lower_bound":3935453.390151515,"upper_bound":4009887.8529411766},"point_estimate":3976746.256522972,"standard_error":18658.313656120325},"MedianAbsDev":{"confidence_interval":{"confidence_level":0.95,"lower_bound":105952.6626042584,"upper_bound":166428.16787307646},"point_estimate":143180.8597247884,"standard_error":15392.800202467664},"Slope":{"confidence_interval":{"confidence_level":0.95,"lower_bound":3937730.020804889,"upper_bound":3989733.5065987815},"point_estimate":3963540.0180286688,"standard_error":13252.425403961255},"StdDev":{"confidence_interval":{"confidence_level":0.95,"lower_bound":140465.44347298734,"upper_bound":235527.76117836717},"point_estimate":190281.80474873546,"standard_error":24268.02748239185}}