{"Mean":{"confidence_interval":{"confidence_level":0.95,"lower_bound":1816668.4300180614,"upper_bound":1817372.2608554289},"point_estimate":1816999.5297366719,"standard_error":179.66205952439379},"Median":{"confidence_interval":{"confidence_level":0.95,"lower_bound":1816333.306122449,"upper_bound":1816813.4722222223},"point_estimate":1816592.7885278897,"standard_error":111.23306174811974},"MedianAbsDev":{"confidence_interval":{"confidence_level":0.95,"lower_bound":707.982897046469,"upper_bound":1260.7096798446156},"point_estimate":903.4107428824685,"standard_error":137.53614457501343},"Slope":{"confidence_interval":{"confidence_level":0.95,"lower_bound":1816157.8128140807,"upper_bound":1816554.5352210154},"point_estimate":1816353.1166779963,"standard_error":101.09302983219068},"StdDev":{"confidence_interval":{"confidence_level":0.95,"lower_bound":1235.4286469289278,"upper_bound":2370.3541900245907},"point_estimate":1809.2290017692547,"standard_error":295.1510722670032}}