{"Mean":{"confidence_interval":{"confidence_level":0.95,"lower_bound":1607426.647119276,"upper_bound":1609621.3492654237},"point_estimate":1608454.6776544273,"standard_error":561.7618360052702},"Median":{"confidence_interval":{"confidence_level":0.95,"lower_bound":1605846.9642857144,"upper_bound":1606862.5902547066},"point_estimate":1606251.2368913857,"standard_error":299.5911072271247},"MedianAbsDev":{"confidence_interval":{"confidence_level":0.95,"lower_bound":1287.5277646418293,"upper_bound":2783.495810680458},"point_estimate":2057.241903902319,"standard_error":386.9417564926453},"Slope":{"confidence_interval":{"confidence_level":0.95,"lower_bound":1605697.038733497,"upper_bound":1606695.8690820689},"point_estimate":1606146.3253554013,"standard_error":254.84454493256772},"StdDev":{"confidence_interval":{"confidence_level":0.95,"lower_bound":3787.1232913077399,"upper_bound":7291.419343274935},"point_estimate":5660.680611809378,"standard_error":898.2297333858021}}