{"Mean":{"confidence_interval":{"confidence_level":0.95,"lower_bound":409040.995412666,"upper_bound":455775.7875488955},"point_estimate":432143.99666202816,"standard_error":11924.496064683182},"Median":{"confidence_interval":{"confidence_level":0.95,"lower_bound":334651.51851851856,"upper_bound":431072.3859649123},"point_estimate":335345.4152661064,"standard_error":22807.700837944194},"MedianAbsDev":{"confidence_interval":{"confidence_level":0.95,"lower_bound":974.3491327448496,"upper_bound":143903.18751905825},"point_estimate":2391.7827190179748,"standard_error":29411.123392548092},"Slope":{"confidence_interval":{"confidence_level":0.95,"lower_bound":428601.3669410165,"upper_bound":494943.1790591146},"point_estimate":462455.036426777,"standard_error":16922.851789923785},"StdDev":{"confidence_interval":{"confidence_level":0.95,"lower_bound":109853.83127476348,"upper_bound":126193.23102123624},"point_estimate":119522.6373062762,"standard_error":4152.343543808631}}