{"Mean":{"confidence_interval":{"confidence_level":0.95,"lower_bound":88976.5526928023,"upper_bound":89636.51013637785},"point_estimate":89298.0666472743,"standard_error":168.48919070907776},"Median":{"confidence_interval":{"confidence_level":0.95,"lower_bound":88350.64409722222,"upper_bound":88395.9177225471},"point_estimate":88369.1643939394,"standard_error":11.928744552043323},"MedianAbsDev":{"confidence_interval":{"confidence_level":0.95,"lower_bound":75.05200461886338,"upper_bound":157.50112630432887},"point_estimate":100.27016370312805,"standard_error":21.812590734520524},"Slope":{"confidence_interval":{"confidence_level":0.95,"lower_bound":89267.25243307122,"upper_bound":90258.97210227892},"point_estimate":89743.91834466283,"standard_error":253.14648689451375},"StdDev":{"confidence_interval":{"confidence_level":0.95,"lower_bound":1435.5548264956925,"upper_bound":1880.4483133188304},"point_estimate":1697.139558428559,"standard_error":114.31437952824568}}