{"Mean":{"confidence_interval":{"confidence_level":0.95,"lower_bound":122.23643931797133,"upper_bound":126.18099707524114},"point_estimate":124.12138507444647,"standard_error":1.0102755374054178},"Median":{"confidence_interval":{"confidence_level":0.95,"lower_bound":119.40588105773384,"upper_bound":119.5047937540205},"point_estimate":119.43284488019286,"standard_error":0.023082279030138047},"MedianAbsDev":{"confidence_interval":{"confidence_level":0.95,"lower_bound":0.10510352247136844,"upper_bound":0.24122128170367969},"point_estimate":0.15654946410941815,"standard_error":0.033699592839572498},"Slope":{"confidence_interval":{"confidence_level":0.95,"lower_bound":125.82701514979765,"upper_bound":132.95691526692489},"point_estimate":129.43500428402647,"standard_error":1.8221373770373247},"StdDev":{"confidence_interval":{"confidence_level":0.95,"lower_bound":8.015920234738444,"upper_bound":11.682941766909528},"point_estimate":10.179662281989879,"standard_error":0.9349857475841568}}