{"Mean":{"confidence_interval":{"confidence_level":0.95,"lower_bound":269555.3014812111,"upper_bound":270347.1702609634},"point_estimate":269937.67602572558,"standard_error":202.38934015124623},"Median":{"confidence_interval":{"confidence_level":0.95,"lower_bound":268769.8947368421,"upper_bound":269145.0961538461},"point_estimate":268908.53541666668,"standard_error":106.91980147919002},"MedianAbsDev":{"confidence_interval":{"confidence_level":0.95,"lower_bound":372.6804493836001,"upper_bound":878.4973403019117},"point_estimate":552.2596357787231,"standard_error":137.42067715867896},"Slope":{"confidence_interval":{"confidence_level":0.95,"lower_bound":270034.1516515767,"upper_bound":271402.9671457568},"point_estimate":270724.70551869369,"standard_error":350.3082878377126},"StdDev":{"confidence_interval":{"confidence_level":0.95,"lower_bound":1703.6936783802347,"upper_bound":2256.3982992046014},"point_estimate":2024.2429610712268,"standard_error":141.4783845852794}}