{"Mean":{"confidence_interval":{"confidence_level":0.95,"lower_bound":9520265.97725161,"upper_bound":9527665.549868076},"point_estimate":9523450.449127049,"standard_error":1908.9293036951918},"Median":{"confidence_interval":{"confidence_level":0.95,"lower_bound":9517560.65,"upper_bound":9518912.83181924},"point_estimate":9518244.245337995,"standard_error":308.3969401406622},"MedianAbsDev":{"confidence_interval":{"confidence_level":0.95,"lower_bound":2680.532260523082,"upper_bound":4726.2057520569619},"point_estimate":3692.773840475139,"standard_error":500.43981102372956},"Slope":{"confidence_interval":{"confidence_level":0.95,"lower_bound":9516975.356318778,"upper_bound":9517873.00039785},"point_estimate":9517405.166126792,"standard_error":228.66931911764375},"StdDev":{"confidence_interval":{"confidence_level":0.95,"lower_bound":7515.831709496548,"upper_bound":29694.966553933187},"point_estimate":19218.240811445667,"standard_error":6165.969759603844}}