{"Mean":{"confidence_interval":{"confidence_level":0.95,"lower_bound":3781209.3217293,"upper_bound":3948482.299473967},"point_estimate":3864283.323320642,"standard_error":42676.09973309268},"Median":{"confidence_interval":{"confidence_level":0.95,"lower_bound":3554182.684782609,"upper_bound":3943836.2795698929},"point_estimate":3644453.5270833338,"standard_error":101826.27813801469},"MedianAbsDev":{"confidence_interval":{"confidence_level":0.95,"lower_bound":119809.6121707587,"upper_bound":613073.7749631179},"point_estimate":260220.2727848262,"standard_error":126264.35455902043},"Slope":{"confidence_interval":{"confidence_level":0.95,"lower_bound":3814686.671661828,"upper_bound":4039751.0501573674},"point_estimate":3926347.0709236,"standard_error":57499.47072267622},"StdDev":{"confidence_interval":{"confidence_level":0.95,"lower_bound":379814.2472343552,"upper_bound":468647.22325319147},"point_estimate":428254.1970538619,"standard_error":22620.1278063869}}