{"Mean":{"confidence_interval":{"confidence_level":0.95,"lower_bound":30.60421812958778,"upper_bound":30.77431447879907},"point_estimate":30.683552259876188,"standard_error":0.04362520643200333},"Median":{"confidence_interval":{"confidence_level":0.95,"lower_bound":30.53508947686202,"upper_bound":30.554044993499067},"point_estimate":30.541540139898627,"standard_error":0.005050547624751815},"MedianAbsDev":{"confidence_interval":{"confidence_level":0.95,"lower_bound":0.035212703116135567,"upper_bound":0.07821086103439073},"point_estimate":0.058928038161962788,"standard_error":0.011164474174252},"Slope":{"confidence_interval":{"confidence_level":0.95,"lower_bound":30.520805048999994,"upper_bound":30.541511585554298},"point_estimate":30.530786726268546,"standard_error":0.0052829069435692279},"StdDev":{"confidence_interval":{"confidence_level":0.95,"lower_bound":0.30057056041817245,"upper_bound":0.5448681209479782},"point_estimate":0.4383933583611135,"standard_error":0.06330457530234232}}