{"Mean":{"confidence_interval":{"confidence_level":0.95,"lower_bound":70805251.92406029,"upper_bound":71886010.67103185},"point_estimate":71303594.54875092,"standard_error":277556.56889117058},"Median":{"confidence_interval":{"confidence_level":0.95,"lower_bound":70247930.5409652,"upper_bound":71062370.50358953},"point_estimate":70779146.60384617,"standard_error":226927.62272717746},"MedianAbsDev":{"confidence_interval":{"confidence_level":0.95,"lower_bound":1239041.0140910417,"upper_bound":1989463.7899884328},"point_estimate":1669990.1683919538,"standard_error":192567.41257177556},"Slope":{"confidence_interval":{"confidence_level":0.95,"lower_bound":70634304.23143375,"upper_bound":71094715.17589756},"point_estimate":70867554.09640904,"standard_error":117585.96744454376},"StdDev":{"confidence_interval":{"confidence_level":0.95,"lower_bound":1656884.9033548027,"upper_bound":3802058.668657211},"point_estimate":2793715.529036644,"standard_error":553547.5901099658}}