{"Mean":{"confidence_interval":{"confidence_level":0.95,"lower_bound":2515425.443493082,"upper_bound":2553237.6406278975},"point_estimate":2532199.3667872159,"standard_error":9720.692119949199},"Median":{"confidence_interval":{"confidence_level":0.95,"lower_bound":2502444.572017673,"upper_bound":2505841.7086748636},"point_estimate":2503477.3965721039,"standard_error":923.1042326665602},"MedianAbsDev":{"confidence_interval":{"confidence_level":0.95,"lower_bound":4333.03609307331,"upper_bound":11422.805346177876},"point_estimate":7618.387216198359,"standard_error":1791.5141968191538},"Slope":{"confidence_interval":{"confidence_level":0.95,"lower_bound":2503164.6062661206,"upper_bound":2542433.9054405216},"point_estimate":2516523.723540712,"standard_error":11257.681810188164},"StdDev":{"confidence_interval":{"confidence_level":0.95,"lower_bound":41200.898116457654,"upper_bound":137022.5017349672},"point_estimate":97546.50211587672,"standard_error":24012.48725934867}}