{"Mean":{"confidence_interval":{"confidence_level":0.95,"lower_bound":6780.76030093791,"upper_bound":6808.506550343631},"point_estimate":6792.247124565091,"standard_error":7.234139299144405},"Median":{"confidence_interval":{"confidence_level":0.95,"lower_bound":6774.695009854747,"upper_bound":6786.156223494487},"point_estimate":6778.459334652719,"standard_error":2.9053731854494098},"MedianAbsDev":{"confidence_interval":{"confidence_level":0.95,"lower_bound":16.879419185092936,"upper_bound":29.302452457037917},"point_estimate":23.67292354705549,"standard_error":3.0584617522975785},"Slope":{"confidence_interval":{"confidence_level":0.95,"lower_bound":6766.341148669604,"upper_bound":6832.543306771316},"point_estimate":6789.549741098754,"standard_error":18.69459231288215},"StdDev":{"confidence_interval":{"confidence_level":0.95,"lower_bound":26.140363801559617,"upper_bound":115.65859904475885},"point_estimate":72.72650798595474,"standard_error":27.098613614929798}}