{"Mean":{"confidence_interval":{"confidence_level":0.95,"lower_bound":153127.61746052418,"upper_bound":159174.09914206228},"point_estimate":156027.0900874827,"standard_error":1530.1632606989877},"Median":{"confidence_interval":{"confidence_level":0.95,"lower_bound":149072.47959183675,"upper_bound":149144.42348192348},"point_estimate":149097.12454212455,"standard_error":17.29577967833162},"MedianAbsDev":{"confidence_interval":{"confidence_level":0.95,"lower_bound":89.73291111102015,"upper_bound":196.44655949942755},"point_estimate":136.60511482540506,"standard_error":26.79694297396326},"Slope":{"confidence_interval":{"confidence_level":0.95,"lower_bound":160322.80407708238,"upper_bound":171710.09600678867},"point_estimate":166344.96312229517,"standard_error":2903.9527563214248},"StdDev":{"confidence_interval":{"confidence_level":0.95,"lower_bound":12054.80025683942,"upper_bound":17660.901076588998},"point_estimate":15373.92423811712,"standard_error":1434.424329119144}}