{"Mean":{"confidence_interval":{"confidence_level":0.95,"lower_bound":878.8338712680913,"upper_bound":914.3589718771478},"point_estimate":895.8111000513567,"standard_error":9.105625432665644},"Median":{"confidence_interval":{"confidence_level":0.95,"lower_bound":854.0608540501962,"upper_bound":854.5938569710427},"point_estimate":854.2820265011148,"standard_error":0.12717263405149935},"MedianAbsDev":{"confidence_interval":{"confidence_level":0.95,"lower_bound":0.40693825859143237,"upper_bound":1.1549959083660695},"point_estimate":0.6914420443438917,"standard_error":0.18117973672483268},"Slope":{"confidence_interval":{"confidence_level":0.95,"lower_bound":903.732144380626,"upper_bound":965.2563687753129},"point_estimate":934.1150252578789,"standard_error":15.697293899775078},"StdDev":{"confidence_interval":{"confidence_level":0.95,"lower_bound":73.05755713397555,"upper_bound":105.42026303841527},"point_estimate":91.64079949443935,"standard_error":8.390435385486306}}