{"Mean":{"confidence_interval":{"confidence_level":0.95,"lower_bound":318350.60394229038,"upper_bound":335324.3933767562},"point_estimate":326514.50502835868,"standard_error":4344.357987073757},"Median":{"confidence_interval":{"confidence_level":0.95,"lower_bound":302711.76868665547,"upper_bound":302854.75},"point_estimate":302756.16875,"standard_error":32.880193861674559},"MedianAbsDev":{"confidence_interval":{"confidence_level":0.95,"lower_bound":229.6079055242971,"upper_bound":519.0073830074445},"point_estimate":330.7725444952604,"standard_error":74.73351671816607},"Slope":{"confidence_interval":{"confidence_level":0.95,"lower_bound":319917.4334501677,"upper_bound":341325.4338859314},"point_estimate":329833.2979385252,"standard_error":5466.181668091707},"StdDev":{"confidence_interval":{"confidence_level":0.95,"lower_bound":37014.874237782664,"upper_bound":48507.73071245893},"point_estimate":43819.134473629645,"standard_error":2970.148923424657}}