{"Mean":{"confidence_interval":{"confidence_level":0.95,"lower_bound":5158.121336385754,"upper_bound":5173.110016177645},"point_estimate":5165.180913684555,"standard_error":3.832940200245249},"Median":{"confidence_interval":{"confidence_level":0.95,"lower_bound":5153.070634920635,"upper_bound":5167.700216450216},"point_estimate":5157.768132971156,"standard_error":3.9867229555944148},"MedianAbsDev":{"confidence_interval":{"confidence_level":0.95,"lower_bound":20.64979618689352,"upper_bound":32.70885963735409},"point_estimate":26.47396392692428,"standard_error":3.130732899665476},"Slope":{"confidence_interval":{"confidence_level":0.95,"lower_bound":5146.184021499648,"upper_bound":5157.356885676512},"point_estimate":5151.7230227575,"standard_error":2.839637963173939},"StdDev":{"confidence_interval":{"confidence_level":0.95,"lower_bound":26.40703047851943,"upper_bound":51.023929516708708},"point_estimate":38.39589084925976,"standard_error":6.497145278370614}}