{"Mean":{"confidence_interval":{"confidence_level":0.95,"lower_bound":61.84175113062932,"upper_bound":65.36829343309967},"point_estimate":63.55979650547312,"standard_error":0.9008767841245056},"Median":{"confidence_interval":{"confidence_level":0.95,"lower_bound":57.48744071595401,"upper_bound":57.51553330178885},"point_estimate":57.49753653192901,"standard_error":0.09029093903217925},"MedianAbsDev":{"confidence_interval":{"confidence_level":0.95,"lower_bound":0.030105442190264846,"upper_bound":0.08177300747729945},"point_estimate":0.04730172993169067,"standard_error":0.08251977301404784},"Slope":{"confidence_interval":{"confidence_level":0.95,"lower_bound":62.114418042963858,"upper_bound":67.12233730581208},"point_estimate":64.60486213490367,"standard_error":1.2779050711429574},"StdDev":{"confidence_interval":{"confidence_level":0.95,"lower_bound":8.11471555142661,"upper_bound":9.64319958181637},"point_estimate":9.066439088318777,"standard_error":0.39415589306557005}}