{"Mean":{"confidence_interval":{"confidence_level":0.95,"lower_bound":4493933.876978298,"upper_bound":4660786.609914193},"point_estimate":4576952.603468093,"standard_error":42550.43854500283},"Median":{"confidence_interval":{"confidence_level":0.95,"lower_bound":4236808.241803492,"upper_bound":4598958.789315449},"point_estimate":4278210.505555555,"standard_error":109538.97988925276},"MedianAbsDev":{"confidence_interval":{"confidence_level":0.95,"lower_bound":105962.21365981059,"upper_bound":575015.2637862456},"point_estimate":176359.85063199106,"standard_error":126860.31422992458},"Slope":{"confidence_interval":{"confidence_level":0.95,"lower_bound":4424694.907228476,"upper_bound":4636334.397034948},"point_estimate":4528099.953831831,"standard_error":54115.22449678867},"StdDev":{"confidence_interval":{"confidence_level":0.95,"lower_bound":399238.2801595214,"upper_bound":443304.42778407377},"point_estimate":427116.07536522639,"standard_error":11231.782689582758}}