{"Mean":{"confidence_interval":{"confidence_level":0.95,"lower_bound":6824440.440125072,"upper_bound":6903251.96927557},"point_estimate":6859667.834822216,"standard_error":20150.155564203567},"Median":{"confidence_interval":{"confidence_level":0.95,"lower_bound":6805856.983749055,"upper_bound":6875564.5},"point_estimate":6840402.8175633889,"standard_error":22966.125553759844},"MedianAbsDev":{"confidence_interval":{"confidence_level":0.95,"lower_bound":118756.52915955798,"upper_bound":189417.8234979029},"point_estimate":155193.69399757443,"standard_error":18739.06416237477},"Slope":{"confidence_interval":{"confidence_level":0.95,"lower_bound":6832410.48861836,"upper_bound":6880406.677337935},"point_estimate":6856592.143655977,"standard_error":12257.199399297795},"StdDev":{"confidence_interval":{"confidence_level":0.95,"lower_bound":117630.26008642127,"upper_bound":299719.3893860779},"point_estimate":202590.0296132999,"standard_error":56635.896234844055}}