{"Mean":{"confidence_interval":{"confidence_level":0.95,"lower_bound":2514219.213014449,"upper_bound":2532138.1299047546},"point_estimate":2522531.153605646,"standard_error":4603.326782060351},"Median":{"confidence_interval":{"confidence_level":0.95,"lower_bound":2501149.2050528789,"upper_bound":2508414.465909091},"point_estimate":2504348.5992647057,"standard_error":1635.2057163618368},"MedianAbsDev":{"confidence_interval":{"confidence_level":0.95,"lower_bound":6452.802735352764,"upper_bound":15317.678839052922},"point_estimate":10997.170810845739,"standard_error":2143.921643380404},"Slope":{"confidence_interval":{"confidence_level":0.95,"lower_bound":2508689.1340048324,"upper_bound":2521513.879022532},"point_estimate":2514838.010190631,"standard_error":3278.0710025453906},"StdDev":{"confidence_interval":{"confidence_level":0.95,"lower_bound":30251.618768776232,"upper_bound":61547.746932231836},"point_estimate":46294.57710737177,"standard_error":8100.152334520286}}