{"Mean":{"confidence_interval":{"confidence_level":0.95,"lower_bound":23831.415081006235,"upper_bound":23894.852763037237},"point_estimate":23861.47779517369,"standard_error":16.242361234401338},"Median":{"confidence_interval":{"confidence_level":0.95,"lower_bound":23788.464506172837,"upper_bound":23815.8936106088},"point_estimate":23797.42358803987,"standard_error":7.04524240285475},"MedianAbsDev":{"confidence_interval":{"confidence_level":0.95,"lower_bound":40.29153315565206,"upper_bound":82.76013893644269},"point_estimate":62.04640828358816,"standard_error":10.627283326737281},"Slope":{"confidence_interval":{"confidence_level":0.95,"lower_bound":23796.394502098196,"upper_bound":23880.00182075596},"point_estimate":23833.65263013082,"standard_error":21.52071883639099},"StdDev":{"confidence_interval":{"confidence_level":0.95,"lower_bound":119.1604723990685,"upper_bound":200.4440293662363},"point_estimate":164.13958445663293,"standard_error":20.801366058198796}}