{"Mean":{"confidence_interval":{"confidence_level":0.95,"lower_bound":4.2363784907040789,"upper_bound":4.346797292838799},"point_estimate":4.289845003283969,"standard_error":0.028185058507199016},"Median":{"confidence_interval":{"confidence_level":0.95,"lower_bound":4.14860747327688,"upper_bound":4.150664652004616},"point_estimate":4.1494075369480749,"standard_error":0.0006562896820061359},"MedianAbsDev":{"confidence_interval":{"confidence_level":0.95,"lower_bound":0.0025983998492415856,"upper_bound":0.0074078090613957339},"point_estimate":0.003931544138883884,"standard_error":0.001454384339322522},"Slope":{"confidence_interval":{"confidence_level":0.95,"lower_bound":4.2500169938549769,"upper_bound":4.437023605013771},"point_estimate":4.3443031097306969,"standard_error":0.04785065714896979},"StdDev":{"confidence_interval":{"confidence_level":0.95,"lower_bound":0.23243656823509968,"upper_bound":0.31815887762862246},"point_estimate":0.28332391308107299,"standard_error":0.021583933552330973}}