{"Mean":{"confidence_interval":{"confidence_level":0.95,"lower_bound":2684.0767185085417,"upper_bound":2699.7689380527615},"point_estimate":2690.5958816112445,"standard_error":4.07566083163691},"Median":{"confidence_interval":{"confidence_level":0.95,"lower_bound":2677.5837117117118,"upper_bound":2691.6144057971016},"point_estimate":2688.866837030464,"standard_error":4.6787608997484979},"MedianAbsDev":{"confidence_interval":{"confidence_level":0.95,"lower_bound":16.624705881536973,"upper_bound":35.22541887938554},"point_estimate":20.46001922678514,"standard_error":4.781370792122462},"Slope":{"confidence_interval":{"confidence_level":0.95,"lower_bound":2681.9164255935127,"upper_bound":2720.7433435957807},"point_estimate":2696.3649999507417,"standard_error":10.676277492498429},"StdDev":{"confidence_interval":{"confidence_level":0.95,"lower_bound":18.341654607891479,"upper_bound":64.9091429352774},"point_estimate":40.96237520633104,"standard_error":15.480276178161274}}