{"Mean":{"confidence_interval":{"confidence_level":0.95,"lower_bound":6862.472552819861,"upper_bound":6879.334649330578},"point_estimate":6870.485607153068,"standard_error":4.307263192498002},"Median":{"confidence_interval":{"confidence_level":0.95,"lower_bound":6854.767168528412,"upper_bound":6870.522132116677},"point_estimate":6861.1496264367819,"standard_error":4.356304818184193},"MedianAbsDev":{"confidence_interval":{"confidence_level":0.95,"lower_bound":24.23460422242948,"upper_bound":38.15033083749768},"point_estimate":30.78621888446944,"standard_error":3.40870853930371},"Slope":{"confidence_interval":{"confidence_level":0.95,"lower_bound":6844.66561959787,"upper_bound":6855.318404373624},"point_estimate":6849.870660334382,"standard_error":2.71953512561412},"StdDev":{"confidence_interval":{"confidence_level":0.95,"lower_bound":31.532413041091638,"upper_bound":54.431903245092048},"point_estimate":43.29809805561588,"standard_error":5.8871411385379279}}