{"Mean":{"confidence_interval":{"confidence_level":0.95,"lower_bound":24690.251714141905,"upper_bound":24761.551298815408},"point_estimate":24723.8361732394,"standard_error":18.26741261428521},"Median":{"confidence_interval":{"confidence_level":0.95,"lower_bound":24631.24565217391,"upper_bound":24667.2},"point_estimate":24641.582060063225,"standard_error":9.450471638333046},"MedianAbsDev":{"confidence_interval":{"confidence_level":0.95,"lower_bound":38.918688199428839,"upper_bound":81.12853428882392},"point_estimate":52.72124634169206,"standard_error":10.401577332435958},"Slope":{"confidence_interval":{"confidence_level":0.95,"lower_bound":24659.088975262068,"upper_bound":24738.14455333051},"point_estimate":24695.569411851633,"standard_error":20.211886983314974},"StdDev":{"confidence_interval":{"confidence_level":0.95,"lower_bound":135.51369939832123,"upper_bound":223.60321124738858},"point_estimate":182.78354977655705,"standard_error":22.468751602677988}}