{"Mean":{"confidence_interval":{"confidence_level":0.95,"lower_bound":197078.0521599301,"upper_bound":206475.760806307},"point_estimate":201720.91582892103,"standard_error":2396.819461884005},"Median":{"confidence_interval":{"confidence_level":0.95,"lower_bound":181174.0127314815,"upper_bound":218994.02373655916},"point_estimate":181904.66319444445,"standard_error":8934.409304913985},"MedianAbsDev":{"confidence_interval":{"confidence_level":0.95,"lower_bound":493.34716627356036,"upper_bound":26135.137304925447},"point_estimate":1621.2294221798368,"standard_error":6075.702698205819},"Slope":{"confidence_interval":{"confidence_level":0.95,"lower_bound":200355.48370243616,"upper_bound":213093.3999310252},"point_estimate":206815.4329235013,"standard_error":3249.1141064402},"StdDev":{"confidence_interval":{"confidence_level":0.95,"lower_bound":22736.02103216482,"upper_bound":24598.174216788062},"point_estimate":24058.211355242973,"standard_error":483.57389206009489}}