{"Mean":{"confidence_interval":{"confidence_level":0.95,"lower_bound":32.256984328885128,"upper_bound":32.956116147025117},"point_estimate":32.60408972396489,"standard_error":0.17793991367651239},"Median":{"confidence_interval":{"confidence_level":0.95,"lower_bound":31.431035940437057,"upper_bound":31.50287670778618},"point_estimate":31.454438760550404,"standard_error":0.02437429846334396},"MedianAbsDev":{"confidence_interval":{"confidence_level":0.95,"lower_bound":0.08002421866769524,"upper_bound":0.19368001981207159},"point_estimate":0.12025031916658544,"standard_error":0.032060923716065257},"Slope":{"confidence_interval":{"confidence_level":0.95,"lower_bound":32.66733628522904,"upper_bound":33.679952414455538},"point_estimate":33.16135579641791,"standard_error":0.2587891820691181},"StdDev":{"confidence_interval":{"confidence_level":0.95,"lower_bound":1.595433493653292,"upper_bound":1.9081816549347517},"point_estimate":1.7921069937014636,"standard_error":0.08013729536735076}}