{"Mean":{"confidence_interval":{"confidence_level":0.95,"lower_bound":455275.4515396861,"upper_bound":473654.96679031327},"point_estimate":464477.78969450687,"standard_error":4660.084110339243},"Median":{"confidence_interval":{"confidence_level":0.95,"lower_bound":421444.22012578617,"upper_bound":510142.05555555559},"point_estimate":423764.3390218156,"standard_error":36745.839181682866},"MedianAbsDev":{"confidence_interval":{"confidence_level":0.95,"lower_bound":3841.1839850299299,"upper_bound":70354.89703018949},"point_estimate":8148.89829531682,"standard_error":16166.467052424734},"Slope":{"confidence_interval":{"confidence_level":0.95,"lower_bound":426495.717922047,"upper_bound":435007.77977962858},"point_estimate":430140.88936604108,"standard_error":2180.7571010586286},"StdDev":{"confidence_interval":{"confidence_level":0.95,"lower_bound":45199.1267338889,"upper_bound":47386.4030290389},"point_estimate":46800.086709369316,"standard_error":547.0603975689363}}