{"Mean":{"confidence_interval":{"confidence_level":0.95,"lower_bound":159222.3839611342,"upper_bound":167077.21986313884},"point_estimate":163088.53271453607,"standard_error":2002.1365458895887},"Median":{"confidence_interval":{"confidence_level":0.95,"lower_bound":148419.34929187195,"upper_bound":149292.7857142857},"point_estimate":148552.8777777778,"standard_error":898.3785314192444},"MedianAbsDev":{"confidence_interval":{"confidence_level":0.95,"lower_bound":184.65502348640113,"upper_bound":1484.7597762718086},"point_estimate":402.07933449047598,"standard_error":714.9296859876782},"Slope":{"confidence_interval":{"confidence_level":0.95,"lower_bound":163528.65990047696,"upper_bound":174599.9242730059},"point_estimate":169044.132036564,"standard_error":2823.3537579944838},"StdDev":{"confidence_interval":{"confidence_level":0.95,"lower_bound":18386.868093358484,"upper_bound":21086.194386965468},"point_estimate":20137.586244631133,"standard_error":705.1714853962902}}