{"Mean":{"confidence_interval":{"confidence_level":0.95,"lower_bound":0.23501263702969614,"upper_bound":0.2655726923706312},"point_estimate":0.25118302783306825,"standard_error":0.007858931060061898},"Median":{"confidence_interval":{"confidence_level":0.95,"lower_bound":0.21419608354125864,"upper_bound":0.22785619051488349},"point_estimate":0.2213872419629701,"standard_error":0.003344724888333122}}