{"Mean":{"confidence_interval":{"confidence_level":0.95,"lower_bound":335630.819472389,"upper_bound":355748.13402034356},"point_estimate":345564.8723121722,"standard_error":5139.202513057887},"Median":{"confidence_interval":{"confidence_level":0.95,"lower_bound":308824.5987787356,"upper_bound":309994.48412698417},"point_estimate":309233.7936507936,"standard_error":3323.458860441365},"MedianAbsDev":{"confidence_interval":{"confidence_level":0.95,"lower_bound":6120.081022091941,"upper_bound":8041.525907179565},"point_estimate":6789.275976993995,"standard_error":2514.5271082548708},"Slope":{"confidence_interval":{"confidence_level":0.95,"lower_bound":334811.6183899758,"upper_bound":362204.1290596861},"point_estimate":348146.5266942515,"standard_error":7021.184400566672},"StdDev":{"confidence_interval":{"confidence_level":0.95,"lower_bound":47391.55147959556,"upper_bound":53872.221132722865},"point_estimate":51633.786030051575,"standard_error":1687.278206316471}}