{"Mean":{"confidence_interval":{"confidence_level":0.95,"lower_bound":0.024603096137103376,"upper_bound":0.04957211530224109},"point_estimate":0.03692963110769032,"standard_error":0.0067292440999891498},"Median":{"confidence_interval":{"confidence_level":0.95,"lower_bound":0.007918505341717453,"upper_bound":0.009876797925580938},"point_estimate":0.008996452179014236,"standard_error":0.0005131174859843111}}