{"Mean":{"confidence_interval":{"confidence_level":0.95,"lower_bound":334912950.3731384,"upper_bound":335177062.48685547},"point_estimate":335038370.4131132,"standard_error":67507.6423568667},"Median":{"confidence_interval":{"confidence_level":0.95,"lower_bound":334673025.15411767,"upper_bound":334906669.60714289},"point_estimate":334865144.9176867,"standard_error":59700.367412030835},"MedianAbsDev":{"confidence_interval":{"confidence_level":0.95,"lower_bound":196555.16109249395,"upper_bound":443947.5888500023},"point_estimate":362668.9927272038,"standard_error":60753.19441784502},"Slope":{"confidence_interval":{"confidence_level":0.95,"lower_bound":334663940.2384468,"upper_bound":334743811.11483576},"point_estimate":334701297.09273537,"standard_error":20467.243972408203},"StdDev":{"confidence_interval":{"confidence_level":0.95,"lower_bound":496938.7930533933,"upper_bound":834367.6745171542},"point_estimate":679296.8025009591,"standard_error":86488.99718864463}}