{"Mean":{"confidence_interval":{"confidence_level":0.95,"lower_bound":2189784.9781372949,"upper_bound":2194973.126451125},"point_estimate":2191958.4262462819,"standard_error":1345.7748506569029},"Median":{"confidence_interval":{"confidence_level":0.95,"lower_bound":2188941.8257575759,"upper_bound":2191612.975},"point_estimate":2189821.0951402324,"standard_error":743.412177112842},"MedianAbsDev":{"confidence_interval":{"confidence_level":0.95,"lower_bound":3367.8736678634429,"upper_bound":5078.616265698571},"point_estimate":4119.172430968391,"standard_error":442.6739018901332},"Slope":{"confidence_interval":{"confidence_level":0.95,"lower_bound":2189091.870300808,"upper_bound":2195514.5613333976},"point_estimate":2191715.4820127089,"standard_error":1686.1340310947263},"StdDev":{"confidence_interval":{"confidence_level":0.95,"lower_bound":3527.6481083034539,"upper_bound":21048.279267742684},"point_estimate":13536.573200451705,"standard_error":4734.809872286727}}