{"Mean":{"confidence_interval":{"confidence_level":0.95,"lower_bound":23690385.866028474,"upper_bound":23800646.182398607},"point_estimate":23742932.725758107,"standard_error":28165.884156026594},"Median":{"confidence_interval":{"confidence_level":0.95,"lower_bound":23642593.73169192,"upper_bound":23729550.0},"point_estimate":23674261.07031943,"standard_error":24967.905214665057},"MedianAbsDev":{"confidence_interval":{"confidence_level":0.95,"lower_bound":118382.77781899231,"upper_bound":196498.78659275259},"point_estimate":153694.69745779935,"standard_error":20934.402018382527},"Slope":{"confidence_interval":{"confidence_level":0.95,"lower_bound":23658318.853233685,"upper_bound":23727755.438606658},"point_estimate":23690078.60719669,"standard_error":17779.50671200384},"StdDev":{"confidence_interval":{"confidence_level":0.95,"lower_bound":205225.17328323576,"upper_bound":352540.1851813823},"point_estimate":282066.8044393522,"standard_error":37651.25011322376}}