{"Mean":{"confidence_interval":{"confidence_level":0.95,"lower_bound":2045.7057783152837,"upper_bound":2051.590780845581},"point_estimate":2048.5892646780096,"standard_error":1.498157877602283},"Median":{"confidence_interval":{"confidence_level":0.95,"lower_bound":2044.7506245614036,"upper_bound":2050.289318377912},"point_estimate":2047.3414172813489,"standard_error":1.2890154873934996},"MedianAbsDev":{"confidence_interval":{"confidence_level":0.95,"lower_bound":9.520569455098839,"upper_bound":17.296676461379169},"point_estimate":14.60883785643064,"standard_error":2.023122273290715},"Slope":{"confidence_interval":{"confidence_level":0.95,"lower_bound":2043.3426357619169,"upper_bound":2049.3415858287119},"point_estimate":2046.3609473839766,"standard_error":1.534907365596388},"StdDev":{"confidence_interval":{"confidence_level":0.95,"lower_bound":12.131907246857099,"upper_bound":18.226374344191759},"point_estimate":15.017502300546337,"standard_error":1.5934518861769585}}