{"Mean":{"confidence_interval":{"confidence_level":0.95,"lower_bound":116.99280864287026,"upper_bound":122.01646702330722},"point_estimate":119.39229979137646,"standard_error":1.2822610547631178},"Median":{"confidence_interval":{"confidence_level":0.95,"lower_bound":111.90301024474641,"upper_bound":112.01698404911623},"point_estimate":111.95039067455383,"standard_error":0.028266268236652436},"MedianAbsDev":{"confidence_interval":{"confidence_level":0.95,"lower_bound":0.10735877225179304,"upper_bound":0.28375663079002158},"point_estimate":0.16856134493249665,"standard_error":0.04411022617424634},"Slope":{"confidence_interval":{"confidence_level":0.95,"lower_bound":117.65797093683494,"upper_bound":124.15813931725086},"point_estimate":120.69459872325594,"standard_error":1.662981140568022},"StdDev":{"confidence_interval":{"confidence_level":0.95,"lower_bound":11.144185572808962,"upper_bound":14.050796793280539},"point_estimate":12.869458307435304,"standard_error":0.7588026676582276}}