{"Mean":{"confidence_interval":{"confidence_level":0.95,"lower_bound":204.3223094390549,"upper_bound":215.3888561947269},"point_estimate":209.86253985664187,"standard_error":2.8214541605624396},"Median":{"confidence_interval":{"confidence_level":0.95,"lower_bound":178.71705410043945,"upper_bound":235.75398859427896},"point_estimate":235.72084002108665,"standard_error":19.807484595029839},"MedianAbsDev":{"confidence_interval":{"confidence_level":0.95,"lower_bound":0.21287187822378626,"upper_bound":40.000506295585989},"point_estimate":2.539715621919127,"standard_error":10.131658737290963},"Slope":{"confidence_interval":{"confidence_level":0.95,"lower_bound":195.79482130835138,"upper_bound":210.55357675452576},"point_estimate":203.21729502676494,"standard_error":3.7670294327585629},"StdDev":{"confidence_interval":{"confidence_level":0.95,"lower_bound":27.336913775727678,"upper_bound":28.80445691300595},"point_estimate":28.450340720555347,"standard_error":0.3767756885177826}}