{"Mean":{"confidence_interval":{"confidence_level":0.95,"lower_bound":326685.71469702696,"upper_bound":333614.76660292685},"point_estimate":330089.7981546232,"standard_error":1773.625742861101},"Median":{"confidence_interval":{"confidence_level":0.95,"lower_bound":326278.9205882353,"upper_bound":329085.10555555557},"point_estimate":326823.8611688312,"standard_error":1039.9177042826933},"MedianAbsDev":{"confidence_interval":{"confidence_level":0.95,"lower_bound":17235.760633868937,"upper_bound":25990.784996719878},"point_estimate":21803.310919322976,"standard_error":2102.1052724563826},"Slope":{"confidence_interval":{"confidence_level":0.95,"lower_bound":334445.51049689148,"upper_bound":341598.84451740697},"point_estimate":337787.8391162997,"standard_error":1829.3571586813462},"StdDev":{"confidence_interval":{"confidence_level":0.95,"lower_bound":15552.435197175171,"upper_bound":19844.544089979478},"point_estimate":17822.970199605814,"standard_error":1095.304765107997}}