{"Mean":{"confidence_interval":{"confidence_level":0.95,"lower_bound":25530.890324959182,"upper_bound":25899.683038473588},"point_estimate":25711.257342146942,"standard_error":94.18375519949457},"Median":{"confidence_interval":{"confidence_level":0.95,"lower_bound":25224.604057722245,"upper_bound":25393.279764599367},"point_estimate":25297.00171191,"standard_error":48.5775515239973},"MedianAbsDev":{"confidence_interval":{"confidence_level":0.95,"lower_bound":336.4434782162228,"upper_bound":620.148271236421},"point_estimate":432.29081698112307,"standard_error":72.19509817335954},"Slope":{"confidence_interval":{"confidence_level":0.95,"lower_bound":25082.19520222083,"upper_bound":25198.081873729087},"point_estimate":25136.50144355115,"standard_error":29.57357493056824},"StdDev":{"confidence_interval":{"confidence_level":0.95,"lower_bound":823.9857468544581,"upper_bound":1031.9624785437414},"point_estimate":945.9376345792697,"standard_error":53.216529964963758}}