{"Mean":{"confidence_interval":{"confidence_level":0.95,"lower_bound":279.98347346188498,"upper_bound":294.6047813499642},"point_estimate":287.1013947863987,"standard_error":3.735212078530063},"Median":{"confidence_interval":{"confidence_level":0.95,"lower_bound":266.9434668052767,"upper_bound":267.2762631126138},"point_estimate":267.05554167178777,"standard_error":0.07852525235093573},"MedianAbsDev":{"confidence_interval":{"confidence_level":0.95,"lower_bound":0.28570055266453578,"upper_bound":0.7538376644558963},"point_estimate":0.4819636523812474,"standard_error":0.12158510431532388},"Slope":{"confidence_interval":{"confidence_level":0.95,"lower_bound":295.4496502414639,"upper_bound":319.2842549474593},"point_estimate":307.7158976178234,"standard_error":6.084739111967175},"StdDev":{"confidence_interval":{"confidence_level":0.95,"lower_bound":31.394880732353287,"upper_bound":41.744810194394819},"point_estimate":37.53515167834754,"standard_error":2.6473844388314595}}