{"Mean":{"confidence_interval":{"confidence_level":0.95,"lower_bound":10.10479487266346,"upper_bound":10.111641796784028},"point_estimate":10.10797252618948,"standard_error":0.0017518530109948622},"Median":{"confidence_interval":{"confidence_level":0.95,"lower_bound":10.099515666268612,"upper_bound":10.101497376282336},"point_estimate":10.100141956992469,"standard_error":0.0005320275859426356},"MedianAbsDev":{"confidence_interval":{"confidence_level":0.95,"lower_bound":0.0019619594043801624,"upper_bound":0.005271005833522481},"point_estimate":0.002895498277429522,"standard_error":0.0008563470970167788},"Slope":{"confidence_interval":{"confidence_level":0.95,"lower_bound":10.09914218136114,"upper_bound":10.100052041635415},"point_estimate":10.099535490676935,"standard_error":0.00023274310110489937},"StdDev":{"confidence_interval":{"confidence_level":0.95,"lower_bound":0.011310674660437463,"upper_bound":0.02314122546566635},"point_estimate":0.01761820476907732,"standard_error":0.0030405018399341698}}