{"Mean":{"confidence_interval":{"confidence_level":0.95,"lower_bound":40047.97060542696,"upper_bound":40150.091953099545},"point_estimate":40094.312714693646,"standard_error":26.23445976412223},"Median":{"confidence_interval":{"confidence_level":0.95,"lower_bound":39991.922624174564,"upper_bound":40042.75062835278},"point_estimate":40023.710942028985,"standard_error":12.152841419051028},"MedianAbsDev":{"confidence_interval":{"confidence_level":0.95,"lower_bound":75.56639042587793,"upper_bound":127.59014591577938},"point_estimate":101.01972426724579,"standard_error":13.32419445690155},"Slope":{"confidence_interval":{"confidence_level":0.95,"lower_bound":39970.19815073531,"upper_bound":39998.82684959871},"point_estimate":39983.75162470043,"standard_error":7.294911128770412},"StdDev":{"confidence_interval":{"confidence_level":0.95,"lower_bound":155.1250602043022,"upper_bound":375.1290405379534},"point_estimate":263.58029952162226,"standard_error":61.327296722154489}}