{"Mean":{"confidence_interval":{"confidence_level":0.95,"lower_bound":-0.04949501088669983,"upper_bound":0.004372298399471759},"point_estimate":-0.022844236413607667,"standard_error":0.013772976232328562},"Median":{"confidence_interval":{"confidence_level":0.95,"lower_bound":0.005264167363310701,"upper_bound":0.006663154962061046},"point_estimate":0.006094929801078619,"standard_error":0.00034450774372299375}}