{"Mean":{"confidence_interval":{"confidence_level":0.95,"lower_bound":0.6911739935187639,"upper_bound":0.7195301292041313},"point_estimate":0.7041381876046,"standard_error":0.007169018687281776},"Median":{"confidence_interval":{"confidence_level":0.95,"lower_bound":0.6675948340654734,"upper_bound":0.6922991006574506},"point_estimate":0.6879319232995951,"standard_error":0.005368965159344044}}