{"Mean":{"confidence_interval":{"confidence_level":0.95,"lower_bound":873.6910676894214,"upper_bound":874.4497949707514},"point_estimate":874.0450937436555,"standard_error":0.19366739215252097},"Median":{"confidence_interval":{"confidence_level":0.95,"lower_bound":873.2415915223942,"upper_bound":873.6990396573285},"point_estimate":873.4860368336642,"standard_error":0.1265121970643022},"MedianAbsDev":{"confidence_interval":{"confidence_level":0.95,"lower_bound":0.6982839738641929,"upper_bound":1.238448734586315},"point_estimate":0.9857526691928271,"standard_error":0.13950367755859628},"Slope":{"confidence_interval":{"confidence_level":0.95,"lower_bound":873.071245236701,"upper_bound":873.3495068635764},"point_estimate":873.2029890248172,"standard_error":0.07113400837839122},"StdDev":{"confidence_interval":{"confidence_level":0.95,"lower_bound":1.2952559750667428,"upper_bound":2.4702750907746706},"point_estimate":1.9403445559153803,"standard_error":0.2991211072173584}}