{"Mean":{"confidence_interval":{"confidence_level":0.95,"lower_bound":5765133.272521171,"upper_bound":5874778.4214830989},"point_estimate":5815594.342796534,"standard_error":28090.60105573016},"Median":{"confidence_interval":{"confidence_level":0.95,"lower_bound":5698970.200992556,"upper_bound":5838047.413793104},"point_estimate":5776131.393671514,"standard_error":35361.66738981318},"MedianAbsDev":{"confidence_interval":{"confidence_level":0.95,"lower_bound":175279.8144908978,"upper_bound":278151.07876361437},"point_estimate":244498.7399830294,"standard_error":27021.822324757468},"Slope":{"confidence_interval":{"confidence_level":0.95,"lower_bound":5755083.948762962,"upper_bound":5845988.731276304},"point_estimate":5799740.72540269,"standard_error":23178.97596530177},"StdDev":{"confidence_interval":{"confidence_level":0.95,"lower_bound":185930.5059212535,"upper_bound":391059.60707788486},"point_estimate":282344.4837350882,"standard_error":57297.75252270096}}