{"Mean":{"confidence_interval":{"confidence_level":0.95,"lower_bound":23985617.891105299,"upper_bound":24079093.435318445},"point_estimate":24030890.21004116,"standard_error":23883.012352532136},"Median":{"confidence_interval":{"confidence_level":0.95,"lower_bound":23950569.04862579,"upper_bound":23988935.906196946},"point_estimate":23967385.39512195,"standard_error":10886.148842163133},"MedianAbsDev":{"confidence_interval":{"confidence_level":0.95,"lower_bound":74700.27458630594,"upper_bound":147400.68900187748},"point_estimate":106801.19920784483,"standard_error":18402.794022992977},"Slope":{"confidence_interval":{"confidence_level":0.95,"lower_bound":23960973.08019931,"upper_bound":24060251.9692623},"point_estimate":24004929.46857396,"standard_error":25426.155704208526},"StdDev":{"confidence_interval":{"confidence_level":0.95,"lower_bound":178874.30065064386,"upper_bound":290414.38110105649},"point_estimate":238862.2179024194,"standard_error":28481.832508029835}}