{"Mean":{"confidence_interval":{"confidence_level":0.95,"lower_bound":82073.81765628532,"upper_bound":82128.2367197871},"point_estimate":82099.68793726046,"standard_error":13.884349607640563},"Median":{"confidence_interval":{"confidence_level":0.95,"lower_bound":82028.56962025317,"upper_bound":82068.48066239317},"point_estimate":82046.17230616983,"standard_error":9.960129311395912},"MedianAbsDev":{"confidence_interval":{"confidence_level":0.95,"lower_bound":35.8954277033736,"upper_bound":77.7383416286972},"point_estimate":55.16703997924631,"standard_error":10.658212716247724},"Slope":{"confidence_interval":{"confidence_level":0.95,"lower_bound":82019.88830885607,"upper_bound":82031.54991770318},"point_estimate":82025.23378840754,"standard_error":2.972795109521291},"StdDev":{"confidence_interval":{"confidence_level":0.95,"lower_bound":101.59577435244342,"upper_bound":169.60367698297774},"point_estimate":139.3692625448476,"standard_error":17.365183293235199}}