{"Mean":{"confidence_interval":{"confidence_level":0.95,"lower_bound":883.1821016210078,"upper_bound":919.2524289202517},"point_estimate":900.405468456023,"standard_error":9.232749167567974},"Median":{"confidence_interval":{"confidence_level":0.95,"lower_bound":856.2106709912463,"upper_bound":857.0704222673969},"point_estimate":856.4950052253726,"standard_error":0.22747729988757243},"MedianAbsDev":{"confidence_interval":{"confidence_level":0.95,"lower_bound":0.6592842338768664,"upper_bound":1.8943089911061133},"point_estimate":1.0475904923055904,"standard_error":0.3160626708622343},"Slope":{"confidence_interval":{"confidence_level":0.95,"lower_bound":918.8579095507085,"upper_bound":984.1338010899655},"point_estimate":952.4435629632804,"standard_error":16.66169110012362},"StdDev":{"confidence_interval":{"confidence_level":0.95,"lower_bound":74.56007752509103,"upper_bound":105.90581229100356},"point_estimate":92.56739713803505,"standard_error":8.022009837727597}}