{"Mean":{"confidence_interval":{"confidence_level":0.95,"lower_bound":1927344.560731382,"upper_bound":1963872.6233005843},"point_estimate":1945194.431004159,"standard_error":9337.826033045385},"Median":{"confidence_interval":{"confidence_level":0.95,"lower_bound":1882007.9210526318,"upper_bound":1907777.7530864198},"point_estimate":1893547.5001851167,"standard_error":6566.372383013479},"MedianAbsDev":{"confidence_interval":{"confidence_level":0.95,"lower_bound":9828.641119624075,"upper_bound":44381.59431622758},"point_estimate":24408.42170411786,"standard_error":8806.581335635352},"Slope":{"confidence_interval":{"confidence_level":0.95,"lower_bound":1950949.7532552246,"upper_bound":2001902.5438567566},"point_estimate":1975902.4783183095,"standard_error":13033.892093571381},"StdDev":{"confidence_interval":{"confidence_level":0.95,"lower_bound":80834.20092628853,"upper_bound":102524.02799733629},"point_estimate":93588.55631724645,"standard_error":5550.589081422855}}