{"Mean":{"confidence_interval":{"confidence_level":0.95,"lower_bound":0.29955656418848167,"upper_bound":0.3268160620591074},"point_estimate":0.3118216673190075,"standard_error":0.006929236422246988},"Median":{"confidence_interval":{"confidence_level":0.95,"lower_bound":0.29258802061337488,"upper_bound":0.3246623849843584},"point_estimate":0.3106865527097966,"standard_error":0.007952266617500148}}