{"Mean":{"confidence_interval":{"confidence_level":0.95,"lower_bound":0.05496913865735262,"upper_bound":0.07381699466474055},"point_estimate":0.06384358087727682,"standard_error":0.005012818305821308},"Median":{"confidence_interval":{"confidence_level":0.95,"lower_bound":0.025933990966645394,"upper_bound":0.12037345090837604},"point_estimate":0.029620349520697477,"standard_error":0.02689099496569971}}