{"Mean":{"confidence_interval":{"confidence_level":0.95,"lower_bound":0.03469966241937262,"upper_bound":0.07015470721817936},"point_estimate":0.05044454629386519,"standard_error":0.00938393467460148},"Median":{"confidence_interval":{"confidence_level":0.95,"lower_bound":0.011211012262824914,"upper_bound":0.015661038403410156},"point_estimate":0.013473655551188957,"standard_error":0.0010884395205685578}}