{"Mean":{"confidence_interval":{"confidence_level":0.95,"lower_bound":1381398.7605160936,"upper_bound":1416806.0459727983},"point_estimate":1396343.2472885196,"standard_error":9196.804687687812},"Median":{"confidence_interval":{"confidence_level":0.95,"lower_bound":1367608.1193181817,"upper_bound":1380268.554648526},"point_estimate":1369338.5833333336,"standard_error":4295.591560996368},"MedianAbsDev":{"confidence_interval":{"confidence_level":0.95,"lower_bound":2503.9771412296415,"upper_bound":20047.995132354066},"point_estimate":6476.232787389718,"standard_error":5760.21052327853},"Slope":{"confidence_interval":{"confidence_level":0.95,"lower_bound":1385979.0840715932,"upper_bound":1404133.2161707185},"point_estimate":1395010.4186079505,"standard_error":4647.19953443509},"StdDev":{"confidence_interval":{"confidence_level":0.95,"lower_bound":23196.625930981743,"upper_bound":144242.06683449634},"point_estimate":92484.39975060517,"standard_error":32474.491352596546}}