{"Mean":{"confidence_interval":{"confidence_level":0.95,"lower_bound":1122.5060921664806,"upper_bound":1125.1482180763617},"point_estimate":1123.754341704861,"standard_error":0.6735203982126419},"Median":{"confidence_interval":{"confidence_level":0.95,"lower_bound":1120.7901606236495,"upper_bound":1122.3124507583899},"point_estimate":1121.4738922069847,"standard_error":0.3627427216014702},"MedianAbsDev":{"confidence_interval":{"confidence_level":0.95,"lower_bound":2.0877162104733117,"upper_bound":3.8910406816173235},"point_estimate":2.5850227228890469,"standard_error":0.46672807825348708},"Slope":{"confidence_interval":{"confidence_level":0.95,"lower_bound":1120.7414039969816,"upper_bound":1122.7806990834018},"point_estimate":1121.6609760161803,"standard_error":0.5237522813506379},"StdDev":{"confidence_interval":{"confidence_level":0.95,"lower_bound":4.859494282830347,"upper_bound":8.460536129986853},"point_estimate":6.788475777680991,"standard_error":0.918229437055085}}