{"Mean":{"confidence_interval":{"confidence_level":0.95,"lower_bound":6405681.925813636,"upper_bound":6497540.874660934},"point_estimate":6451700.898922342,"standard_error":23474.612624620153},"Median":{"confidence_interval":{"confidence_level":0.95,"lower_bound":6407402.519480519,"upper_bound":6565379.194444444},"point_estimate":6459375.698025552,"standard_error":48971.879922368506},"MedianAbsDev":{"confidence_interval":{"confidence_level":0.95,"lower_bound":190701.52333853657,"upper_bound":323936.15470283039},"point_estimate":266434.4236425598,"standard_error":36299.79756682146},"Slope":{"confidence_interval":{"confidence_level":0.95,"lower_bound":6427714.514397466,"upper_bound":6548015.167746779},"point_estimate":6487442.13402985,"standard_error":30620.186546149584},"StdDev":{"confidence_interval":{"confidence_level":0.95,"lower_bound":210187.18687051969,"upper_bound":259669.19027777553},"point_estimate":236701.41469355473,"standard_error":12564.562533754663}}