{"Mean":{"confidence_interval":{"confidence_level":0.95,"lower_bound":367690.77072579498,"upper_bound":368002.97440876477},"point_estimate":367844.72293486309,"standard_error":80.04872605499623},"Median":{"confidence_interval":{"confidence_level":0.95,"lower_bound":367318.1702842377,"upper_bound":368062.7572031344},"point_estimate":367636.5520833334,"standard_error":209.95482247017282},"MedianAbsDev":{"confidence_interval":{"confidence_level":0.95,"lower_bound":529.8673475110516,"upper_bound":1090.3574154843414},"point_estimate":938.6263315550139,"standard_error":168.5601762482797},"Slope":{"confidence_interval":{"confidence_level":0.95,"lower_bound":367415.8798076041,"upper_bound":367729.5298041184},"point_estimate":367568.17068912865,"standard_error":80.02566459318675},"StdDev":{"confidence_interval":{"confidence_level":0.95,"lower_bound":703.7496610663155,"upper_bound":898.9167510419072},"point_estimate":803.5169785694726,"standard_error":49.9126977619855}}