{"Mean":{"confidence_interval":{"confidence_level":0.95,"lower_bound":159458.79875181966,"upper_bound":159969.21829886686},"point_estimate":159701.0796841106,"standard_error":130.67580920832766},"Median":{"confidence_interval":{"confidence_level":0.95,"lower_bound":159093.1472303207,"upper_bound":159434.08939312568},"point_estimate":159322.54365079368,"standard_error":99.90379405202218},"MedianAbsDev":{"confidence_interval":{"confidence_level":0.95,"lower_bound":353.0543717347608,"upper_bound":632.6619486412944},"point_estimate":483.0800588256155,"standard_error":76.15672912334311},"Slope":{"confidence_interval":{"confidence_level":0.95,"lower_bound":159723.36427196078,"upper_bound":160712.9847310231},"point_estimate":160212.36231966056,"standard_error":252.65113395392616},"StdDev":{"confidence_interval":{"confidence_level":0.95,"lower_bound":988.793830684775,"upper_bound":1567.1609946531478},"point_estimate":1318.3890494057014,"standard_error":146.76951959233217}}