{"Mean":{"confidence_interval":{"confidence_level":0.95,"lower_bound":15.499028404757079,"upper_bound":15.967701052400875},"point_estimate":15.715101385276804,"standard_error":0.12029390546947151},"Median":{"confidence_interval":{"confidence_level":0.95,"lower_bound":15.320846214004826,"upper_bound":15.328913378323696},"point_estimate":15.322976387232732,"standard_error":0.0024112063892588939},"MedianAbsDev":{"confidence_interval":{"confidence_level":0.95,"lower_bound":0.01186095703106898,"upper_bound":0.024388856635716755},"point_estimate":0.017067636554276637,"standard_error":0.003316060880859166},"Slope":{"confidence_interval":{"confidence_level":0.95,"lower_bound":15.402503795214202,"upper_bound":16.01106704750945},"point_estimate":15.660864387422706,"standard_error":0.1583464721213489},"StdDev":{"confidence_interval":{"confidence_level":0.95,"lower_bound":0.7905436649049603,"upper_bound":1.526660183833264},"point_estimate":1.2072018606541482,"standard_error":0.18864054433120737}}