{"Mean":{"confidence_interval":{"confidence_level":0.95,"lower_bound":0.037272231456802949,"upper_bound":0.06991142802654099},"point_estimate":0.0533424267911633,"standard_error":0.008552847389474358},"Median":{"confidence_interval":{"confidence_level":0.95,"lower_bound":-0.0009883879973306975,"upper_bound":0.0012518634637936899},"point_estimate":0.00013770288119530072,"standard_error":0.0005903682284624671}}