{"Mean":{"confidence_interval":{"confidence_level":0.95,"lower_bound":1615381.7230887018,"upper_bound":1634179.2203931004},"point_estimate":1623870.794774657,"standard_error":4836.923402648632},"Median":{"confidence_interval":{"confidence_level":0.95,"lower_bound":1606555.8834610473,"upper_bound":1609961.34375},"point_estimate":1607634.6397224307,"standard_error":760.8457593670564},"MedianAbsDev":{"confidence_interval":{"confidence_level":0.95,"lower_bound":3520.577759113666,"upper_bound":7998.042747201267},"point_estimate":5125.186175409531,"standard_error":1049.3460893391426},"Slope":{"confidence_interval":{"confidence_level":0.95,"lower_bound":1608742.900869262,"upper_bound":1630521.7727109274},"point_estimate":1618273.8722654058,"standard_error":5606.35040654491},"StdDev":{"confidence_interval":{"confidence_level":0.95,"lower_bound":24523.506559979953,"upper_bound":68222.7243779815},"point_estimate":48782.24521760711,"standard_error":11172.15796183454}}