{"Mean":{"confidence_interval":{"confidence_level":0.95,"lower_bound":16.004694715631304,"upper_bound":16.01504993393721},"point_estimate":16.00959343810772,"standard_error":0.0026434998612696618},"Median":{"confidence_interval":{"confidence_level":0.95,"lower_bound":15.997100824016079,"upper_bound":16.00412917945537},"point_estimate":16.001208977726909,"standard_error":0.0016055248429229232},"MedianAbsDev":{"confidence_interval":{"confidence_level":0.95,"lower_bound":0.009186921092694922,"upper_bound":0.01721814842340778},"point_estimate":0.013026876879400093,"standard_error":0.0019955218357661037},"Slope":{"confidence_interval":{"confidence_level":0.95,"lower_bound":15.99415702774576,"upper_bound":15.998371954903155},"point_estimate":15.99613881040626,"standard_error":0.0010770202338004072},"StdDev":{"confidence_interval":{"confidence_level":0.95,"lower_bound":0.01908994105426408,"upper_bound":0.03294083621552646},"point_estimate":0.026598372818775797,"standard_error":0.0035410977147795595}}