{"Mean":{"confidence_interval":{"confidence_level":0.95,"lower_bound":371571.2055921771,"upper_bound":374381.03727152469},"point_estimate":372913.63436005459,"standard_error":718.936571012854},"Median":{"confidence_interval":{"confidence_level":0.95,"lower_bound":369224.5,"upper_bound":369645.5201848708},"point_estimate":369490.00841750847,"standard_error":116.42731321037695},"MedianAbsDev":{"confidence_interval":{"confidence_level":0.95,"lower_bound":537.7978401425926,"upper_bound":1138.9574057989756},"point_estimate":821.9876578909908,"standard_error":149.70603881354342},"Slope":{"confidence_interval":{"confidence_level":0.95,"lower_bound":373665.3326348845,"upper_bound":378411.97325408327},"point_estimate":376020.44014383529,"standard_error":1210.1774802399337},"StdDev":{"confidence_interval":{"confidence_level":0.95,"lower_bound":5922.693464521841,"upper_bound":8205.159372430646},"point_estimate":7234.197589856128,"standard_error":583.9617758454612}}