{"Mean":{"confidence_interval":{"confidence_level":0.95,"lower_bound":5339799.663037938,"upper_bound":5516947.980202372},"point_estimate":5424247.518813436,"standard_error":45276.67442844336},"Median":{"confidence_interval":{"confidence_level":0.95,"lower_bound":5195765.164835165,"upper_bound":5245156.170903955},"point_estimate":5220477.162498489,"standard_error":12249.437718363948},"MedianAbsDev":{"confidence_interval":{"confidence_level":0.95,"lower_bound":61415.54874165697,"upper_bound":131737.20016468649},"point_estimate":96123.68917240371,"standard_error":17704.90950832587},"Slope":{"confidence_interval":{"confidence_level":0.95,"lower_bound":5356009.840765194,"upper_bound":5602479.045646229},"point_estimate":5473667.162417615,"standard_error":62756.45167343713},"StdDev":{"confidence_interval":{"confidence_level":0.95,"lower_bound":350086.27358580197,"upper_bound":537949.3388540367},"point_estimate":455942.75911133256,"standard_error":47943.09995135356}}