{"Mean":{"confidence_interval":{"confidence_level":0.95,"lower_bound":335.66423728275188,"upper_bound":335.82195222099008},"point_estimate":335.7450760522718,"standard_error":0.04014005575704998},"Median":{"confidence_interval":{"confidence_level":0.95,"lower_bound":335.7219510992803,"upper_bound":335.8341045467149},"point_estimate":335.781967288263,"standard_error":0.03032587486482263},"MedianAbsDev":{"confidence_interval":{"confidence_level":0.95,"lower_bound":0.18926694499189196,"upper_bound":0.3836745327789761},"point_estimate":0.2695085403313684,"standard_error":0.049791733881706507},"Slope":{"confidence_interval":{"confidence_level":0.95,"lower_bound":335.6523298349645,"upper_bound":335.7851611474764},"point_estimate":335.7222512895213,"standard_error":0.033972131368146658},"StdDev":{"confidence_interval":{"confidence_level":0.95,"lower_bound":0.32350816975143656,"upper_bound":0.47499454128071508},"point_estimate":0.40302187559094668,"standard_error":0.03871987482454473}}