{"Mean":{"confidence_interval":{"confidence_level":0.95,"lower_bound":14230406.596479692,"upper_bound":14271270.67627717},"point_estimate":14251077.82663814,"standard_error":10378.801894360053},"Median":{"confidence_interval":{"confidence_level":0.95,"lower_bound":14228415.734693878,"upper_bound":14273201.680555556},"point_estimate":14247546.392218247,"standard_error":10406.637802097592},"MedianAbsDev":{"confidence_interval":{"confidence_level":0.95,"lower_bound":63938.47028530961,"upper_bound":104905.92298370014},"point_estimate":85967.50369578287,"standard_error":10616.96873003886},"Slope":{"confidence_interval":{"confidence_level":0.95,"lower_bound":14263752.528552967,"upper_bound":14309824.011269249},"point_estimate":14287398.121120142,"standard_error":11772.622813959642},"StdDev":{"confidence_interval":{"confidence_level":0.95,"lower_bound":83582.61319408436,"upper_bound":125093.94161758232},"point_estimate":104532.80195896085,"standard_error":10677.790154079004}}