{"Mean":{"confidence_interval":{"confidence_level":0.95,"lower_bound":139218.781790235,"upper_bound":141505.99807842315},"point_estimate":140340.71769446729,"standard_error":585.7936089588574},"Median":{"confidence_interval":{"confidence_level":0.95,"lower_bound":136383.14515639237,"upper_bound":136682.5136054422},"point_estimate":136482.1405433647,"standard_error":132.69669924283768},"MedianAbsDev":{"confidence_interval":{"confidence_level":0.95,"lower_bound":450.3306495807988,"upper_bound":1149.4005937244718},"point_estimate":658.957795036491,"standard_error":207.01966281669346},"Slope":{"confidence_interval":{"confidence_level":0.95,"lower_bound":139196.27981822787,"upper_bound":142146.08027700755},"point_estimate":140585.6311482193,"standard_error":755.0443437162785},"StdDev":{"confidence_interval":{"confidence_level":0.95,"lower_bound":5340.610867315225,"upper_bound":6248.934236779144},"point_estimate":5911.055651811574,"standard_error":235.9635085041508}}