{"Mean":{"confidence_interval":{"confidence_level":0.95,"lower_bound":1370706.4700611449,"upper_bound":1377575.2897177796},"point_estimate":1374186.9126357928,"standard_error":1757.7900173990148},"Median":{"confidence_interval":{"confidence_level":0.95,"lower_bound":1385615.482352941,"upper_bound":1386688.2307692308},"point_estimate":1386105.1086337763,"standard_error":1106.2861234821654},"MedianAbsDev":{"confidence_interval":{"confidence_level":0.95,"lower_bound":1719.6867171617026,"upper_bound":7178.624824100875},"point_estimate":3183.231023279697,"standard_error":1708.5245160144069},"Slope":{"confidence_interval":{"confidence_level":0.95,"lower_bound":1361859.897872679,"upper_bound":1371133.8484797092},"point_estimate":1366396.0957410965,"standard_error":2367.8513888340714},"StdDev":{"confidence_interval":{"confidence_level":0.95,"lower_bound":16242.36220050506,"upper_bound":18523.71138131954},"point_estimate":17706.325421066624,"standard_error":588.8404608085796}}