{"Mean":{"confidence_interval":{"confidence_level":0.95,"lower_bound":14577181.179169408,"upper_bound":14642517.258958109},"point_estimate":14609092.786719311,"standard_error":16621.366500447486},"Median":{"confidence_interval":{"confidence_level":0.95,"lower_bound":14574240.19437799,"upper_bound":14609098.829787234},"point_estimate":14593506.344322345,"standard_error":9163.252575080956},"MedianAbsDev":{"confidence_interval":{"confidence_level":0.95,"lower_bound":57388.971660044095,"upper_bound":115320.73265924078},"point_estimate":78483.48665448469,"standard_error":14745.67660069704},"Slope":{"confidence_interval":{"confidence_level":0.95,"lower_bound":14594694.291548897,"upper_bound":14671961.786679527},"point_estimate":14631035.897062215,"standard_error":19796.123556826977},"StdDev":{"confidence_interval":{"confidence_level":0.95,"lower_bound":117931.30308148648,"upper_bound":213004.7855954481},"point_estimate":167016.72125425109,"standard_error":24438.77630364445}}