{"Mean":{"confidence_interval":{"confidence_level":0.95,"lower_bound":3883500.1507148875,"upper_bound":3960371.605746258},"point_estimate":3923234.6069158015,"standard_error":19597.21157084991},"Median":{"confidence_interval":{"confidence_level":0.95,"lower_bound":3913002.9444444447,"upper_bound":3965594.5280898876},"point_estimate":3937358.010638298,"standard_error":11819.726699532732},"MedianAbsDev":{"confidence_interval":{"confidence_level":0.95,"lower_bound":85580.62664666331,"upper_bound":135005.65165872625},"point_estimate":108885.07299447194,"standard_error":12007.208098668587},"Slope":{"confidence_interval":{"confidence_level":0.95,"lower_bound":3913451.0287813867,"upper_bound":3951491.094411043},"point_estimate":3932650.2669602485,"standard_error":9702.317557457878},"StdDev":{"confidence_interval":{"confidence_level":0.95,"lower_bound":133239.9505584285,"upper_bound":256357.08325051625},"point_estimate":197328.8524776851,"standard_error":31445.846234497425}}