{"Mean":{"confidence_interval":{"confidence_level":0.95,"lower_bound":-0.0028723319401423,"upper_bound":0.007390733549135612},"point_estimate":0.0021702080420540339,"standard_error":0.002609991390228264},"Median":{"confidence_interval":{"confidence_level":0.95,"lower_bound":0.0051678873394263029,"upper_bound":0.007876699684210845},"point_estimate":0.007292100636612009,"standard_error":0.0008334945249221638}}