{"Mean":{"confidence_interval":{"confidence_level":0.95,"lower_bound":41275.54423147445,"upper_bound":41578.45835937704},"point_estimate":41427.324788516584,"standard_error":77.55075601567487},"Median":{"confidence_interval":{"confidence_level":0.95,"lower_bound":40847.97714285714,"upper_bound":42120.79276376989},"point_estimate":41891.63831868132,"standard_error":433.7426005502197},"MedianAbsDev":{"confidence_interval":{"confidence_level":0.95,"lower_bound":159.13570038080779,"upper_bound":1212.9290407995355},"point_estimate":577.5374869697383,"standard_error":397.9191416519011},"Slope":{"confidence_interval":{"confidence_level":0.95,"lower_bound":41108.994466487304,"upper_bound":41525.9657387375},"point_estimate":41316.33482890498,"standard_error":106.73408811421729},"StdDev":{"confidence_interval":{"confidence_level":0.95,"lower_bound":739.1523802252136,"upper_bound":801.0940024201368},"point_estimate":777.115948461585,"standard_error":15.769181710002517}}