{"Mean":{"confidence_interval":{"confidence_level":0.95,"lower_bound":15.541573430507104,"upper_bound":15.768151945544745},"point_estimate":15.6406830127519,"standard_error":0.05660079405072073},"Median":{"confidence_interval":{"confidence_level":0.95,"lower_bound":15.530681972098064,"upper_bound":15.533721008629583},"point_estimate":15.531926831132385,"standard_error":0.0006993358911830714},"MedianAbsDev":{"confidence_interval":{"confidence_level":0.95,"lower_bound":0.0028389482716142417,"upper_bound":0.006612247322766248},"point_estimate":0.004247416800798602,"standard_error":0.0008630684794076525},"Slope":{"confidence_interval":{"confidence_level":0.95,"lower_bound":15.542523549072117,"upper_bound":15.874025963912914},"point_estimate":15.669199653642647,"standard_error":0.08946385943613337},"StdDev":{"confidence_interval":{"confidence_level":0.95,"lower_bound":0.045429550656212489,"upper_bound":0.8393350679666424},"point_estimate":0.567065743384458,"standard_error":0.17972274578736695}}