{"Mean":{"confidence_interval":{"confidence_level":0.95,"lower_bound":26431.16904095344,"upper_bound":26446.072057322028},"point_estimate":26438.008564877062,"standard_error":3.8083542603596749},"Median":{"confidence_interval":{"confidence_level":0.95,"lower_bound":26422.595345345344,"upper_bound":26440.063559322032},"point_estimate":26428.80565511748,"standard_error":4.416810569996292},"MedianAbsDev":{"confidence_interval":{"confidence_level":0.95,"lower_bound":21.85213953040418,"upper_bound":34.88228271404842},"point_estimate":28.075263067167695,"standard_error":3.5754166239808304},"Slope":{"confidence_interval":{"confidence_level":0.95,"lower_bound":26418.36399764245,"upper_bound":26428.738227038208},"point_estimate":26423.251059553717,"standard_error":2.6454598571818237},"StdDev":{"confidence_interval":{"confidence_level":0.95,"lower_bound":24.448512095429697,"upper_bound":53.70420387197428},"point_estimate":38.17818976148122,"standard_error":8.490006258163949}}