{"Mean":{"confidence_interval":{"confidence_level":0.95,"lower_bound":69426.4938102324,"upper_bound":72790.89262690442},"point_estimate":71078.99582185845,"standard_error":859.2457617423737},"Median":{"confidence_interval":{"confidence_level":0.95,"lower_bound":65646.2806122449,"upper_bound":65793.29285714287},"point_estimate":65677.0557081807,"standard_error":36.216374463683489},"MedianAbsDev":{"confidence_interval":{"confidence_level":0.95,"lower_bound":71.29657049739915,"upper_bound":284.4796753109344},"point_estimate":123.29726812409301,"standard_error":55.96213959942004},"Slope":{"confidence_interval":{"confidence_level":0.95,"lower_bound":70861.04249552106,"upper_bound":75592.26902532767},"point_estimate":73137.33299077455,"standard_error":1207.7830148904469},"StdDev":{"confidence_interval":{"confidence_level":0.95,"lower_bound":7589.686107090473,"upper_bound":9284.489435939502},"point_estimate":8614.582670124926,"standard_error":443.12750252196698}}