{"Mean":{"confidence_interval":{"confidence_level":0.95,"lower_bound":22284.902840884744,"upper_bound":22568.556082068884},"point_estimate":22432.218141700945,"standard_error":72.27645143314959},"Median":{"confidence_interval":{"confidence_level":0.95,"lower_bound":22233.689097548253,"upper_bound":22528.59605633803},"point_estimate":22384.968086977147,"standard_error":67.61904100224804},"MedianAbsDev":{"confidence_interval":{"confidence_level":0.95,"lower_bound":454.15720242349416,"upper_bound":759.0345968517006},"point_estimate":634.2764116925876,"standard_error":75.20295760902269},"Slope":{"confidence_interval":{"confidence_level":0.95,"lower_bound":22065.1042518044,"upper_bound":22685.902446088367},"point_estimate":22395.132101436757,"standard_error":159.0369039107092},"StdDev":{"confidence_interval":{"confidence_level":0.95,"lower_bound":512.8069805985657,"upper_bound":928.0737681841752},"point_estimate":722.9871196249405,"standard_error":108.09894352155317}}