{"Mean":{"confidence_interval":{"confidence_level":0.95,"lower_bound":25212.805307192473,"upper_bound":25362.64851688641},"point_estimate":25286.477601445866,"standard_error":38.12245042998771},"Median":{"confidence_interval":{"confidence_level":0.95,"lower_bound":25134.572045001732,"upper_bound":25241.533653846152},"point_estimate":25176.255130718957,"standard_error":30.70198217709779},"MedianAbsDev":{"confidence_interval":{"confidence_level":0.95,"lower_bound":257.5222918765939,"upper_bound":422.2311495529157},"point_estimate":330.7868528989091,"standard_error":41.66741051276668},"Slope":{"confidence_interval":{"confidence_level":0.95,"lower_bound":25340.840797702152,"upper_bound":25589.448318405855},"point_estimate":25471.016807669574,"standard_error":63.54051842356303},"StdDev":{"confidence_interval":{"confidence_level":0.95,"lower_bound":331.987820427163,"upper_bound":425.3613852440569},"point_estimate":383.1197012775488,"standard_error":23.80641002109844}}