{"Mean":{"confidence_interval":{"confidence_level":0.95,"lower_bound":329333.04237202039,"upper_bound":329521.36990831667},"point_estimate":329419.74800955757,"standard_error":48.18248782175799},"Median":{"confidence_interval":{"confidence_level":0.95,"lower_bound":329240.61121886488,"upper_bound":329389.70113636369},"point_estimate":329293.00372596157,"standard_error":33.84990708267585},"MedianAbsDev":{"confidence_interval":{"confidence_level":0.95,"lower_bound":192.78011589561138,"upper_bound":303.3674831162501},"point_estimate":239.88630525354365,"standard_error":27.580083409258937},"Slope":{"confidence_interval":{"confidence_level":0.95,"lower_bound":329195.2933797127,"upper_bound":329291.43804711606},"point_estimate":329241.50306930698,"standard_error":24.57191095241589},"StdDev":{"confidence_interval":{"confidence_level":0.95,"lower_bound":294.8702056300659,"upper_bound":651.1561609208144},"point_estimate":483.9724673243521,"standard_error":91.3272760908754}}