{"Mean":{"confidence_interval":{"confidence_level":0.95,"lower_bound":27.315198756757839,"upper_bound":27.793188344667646},"point_estimate":27.54124452323218,"standard_error":0.12129569447008913},"Median":{"confidence_interval":{"confidence_level":0.95,"lower_bound":27.08793360042429,"upper_bound":27.10321317178591},"point_estimate":27.094543051277694,"standard_error":0.004778179813753288},"MedianAbsDev":{"confidence_interval":{"confidence_level":0.95,"lower_bound":0.07023482436079409,"upper_bound":0.10352469164934679},"point_estimate":0.08748323434765107,"standard_error":0.008694656105963555},"Slope":{"confidence_interval":{"confidence_level":0.95,"lower_bound":27.76312046066104,"upper_bound":28.77702966287568},"point_estimate":28.286060760910698,"standard_error":0.2583766474290597},"StdDev":{"confidence_interval":{"confidence_level":0.95,"lower_bound":0.8946533453909267,"upper_bound":1.4679815222964459},"point_estimate":1.2199863595660983,"standard_error":0.14455031969096053}}