{"Mean":{"confidence_interval":{"confidence_level":0.95,"lower_bound":72113.27965995336,"upper_bound":72541.33026149447},"point_estimate":72285.21406621058,"standard_error":113.60660975661064},"Median":{"confidence_interval":{"confidence_level":0.95,"lower_bound":72059.96474358975,"upper_bound":72090.74097766406},"point_estimate":72076.21514714099,"standard_error":8.049989227892367},"MedianAbsDev":{"confidence_interval":{"confidence_level":0.95,"lower_bound":48.191016740359369,"upper_bound":91.012664662336},"point_estimate":67.98710963121867,"standard_error":10.835184461247004},"Slope":{"confidence_interval":{"confidence_level":0.95,"lower_bound":72040.95050734704,"upper_bound":72391.12092781566},"point_estimate":72173.4322313035,"standard_error":94.45694386484645},"StdDev":{"confidence_interval":{"confidence_level":0.95,"lower_bound":138.11252052275084,"upper_bound":1842.4834976024557},"point_estimate":1143.380752754818,"standard_error":471.19566128341918}}