{"Mean":{"confidence_interval":{"confidence_level":0.95,"lower_bound":39220.021673093244,"upper_bound":39346.23956254993},"point_estimate":39287.71729257605,"standard_error":32.327989797126509},"Median":{"confidence_interval":{"confidence_level":0.95,"lower_bound":39340.92231081081,"upper_bound":39375.0687804878},"point_estimate":39358.72177777778,"standard_error":7.786450128484392},"MedianAbsDev":{"confidence_interval":{"confidence_level":0.95,"lower_bound":59.119935597452059,"upper_bound":94.52268118633991},"point_estimate":77.06002948535653,"standard_error":9.478247128889937},"Slope":{"confidence_interval":{"confidence_level":0.95,"lower_bound":39329.70370310431,"upper_bound":39353.24458007964},"point_estimate":39341.02202630413,"standard_error":5.99023654316365},"StdDev":{"confidence_interval":{"confidence_level":0.95,"lower_bound":215.4154867337524,"upper_bound":409.9817903300094},"point_estimate":324.7376394721451,"standard_error":49.7518586697751}}