{"Mean":{"confidence_interval":{"confidence_level":0.95,"lower_bound":0.10881273626424834,"upper_bound":0.16264916234338229},"point_estimate":0.13327690049133368,"standard_error":0.013964579895316474},"Median":{"confidence_interval":{"confidence_level":0.95,"lower_bound":0.01941536392897336,"upper_bound":0.026643967711261319},"point_estimate":0.020885392220595823,"standard_error":0.026887463617568137}}