{"Mean":{"confidence_interval":{"confidence_level":0.95,"lower_bound":3988919.45087154,"upper_bound":4044548.0242402388},"point_estimate":4016209.027975082,"standard_error":14243.301096162508},"Median":{"confidence_interval":{"confidence_level":0.95,"lower_bound":3979166.3733333337,"upper_bound":3998886.8676767677},"point_estimate":3986921.0622448979,"standard_error":4680.039280715683},"MedianAbsDev":{"confidence_interval":{"confidence_level":0.95,"lower_bound":32906.42721161762,"upper_bound":63176.31455994069},"point_estimate":44508.19066086823,"standard_error":7467.0212710873979},"Slope":{"confidence_interval":{"confidence_level":0.95,"lower_bound":3995830.991421115,"upper_bound":4053341.6546917238},"point_estimate":4021903.388254766,"standard_error":14820.866324238414},"StdDev":{"confidence_interval":{"confidence_level":0.95,"lower_bound":112048.10692542365,"upper_bound":170156.1960794026},"point_estimate":142997.64613258156,"standard_error":14824.322889431984}}