{"Mean":{"confidence_interval":{"confidence_level":0.95,"lower_bound":3155554.2091949835,"upper_bound":3217659.9641143737},"point_estimate":3185997.8078456118,"standard_error":15816.90250170382},"Median":{"confidence_interval":{"confidence_level":0.95,"lower_bound":3152180.294973545,"upper_bound":3208906.0532978016},"point_estimate":3171626.5490196079,"standard_error":15966.444444826835},"MedianAbsDev":{"confidence_interval":{"confidence_level":0.95,"lower_bound":79394.20466824303,"upper_bound":122611.50437305607},"point_estimate":98126.96977513843,"standard_error":11115.144128959595},"Slope":{"confidence_interval":{"confidence_level":0.95,"lower_bound":3136979.186378948,"upper_bound":3185204.412221055},"point_estimate":3162080.8810846756,"standard_error":12309.433733819395},"StdDev":{"confidence_interval":{"confidence_level":0.95,"lower_bound":113559.30599919046,"upper_bound":203647.6133901448},"point_estimate":159023.75522542155,"standard_error":23303.50511872501}}