{"Mean":{"confidence_interval":{"confidence_level":0.95,"lower_bound":424004.8283791077,"upper_bound":427336.4656170126},"point_estimate":425600.0664675352,"standard_error":854.9004519896262},"Median":{"confidence_interval":{"confidence_level":0.95,"lower_bound":421512.0808080808,"upper_bound":421856.0},"point_estimate":421657.9223985891,"standard_error":91.95442323787357},"MedianAbsDev":{"confidence_interval":{"confidence_level":0.95,"lower_bound":288.3245115479217,"upper_bound":805.3728833541323},"point_estimate":532.8835106248929,"standard_error":133.12082986575309},"Slope":{"confidence_interval":{"confidence_level":0.95,"lower_bound":426132.11873753429,"upper_bound":432131.97236267619},"point_estimate":429114.4921599921,"standard_error":1532.884266210971},"StdDev":{"confidence_interval":{"confidence_level":0.95,"lower_bound":6757.036746799965,"upper_bound":9923.909587730417},"point_estimate":8593.531100924642,"standard_error":806.4592663387277}}