{"Mean":{"confidence_interval":{"confidence_level":0.95,"lower_bound":24590092.219352276,"upper_bound":24635582.026679174},"point_estimate":24613641.36211854,"standard_error":11604.800194961837},"Median":{"confidence_interval":{"confidence_level":0.95,"lower_bound":24601096.96923077,"upper_bound":24655636.18668831},"point_estimate":24627693.733680555,"standard_error":13731.555074403908},"MedianAbsDev":{"confidence_interval":{"confidence_level":0.95,"lower_bound":74421.63223442389,"upper_bound":109979.79572635256},"point_estimate":95361.05478531266,"standard_error":9083.431791540646},"Slope":{"confidence_interval":{"confidence_level":0.95,"lower_bound":24618881.286237088,"upper_bound":24649643.538090886},"point_estimate":24634529.313302794,"standard_error":7892.831006707333},"StdDev":{"confidence_interval":{"confidence_level":0.95,"lower_bound":86436.2462996565,"upper_bound":146191.34034310276},"point_estimate":116742.51916751132,"standard_error":15387.635391025322}}