{"Mean":{"confidence_interval":{"confidence_level":0.95,"lower_bound":120.42728313664046,"upper_bound":126.26834553483158},"point_estimate":123.27644767612247,"standard_error":1.4906274336462085},"Median":{"confidence_interval":{"confidence_level":0.95,"lower_bound":113.75567944779459,"upper_bound":114.05835749691707},"point_estimate":113.91777980050822,"standard_error":0.09872077280579897},"MedianAbsDev":{"confidence_interval":{"confidence_level":0.95,"lower_bound":0.24181943051399563,"upper_bound":0.6629660662152244},"point_estimate":0.4382443101010708,"standard_error":0.13853865793096999},"Slope":{"confidence_interval":{"confidence_level":0.95,"lower_bound":123.06770635604632,"upper_bound":131.3488371831724},"point_estimate":127.0759015049694,"standard_error":2.1163094294788555},"StdDev":{"confidence_interval":{"confidence_level":0.95,"lower_bound":13.216242664125988,"upper_bound":16.074411886291956},"point_estimate":14.955395368965946,"standard_error":0.7390329188087014}}