{"Mean":{"confidence_interval":{"confidence_level":0.95,"lower_bound":565.4589284822496,"upper_bound":572.1686601611197},"point_estimate":568.1533305930807,"standard_error":1.7621347045228673},"Median":{"confidence_interval":{"confidence_level":0.95,"lower_bound":565.10887819125,"upper_bound":565.3000447982356},"point_estimate":565.1973507154264,"standard_error":0.04635130759265683},"MedianAbsDev":{"confidence_interval":{"confidence_level":0.95,"lower_bound":0.18531151588636245,"upper_bound":0.37726867486416018},"point_estimate":0.258662095583696,"standard_error":0.04864395969656021},"Slope":{"confidence_interval":{"confidence_level":0.95,"lower_bound":565.0763922168604,"upper_bound":572.6235920477643},"point_estimate":568.0551017139329,"standard_error":1.9760581088184948},"StdDev":{"confidence_interval":{"confidence_level":0.95,"lower_bound":0.7754451930271902,"upper_bound":29.05083185405215},"point_estimate":17.706500751233717,"standard_error":7.750948295559658}}