{"Mean":{"confidence_interval":{"confidence_level":0.95,"lower_bound":6450.772716562106,"upper_bound":6470.8809554740969},"point_estimate":6460.119235842993,"standard_error":5.152087870920701},"Median":{"confidence_interval":{"confidence_level":0.95,"lower_bound":6441.644974898172,"upper_bound":6456.095394372438},"point_estimate":6450.659476793082,"standard_error":3.695778496800013},"MedianAbsDev":{"confidence_interval":{"confidence_level":0.95,"lower_bound":23.601647074889568,"upper_bound":37.82190431961533},"point_estimate":29.955945428066046,"standard_error":3.6045797008948154},"Slope":{"confidence_interval":{"confidence_level":0.95,"lower_bound":6432.416264101528,"upper_bound":6444.763513797408},"point_estimate":6438.427890367614,"standard_error":3.1531358355643479},"StdDev":{"confidence_interval":{"confidence_level":0.95,"lower_bound":33.61572311990197,"upper_bound":70.50187066960116},"point_estimate":51.86858841035938,"standard_error":9.729667550178775}}