{"Mean":{"confidence_interval":{"confidence_level":0.95,"lower_bound":41235052.5388657,"upper_bound":41456366.746672358},"point_estimate":41344627.3511423,"standard_error":56427.257552995936},"Median":{"confidence_interval":{"confidence_level":0.95,"lower_bound":41080750.67164179,"upper_bound":41394745.315789479},"point_estimate":41236845.45337197,"standard_error":79894.40175992278},"MedianAbsDev":{"confidence_interval":{"confidence_level":0.95,"lower_bound":464571.8835103757,"upper_bound":736625.836840951},"point_estimate":649008.8376469961,"standard_error":70223.92748162034},"Slope":{"confidence_interval":{"confidence_level":0.95,"lower_bound":41216254.46555658,"upper_bound":41436853.08694956},"point_estimate":41327264.434753958,"standard_error":56222.2899022247},"StdDev":{"confidence_interval":{"confidence_level":0.95,"lower_bound":492293.99022282377,"upper_bound":632566.0748528449},"point_estimate":567994.3504442169,"standard_error":35789.68636967863}}