{"Mean":{"confidence_interval":{"confidence_level":0.95,"lower_bound":7663465.0833482299,"upper_bound":7782692.215068459},"point_estimate":7722382.120894977,"standard_error":30556.89351984527},"Median":{"confidence_interval":{"confidence_level":0.95,"lower_bound":7470321.65124448,"upper_bound":7801562.705882353},"point_estimate":7506284.667521368,"standard_error":84932.81784467671},"MedianAbsDev":{"confidence_interval":{"confidence_level":0.95,"lower_bound":21816.689412174546,"upper_bound":480556.17600959868},"point_estimate":78649.40897568142,"standard_error":115088.33003183465},"Slope":{"confidence_interval":{"confidence_level":0.95,"lower_bound":7729149.05248083,"upper_bound":7884802.445426243},"point_estimate":7806420.922062953,"standard_error":39678.42424047438},"StdDev":{"confidence_interval":{"confidence_level":0.95,"lower_bound":273593.8144890862,"upper_bound":334533.13060941416},"point_estimate":306850.5289861627,"standard_error":15529.430998975646}}