{"Mean":{"confidence_interval":{"confidence_level":0.95,"lower_bound":14164919.483621093,"upper_bound":14205922.25282014},"point_estimate":14185759.671638057,"standard_error":10462.728393712625},"Median":{"confidence_interval":{"confidence_level":0.95,"lower_bound":14172981.027027028,"upper_bound":14207804.44117647},"point_estimate":14185217.169580419,"standard_error":8699.08002406299},"MedianAbsDev":{"confidence_interval":{"confidence_level":0.95,"lower_bound":76894.5154194648,"upper_bound":130923.06404346672},"point_estimate":111742.40138761437,"standard_error":14197.422469766037},"Slope":{"confidence_interval":{"confidence_level":0.95,"lower_bound":14203359.355985757,"upper_bound":14239596.698458355},"point_estimate":14221213.185594799,"standard_error":9222.893524327448},"StdDev":{"confidence_interval":{"confidence_level":0.95,"lower_bound":87210.63537960893,"upper_bound":123923.8029207152},"point_estimate":104993.91447487362,"standard_error":9453.632086988398}}