{"Mean":{"confidence_interval":{"confidence_level":0.95,"lower_bound":-0.00046992388149348825,"upper_bound":0.00755802569772818},"point_estimate":0.003649235439169951,"standard_error":0.0020455327744949298},"Median":{"confidence_interval":{"confidence_level":0.95,"lower_bound":0.004595277928649555,"upper_bound":0.00672616064901943},"point_estimate":0.0055805846838639099,"standard_error":0.0004926066531466865}}