{"Mean":{"confidence_interval":{"confidence_level":0.95,"lower_bound":3622.8519005917448,"upper_bound":3796.6261538116975},"point_estimate":3706.9988170446847,"standard_error":44.47448790085968},"Median":{"confidence_interval":{"confidence_level":0.95,"lower_bound":3449.0141467727678,"upper_bound":3592.6826659930109},"point_estimate":3474.773940345369,"standard_error":41.8190099930672},"MedianAbsDev":{"confidence_interval":{"confidence_level":0.95,"lower_bound":58.17649400220252,"upper_bound":233.08517168676208},"point_estimate":100.62512430174425,"standard_error":47.756816835885079},"Slope":{"confidence_interval":{"confidence_level":0.95,"lower_bound":3689.16299969003,"upper_bound":3972.787855681479},"point_estimate":3826.4403485455979,"standard_error":72.45304729878215},"StdDev":{"confidence_interval":{"confidence_level":0.95,"lower_bound":366.8801448154357,"upper_bound":506.46492062521016},"point_estimate":446.83536620028039,"standard_error":36.181185519987689}}