{"Mean":{"confidence_interval":{"confidence_level":0.95,"lower_bound":43944704.09474601,"upper_bound":44052690.01682864},"point_estimate":43998679.888673517,"standard_error":27524.70862635077},"Median":{"confidence_interval":{"confidence_level":0.95,"lower_bound":43946906.89867354,"upper_bound":44056132.578125},"point_estimate":44006507.16724942,"standard_error":32189.140617007957},"MedianAbsDev":{"confidence_interval":{"confidence_level":0.95,"lower_bound":160212.3212306643,"upper_bound":262664.3546060951},"point_estimate":214179.69804254652,"standard_error":25234.37907812967},"Slope":{"confidence_interval":{"confidence_level":0.95,"lower_bound":44067809.46308504,"upper_bound":44181336.852845598},"point_estimate":44123158.79140239,"standard_error":29007.017500832873},"StdDev":{"confidence_interval":{"confidence_level":0.95,"lower_bound":222280.6796079903,"upper_bound":326824.7947850499},"point_estimate":276256.59457860389,"standard_error":26730.983727606406}}