{"Mean":{"confidence_interval":{"confidence_level":0.95,"lower_bound":2213529.0272400465,"upper_bound":2214665.553017201},"point_estimate":2214127.092261098,"standard_error":290.40147074009448},"Median":{"confidence_interval":{"confidence_level":0.95,"lower_bound":2214221.1428571429,"upper_bound":2214736.3327085284},"point_estimate":2214597.77,"standard_error":127.02011856817934},"MedianAbsDev":{"confidence_interval":{"confidence_level":0.95,"lower_bound":895.6067602290016,"upper_bound":1419.1633687295685},"point_estimate":1091.8337942525332,"standard_error":133.8765306443231},"Slope":{"confidence_interval":{"confidence_level":0.95,"lower_bound":2213105.8214598635,"upper_bound":2214486.1220465435},"point_estimate":2213877.8130427075,"standard_error":355.4531359483855},"StdDev":{"confidence_interval":{"confidence_level":0.95,"lower_bound":1909.4074002973317,"upper_bound":3733.276522319062},"point_estimate":2911.958997806143,"standard_error":463.98059728108259}}