{"Mean":{"confidence_interval":{"confidence_level":0.95,"lower_bound":6603986.474132777,"upper_bound":6662144.042167614},"point_estimate":6631982.470089926,"standard_error":14854.44260558137},"Median":{"confidence_interval":{"confidence_level":0.95,"lower_bound":6551526.193877551,"upper_bound":6565781.105263158},"point_estimate":6556954.605691057,"standard_error":3035.353396406301},"MedianAbsDev":{"confidence_interval":{"confidence_level":0.95,"lower_bound":20891.36200964711,"upper_bound":52892.45702736625},"point_estimate":31274.60523847938,"standard_error":8358.313361693261},"Slope":{"confidence_interval":{"confidence_level":0.95,"lower_bound":6614743.7696956959,"upper_bound":6691399.525413031},"point_estimate":6650631.287072558,"standard_error":19596.496928138138},"StdDev":{"confidence_interval":{"confidence_level":0.95,"lower_bound":120548.91645078622,"upper_bound":172348.45924898872},"point_estimate":149312.07030207199,"standard_error":13290.450282427397}}