{"Mean":{"confidence_interval":{"confidence_level":0.95,"lower_bound":17641688.89335355,"upper_bound":19198398.018114065},"point_estimate":18415229.090530818,"standard_error":397253.96859691597},"Median":{"confidence_interval":{"confidence_level":0.95,"lower_bound":17091514.201860466,"upper_bound":19030883.46666667},"point_estimate":18132631.864495018,"standard_error":545706.7221772863},"MedianAbsDev":{"confidence_interval":{"confidence_level":0.95,"lower_bound":3391697.6157423735,"upper_bound":5738105.46929388},"point_estimate":4720775.922626133,"standard_error":599847.4452794432},"Slope":{"confidence_interval":{"confidence_level":0.95,"lower_bound":18750765.86726012,"upper_bound":19984621.16018169},"point_estimate":19322404.025042118,"standard_error":315555.302593476},"StdDev":{"confidence_interval":{"confidence_level":0.95,"lower_bound":3560270.5330061509,"upper_bound":4380634.098202977},"point_estimate":4001241.2227011,"standard_error":209421.53685023948}}