{"Mean":{"confidence_interval":{"confidence_level":0.95,"lower_bound":-0.09077720476454565,"upper_bound":-0.05882316909452677},"point_estimate":-0.0748441578039285,"standard_error":0.008157568408058638},"Median":{"confidence_interval":{"confidence_level":0.95,"lower_bound":-0.11974821832640625,"upper_bound":-0.0006699395356685596},"point_estimate":-0.0018668215871421313,"standard_error":0.028481795144473428}}