{"Mean":{"confidence_interval":{"confidence_level":0.95,"lower_bound":2618.231261602503,"upper_bound":2683.7523124829228},"point_estimate":2649.552748646907,"standard_error":16.796365558190748},"Median":{"confidence_interval":{"confidence_level":0.95,"lower_bound":2589.003392705683,"upper_bound":2622.287535794906},"point_estimate":2616.2479268902218,"standard_error":10.347512506585375},"MedianAbsDev":{"confidence_interval":{"confidence_level":0.95,"lower_bound":45.6904888853139,"upper_bound":126.19889958643647},"point_estimate":101.57388411878472,"standard_error":21.336115394518396},"Slope":{"confidence_interval":{"confidence_level":0.95,"lower_bound":2573.3984861453216,"upper_bound":2642.5338585361726},"point_estimate":2604.7696725352154,"standard_error":17.753551777667544},"StdDev":{"confidence_interval":{"confidence_level":0.95,"lower_bound":129.35096591321938,"upper_bound":200.57383180551543},"point_estimate":169.1486786524448,"standard_error":18.164379377855217}}