{"Mean":{"confidence_interval":{"confidence_level":0.95,"lower_bound":2301782.8124557055,"upper_bound":2317750.4862790738},"point_estimate":2309548.892325249,"standard_error":4067.106233645498},"Median":{"confidence_interval":{"confidence_level":0.95,"lower_bound":2301465.7333333336,"upper_bound":2312342.8571428575},"point_estimate":2310877.4433333335,"standard_error":3434.7583096772279},"MedianAbsDev":{"confidence_interval":{"confidence_level":0.95,"lower_bound":46637.97942958592,"upper_bound":66581.09785877943},"point_estimate":63715.08132944644,"standard_error":5423.811432827756},"Slope":{"confidence_interval":{"confidence_level":0.95,"lower_bound":2304784.2629228367,"upper_bound":2325712.7663998955},"point_estimate":2315327.435099749,"standard_error":5361.475930326046},"StdDev":{"confidence_interval":{"confidence_level":0.95,"lower_bound":34007.88179565875,"upper_bound":49542.35609973021},"point_estimate":40994.92494979894,"standard_error":4215.118810565029}}