{"Mean":{"confidence_interval":{"confidence_level":0.95,"lower_bound":21.439848628037983,"upper_bound":21.456033517921559},"point_estimate":21.447549401743286,"standard_error":0.004151098218596121},"Median":{"confidence_interval":{"confidence_level":0.95,"lower_bound":21.428284984243999,"upper_bound":21.441464309684958},"point_estimate":21.43305663618825,"standard_error":0.00317788789631178},"MedianAbsDev":{"confidence_interval":{"confidence_level":0.95,"lower_bound":0.01722357620228043,"upper_bound":0.032488599263300398},"point_estimate":0.02333203450701834,"standard_error":0.0036319429160254349},"Slope":{"confidence_interval":{"confidence_level":0.95,"lower_bound":21.422783279707145,"upper_bound":21.430747939876466},"point_estimate":21.426378346105733,"standard_error":0.0020400778873977687},"StdDev":{"confidence_interval":{"confidence_level":0.95,"lower_bound":0.03039441965011612,"upper_bound":0.05181430211270386},"point_estimate":0.04157581711155405,"standard_error":0.00549302190877726}}