{"Mean":{"confidence_interval":{"confidence_level":0.95,"lower_bound":5141416.868773926,"upper_bound":5205779.810781503},"point_estimate":5172756.074799867,"standard_error":16485.29160339894},"Median":{"confidence_interval":{"confidence_level":0.95,"lower_bound":5057946.24137931,"upper_bound":5087195.70557442},"point_estimate":5063928.333333334,"standard_error":11025.420286985616},"MedianAbsDev":{"confidence_interval":{"confidence_level":0.95,"lower_bound":7532.3798407554809,"upper_bound":50606.46443985325},"point_estimate":18385.852031518105,"standard_error":15404.796074559927},"Slope":{"confidence_interval":{"confidence_level":0.95,"lower_bound":5133864.471004197,"upper_bound":5241090.590621515},"point_estimate":5186232.480783213,"standard_error":27450.58715458169},"StdDev":{"confidence_interval":{"confidence_level":0.95,"lower_bound":137037.1066357861,"upper_bound":190528.3485764264},"point_estimate":164978.64795243208,"standard_error":13684.58212139639}}