{"Mean":{"confidence_interval":{"confidence_level":0.95,"lower_bound":64534.14568403034,"upper_bound":67142.72717336234},"point_estimate":65781.24318280128,"standard_error":665.2088977392311},"Median":{"confidence_interval":{"confidence_level":0.95,"lower_bound":62792.70204924075,"upper_bound":62839.353970588236},"point_estimate":62807.33336713996,"standard_error":11.2490827050041},"MedianAbsDev":{"confidence_interval":{"confidence_level":0.95,"lower_bound":74.0085084145713,"upper_bound":143.9146600875342},"point_estimate":98.2284657455429,"standard_error":17.057909082472237},"Slope":{"confidence_interval":{"confidence_level":0.95,"lower_bound":66181.64657035945,"upper_bound":70671.13379386772},"point_estimate":68388.84826206765,"standard_error":1145.4989381021504},"StdDev":{"confidence_interval":{"confidence_level":0.95,"lower_bound":5286.513334298925,"upper_bound":7734.58492792577},"point_estimate":6673.813819856386,"standard_error":636.816340578372}}