{"Mean":{"confidence_interval":{"confidence_level":0.95,"lower_bound":28.149352484557359,"upper_bound":28.164751242119494},"point_estimate":28.156563773129496,"standard_error":0.003943635274553465},"Median":{"confidence_interval":{"confidence_level":0.95,"lower_bound":28.138428333351894,"upper_bound":28.147226891386894},"point_estimate":28.142623772627795,"standard_error":0.0022923830265397045},"MedianAbsDev":{"confidence_interval":{"confidence_level":0.95,"lower_bound":0.010995221614426489,"upper_bound":0.02118584518330099},"point_estimate":0.015725880018276546,"standard_error":0.0026406985559845124},"Slope":{"confidence_interval":{"confidence_level":0.95,"lower_bound":28.133980095128157,"upper_bound":28.13725746345776},"point_estimate":28.135453847707298,"standard_error":0.0008338135074905651},"StdDev":{"confidence_interval":{"confidence_level":0.95,"lower_bound":0.028053126778003064,"upper_bound":0.049713125034212549},"point_estimate":0.03971277663967143,"standard_error":0.0055548620974276599}}