{"Mean":{"confidence_interval":{"confidence_level":0.95,"lower_bound":306311.332393075,"upper_bound":314480.93611817489},"point_estimate":310234.7973346502,"standard_error":2091.1187437679648},"Median":{"confidence_interval":{"confidence_level":0.95,"lower_bound":300135.56395348839,"upper_bound":309162.1379310345},"point_estimate":300374.52814440996,"standard_error":1662.8026509141794},"MedianAbsDev":{"confidence_interval":{"confidence_level":0.95,"lower_bound":2878.038363056838,"upper_bound":19451.376233499697},"point_estimate":14824.367665138654,"standard_error":4903.517166735093},"Slope":{"confidence_interval":{"confidence_level":0.95,"lower_bound":315882.1113800241,"upper_bound":325624.4905596543},"point_estimate":320618.3580220186,"standard_error":2485.705832020595},"StdDev":{"confidence_interval":{"confidence_level":0.95,"lower_bound":16629.862425364994,"upper_bound":25327.18162987529},"point_estimate":21100.598067066687,"standard_error":2234.634816810158}}