{"Mean":{"confidence_interval":{"confidence_level":0.95,"lower_bound":3221563.163618,"upper_bound":3276230.5969864099},"point_estimate":3248073.9610061107,"standard_error":13967.125107483987},"Median":{"confidence_interval":{"confidence_level":0.95,"lower_bound":3159294.0,"upper_bound":3216831.5},"point_estimate":3189272.746010238,"standard_error":14706.15352261713},"MedianAbsDev":{"confidence_interval":{"confidence_level":0.95,"lower_bound":31342.9130114915,"upper_bound":112093.77670539596},"point_estimate":72198.09678822749,"standard_error":20447.26596854323},"Slope":{"confidence_interval":{"confidence_level":0.95,"lower_bound":3194970.6622201495,"upper_bound":3249869.7766672188},"point_estimate":3221379.9549608395,"standard_error":14057.697466713049},"StdDev":{"confidence_interval":{"confidence_level":0.95,"lower_bound":114509.05744686468,"upper_bound":161872.48482941805},"point_estimate":140550.83239449445,"standard_error":12096.499314406024}}