{"Mean":{"confidence_interval":{"confidence_level":0.95,"lower_bound":234873.21358959174,"upper_bound":243225.69985715647},"point_estimate":238948.5303452361,"standard_error":2127.806847803918},"Median":{"confidence_interval":{"confidence_level":0.95,"lower_bound":240445.7590909091,"upper_bound":241255.65714285716},"point_estimate":241029.4244623656,"standard_error":331.46255932745489},"MedianAbsDev":{"confidence_interval":{"confidence_level":0.95,"lower_bound":1162.8525793552543,"upper_bound":38540.65894696667},"point_estimate":21566.48141005897,"standard_error":13370.118572635878},"Slope":{"confidence_interval":{"confidence_level":0.95,"lower_bound":233565.14765552197,"upper_bound":248426.45025597758},"point_estimate":240921.19476341067,"standard_error":3803.583980482896},"StdDev":{"confidence_interval":{"confidence_level":0.95,"lower_bound":17920.016994313944,"upper_bound":24743.432888498097},"point_estimate":21419.958946269544,"standard_error":1738.8247323935412}}