{"Mean":{"confidence_interval":{"confidence_level":0.95,"lower_bound":41534952.97935581,"upper_bound":41719429.73317633},"point_estimate":41626278.49819996,"standard_error":47031.26811262549},"Median":{"confidence_interval":{"confidence_level":0.95,"lower_bound":41426318.847826089,"upper_bound":41700864.25},"point_estimate":41525471.71413793,"standard_error":71363.19822165818},"MedianAbsDev":{"confidence_interval":{"confidence_level":0.95,"lower_bound":374093.62837850939,"upper_bound":620894.8644376661},"point_estimate":523735.96867219099,"standard_error":63430.405654449365},"Slope":{"confidence_interval":{"confidence_level":0.95,"lower_bound":41482650.557111579,"upper_bound":41672643.5435732},"point_estimate":41575025.60779666,"standard_error":48571.219472926576},"StdDev":{"confidence_interval":{"confidence_level":0.95,"lower_bound":406596.4250885466,"upper_bound":537727.6951532177},"point_estimate":473448.77594522977,"standard_error":33536.841648580754}}