{"Mean":{"confidence_interval":{"confidence_level":0.95,"lower_bound":6557355.3510796199,"upper_bound":6668181.0449793669},"point_estimate":6611192.682677542,"standard_error":28222.23717226974},"Median":{"confidence_interval":{"confidence_level":0.95,"lower_bound":6448566.004310345,"upper_bound":6513941.346153846},"point_estimate":6477228.889751554,"standard_error":16139.002068321804},"MedianAbsDev":{"confidence_interval":{"confidence_level":0.95,"lower_bound":68746.52306479232,"upper_bound":145167.4046977923},"point_estimate":103025.36147606148,"standard_error":20135.94251200569},"Slope":{"confidence_interval":{"confidence_level":0.95,"lower_bound":6513226.72534593,"upper_bound":6621029.820267305},"point_estimate":6562211.259521206,"standard_error":27591.260629733046},"StdDev":{"confidence_interval":{"confidence_level":0.95,"lower_bound":237247.75256289869,"upper_bound":317660.22483776535},"point_estimate":283306.45360047716,"standard_error":20537.383958676768}}