{"Mean":{"confidence_interval":{"confidence_level":0.95,"lower_bound":0.8260784920221593,"upper_bound":0.8617031859511908},"point_estimate":0.8438308502999457,"standard_error":0.008973207373472073},"Median":{"confidence_interval":{"confidence_level":0.95,"lower_bound":0.8212628799180008,"upper_bound":0.869842509241129},"point_estimate":0.8493476278609651,"standard_error":0.013198746300477219}}