{"Mean":{"confidence_interval":{"confidence_level":0.95,"lower_bound":205.62183163752676,"upper_bound":212.08382648423817},"point_estimate":208.74577028250403,"standard_error":1.6476241847997999},"Median":{"confidence_interval":{"confidence_level":0.95,"lower_bound":198.9661634125109,"upper_bound":199.38139037433155},"point_estimate":199.08789864737339,"standard_error":0.10200177987293785},"MedianAbsDev":{"confidence_interval":{"confidence_level":0.95,"lower_bound":0.5090358784244,"upper_bound":1.0862227294886906},"point_estimate":0.6866296309389832,"standard_error":0.14993656585819829},"Slope":{"confidence_interval":{"confidence_level":0.95,"lower_bound":206.1338212901814,"upper_bound":214.36012315272795},"point_estimate":209.96245677062877,"standard_error":2.1030366771573059},"StdDev":{"confidence_interval":{"confidence_level":0.95,"lower_bound":14.298773988267963,"upper_bound":17.980734972115927},"point_estimate":16.537736849522479,"standard_error":0.9342093079251365}}