{"Mean":{"confidence_interval":{"confidence_level":0.95,"lower_bound":2800.602904655171,"upper_bound":2809.3513147994265},"point_estimate":2804.875157091544,"standard_error":2.2362960780002765},"Median":{"confidence_interval":{"confidence_level":0.95,"lower_bound":2790.817460825072,"upper_bound":2799.5365140156457},"point_estimate":2795.4386114083,"standard_error":2.4315573549843187},"MedianAbsDev":{"confidence_interval":{"confidence_level":0.95,"lower_bound":8.209938072229353,"upper_bound":19.946193496090307},"point_estimate":14.541376528437598,"standard_error":3.2113495712510606},"Slope":{"confidence_interval":{"confidence_level":0.95,"lower_bound":2792.846158982877,"upper_bound":2800.9807141115545},"point_estimate":2796.590954818123,"standard_error":2.082453975977285},"StdDev":{"confidence_interval":{"confidence_level":0.95,"lower_bound":19.210189948401707,"upper_bound":25.148501212842615},"point_estimate":22.487593860712346,"standard_error":1.5171347476896056}}