{"Mean":{"confidence_interval":{"confidence_level":0.95,"lower_bound":53406124.59019838,"upper_bound":53844936.9182622},"point_estimate":53620524.94375497,"standard_error":112054.71586465647},"Median":{"confidence_interval":{"confidence_level":0.95,"lower_bound":53251794.91304348,"upper_bound":53574844.80666667},"point_estimate":53429950.11490683,"standard_error":82147.20085889202},"MedianAbsDev":{"confidence_interval":{"confidence_level":0.95,"lower_bound":573067.8708182967,"upper_bound":1038941.8731004802},"point_estimate":770059.5567803256,"standard_error":116575.04935817386},"Slope":{"confidence_interval":{"confidence_level":0.95,"lower_bound":53379254.75093648,"upper_bound":53879216.4934184},"point_estimate":53623518.290019217,"standard_error":127529.33468817207},"StdDev":{"confidence_interval":{"confidence_level":0.95,"lower_bound":919078.9791236101,"upper_bound":1301238.2867533419},"point_estimate":1126012.1826425365,"standard_error":97393.91943100404}}