{"Mean":{"confidence_interval":{"confidence_level":0.95,"lower_bound":4391.054720081939,"upper_bound":4500.245669552257},"point_estimate":4444.874490772541,"standard_error":27.875102833090986},"Median":{"confidence_interval":{"confidence_level":0.95,"lower_bound":4231.343576841591,"upper_bound":4683.474364406779},"point_estimate":4287.473813103699,"standard_error":115.02289536887162},"MedianAbsDev":{"confidence_interval":{"confidence_level":0.95,"lower_bound":130.16644047510128,"upper_bound":445.21088872707238},"point_estimate":229.87346718158435,"standard_error":85.22329148577427},"Slope":{"confidence_interval":{"confidence_level":0.95,"lower_bound":4486.1894528267389,"upper_bound":4627.676197642329},"point_estimate":4557.963844354332,"standard_error":36.00091692426517},"StdDev":{"confidence_interval":{"confidence_level":0.95,"lower_bound":255.32288340339,"upper_bound":300.8916401059842},"point_estimate":279.77704192105,"standard_error":11.642133910880796}}