{"Mean":{"confidence_interval":{"confidence_level":0.95,"lower_bound":20.982774853684828,"upper_bound":20.99686449557037},"point_estimate":20.989410988296549,"standard_error":0.003602870036559833},"Median":{"confidence_interval":{"confidence_level":0.95,"lower_bound":20.97196610549106,"upper_bound":20.97897225602725},"point_estimate":20.97404129862734,"standard_error":0.001960475019152031},"MedianAbsDev":{"confidence_interval":{"confidence_level":0.95,"lower_bound":0.006851169898361067,"upper_bound":0.016150325273599887},"point_estimate":0.010915907743588865,"standard_error":0.0025108185114790335},"Slope":{"confidence_interval":{"confidence_level":0.95,"lower_bound":20.96938097671922,"upper_bound":20.971702488286139},"point_estimate":20.970433642515159,"standard_error":0.0005935584373522651},"StdDev":{"confidence_interval":{"confidence_level":0.95,"lower_bound":0.025255092314423925,"upper_bound":0.045207897102282536},"point_estimate":0.036137213742059488,"standard_error":0.005098450165239313}}