{"Mean":{"confidence_interval":{"confidence_level":0.95,"lower_bound":247.30951936752667,"upper_bound":259.9073183325645},"point_estimate":253.43315680075143,"standard_error":3.2154029687852989},"Median":{"confidence_interval":{"confidence_level":0.95,"lower_bound":234.4801130583893,"upper_bound":234.70255035312582},"point_estimate":234.5595435027587,"standard_error":0.05842330511557497},"MedianAbsDev":{"confidence_interval":{"confidence_level":0.95,"lower_bound":0.16162379375801268,"upper_bound":0.4864602143986433},"point_estimate":0.27296826407081256,"standard_error":0.08539206022739228},"Slope":{"confidence_interval":{"confidence_level":0.95,"lower_bound":247.42775632066566,"upper_bound":262.53625437995125},"point_estimate":254.36893422523586,"standard_error":3.8686935429502515},"StdDev":{"confidence_interval":{"confidence_level":0.95,"lower_bound":27.920566683633689,"upper_bound":35.274290921857879},"point_estimate":32.29625373660394,"standard_error":1.8988775112459076}}