{"Mean":{"confidence_interval":{"confidence_level":0.95,"lower_bound":39518.251299057956,"upper_bound":40115.945663610626},"point_estimate":39813.99681196682,"standard_error":152.3558388187459},"Median":{"confidence_interval":{"confidence_level":0.95,"lower_bound":38575.55911680912,"upper_bound":41310.02564102564},"point_estimate":38618.99719214609,"standard_error":494.42859051898309},"MedianAbsDev":{"confidence_interval":{"confidence_level":0.95,"lower_bound":117.05755202077609,"upper_bound":1456.4121260665939},"point_estimate":205.5762022577919,"standard_error":350.9670598143997},"Slope":{"confidence_interval":{"confidence_level":0.95,"lower_bound":38656.559412935676,"upper_bound":38854.294659336985},"point_estimate":38741.306504188884,"standard_error":50.581526138054659},"StdDev":{"confidence_interval":{"confidence_level":0.95,"lower_bound":1434.8426595099757,"upper_bound":1583.543684988284},"point_estimate":1529.752668644032,"standard_error":37.723883095066117}}