{"Mean":{"confidence_interval":{"confidence_level":0.95,"lower_bound":1550626.1922343439,"upper_bound":1567340.760503928},"point_estimate":1558062.6195982428,"standard_error":4298.133725360173},"Median":{"confidence_interval":{"confidence_level":0.95,"lower_bound":1542641.0092624357,"upper_bound":1546535.2586206897},"point_estimate":1544224.0600567465,"standard_error":1143.3556059884159},"MedianAbsDev":{"confidence_interval":{"confidence_level":0.95,"lower_bound":4090.0146083513266,"upper_bound":9097.120117284678},"point_estimate":5839.344229493575,"standard_error":1392.0225000225153},"Slope":{"confidence_interval":{"confidence_level":0.95,"lower_bound":1541464.639294115,"upper_bound":1556086.0454520689},"point_estimate":1546500.3980404908,"standard_error":4123.872149373668},"StdDev":{"confidence_interval":{"confidence_level":0.95,"lower_bound":19917.664355556604,"upper_bound":62811.887080946144},"point_estimate":43041.76668058426,"standard_error":11111.205758541959}}