{"Mean":{"confidence_interval":{"confidence_level":0.95,"lower_bound":372828.33467680957,"upper_bound":375564.7347522416},"point_estimate":374143.46685954238,"standard_error":698.1044210180085},"Median":{"confidence_interval":{"confidence_level":0.95,"lower_bound":371207.8494623656,"upper_bound":371308.33838383838},"point_estimate":371270.950008325,"standard_error":29.41026811952145},"MedianAbsDev":{"confidence_interval":{"confidence_level":0.95,"lower_bound":137.66318383508509,"upper_bound":271.2019733713088},"point_estimate":196.86627959313285,"standard_error":34.124723614403468},"Slope":{"confidence_interval":{"confidence_level":0.95,"lower_bound":371170.69531971766,"upper_bound":371298.74370113186},"point_estimate":371227.79057681889,"standard_error":32.74528403478724},"StdDev":{"confidence_interval":{"confidence_level":0.95,"lower_bound":5418.522386357468,"upper_bound":8214.14982799078},"point_estimate":7022.72310967787,"standard_error":717.1114250349119}}