{"Mean":{"confidence_interval":{"confidence_level":0.95,"lower_bound":27.85966486818283,"upper_bound":28.39437409132576},"point_estimate":28.10941713258981,"standard_error":0.13499806515108077},"Median":{"confidence_interval":{"confidence_level":0.95,"lower_bound":27.59622717368749,"upper_bound":27.605139699788518},"point_estimate":27.599826256690187,"standard_error":0.0022700844443660705},"MedianAbsDev":{"confidence_interval":{"confidence_level":0.95,"lower_bound":0.020848969849735389,"upper_bound":0.04038537956201487},"point_estimate":0.03255253066452039,"standard_error":0.004778682810650669},"Slope":{"confidence_interval":{"confidence_level":0.95,"lower_bound":28.337837930380745,"upper_bound":29.465694157267057},"point_estimate":28.919401161197685,"standard_error":0.28836875581061258},"StdDev":{"confidence_interval":{"confidence_level":0.95,"lower_bound":0.9882552814687853,"upper_bound":1.627955605723293},"point_estimate":1.350350046005582,"standard_error":0.16182337733127223}}