{"Mean":{"confidence_interval":{"confidence_level":0.95,"lower_bound":105.77551367957196,"upper_bound":109.35694546992134},"point_estimate":107.58688265219767,"standard_error":0.9149366589337585},"Median":{"confidence_interval":{"confidence_level":0.95,"lower_bound":107.71706981543048,"upper_bound":111.4805579418098},"point_estimate":109.77952991942904,"standard_error":0.9282659036251207},"MedianAbsDev":{"confidence_interval":{"confidence_level":0.95,"lower_bound":5.656100203203167,"upper_bound":10.919724994144837},"point_estimate":8.102451954017753,"standard_error":1.3052680567039457},"Slope":{"confidence_interval":{"confidence_level":0.95,"lower_bound":105.70334532476039,"upper_bound":110.77365491047083},"point_estimate":108.27692234981719,"standard_error":1.2966640170588464},"StdDev":{"confidence_interval":{"confidence_level":0.95,"lower_bound":7.909288254032131,"upper_bound":10.31631837891252},"point_estimate":9.198392230211474,"standard_error":0.6146557857959244}}