{"Mean":{"confidence_interval":{"confidence_level":0.95,"lower_bound":4.547948903167013,"upper_bound":4.678698451403023},"point_estimate":4.61451741595086,"standard_error":0.033304022713270809},"Median":{"confidence_interval":{"confidence_level":0.95,"lower_bound":4.8489084519940059,"upper_bound":4.8520665449136699},"point_estimate":4.850330537418515,"standard_error":0.012044693127952748},"MedianAbsDev":{"confidence_interval":{"confidence_level":0.95,"lower_bound":0.005368030964130777,"upper_bound":0.034104284851092406},"point_estimate":0.012098485308988093,"standard_error":0.012647250114587309},"Slope":{"confidence_interval":{"confidence_level":0.95,"lower_bound":4.4326602446707119,"upper_bound":4.611305025583462},"point_estimate":4.525537675384355,"standard_error":0.04572979450140626},"StdDev":{"confidence_interval":{"confidence_level":0.95,"lower_bound":0.30582740561230756,"upper_bound":0.35216816921517549},"point_estimate":0.3356355066591718,"standard_error":0.012001076409501013}}