{"Mean":{"confidence_interval":{"confidence_level":0.95,"lower_bound":11664151.989900489,"upper_bound":11759410.04838773},"point_estimate":11708800.521686748,"standard_error":24425.38228785644},"Median":{"confidence_interval":{"confidence_level":0.95,"lower_bound":11605732.414594595,"upper_bound":11640119.073341838},"point_estimate":11626443.534937889,"standard_error":7972.8670509033449},"MedianAbsDev":{"confidence_interval":{"confidence_level":0.95,"lower_bound":47401.52644520092,"upper_bound":98995.1964626619},"point_estimate":75333.50786703202,"standard_error":13179.095053157835},"Slope":{"confidence_interval":{"confidence_level":0.95,"lower_bound":11666309.404401102,"upper_bound":11826280.736099307},"point_estimate":11738343.377821783,"standard_error":41111.0980894406},"StdDev":{"confidence_interval":{"confidence_level":0.95,"lower_bound":166238.84050831709,"upper_bound":313101.24562585478},"point_estimate":244386.1923999961,"standard_error":37573.03577103196}}