{"Mean":{"confidence_interval":{"confidence_level":0.95,"lower_bound":476325.6760630952,"upper_bound":521508.6611998363},"point_estimate":499056.148573572,"standard_error":11534.752818785075},"Median":{"confidence_interval":{"confidence_level":0.95,"lower_bound":479892.8253968254,"upper_bound":581188.3559322034},"point_estimate":575774.6398989899,"standard_error":32082.741533560395},"MedianAbsDev":{"confidence_interval":{"confidence_level":0.95,"lower_bound":52533.6186919239,"upper_bound":185831.51268504174},"point_estimate":105528.59795363793,"standard_error":33380.43497589666},"Slope":{"confidence_interval":{"confidence_level":0.95,"lower_bound":473521.42428100088,"upper_bound":536161.0817572618},"point_estimate":505370.8657731146,"standard_error":16008.037213344576},"StdDev":{"confidence_interval":{"confidence_level":0.95,"lower_bound":107479.17025771187,"upper_bound":122279.3947243997},"point_estimate":116029.68322664613,"standard_error":3764.6301169979635}}