{"Mean":{"confidence_interval":{"confidence_level":0.95,"lower_bound":340333.92670734759,"upper_bound":350260.1846038073},"point_estimate":345022.24870755788,"standard_error":2532.544456303185},"Median":{"confidence_interval":{"confidence_level":0.95,"lower_bound":332710.26785714286,"upper_bound":346604.77143895349},"point_estimate":342263.7786251105,"standard_error":3425.7986424951125},"MedianAbsDev":{"confidence_interval":{"confidence_level":0.95,"lower_bound":14192.365993138319,"upper_bound":30075.246986896465},"point_estimate":21930.980288532806,"standard_error":3161.910466325299},"Slope":{"confidence_interval":{"confidence_level":0.95,"lower_bound":338247.9236617408,"upper_bound":347349.9935234218},"point_estimate":342281.652085119,"standard_error":2332.126406239772},"StdDev":{"confidence_interval":{"confidence_level":0.95,"lower_bound":17284.379107356555,"upper_bound":33412.89426646676},"point_estimate":25431.544519755855,"standard_error":4198.350455312988}}