{"Mean":{"confidence_interval":{"confidence_level":0.95,"lower_bound":369177.4477639686,"upper_bound":372051.0518367669},"point_estimate":370588.55984631829,"standard_error":733.2531554549536},"Median":{"confidence_interval":{"confidence_level":0.95,"lower_bound":366045.52718676129,"upper_bound":366891.63809523815},"point_estimate":366396.1031986532,"standard_error":212.60299190039658},"MedianAbsDev":{"confidence_interval":{"confidence_level":0.95,"lower_bound":1486.866813987207,"upper_bound":2926.648425819328},"point_estimate":2046.2681195364003,"standard_error":368.71799958091648},"Slope":{"confidence_interval":{"confidence_level":0.95,"lower_bound":370267.0031039334,"upper_bound":374528.6367029067},"point_estimate":372320.95071671347,"standard_error":1089.9554539221202},"StdDev":{"confidence_interval":{"confidence_level":0.95,"lower_bound":6528.825684682845,"upper_bound":7929.326830200107},"point_estimate":7383.691767612243,"standard_error":360.41439676310457}}