{"Mean":{"confidence_interval":{"confidence_level":0.95,"lower_bound":5097548.514048254,"upper_bound":5128094.1077362759},"point_estimate":5110781.076343618,"standard_error":7883.71467510256},"Median":{"confidence_interval":{"confidence_level":0.95,"lower_bound":5083982.674242424,"upper_bound":5089526.466666667},"point_estimate":5085934.344347826,"standard_error":1367.7915847873383},"MedianAbsDev":{"confidence_interval":{"confidence_level":0.95,"lower_bound":5560.245269436787,"upper_bound":13012.831621660063},"point_estimate":8601.00801377568,"standard_error":1900.3929222993273},"Slope":{"confidence_interval":{"confidence_level":0.95,"lower_bound":5081898.627303568,"upper_bound":5083776.752655356},"point_estimate":5082748.4200325109,"standard_error":478.1209646664945},"StdDev":{"confidence_interval":{"confidence_level":0.95,"lower_bound":32267.751278301235,"upper_bound":119607.02502705461},"point_estimate":78835.88214929693,"standard_error":23154.36100315449}}