{"Mean":{"confidence_interval":{"confidence_level":0.95,"lower_bound":425480.76839196638,"upper_bound":425923.5841449214},"point_estimate":425710.1715138635,"standard_error":112.9386914943422},"Median":{"confidence_interval":{"confidence_level":0.95,"lower_bound":425563.60752688176,"upper_bound":425959.3333333333},"point_estimate":425774.3620277379,"standard_error":82.65658990736226},"MedianAbsDev":{"confidence_interval":{"confidence_level":0.95,"lower_bound":456.37486523111769,"upper_bound":728.7954027049302},"point_estimate":599.4901591558814,"standard_error":70.64130944772937},"Slope":{"confidence_interval":{"confidence_level":0.95,"lower_bound":425606.53286050658,"upper_bound":425895.09693123216},"point_estimate":425741.47872617116,"standard_error":73.434021045018},"StdDev":{"confidence_interval":{"confidence_level":0.95,"lower_bound":820.6436896495512,"upper_bound":1399.938349218959},"point_estimate":1132.5602211853614,"standard_error":148.32984531888466}}