{"Mean":{"confidence_interval":{"confidence_level":0.95,"lower_bound":5289359.632961226,"upper_bound":5462945.762911791},"point_estimate":5375187.968148794,"standard_error":44547.817528134925},"Median":{"confidence_interval":{"confidence_level":0.95,"lower_bound":5039328.142241379,"upper_bound":5168830.4},"point_estimate":5058906.068627451,"standard_error":38906.45400009614},"MedianAbsDev":{"confidence_interval":{"confidence_level":0.95,"lower_bound":28566.604104436694,"upper_bound":222639.71523951696},"point_estimate":57558.38642557114,"standard_error":56588.41088744559},"Slope":{"confidence_interval":{"confidence_level":0.95,"lower_bound":5299976.554135516,"upper_bound":5536912.383776792},"point_estimate":5416308.601785134,"standard_error":60565.978245919665},"StdDev":{"confidence_interval":{"confidence_level":0.95,"lower_bound":405579.05771079679,"upper_bound":472172.1692203363},"point_estimate":446703.75831180319,"standard_error":17153.105581722073}}