{"Mean":{"confidence_interval":{"confidence_level":0.95,"lower_bound":4307103.490919382,"upper_bound":4438183.956360271},"point_estimate":4370465.781239332,"standard_error":33638.95146057875},"Median":{"confidence_interval":{"confidence_level":0.95,"lower_bound":4171132.975,"upper_bound":4212641.989743589},"point_estimate":4178023.484750162,"standard_error":10596.860104872147},"MedianAbsDev":{"confidence_interval":{"confidence_level":0.95,"lower_bound":12114.656610413349,"upper_bound":71731.14242550232},"point_estimate":22960.07575569462,"standard_error":15669.011495856928},"Slope":{"confidence_interval":{"confidence_level":0.95,"lower_bound":4325337.931543675,"upper_bound":4527806.442531334},"point_estimate":4422581.373273238,"standard_error":51846.46847347428},"StdDev":{"confidence_interval":{"confidence_level":0.95,"lower_bound":278248.9386609352,"upper_bound":383796.5144799452},"point_estimate":339047.8381673468,"standard_error":27002.449156384228}}