{"Mean":{"confidence_interval":{"confidence_level":0.95,"lower_bound":-0.023262833480674699,"upper_bound":0.05271342041410415},"point_estimate":0.013592801838772317,"standard_error":0.01955558198376968},"Median":{"confidence_interval":{"confidence_level":0.95,"lower_bound":0.0008276854121904709,"upper_bound":0.0057854637434253679},"point_estimate":0.004421257332918094,"standard_error":0.0012632624526652224}}