{"Mean":{"confidence_interval":{"confidence_level":0.95,"lower_bound":24661.41996128442,"upper_bound":24711.027199108696},"point_estimate":24684.35946822827,"standard_error":12.730652676344303},"Median":{"confidence_interval":{"confidence_level":0.95,"lower_bound":24629.885782272457,"upper_bound":24659.972279155565},"point_estimate":24639.56986979644,"standard_error":8.214611694339468},"MedianAbsDev":{"confidence_interval":{"confidence_level":0.95,"lower_bound":35.508369816753667,"upper_bound":61.60521182549626},"point_estimate":47.46439941558876,"standard_error":6.61364677907309},"Slope":{"confidence_interval":{"confidence_level":0.95,"lower_bound":24626.66335100682,"upper_bound":24678.71763159795},"point_estimate":24647.76403868126,"standard_error":13.608852236109894},"StdDev":{"confidence_interval":{"confidence_level":0.95,"lower_bound":77.57711308975357,"upper_bound":169.72687383225108},"point_estimate":127.92597526317572,"standard_error":23.470844774561617}}