{"Mean":{"confidence_interval":{"confidence_level":0.95,"lower_bound":51216118.54047461,"upper_bound":51321271.64086177},"point_estimate":51260235.771136809,"standard_error":27253.964579450298},"Median":{"confidence_interval":{"confidence_level":0.95,"lower_bound":51220564.57867908,"upper_bound":51251781.5},"point_estimate":51234000.045287359,"standard_error":7167.319770584855},"MedianAbsDev":{"confidence_interval":{"confidence_level":0.95,"lower_bound":68791.37577191708,"upper_bound":109921.83134394848},"point_estimate":94397.32173461002,"standard_error":10424.649810781506},"Slope":{"confidence_interval":{"confidence_level":0.95,"lower_bound":51242841.74838724,"upper_bound":51289935.12621501},"point_estimate":51267006.2615014,"standard_error":12026.206908548676},"StdDev":{"confidence_interval":{"confidence_level":0.95,"lower_bound":99773.14279018797,"upper_bound":439445.62523122268},"point_estimate":273860.95725177109,"standard_error":104083.37639263891}}