{"Mean":{"confidence_interval":{"confidence_level":0.95,"lower_bound":21727088.663722088,"upper_bound":21866405.730222495},"point_estimate":21791193.283330066,"standard_error":35875.76452288871},"Median":{"confidence_interval":{"confidence_level":0.95,"lower_bound":21677992.353636028,"upper_bound":21731633.007575759},"point_estimate":21711294.675,"standard_error":13546.356269361435},"MedianAbsDev":{"confidence_interval":{"confidence_level":0.95,"lower_bound":83364.19405772693,"upper_bound":145642.83236852356},"point_estimate":108217.4770378259,"standard_error":15551.797344856863},"Slope":{"confidence_interval":{"confidence_level":0.95,"lower_bound":21740480.04235454,"upper_bound":21858548.355293916},"point_estimate":21794139.642979165,"standard_error":30334.611371532734},"StdDev":{"confidence_interval":{"confidence_level":0.95,"lower_bound":215231.45921748904,"upper_bound":488672.5886448486},"point_estimate":361509.4445478596,"standard_error":70272.34207546972}}