{"Mean":{"confidence_interval":{"confidence_level":0.95,"lower_bound":9693111.958007528,"upper_bound":9811573.584108213},"point_estimate":9753138.473442415,"standard_error":30222.133116078963},"Median":{"confidence_interval":{"confidence_level":0.95,"lower_bound":9783169.329268294,"upper_bound":9852792.359848485},"point_estimate":9830531.72826087,"standard_error":18758.492392275202},"MedianAbsDev":{"confidence_interval":{"confidence_level":0.95,"lower_bound":129045.28733304188,"upper_bound":258266.77622383293},"point_estimate":174041.46935618745,"standard_error":32641.173122492524},"Slope":{"confidence_interval":{"confidence_level":0.95,"lower_bound":9657075.365733769,"upper_bound":9801231.958079093},"point_estimate":9731278.216281956,"standard_error":36817.008943150606},"StdDev":{"confidence_interval":{"confidence_level":0.95,"lower_bound":248811.04228280165,"upper_bound":356061.5996215724},"point_estimate":304554.49038952586,"standard_error":27385.937315539966}}