{"Mean":{"confidence_interval":{"confidence_level":0.95,"lower_bound":4247613.7238787929,"upper_bound":4348373.55472906},"point_estimate":4294394.850071515,"standard_error":25843.196255176048},"Median":{"confidence_interval":{"confidence_level":0.95,"lower_bound":4199405.060606061,"upper_bound":4202902.589700997},"point_estimate":4201161.593835383,"standard_error":899.1510706939678},"MedianAbsDev":{"confidence_interval":{"confidence_level":0.95,"lower_bound":5874.280929504332,"upper_bound":13374.740693333306},"point_estimate":8622.474128494021,"standard_error":1933.3670951227173},"Slope":{"confidence_interval":{"confidence_level":0.95,"lower_bound":4215017.381932117,"upper_bound":4309654.77554104},"point_estimate":4256853.96696616,"standard_error":24393.055271588455},"StdDev":{"confidence_interval":{"confidence_level":0.95,"lower_bound":173251.37649065266,"upper_bound":323871.77859134806},"point_estimate":259397.0102464764,"standard_error":38285.27817871964}}