{"Mean":{"confidence_interval":{"confidence_level":0.95,"lower_bound":14753753.39993176,"upper_bound":14788636.104202036},"point_estimate":14771335.1874008,"standard_error":8883.754681809805},"Median":{"confidence_interval":{"confidence_level":0.95,"lower_bound":14766715.35,"upper_bound":14793350.405000002},"point_estimate":14781721.561176472,"standard_error":5909.460323909865},"MedianAbsDev":{"confidence_interval":{"confidence_level":0.95,"lower_bound":54432.884149006924,"upper_bound":103333.79003665209},"point_estimate":74141.06798113804,"standard_error":11305.69102006473},"Slope":{"confidence_interval":{"confidence_level":0.95,"lower_bound":14764659.345974675,"upper_bound":14793308.158539484},"point_estimate":14778708.794626866,"standard_error":7298.451750075217},"StdDev":{"confidence_interval":{"confidence_level":0.95,"lower_bound":75680.22952874638,"upper_bound":101275.55886454358},"point_estimate":89295.24245356096,"standard_error":6540.607283635746}}