{"Mean":{"confidence_interval":{"confidence_level":0.95,"lower_bound":3495134.9702540028,"upper_bound":3540469.5437328747},"point_estimate":3517759.02767526,"standard_error":11455.480747079226},"Median":{"confidence_interval":{"confidence_level":0.95,"lower_bound":3499847.9264705886,"upper_bound":3519141.75},"point_estimate":3501844.7278890286,"standard_error":4387.788704678671},"MedianAbsDev":{"confidence_interval":{"confidence_level":0.95,"lower_bound":20047.41639295087,"upper_bound":49163.12396884681},"point_estimate":35168.80767890235,"standard_error":7268.181981242834},"Slope":{"confidence_interval":{"confidence_level":0.95,"lower_bound":3518871.20665854,"upper_bound":3533769.5752044559},"point_estimate":3526021.9316092806,"standard_error":3804.5395738097229},"StdDev":{"confidence_interval":{"confidence_level":0.95,"lower_bound":53282.87836984685,"upper_bound":166215.16768232216},"point_estimate":114920.58044142057,"standard_error":29274.421094151247}}