{"Mean":{"confidence_interval":{"confidence_level":0.95,"lower_bound":325964.26096321389,"upper_bound":331943.50565007989},"point_estimate":328894.54571543229,"standard_error":1528.2063931054709},"Median":{"confidence_interval":{"confidence_level":0.95,"lower_bound":326836.3056099791,"upper_bound":328556.82547169816},"point_estimate":327809.85339506177,"standard_error":1013.5452710662069},"MedianAbsDev":{"confidence_interval":{"confidence_level":0.95,"lower_bound":19777.873624531763,"upper_bound":22772.606483492607},"point_estimate":21663.86948775412,"standard_error":1482.853789521395},"Slope":{"confidence_interval":{"confidence_level":0.95,"lower_bound":334632.393647366,"upper_bound":342857.8097880549},"point_estimate":338614.40100635439,"standard_error":2096.042203850796},"StdDev":{"confidence_interval":{"confidence_level":0.95,"lower_bound":13145.73513523453,"upper_bound":17812.852474779516},"point_estimate":15375.344703144145,"standard_error":1203.621580013787}}