{"Mean":{"confidence_interval":{"confidence_level":0.95,"lower_bound":80940628.27203654,"upper_bound":81963887.4958714},"point_estimate":81452816.6543702,"standard_error":261514.29764734128},"Median":{"confidence_interval":{"confidence_level":0.95,"lower_bound":80696963.96551724,"upper_bound":81735770.10851649},"point_estimate":81337007.5909091,"standard_error":278896.7339112043},"MedianAbsDev":{"confidence_interval":{"confidence_level":0.95,"lower_bound":1723016.9053269076,"upper_bound":2997250.7799326346},"point_estimate":2402139.975008643,"standard_error":324504.3171362451},"Slope":{"confidence_interval":{"confidence_level":0.95,"lower_bound":80895836.6878246,"upper_bound":81736257.67231302},"point_estimate":81315105.97769766,"standard_error":214535.4923505162},"StdDev":{"confidence_interval":{"confidence_level":0.95,"lower_bound":2108528.6646098776,"upper_bound":3115065.44401144},"point_estimate":2622277.973178565,"standard_error":256822.15613178822}}