{"Mean":{"confidence_interval":{"confidence_level":0.95,"lower_bound":553371.1777060432,"upper_bound":581125.2935056267},"point_estimate":567902.8883805079,"standard_error":7072.522802032218},"Median":{"confidence_interval":{"confidence_level":0.95,"lower_bound":575269.8148148148,"upper_bound":580002.7960526316},"point_estimate":576732.4740501371,"standard_error":1275.8414806261979},"MedianAbsDev":{"confidence_interval":{"confidence_level":0.95,"lower_bound":6837.360079200834,"upper_bound":13478.093020331424},"point_estimate":9031.719235243101,"standard_error":1759.618776218011},"Slope":{"confidence_interval":{"confidence_level":0.95,"lower_bound":541345.0281517222,"upper_bound":591029.1793870053},"point_estimate":567274.6480892567,"standard_error":12644.447474093386},"StdDev":{"confidence_interval":{"confidence_level":0.95,"lower_bound":52101.96869743581,"upper_bound":87112.017983808},"point_estimate":71508.93409718268,"standard_error":8942.613457926409}}