{"Mean":{"confidence_interval":{"confidence_level":0.95,"lower_bound":-0.044759727783156889,"upper_bound":0.005045604835859185},"point_estimate":-0.019994948016348159,"standard_error":0.012763540603359169},"Median":{"confidence_interval":{"confidence_level":0.95,"lower_bound":-0.008999306220808357,"upper_bound":-0.007117541309212938},"point_estimate":-0.007664781804593512,"standard_error":0.0005453653537252862}}