{"Mean":{"confidence_interval":{"confidence_level":0.95,"lower_bound":4426.475198888169,"upper_bound":4522.570305248871},"point_estimate":4472.849638550245,"standard_error":24.56416276009947},"Median":{"confidence_interval":{"confidence_level":0.95,"lower_bound":4321.801767676768,"upper_bound":4380.248859436359},"point_estimate":4358.8339569364629,"standard_error":16.010550612063175},"MedianAbsDev":{"confidence_interval":{"confidence_level":0.95,"lower_bound":40.800785201567219,"upper_bound":111.12570704290975},"point_estimate":78.73180177705864,"standard_error":18.499083705722805},"Slope":{"confidence_interval":{"confidence_level":0.95,"lower_bound":4482.44438124372,"upper_bound":4634.55782589156},"point_estimate":4557.189675960133,"standard_error":38.826303599425049},"StdDev":{"confidence_interval":{"confidence_level":0.95,"lower_bound":204.93008886328756,"upper_bound":279.6213423590501},"point_estimate":246.89497094005757,"standard_error":19.11661410119355}}