{"Mean":{"confidence_interval":{"confidence_level":0.95,"lower_bound":4381602.96208485,"upper_bound":4395012.506424977},"point_estimate":4388328.560520399,"standard_error":3399.420194823733},"Median":{"confidence_interval":{"confidence_level":0.95,"lower_bound":4389126.748863636,"upper_bound":4393688.963144964},"point_estimate":4390452.769980507,"standard_error":1244.6736623203634},"MedianAbsDev":{"confidence_interval":{"confidence_level":0.95,"lower_bound":7663.899728427009,"upper_bound":12286.833682421182},"point_estimate":10282.784890119041,"standard_error":1119.5979864184242},"Slope":{"confidence_interval":{"confidence_level":0.95,"lower_bound":4386111.926956942,"upper_bound":4389971.290131401},"point_estimate":4387950.24878676,"standard_error":984.002062986201},"StdDev":{"confidence_interval":{"confidence_level":0.95,"lower_bound":20385.58743478348,"upper_bound":46211.843909543706},"point_estimate":34156.84544582137,"standard_error":6626.710898786399}}