{"Mean":{"confidence_interval":{"confidence_level":0.95,"lower_bound":0.003428124456497989,"upper_bound":0.0070112329924760219},"point_estimate":0.005197608517265584,"standard_error":0.0009123763012097269},"Median":{"confidence_interval":{"confidence_level":0.95,"lower_bound":0.004529921148635374,"upper_bound":0.007990837201106605},"point_estimate":0.00650427584370461,"standard_error":0.0008940208821839071}}