{"Mean":{"confidence_interval":{"confidence_level":0.95,"lower_bound":4562696.739241793,"upper_bound":4698206.27925221},"point_estimate":4627840.313405602,"standard_error":34536.99536259455},"Median":{"confidence_interval":{"confidence_level":0.95,"lower_bound":4441387.307692308,"upper_bound":4457353.679245283},"point_estimate":4450898.696356275,"standard_error":4761.561971737059},"MedianAbsDev":{"confidence_interval":{"confidence_level":0.95,"lower_bound":20820.047993161344,"upper_bound":47579.36585711336},"point_estimate":33866.54529126087,"standard_error":7061.542450670875},"Slope":{"confidence_interval":{"confidence_level":0.95,"lower_bound":4497322.090339576,"upper_bound":4662699.85175667},"point_estimate":4572972.062621546,"standard_error":42606.30785419709},"StdDev":{"confidence_interval":{"confidence_level":0.95,"lower_bound":286664.38558091068,"upper_bound":393224.02836608586},"point_estimate":348307.97435937027,"standard_error":27228.22995642021}}