{"Mean":{"confidence_interval":{"confidence_level":0.95,"lower_bound":50966705.03305943,"upper_bound":51573318.29740723},"point_estimate":51268644.07721312,"standard_error":154815.86187640535},"Median":{"confidence_interval":{"confidence_level":0.95,"lower_bound":50694425.015384618,"upper_bound":51521844.78296703},"point_estimate":51217190.13275862,"standard_error":228295.76792434063},"MedianAbsDev":{"confidence_interval":{"confidence_level":0.95,"lower_bound":1416136.2393021743,"upper_bound":2140499.5662605438},"point_estimate":1839871.030041193,"standard_error":177109.85588972175},"Slope":{"confidence_interval":{"confidence_level":0.95,"lower_bound":51498147.764181498,"upper_bound":52108059.25065624},"point_estimate":51816813.41234521,"standard_error":155173.09433626195},"StdDev":{"confidence_interval":{"confidence_level":0.95,"lower_bound":1355511.8687799054,"upper_bound":1736759.256778047},"point_estimate":1553692.822820129,"standard_error":96895.47813245992}}