{"Mean":{"confidence_interval":{"confidence_level":0.95,"lower_bound":46926670.15288727,"upper_bound":46946217.32679725},"point_estimate":46936270.167680669,"standard_error":4971.430043231189},"Median":{"confidence_interval":{"confidence_level":0.95,"lower_bound":46936281.125,"upper_bound":46951882.538461539},"point_estimate":46947101.10952381,"standard_error":3749.4126682513908},"MedianAbsDev":{"confidence_interval":{"confidence_level":0.95,"lower_bound":23785.684962721887,"upper_bound":43435.48285099449},"point_estimate":31202.322175139263,"standard_error":5016.80862905018},"Slope":{"confidence_interval":{"confidence_level":0.95,"lower_bound":46904776.45222566,"upper_bound":46926296.321456979},"point_estimate":46915350.504137728,"standard_error":5485.641335693094},"StdDev":{"confidence_interval":{"confidence_level":0.95,"lower_bound":37607.95921527842,"upper_bound":64486.047211365665},"point_estimate":50137.256108113084,"standard_error":7160.138749327672}}