{"Mean":{"confidence_interval":{"confidence_level":0.95,"lower_bound":1713218.061178851,"upper_bound":1751836.7645239405},"point_estimate":1732341.0478007687,"standard_error":9844.324835803369},"Median":{"confidence_interval":{"confidence_level":0.95,"lower_bound":1651659.5454545455,"upper_bound":1716610.2900696865},"point_estimate":1653207.012254902,"standard_error":23493.842026604863},"MedianAbsDev":{"confidence_interval":{"confidence_level":0.95,"lower_bound":2028.2892310916478,"upper_bound":66373.41533410458},"point_estimate":4290.70150873184,"standard_error":18022.648556667875},"Slope":{"confidence_interval":{"confidence_level":0.95,"lower_bound":1729106.1963256016,"upper_bound":1781075.2686395297},"point_estimate":1755342.14990099,"standard_error":13285.862620792243},"StdDev":{"confidence_interval":{"confidence_level":0.95,"lower_bound":92646.92675536708,"upper_bound":102291.03580521891},"point_estimate":99032.801867955,"standard_error":2470.8788389663297}}