{"Mean":{"confidence_interval":{"confidence_level":0.95,"lower_bound":0.3324458348142772,"upper_bound":0.404812707522539},"point_estimate":0.3684483950438757,"standard_error":0.018310353313498345},"Median":{"confidence_interval":{"confidence_level":0.95,"lower_bound":0.3239671108800385,"upper_bound":0.43373051854734259},"point_estimate":0.33763211925367977,"standard_error":0.029126176790269337}}