{"Mean":{"confidence_interval":{"confidence_level":0.95,"lower_bound":47089253.423706147,"upper_bound":47382115.19612409},"point_estimate":47235289.7828939,"standard_error":74930.05239640067},"Median":{"confidence_interval":{"confidence_level":0.95,"lower_bound":47112732.14151381,"upper_bound":47431120.27561328},"point_estimate":47280579.41481349,"standard_error":96432.21123280052},"MedianAbsDev":{"confidence_interval":{"confidence_level":0.95,"lower_bound":468177.965364866,"upper_bound":744376.9894076167},"point_estimate":620721.259254435,"standard_error":68437.35454892597},"Slope":{"confidence_interval":{"confidence_level":0.95,"lower_bound":47233224.619453947,"upper_bound":47574613.33369346},"point_estimate":47395878.34247082,"standard_error":86585.7899452353},"StdDev":{"confidence_interval":{"confidence_level":0.95,"lower_bound":601679.7126756461,"upper_bound":893770.4257639817},"point_estimate":752890.8722812217,"standard_error":74366.82792895726}}