{"Mean":{"confidence_interval":{"confidence_level":0.95,"lower_bound":-0.09276423685828196,"upper_bound":-0.029332871992653627},"point_estimate":-0.06124311576250463,"standard_error":0.016134569937316668},"Median":{"confidence_interval":{"confidence_level":0.95,"lower_bound":-0.22968930041355263,"upper_bound":-0.0007728354740172971},"point_estimate":-0.003638019375035384,"standard_error":0.07723342942604536}}