{"Mean":{"confidence_interval":{"confidence_level":0.95,"lower_bound":3559313.1979480388,"upper_bound":3635196.9677516699},"point_estimate":3596024.690598054,"standard_error":19356.53331836628},"Median":{"confidence_interval":{"confidence_level":0.95,"lower_bound":3516514.033898305,"upper_bound":3564769.754716981},"point_estimate":3541745.8567312734,"standard_error":14389.62688844739},"MedianAbsDev":{"confidence_interval":{"confidence_level":0.95,"lower_bound":42598.76078907307,"upper_bound":87900.44679419382},"point_estimate":59510.42253548692,"standard_error":12497.595291463072},"Slope":{"confidence_interval":{"confidence_level":0.95,"lower_bound":3588795.888815653,"upper_bound":3697762.5326246719},"point_estimate":3642477.161519137,"standard_error":27909.079847716446},"StdDev":{"confidence_interval":{"confidence_level":0.95,"lower_bound":135070.99714083825,"upper_bound":249630.4901346577},"point_estimate":194578.89253153056,"standard_error":29442.389898153455}}