{"Mean":{"confidence_interval":{"confidence_level":0.95,"lower_bound":605.6743928809868,"upper_bound":636.3142016013152},"point_estimate":620.9098839406375,"standard_error":7.789772402883305},"Median":{"confidence_interval":{"confidence_level":0.95,"lower_bound":555.6681948424069,"upper_bound":631.9389383363125},"point_estimate":556.2304656160459,"standard_error":22.1776136706379},"MedianAbsDev":{"confidence_interval":{"confidence_level":0.95,"lower_bound":0.7894166081353077,"upper_bound":104.42845030871273},"point_estimate":1.6666220242831163,"standard_error":19.96854391956215},"Slope":{"confidence_interval":{"confidence_level":0.95,"lower_bound":607.8198958688408,"upper_bound":649.362838795872},"point_estimate":628.5144092174945,"standard_error":10.613493594206679},"StdDev":{"confidence_interval":{"confidence_level":0.95,"lower_bound":73.58394322088697,"upper_bound":80.54483531684183},"point_estimate":78.40762242346662,"standard_error":1.7948422601908046}}