{"Mean":{"confidence_interval":{"confidence_level":0.95,"lower_bound":979.2802506827168,"upper_bound":1019.2220606080251},"point_estimate":999.1481792041153,"standard_error":10.037724977018659},"Median":{"confidence_interval":{"confidence_level":0.95,"lower_bound":917.7428875890645,"upper_bound":1000.8105948953478},"point_estimate":917.8994061030905,"standard_error":26.328461040729608},"MedianAbsDev":{"confidence_interval":{"confidence_level":0.95,"lower_bound":0.4601656425021854,"upper_bound":13.439502579125485},"point_estimate":0.7239944753901084,"standard_error":14.133568004923314},"Slope":{"confidence_interval":{"confidence_level":0.95,"lower_bound":925.4216919748639,"upper_bound":937.7969793025756},"point_estimate":930.6959329641676,"standard_error":3.1738660047137419},"StdDev":{"confidence_interval":{"confidence_level":0.95,"lower_bound":94.22840322132268,"upper_bound":102.74087758840605},"point_estimate":100.41651410307725,"standard_error":2.2635212663828838}}