{"Mean":{"confidence_interval":{"confidence_level":0.95,"lower_bound":4.193741723329144,"upper_bound":4.28343383870639},"point_estimate":4.236267973221769,"standard_error":0.022812570815503788},"Median":{"confidence_interval":{"confidence_level":0.95,"lower_bound":4.148622027000176,"upper_bound":4.151363783008147},"point_estimate":4.149678036198638,"standard_error":0.0007473838486324355},"MedianAbsDev":{"confidence_interval":{"confidence_level":0.95,"lower_bound":0.0023673912536369657,"upper_bound":0.006295732786033871},"point_estimate":0.0038623612954760018,"standard_error":0.0010679798047325263},"Slope":{"confidence_interval":{"confidence_level":0.95,"lower_bound":4.278803454950246,"upper_bound":4.469326609753746},"point_estimate":4.3764860115084949,"standard_error":0.04871353229838145},"StdDev":{"confidence_interval":{"confidence_level":0.95,"lower_bound":0.16827631916379755,"upper_bound":0.27540648464630237},"point_estimate":0.2292542135760767,"standard_error":0.02711536159202226}}