{"Mean":{"confidence_interval":{"confidence_level":0.95,"lower_bound":19288371.328635247,"upper_bound":19772787.877027349},"point_estimate":19516634.733758529,"standard_error":124311.64276655684},"Median":{"confidence_interval":{"confidence_level":0.95,"lower_bound":19040272.0,"upper_bound":19050915.83705357},"point_estimate":19045663.691873965,"standard_error":3457.455429850566},"MedianAbsDev":{"confidence_interval":{"confidence_level":0.95,"lower_bound":20361.710679562115,"upper_bound":43282.246006608875},"point_estimate":28855.82880955277,"standard_error":5928.915686627026},"Slope":{"confidence_interval":{"confidence_level":0.95,"lower_bound":19126272.453741798,"upper_bound":19614205.39642627},"point_estimate":19326991.241903355,"standard_error":127293.58269913768},"StdDev":{"confidence_interval":{"confidence_level":0.95,"lower_bound":889136.4036913671,"upper_bound":1525173.208628572},"point_estimate":1252259.0648698109,"standard_error":162491.84938549679}}