{"Mean":{"confidence_interval":{"confidence_level":0.95,"lower_bound":2766.553040991829,"upper_bound":2815.5761769331099},"point_estimate":2789.9532026379367,"standard_error":12.506973245274251},"Median":{"confidence_interval":{"confidence_level":0.95,"lower_bound":2723.7637631975869,"upper_bound":2759.8231617647059},"point_estimate":2753.6270255938918,"standard_error":7.300607874881824},"MedianAbsDev":{"confidence_interval":{"confidence_level":0.95,"lower_bound":43.45931442297713,"upper_bound":86.35842763045754},"point_estimate":75.8569794351698,"standard_error":9.276761154070132},"Slope":{"confidence_interval":{"confidence_level":0.95,"lower_bound":2755.841153383367,"upper_bound":2822.647877771342},"point_estimate":2787.2396163214218,"standard_error":17.128447876884097},"StdDev":{"confidence_interval":{"confidence_level":0.95,"lower_bound":97.23345032956306,"upper_bound":148.31151928259176},"point_estimate":125.55521641514186,"standard_error":13.061510425630843}}