{"Mean":{"confidence_interval":{"confidence_level":0.95,"lower_bound":8.068079881563359,"upper_bound":8.095174716807856},"point_estimate":8.080568458396407,"standard_error":0.006972803038138159},"Median":{"confidence_interval":{"confidence_level":0.95,"lower_bound":8.057120203034677,"upper_bound":8.059019514452072},"point_estimate":8.058093641227348,"standard_error":0.00047091746663167254},"MedianAbsDev":{"confidence_interval":{"confidence_level":0.95,"lower_bound":0.00240551959871234,"upper_bound":0.004984826732442375},"point_estimate":0.0035396699709817757,"standard_error":0.0006274645988629927},"Slope":{"confidence_interval":{"confidence_level":0.95,"lower_bound":8.07820673250855,"upper_bound":8.145640651017184},"point_estimate":8.111524228072757,"standard_error":0.017275858368454523},"StdDev":{"confidence_interval":{"confidence_level":0.95,"lower_bound":0.040663420342059029,"upper_bound":0.08905119741127624},"point_estimate":0.07011142943185227,"standard_error":0.011909849065179555}}