{"Mean":{"confidence_interval":{"confidence_level":0.95,"lower_bound":158406.90880354765,"upper_bound":158539.13319750285},"point_estimate":158470.79252795125,"standard_error":33.64449561345388},"Median":{"confidence_interval":{"confidence_level":0.95,"lower_bound":158287.07142857143,"upper_bound":158485.33333333335},"point_estimate":158385.75664811379,"standard_error":50.51201029685669},"MedianAbsDev":{"confidence_interval":{"confidence_level":0.95,"lower_bound":210.19201250209324,"upper_bound":413.84140352286047},"point_estimate":327.1983743109215,"standard_error":54.37664341736795},"Slope":{"confidence_interval":{"confidence_level":0.95,"lower_bound":158301.4030048015,"upper_bound":158434.9993858537},"point_estimate":158363.740608837,"standard_error":34.154664248498537},"StdDev":{"confidence_interval":{"confidence_level":0.95,"lower_bound":270.57514918086789,"upper_bound":414.8914705078869},"point_estimate":337.41147733416519,"standard_error":38.48117252589518}}