{"Mean":{"confidence_interval":{"confidence_level":0.95,"lower_bound":23306883.553344139,"upper_bound":23442701.35422028},"point_estimate":23375057.234662568,"standard_error":34614.68787403682},"Median":{"confidence_interval":{"confidence_level":0.95,"lower_bound":23353929.569914655,"upper_bound":23467521.08200483},"point_estimate":23410438.47530864,"standard_error":30280.225662493962},"MedianAbsDev":{"confidence_interval":{"confidence_level":0.95,"lower_bound":227642.13955229496,"upper_bound":383011.69702318377},"point_estimate":318132.9152082343,"standard_error":40190.39035428608},"Slope":{"confidence_interval":{"confidence_level":0.95,"lower_bound":23356149.99687613,"upper_bound":23501580.496887708},"point_estimate":23429442.001188119,"standard_error":37172.39165523739},"StdDev":{"confidence_interval":{"confidence_level":0.95,"lower_bound":279400.86999772247,"upper_bound":415164.6212666906},"point_estimate":348298.2511868686,"standard_error":34764.42584451293}}