{"Mean":{"confidence_interval":{"confidence_level":0.95,"lower_bound":974889.3463581249,"upper_bound":979327.8671897383},"point_estimate":976732.2451043662,"standard_error":1149.9204821631943},"Median":{"confidence_interval":{"confidence_level":0.95,"lower_bound":974228.6322062084,"upper_bound":974570.9211553474},"point_estimate":974375.6703703704,"standard_error":96.65318829837999},"MedianAbsDev":{"confidence_interval":{"confidence_level":0.95,"lower_bound":461.5763736236266,"upper_bound":938.824384648382},"point_estimate":707.8577623955431,"standard_error":122.61513926143651},"Slope":{"confidence_interval":{"confidence_level":0.95,"lower_bound":974222.5263361201,"upper_bound":983550.2498441743},"point_estimate":977718.0359302497,"standard_error":2531.7355838737746},"StdDev":{"confidence_interval":{"confidence_level":0.95,"lower_bound":1872.9295237447587,"upper_bound":18566.0437311642},"point_estimate":11595.544777228197,"standard_error":4346.76696020976}}