{"Mean":{"confidence_interval":{"confidence_level":0.95,"lower_bound":33197507.412169346,"upper_bound":33337493.57519641},"point_estimate":33267461.1342165,"standard_error":35728.391334541244},"Median":{"confidence_interval":{"confidence_level":0.95,"lower_bound":33215134.01030928,"upper_bound":33339618.764772729},"point_estimate":33246945.228735635,"standard_error":33083.17001191103},"MedianAbsDev":{"confidence_interval":{"confidence_level":0.95,"lower_bound":269096.7697638074,"upper_bound":423977.30755414816},"point_estimate":344336.1269674903,"standard_error":39523.945923683976},"Slope":{"confidence_interval":{"confidence_level":0.95,"lower_bound":33213102.286272177,"upper_bound":33333737.700602864},"point_estimate":33271975.470846759,"standard_error":30761.753659655747},"StdDev":{"confidence_interval":{"confidence_level":0.95,"lower_bound":294589.1141640368,"upper_bound":420855.038563957},"point_estimate":358951.844325296,"standard_error":32327.51164945246}}