{"Mean":{"confidence_interval":{"confidence_level":0.95,"lower_bound":6040073.1701439679,"upper_bound":6111959.2536986949},"point_estimate":6075800.9874512809,"standard_error":18389.95031460953},"Median":{"confidence_interval":{"confidence_level":0.95,"lower_bound":5991823.063492063,"upper_bound":6133329.166666667},"point_estimate":6021331.266256314,"standard_error":42176.976625781565},"MedianAbsDev":{"confidence_interval":{"confidence_level":0.95,"lower_bound":144008.86864321648,"upper_bound":259249.08117655663},"point_estimate":204057.77617454777,"standard_error":30649.124463789616},"Slope":{"confidence_interval":{"confidence_level":0.95,"lower_bound":6042949.54782796,"upper_bound":6123677.273726066},"point_estimate":6081934.704510123,"standard_error":20559.34383344441},"StdDev":{"confidence_interval":{"confidence_level":0.95,"lower_bound":163984.4321495293,"upper_bound":203037.89322884233},"point_estimate":184601.67566460093,"standard_error":9990.349199168708}}