{"Mean":{"confidence_interval":{"confidence_level":0.95,"lower_bound":3675100.8658331704,"upper_bound":3745159.59875091},"point_estimate":3711804.224875597,"standard_error":17849.336153546872},"Median":{"confidence_interval":{"confidence_level":0.95,"lower_bound":3683137.0675990676,"upper_bound":3738174.041129032},"point_estimate":3701999.2631458097,"standard_error":16447.929200415954},"MedianAbsDev":{"confidence_interval":{"confidence_level":0.95,"lower_bound":87584.15982131358,"upper_bound":147406.55687158553},"point_estimate":118743.00816678519,"standard_error":14653.356825264395},"Slope":{"confidence_interval":{"confidence_level":0.95,"lower_bound":3685560.3719302189,"upper_bound":3737953.5024244158},"point_estimate":3711428.6985695289,"standard_error":13386.990279646232},"StdDev":{"confidence_interval":{"confidence_level":0.95,"lower_bound":117719.17344559555,"upper_bound":238376.737634501},"point_estimate":179630.35707031343,"standard_error":31329.56120301449}}