{"Mean":{"confidence_interval":{"confidence_level":0.95,"lower_bound":908.7758449849099,"upper_bound":909.333401968375},"point_estimate":909.0346715066697,"standard_error":0.1430678853468552},"Median":{"confidence_interval":{"confidence_level":0.95,"lower_bound":908.5130186952654,"upper_bound":908.7412547446515},"point_estimate":908.5989966308664,"standard_error":0.060638612505646057},"MedianAbsDev":{"confidence_interval":{"confidence_level":0.95,"lower_bound":0.3101677213210804,"upper_bound":0.6948871457789259},"point_estimate":0.4487728420443122,"standard_error":0.10343844742308946},"Slope":{"confidence_interval":{"confidence_level":0.95,"lower_bound":908.2882503899494,"upper_bound":908.4551499100011},"point_estimate":908.3690273584928,"standard_error":0.042678206669907518},"StdDev":{"confidence_interval":{"confidence_level":0.95,"lower_bound":0.9270693907746462,"upper_bound":1.8650377815552555},"point_estimate":1.4368652399246305,"standard_error":0.23942571183873294}}