{"Mean":{"confidence_interval":{"confidence_level":0.95,"lower_bound":15105101.412010184,"upper_bound":15159962.958004246},"point_estimate":15131804.122609683,"standard_error":14005.861740128654},"Median":{"confidence_interval":{"confidence_level":0.95,"lower_bound":15058608.247368422,"upper_bound":15123644.527511962},"point_estimate":15091930.865694166,"standard_error":17654.086621241844},"MedianAbsDev":{"confidence_interval":{"confidence_level":0.95,"lower_bound":77849.2860404603,"upper_bound":142592.4807773236},"point_estimate":112476.53495643166,"standard_error":16687.447882190252},"Slope":{"confidence_interval":{"confidence_level":0.95,"lower_bound":15083410.63731017,"upper_bound":15140058.374839567},"point_estimate":15110228.225175115,"standard_error":14486.51687063918},"StdDev":{"confidence_interval":{"confidence_level":0.95,"lower_bound":116263.15151511174,"upper_bound":160665.23271627373},"point_estimate":140520.1985878349,"standard_error":11358.00212636723}}