{"Mean":{"confidence_interval":{"confidence_level":0.95,"lower_bound":50027229.93547932,"upper_bound":50408444.22799586},"point_estimate":50215066.58061184,"standard_error":97543.1249496456},"Median":{"confidence_interval":{"confidence_level":0.95,"lower_bound":49897342.65893471,"upper_bound":50325466.07608695},"point_estimate":50122597.638567078,"standard_error":113391.06780490301},"MedianAbsDev":{"confidence_interval":{"confidence_level":0.95,"lower_bound":742331.7358665572,"upper_bound":1182329.6983448438},"point_estimate":1026387.4425546485,"standard_error":118306.52152339123},"Slope":{"confidence_interval":{"confidence_level":0.95,"lower_bound":49973706.633666779,"upper_bound":50265008.19505392},"point_estimate":50118737.34277523,"standard_error":74379.96909960671},"StdDev":{"confidence_interval":{"confidence_level":0.95,"lower_bound":820145.7532671049,"upper_bound":1128308.4395218422},"point_estimate":982322.6954136114,"standard_error":78746.67811997792}}