{"Mean":{"confidence_interval":{"confidence_level":0.95,"lower_bound":-0.11491138170309133,"upper_bound":-0.0571935460907633},"point_estimate":-0.0875961938176748,"standard_error":0.014736394583805962},"Median":{"confidence_interval":{"confidence_level":0.95,"lower_bound":-0.2375592763900598,"upper_bound":-0.01459345428543013},"point_estimate":-0.23662258268137216,"standard_error":0.09471430970168389}}