{"Mean":{"confidence_interval":{"confidence_level":0.95,"lower_bound":0.8798018851110059,"upper_bound":0.909504364980458},"point_estimate":0.8953256836469323,"standard_error":0.0075661551694148399},"Median":{"confidence_interval":{"confidence_level":0.95,"lower_bound":0.8663828895809547,"upper_bound":0.9118465430277782},"point_estimate":0.8831882788082783,"standard_error":0.011380996439897802}}