{"Mean":{"confidence_interval":{"confidence_level":0.95,"lower_bound":4241982.679750868,"upper_bound":4261702.947568307},"point_estimate":4251747.350002494,"standard_error":5031.398420133857},"Median":{"confidence_interval":{"confidence_level":0.95,"lower_bound":4221843.47368421,"upper_bound":4271741.833333334},"point_estimate":4252059.660357143,"standard_error":12509.661789493755},"MedianAbsDev":{"confidence_interval":{"confidence_level":0.95,"lower_bound":42129.123925317224,"upper_bound":71556.98434376082},"point_estimate":65199.478382087174,"standard_error":8007.538011188404},"Slope":{"confidence_interval":{"confidence_level":0.95,"lower_bound":4248869.975947335,"upper_bound":4274669.296765723},"point_estimate":4262486.273394414,"standard_error":6608.196318367171},"StdDev":{"confidence_interval":{"confidence_level":0.95,"lower_bound":43565.46730637984,"upper_bound":57530.16122331106},"point_estimate":50361.245285491925,"standard_error":3611.3115568910218}}