{"Mean":{"confidence_interval":{"confidence_level":0.95,"lower_bound":3979073.513619392,"upper_bound":4034920.6571429076},"point_estimate":4007153.598743903,"standard_error":14243.58974808708},"Median":{"confidence_interval":{"confidence_level":0.95,"lower_bound":4006303.7192982456,"upper_bound":4030972.9516129035},"point_estimate":4019427.1765432099,"standard_error":6829.9088297468629},"MedianAbsDev":{"confidence_interval":{"confidence_level":0.95,"lower_bound":52267.56402831513,"upper_bound":96042.02847397566},"point_estimate":71328.45059266676,"standard_error":11091.615709563168},"Slope":{"confidence_interval":{"confidence_level":0.95,"lower_bound":4024660.4259914748,"upper_bound":4089361.441257837},"point_estimate":4054229.5962819566,"standard_error":16607.839210913728},"StdDev":{"confidence_interval":{"confidence_level":0.95,"lower_bound":112023.85839870633,"upper_bound":170572.8452134372},"point_estimate":143275.71529367349,"standard_error":14887.715496956134}}