{"Mean":{"confidence_interval":{"confidence_level":0.95,"lower_bound":7377086.509615769,"upper_bound":7464243.691898894},"point_estimate":7420446.2675418979,"standard_error":22330.047298729314},"Median":{"confidence_interval":{"confidence_level":0.95,"lower_bound":7310414.798121462,"upper_bound":7473683.0},"point_estimate":7363587.630826335,"standard_error":38888.36719574068},"MedianAbsDev":{"confidence_interval":{"confidence_level":0.95,"lower_bound":212665.8617539654,"upper_bound":344270.3572056871},"point_estimate":290509.1190267002,"standard_error":34481.79350519815},"Slope":{"confidence_interval":{"confidence_level":0.95,"lower_bound":7376786.808072023,"upper_bound":7472222.37191417},"point_estimate":7423382.121244274,"standard_error":24330.544795072383},"StdDev":{"confidence_interval":{"confidence_level":0.95,"lower_bound":203747.565582699,"upper_bound":243415.53014649417},"point_estimate":224787.01169954596,"standard_error":10076.232039201235}}