{"Mean":{"confidence_interval":{"confidence_level":0.95,"lower_bound":115.76822654262783,"upper_bound":121.17193498103437},"point_estimate":118.30782317703056,"standard_error":1.380682697914692},"Median":{"confidence_interval":{"confidence_level":0.95,"lower_bound":111.79567075506823,"upper_bound":111.84709532097722},"point_estimate":111.81741451526084,"standard_error":0.013270494501503697},"MedianAbsDev":{"confidence_interval":{"confidence_level":0.95,"lower_bound":0.04553921444940805,"upper_bound":0.10953454037402855},"point_estimate":0.06780596579427373,"standard_error":0.015419552927580493},"Slope":{"confidence_interval":{"confidence_level":0.95,"lower_bound":111.8844306588183,"upper_bound":112.18459370283822},"point_estimate":112.00864042058473,"standard_error":0.07702887828115895},"StdDev":{"confidence_interval":{"confidence_level":0.95,"lower_bound":11.289043844485424,"upper_bound":15.861035377604188},"point_estimate":13.91943098616315,"standard_error":1.1820928542664429}}