{"Mean":{"confidence_interval":{"confidence_level":0.95,"lower_bound":23726697.82110115,"upper_bound":23883551.957474196},"point_estimate":23812944.811898509,"standard_error":40084.51604895207},"Median":{"confidence_interval":{"confidence_level":0.95,"lower_bound":23843082.0,"upper_bound":23925922.775862069},"point_estimate":23889129.110502908,"standard_error":22245.38669010438},"MedianAbsDev":{"confidence_interval":{"confidence_level":0.95,"lower_bound":93731.86388359848,"upper_bound":156268.75510473396},"point_estimate":113743.30568665343,"standard_error":16106.070147799055},"Slope":{"confidence_interval":{"confidence_level":0.95,"lower_bound":23901074.866065958,"upper_bound":23956395.838396208},"point_estimate":23927431.1570563,"standard_error":14111.44821352739},"StdDev":{"confidence_interval":{"confidence_level":0.95,"lower_bound":203110.5505704755,"upper_bound":568980.9949699635},"point_estimate":402485.50273808059,"standard_error":93467.65815194338}}