{"Mean":{"confidence_interval":{"confidence_level":0.95,"lower_bound":314512.19317400516,"upper_bound":318278.17242996839},"point_estimate":316279.38689436987,"standard_error":959.9991948495447},"Median":{"confidence_interval":{"confidence_level":0.95,"lower_bound":316633.4041666667,"upper_bound":317875.9696969697},"point_estimate":317489.49229691879,"standard_error":363.1573597032274},"MedianAbsDev":{"confidence_interval":{"confidence_level":0.95,"lower_bound":3997.2853567895037,"upper_bound":6868.650753999151},"point_estimate":5343.511983005758,"standard_error":801.9888891910347},"Slope":{"confidence_interval":{"confidence_level":0.95,"lower_bound":316333.66485353387,"upper_bound":319018.37705297218},"point_estimate":317677.2371745234,"standard_error":684.2116128595435},"StdDev":{"confidence_interval":{"confidence_level":0.95,"lower_bound":6046.575924827017,"upper_bound":13679.8869319175},"point_estimate":9646.042645370295,"standard_error":2124.368199983379}}