{"Mean":{"confidence_interval":{"confidence_level":0.95,"lower_bound":71219944.68627976,"upper_bound":71928895.13022927},"point_estimate":71543064.05255884,"standard_error":180477.06117873084},"Median":{"confidence_interval":{"confidence_level":0.95,"lower_bound":70918804.16666667,"upper_bound":71444911.34149185},"point_estimate":71215713.92828223,"standard_error":125751.13092147144},"MedianAbsDev":{"confidence_interval":{"confidence_level":0.95,"lower_bound":915542.765099794,"upper_bound":1630221.2687427803},"point_estimate":1322193.9690732435,"standard_error":187988.970221572},"Slope":{"confidence_interval":{"confidence_level":0.95,"lower_bound":71467271.85835339,"upper_bound":71886889.18266568},"point_estimate":71676334.13104478,"standard_error":107342.1792757063},"StdDev":{"confidence_interval":{"confidence_level":0.95,"lower_bound":1045248.4456511869,"upper_bound":2530763.868340958},"point_estimate":1812520.182324245,"standard_error":391008.2222863525}}