{"Mean":{"confidence_interval":{"confidence_level":0.95,"lower_bound":673.3376435332644,"upper_bound":701.4111646838751},"point_estimate":686.770831507723,"standard_error":7.10518252780098},"Median":{"confidence_interval":{"confidence_level":0.95,"lower_bound":654.5127350517278,"upper_bound":655.1397445696237},"point_estimate":654.7919789351922,"standard_error":0.16726270710058725},"MedianAbsDev":{"confidence_interval":{"confidence_level":0.95,"lower_bound":0.8086817814617485,"upper_bound":1.7765151199230674},"point_estimate":1.2669845236391167,"standard_error":0.25893557823814286},"Slope":{"confidence_interval":{"confidence_level":0.95,"lower_bound":701.4621106711511,"upper_bound":753.2793088600274},"point_estimate":728.1202033413744,"standard_error":13.216688010289739},"StdDev":{"confidence_interval":{"confidence_level":0.95,"lower_bound":55.951781460520397,"upper_bound":82.29863411935713},"point_estimate":71.44917675322246,"standard_error":6.7100392219682389}}