{"Mean":{"confidence_interval":{"confidence_level":0.95,"lower_bound":264751.74124923229,"upper_bound":274890.7377892934},"point_estimate":269654.897718989,"standard_error":2579.666160550145},"Median":{"confidence_interval":{"confidence_level":0.95,"lower_bound":254161.8520611702,"upper_bound":254934.77166666668},"point_estimate":254389.12046736503,"standard_error":203.62719887375099},"MedianAbsDev":{"confidence_interval":{"confidence_level":0.95,"lower_bound":668.660023660813,"upper_bound":1843.2929604568226},"point_estimate":1014.4966934655496,"standard_error":312.2518173298365},"Slope":{"confidence_interval":{"confidence_level":0.95,"lower_bound":268168.08440224317,"upper_bound":282832.1413930296},"point_estimate":275262.39086301167,"standard_error":3760.0632794306454},"StdDev":{"confidence_interval":{"confidence_level":0.95,"lower_bound":22438.645288624786,"upper_bound":28242.053914075434},"point_estimate":25867.29491418171,"standard_error":1510.4452391933292}}