{"Mean":{"confidence_interval":{"confidence_level":0.95,"lower_bound":7580.20669324146,"upper_bound":7614.901542388602},"point_estimate":7596.934290792738,"standard_error":8.874978850499352},"Median":{"confidence_interval":{"confidence_level":0.95,"lower_bound":7553.519731849228,"upper_bound":7577.220723306545},"point_estimate":7565.5118470149259,"standard_error":6.822726766447365},"MedianAbsDev":{"confidence_interval":{"confidence_level":0.95,"lower_bound":32.61243289839454,"upper_bound":69.08833372808494},"point_estimate":48.58408963076169,"standard_error":10.140318610551182},"Slope":{"confidence_interval":{"confidence_level":0.95,"lower_bound":7564.643205860523,"upper_bound":7611.342388231333},"point_estimate":7586.279694765422,"standard_error":11.970338980709834},"StdDev":{"confidence_interval":{"confidence_level":0.95,"lower_bound":69.5381611874713,"upper_bound":105.66710225868897},"point_estimate":89.16724346723606,"standard_error":9.21687808916117}}