{"Mean":{"confidence_interval":{"confidence_level":0.95,"lower_bound":858.973071301707,"upper_bound":859.3321735900122},"point_estimate":859.1393314841579,"standard_error":0.0918902928617954},"Median":{"confidence_interval":{"confidence_level":0.95,"lower_bound":858.8300106467926,"upper_bound":859.0978007556309},"point_estimate":858.9416084676502,"standard_error":0.06711388928462427},"MedianAbsDev":{"confidence_interval":{"confidence_level":0.95,"lower_bound":0.35951349653439487,"upper_bound":0.6008487819569809},"point_estimate":0.47493811456858578,"standard_error":0.059659378548947396},"Slope":{"confidence_interval":{"confidence_level":0.95,"lower_bound":858.6563331857558,"upper_bound":858.7904029543597},"point_estimate":858.7223032674853,"standard_error":0.034228383166552769},"StdDev":{"confidence_interval":{"confidence_level":0.95,"lower_bound":0.5752556497918369,"upper_bound":1.2757275074760606},"point_estimate":0.9253344909253184,"standard_error":0.186019251778617}}