{"Mean":{"confidence_interval":{"confidence_level":0.95,"lower_bound":24689562.46054499,"upper_bound":24742817.608405807},"point_estimate":24717067.101498009,"standard_error":13556.058155711085},"Median":{"confidence_interval":{"confidence_level":0.95,"lower_bound":24696163.833333333,"upper_bound":24748694.720156555},"point_estimate":24721478.825704226,"standard_error":12501.88180404333},"MedianAbsDev":{"confidence_interval":{"confidence_level":0.95,"lower_bound":61752.493485650106,"upper_bound":98675.92384815216},"point_estimate":78153.77496248961,"standard_error":9495.180237820812},"Slope":{"confidence_interval":{"confidence_level":0.95,"lower_bound":24712970.70232685,"upper_bound":24740493.45344206},"point_estimate":24726658.204589923,"standard_error":7019.208572978356},"StdDev":{"confidence_interval":{"confidence_level":0.95,"lower_bound":96348.4893155854,"upper_bound":171315.0498629139},"point_estimate":136668.9366826473,"standard_error":19158.474761012963}}