{"Mean":{"confidence_interval":{"confidence_level":0.95,"lower_bound":712.124313611034,"upper_bound":712.438208174071},"point_estimate":712.2731064783397,"standard_error":0.0803972479476163},"Median":{"confidence_interval":{"confidence_level":0.95,"lower_bound":712.0394922547332,"upper_bound":712.1672939292676},"point_estimate":712.1257995244192,"standard_error":0.030304081448445268},"MedianAbsDev":{"confidence_interval":{"confidence_level":0.95,"lower_bound":0.3241498085309203,"upper_bound":0.609968720109324},"point_estimate":0.47415512883702407,"standard_error":0.068511955499885},"Slope":{"confidence_interval":{"confidence_level":0.95,"lower_bound":711.8328192001854,"upper_bound":711.9827285863626},"point_estimate":711.9075493656188,"standard_error":0.03819889206173487},"StdDev":{"confidence_interval":{"confidence_level":0.95,"lower_bound":0.5847652682435521,"upper_bound":1.0047255468193193},"point_estimate":0.8084259284024469,"standard_error":0.10784467018022795}}