{"Mean":{"confidence_interval":{"confidence_level":0.95,"lower_bound":1608104.0123551845,"upper_bound":1609920.347843136},"point_estimate":1608942.808148038,"standard_error":464.76723321756625},"Median":{"confidence_interval":{"confidence_level":0.95,"lower_bound":1606977.62,"upper_bound":1607856.46875},"point_estimate":1607357.9276477835,"standard_error":243.9217035861306},"MedianAbsDev":{"confidence_interval":{"confidence_level":0.95,"lower_bound":1161.0411956995359,"upper_bound":2424.7822814996977},"point_estimate":1663.078546232916,"standard_error":338.7026173391696},"Slope":{"confidence_interval":{"confidence_level":0.95,"lower_bound":1606512.9523044558,"upper_bound":1607456.4456544533},"point_estimate":1606930.7933471259,"standard_error":242.32388735079057},"StdDev":{"confidence_interval":{"confidence_level":0.95,"lower_bound":2980.1775935776338,"upper_bound":6280.650892873991},"point_estimate":4664.569666659512,"standard_error":857.811393843572}}