{"Mean":{"confidence_interval":{"confidence_level":0.95,"lower_bound":13783814.764355356,"upper_bound":13800620.062020494},"point_estimate":13791339.275774243,"standard_error":4312.9861012983869},"Median":{"confidence_interval":{"confidence_level":0.95,"lower_bound":13777155.502272727,"upper_bound":13789171.563735178},"point_estimate":13781473.054873055,"standard_error":3491.555996825703},"MedianAbsDev":{"confidence_interval":{"confidence_level":0.95,"lower_bound":14300.733752700526,"upper_bound":23100.69974974921},"point_estimate":17385.9821121211,"standard_error":2214.7153883741927},"Slope":{"confidence_interval":{"confidence_level":0.95,"lower_bound":13785021.295417812,"upper_bound":13801867.555490256},"point_estimate":13791803.164111129,"standard_error":4422.811112796761},"StdDev":{"confidence_interval":{"confidence_level":0.95,"lower_bound":20866.647679955935,"upper_bound":62227.069840669414},"point_estimate":43403.60724653683,"standard_error":10718.42536312541}}