{"Mean":{"confidence_interval":{"confidence_level":0.95,"lower_bound":550.7241806103751,"upper_bound":551.4474083513767},"point_estimate":551.0648640320579,"standard_error":0.18445487382848459},"Median":{"confidence_interval":{"confidence_level":0.95,"lower_bound":550.2726135099606,"upper_bound":550.8336980703197},"point_estimate":550.4203856136448,"standard_error":0.12917340641738504},"MedianAbsDev":{"confidence_interval":{"confidence_level":0.95,"lower_bound":0.8110139671167,"upper_bound":1.3868176735671414},"point_estimate":1.0402763109074725,"standard_error":0.14711114788948866},"Slope":{"confidence_interval":{"confidence_level":0.95,"lower_bound":550.0405285866689,"upper_bound":550.4878911765421},"point_estimate":550.2437679108505,"standard_error":0.11391437094458767},"StdDev":{"confidence_interval":{"confidence_level":0.95,"lower_bound":1.3105725245614817,"upper_bound":2.3633025015288129},"point_estimate":1.8530680273250638,"standard_error":0.27062821560539315}}