{"Mean":{"confidence_interval":{"confidence_level":0.95,"lower_bound":253766.77894666809,"upper_bound":254276.80579755934},"point_estimate":254006.0318669943,"standard_error":130.54399327532367},"Median":{"confidence_interval":{"confidence_level":0.95,"lower_bound":253424.12725194015,"upper_bound":253646.36538461539},"point_estimate":253535.39408515395,"standard_error":55.5111451922017},"MedianAbsDev":{"confidence_interval":{"confidence_level":0.95,"lower_bound":271.01559384554778,"upper_bound":554.6143971211517},"point_estimate":391.3496214882752,"standard_error":73.36799707608623},"Slope":{"confidence_interval":{"confidence_level":0.95,"lower_bound":253431.9665960419,"upper_bound":254249.47143892112},"point_estimate":253770.97015294815,"standard_error":213.09413485800625},"StdDev":{"confidence_interval":{"confidence_level":0.95,"lower_bound":907.84521204266,"upper_bound":1655.7567725066886},"point_estimate":1308.1527634775285,"standard_error":191.5729390258787}}