{"Mean":{"confidence_interval":{"confidence_level":0.95,"lower_bound":3496782.3508212959,"upper_bound":3539603.0119287075},"point_estimate":3518980.2568737759,"standard_error":10858.31683500379},"Median":{"confidence_interval":{"confidence_level":0.95,"lower_bound":3501270.4860651867,"upper_bound":3520558.5466386557},"point_estimate":3505555.1615942029,"standard_error":5214.391273585056},"MedianAbsDev":{"confidence_interval":{"confidence_level":0.95,"lower_bound":24286.91332316326,"upper_bound":54703.00038398535},"point_estimate":41070.73994480702,"standard_error":7522.816618731103},"Slope":{"confidence_interval":{"confidence_level":0.95,"lower_bound":3529463.0431345726,"upper_bound":3566806.309861464},"point_estimate":3545295.0736190339,"standard_error":9696.026600025561},"StdDev":{"confidence_interval":{"confidence_level":0.95,"lower_bound":63876.803479988324,"upper_bound":151567.332048418},"point_estimate":108801.20305732993,"standard_error":22870.888858789218}}