{"Mean":{"confidence_interval":{"confidence_level":0.95,"lower_bound":14376475.76084771,"upper_bound":14421984.341179198},"point_estimate":14398738.781915851,"standard_error":11599.633508341163},"Median":{"confidence_interval":{"confidence_level":0.95,"lower_bound":14349564.31632653,"upper_bound":14411951.910112359},"point_estimate":14377739.133807589,"standard_error":16360.960953295056},"MedianAbsDev":{"confidence_interval":{"confidence_level":0.95,"lower_bound":100442.85708391202,"upper_bound":145002.68263944455},"point_estimate":128205.3807315916,"standard_error":11023.47465570047},"Slope":{"confidence_interval":{"confidence_level":0.95,"lower_bound":14384819.032804184,"upper_bound":14442370.827503507},"point_estimate":14412763.424075662,"standard_error":14731.993180723659},"StdDev":{"confidence_interval":{"confidence_level":0.95,"lower_bound":99668.6685762209,"upper_bound":130682.94063115817},"point_estimate":116435.70986207982,"standard_error":7916.766760614428}}