{"Mean":{"confidence_interval":{"confidence_level":0.95,"lower_bound":890.8205054864208,"upper_bound":895.257909148146},"point_estimate":892.4667403584502,"standard_error":1.2451484224573808},"Median":{"confidence_interval":{"confidence_level":0.95,"lower_bound":890.0809468283583,"upper_bound":890.4300647497805},"point_estimate":890.2283673544044,"standard_error":0.09117827085806202},"MedianAbsDev":{"confidence_interval":{"confidence_level":0.95,"lower_bound":0.4275370329005838,"upper_bound":0.8718606466295932},"point_estimate":0.6184778384491295,"standard_error":0.11863748255072577},"Slope":{"confidence_interval":{"confidence_level":0.95,"lower_bound":889.959473950536,"upper_bound":897.6987827003678},"point_estimate":892.4532595795222,"standard_error":2.2510718186646638},"StdDev":{"confidence_interval":{"confidence_level":0.95,"lower_bound":1.8167829210202498,"upper_bound":21.16584675970697},"point_estimate":12.554134501737155,"standard_error":6.440813737825594}}