{"Mean":{"confidence_interval":{"confidence_level":0.95,"lower_bound":801.767387176313,"upper_bound":831.8715121822689},"point_estimate":816.2465727515779,"standard_error":7.73749031543161},"Median":{"confidence_interval":{"confidence_level":0.95,"lower_bound":782.5844241604292,"upper_bound":783.2583990025887},"point_estimate":782.8400344072454,"standard_error":0.16467493439958456},"MedianAbsDev":{"confidence_interval":{"confidence_level":0.95,"lower_bound":0.688158796345977,"upper_bound":1.5538020549048593},"point_estimate":1.0636022212010439,"standard_error":0.2160471036619333},"Slope":{"confidence_interval":{"confidence_level":0.95,"lower_bound":836.1024573448153,"upper_bound":895.7003410959937},"point_estimate":867.1233201919157,"standard_error":15.188773261514042},"StdDev":{"confidence_interval":{"confidence_level":0.95,"lower_bound":59.309225918555487,"upper_bound":90.24232263608924},"point_estimate":77.7384136182179,"standard_error":7.741644490376433}}