{"Mean":{"confidence_interval":{"confidence_level":0.95,"lower_bound":977743.0110409365,"upper_bound":986689.9122002295},"point_estimate":982582.7553960086,"standard_error":2278.185272660848},"Median":{"confidence_interval":{"confidence_level":0.95,"lower_bound":981140.7612318841,"upper_bound":987959.7538819877},"point_estimate":983858.3915315315,"standard_error":1686.809355698883},"MedianAbsDev":{"confidence_interval":{"confidence_level":0.95,"lower_bound":10491.903301674203,"upper_bound":18292.884215552036},"point_estimate":13190.910094412511,"standard_error":1993.883891533413},"Slope":{"confidence_interval":{"confidence_level":0.95,"lower_bound":979259.5422046153,"upper_bound":984609.2354217201},"point_estimate":981915.2925875572,"standard_error":1365.0190765173859},"StdDev":{"confidence_interval":{"confidence_level":0.95,"lower_bound":13807.796974449266,"upper_bound":32608.25140097265},"point_estimate":22770.903542883843,"standard_error":5294.9745850343929}}