{"Mean":{"confidence_interval":{"confidence_level":0.95,"lower_bound":369686.16145487179,"upper_bound":373207.6987492262},"point_estimate":371404.0609203804,"standard_error":897.6422000317389},"Median":{"confidence_interval":{"confidence_level":0.95,"lower_bound":366020.7231638418,"upper_bound":366554.7450980392},"point_estimate":366149.8549382716,"standard_error":131.47582011846274},"MedianAbsDev":{"confidence_interval":{"confidence_level":0.95,"lower_bound":492.3951266030672,"upper_bound":1303.4572217136673},"point_estimate":690.0630295751909,"standard_error":206.56736509558426},"Slope":{"confidence_interval":{"confidence_level":0.95,"lower_bound":372928.73847177348,"upper_bound":378537.41025759957},"point_estimate":375792.9065543569,"standard_error":1433.2368833979049},"StdDev":{"confidence_interval":{"confidence_level":0.95,"lower_bound":7770.643488413107,"upper_bound":9912.023565452524},"point_estimate":9046.032425873445,"standard_error":548.3098568206741}}