{"Mean":{"confidence_interval":{"confidence_level":0.95,"lower_bound":5464257.8262839759,"upper_bound":5656950.932097868},"point_estimate":5557356.024385302,"standard_error":49079.122460219296},"Median":{"confidence_interval":{"confidence_level":0.95,"lower_bound":5213878.0,"upper_bound":5606097.243153153},"point_estimate":5355443.374547102,"standard_error":129888.58238731232},"MedianAbsDev":{"confidence_interval":{"confidence_level":0.95,"lower_bound":121120.25392241293,"upper_bound":617651.3899585977},"point_estimate":332171.21533315707,"standard_error":157573.50110783016},"Slope":{"confidence_interval":{"confidence_level":0.95,"lower_bound":5570388.330124011,"upper_bound":5855149.6536808949},"point_estimate":5709824.182547658,"standard_error":72636.8678085429},"StdDev":{"confidence_interval":{"confidence_level":0.95,"lower_bound":405863.8043517319,"upper_bound":564208.4726848985},"point_estimate":492343.6985722627,"standard_error":40417.365355359376}}