{"Mean":{"confidence_interval":{"confidence_level":0.95,"lower_bound":369.3133899956125,"upper_bound":380.527927184845},"point_estimate":374.36048564500529,"standard_error":2.9032389900687205},"Median":{"confidence_interval":{"confidence_level":0.95,"lower_bound":366.5498300558388,"upper_bound":366.6428780597123},"point_estimate":366.6124187789449,"standard_error":0.025395553156427075},"MedianAbsDev":{"confidence_interval":{"confidence_level":0.95,"lower_bound":0.1116453243136327,"upper_bound":0.23481055330845897},"point_estimate":0.19276986618159459,"standard_error":0.03331959938635897},"Slope":{"confidence_interval":{"confidence_level":0.95,"lower_bound":368.76544113546478,"upper_bound":379.3479200792486},"point_estimate":373.44326902298129,"standard_error":2.7122172468925278},"StdDev":{"confidence_interval":{"confidence_level":0.95,"lower_bound":15.611093119177817,"upper_bound":39.282702557975778},"point_estimate":29.27412099708837,"standard_error":6.054019545281174}}