{"Mean":{"confidence_interval":{"confidence_level":0.95,"lower_bound":14942608.280253346,"upper_bound":14977451.200056885},"point_estimate":14960429.322501304,"standard_error":8912.89764665534},"Median":{"confidence_interval":{"confidence_level":0.95,"lower_bound":14960325.605514316,"upper_bound":14978842.165314403},"point_estimate":14969440.371561669,"standard_error":4966.127474706741},"MedianAbsDev":{"confidence_interval":{"confidence_level":0.95,"lower_bound":50899.523703643,"upper_bound":88713.0670769072},"point_estimate":70960.94483506432,"standard_error":9375.87819919385},"Slope":{"confidence_interval":{"confidence_level":0.95,"lower_bound":14951214.477751773,"upper_bound":14991926.35231074},"point_estimate":14971705.586434165,"standard_error":10364.084029684887},"StdDev":{"confidence_interval":{"confidence_level":0.95,"lower_bound":70644.6417399864,"upper_bound":109341.22299729458},"point_estimate":90020.86744454483,"standard_error":9991.031307480293}}