{"Mean":{"confidence_interval":{"confidence_level":0.95,"lower_bound":7622.623864355655,"upper_bound":7713.800915728349},"point_estimate":7665.742669171918,"standard_error":23.27192903372427},"Median":{"confidence_interval":{"confidence_level":0.95,"lower_bound":7553.662387121622,"upper_bound":7591.4422860617119},"point_estimate":7570.070364497689,"standard_error":9.716064116524573},"MedianAbsDev":{"confidence_interval":{"confidence_level":0.95,"lower_bound":39.3842842871513,"upper_bound":82.54487731408774},"point_estimate":56.20804548657466,"standard_error":10.852190764366413},"Slope":{"confidence_interval":{"confidence_level":0.95,"lower_bound":7681.683080903423,"upper_bound":7878.659822887775},"point_estimate":7782.153771987403,"standard_error":50.50585682311205},"StdDev":{"confidence_interval":{"confidence_level":0.95,"lower_bound":171.33428650384929,"upper_bound":282.90970598995536},"point_estimate":233.76857414050705,"standard_error":28.41348779342501}}