{"Mean":{"confidence_interval":{"confidence_level":0.95,"lower_bound":3400.1984708266138,"upper_bound":3497.5371984935957},"point_estimate":3446.3679380861606,"standard_error":24.886045608291434},"Median":{"confidence_interval":{"confidence_level":0.95,"lower_bound":3342.87820229682,"upper_bound":3348.518690719732},"point_estimate":3345.933611735732,"standard_error":1.2650712534068807},"MedianAbsDev":{"confidence_interval":{"confidence_level":0.95,"lower_bound":11.569174704585164,"upper_bound":25.021578505137059},"point_estimate":17.918136482725328,"standard_error":3.323336016504772},"Slope":{"confidence_interval":{"confidence_level":0.95,"lower_bound":3447.2582376023508,"upper_bound":3614.528135528304},"point_estimate":3528.6273926104706,"standard_error":42.95027209121705},"StdDev":{"confidence_interval":{"confidence_level":0.95,"lower_bound":191.45234791966093,"upper_bound":295.89623115191815},"point_estimate":250.71901945083088,"standard_error":26.78322175335914}}