{"Mean":{"confidence_interval":{"confidence_level":0.95,"lower_bound":57.10154848247999,"upper_bound":57.14192432455506},"point_estimate":57.120474287165709,"standard_error":0.010365128700023955},"Median":{"confidence_interval":{"confidence_level":0.95,"lower_bound":57.06935543865242,"upper_bound":57.096301221261857},"point_estimate":57.080058758129059,"standard_error":0.006650887032887247},"MedianAbsDev":{"confidence_interval":{"confidence_level":0.95,"lower_bound":0.02124981765719716,"upper_bound":0.051590176635153497},"point_estimate":0.03404702665522869,"standard_error":0.007614824665457393},"Slope":{"confidence_interval":{"confidence_level":0.95,"lower_bound":57.063576760171979,"upper_bound":57.071559359236257},"point_estimate":57.067173231898667,"standard_error":0.002041897288360226},"StdDev":{"confidence_interval":{"confidence_level":0.95,"lower_bound":0.07281617893679562,"upper_bound":0.13067976034162744},"point_estimate":0.10429087251265797,"standard_error":0.014764715706788164}}