{"Mean":{"confidence_interval":{"confidence_level":0.95,"lower_bound":6688091.632617641,"upper_bound":6760391.329203387},"point_estimate":6723081.5255565899,"standard_error":18419.965982709713},"Median":{"confidence_interval":{"confidence_level":0.95,"lower_bound":6613461.629032258,"upper_bound":6652695.31147541},"point_estimate":6624685.010810811,"standard_error":11519.531034173491},"MedianAbsDev":{"confidence_interval":{"confidence_level":0.95,"lower_bound":29711.87725796385,"upper_bound":89367.70616925144},"point_estimate":47016.44906654342,"standard_error":16111.99634267314},"Slope":{"confidence_interval":{"confidence_level":0.95,"lower_bound":6687361.843410351,"upper_bound":6770358.185804137},"point_estimate":6726358.809200532,"standard_error":21300.43748744194},"StdDev":{"confidence_interval":{"confidence_level":0.95,"lower_bound":154514.04858171504,"upper_bound":210601.74933528319},"point_estimate":186516.7972280775,"standard_error":14320.065916694986}}