{"Mean":{"confidence_interval":{"confidence_level":0.95,"lower_bound":2433051.8990033518,"upper_bound":2456510.8244109966},"point_estimate":2443403.015385115,"standard_error":6028.871771009953},"Median":{"confidence_interval":{"confidence_level":0.95,"lower_bound":2421708.9655172417,"upper_bound":2428233.6572681705},"point_estimate":2424863.1781914897,"standard_error":1413.657065078627},"MedianAbsDev":{"confidence_interval":{"confidence_level":0.95,"lower_bound":5774.58535201057,"upper_bound":13212.556889972999},"point_estimate":9550.732370711929,"standard_error":1787.8349493969338},"Slope":{"confidence_interval":{"confidence_level":0.95,"lower_bound":2420071.592943881,"upper_bound":2421743.0590143066},"point_estimate":2420809.00426777,"standard_error":425.8373042647901},"StdDev":{"confidence_interval":{"confidence_level":0.95,"lower_bound":26590.39621876775,"upper_bound":88112.3979660472},"point_estimate":60527.37446489416,"standard_error":15823.17762061019}}