{"Mean":{"confidence_interval":{"confidence_level":0.95,"lower_bound":-0.0854674818693611,"upper_bound":-0.051328841467396638},"point_estimate":-0.06825998881819096,"standard_error":0.00871256385370253},"Median":{"confidence_interval":{"confidence_level":0.95,"lower_bound":-0.022147441454400359,"upper_bound":-0.017611058099218935},"point_estimate":-0.020147469890817506,"standard_error":0.0011547565647634128}}