{"Mean":{"confidence_interval":{"confidence_level":0.95,"lower_bound":42242.46195346883,"upper_bound":43694.85946644815},"point_estimate":42979.450066074,"standard_error":370.6657159242796},"Median":{"confidence_interval":{"confidence_level":0.95,"lower_bound":42918.49893162393,"upper_bound":45953.666666666664},"point_estimate":45919.64653733834,"standard_error":913.7420975182645},"MedianAbsDev":{"confidence_interval":{"confidence_level":0.95,"lower_bound":176.56033533936444,"upper_bound":1310.4006757686748},"point_estimate":281.2857361259812,"standard_error":542.3955827725272},"Slope":{"confidence_interval":{"confidence_level":0.95,"lower_bound":42050.68127249152,"upper_bound":43970.65442348302},"point_estimate":43033.429529617715,"standard_error":490.5987327834227},"StdDev":{"confidence_interval":{"confidence_level":0.95,"lower_bound":3491.7949433061187,"upper_bound":3819.995636343264},"point_estimate":3722.7307107426029,"standard_error":85.77247593415196}}