{"Mean":{"confidence_interval":{"confidence_level":0.95,"lower_bound":6039639.91823332,"upper_bound":6130835.987739512},"point_estimate":6083498.741544444,"standard_error":23245.694854196783},"Median":{"confidence_interval":{"confidence_level":0.95,"lower_bound":5988856.031268612,"upper_bound":6048346.708333333},"point_estimate":6020001.210960961,"standard_error":15078.500342386416},"MedianAbsDev":{"confidence_interval":{"confidence_level":0.95,"lower_bound":98016.77326402765,"upper_bound":220447.72980000918},"point_estimate":151925.6214254868,"standard_error":30791.515135844238},"Slope":{"confidence_interval":{"confidence_level":0.95,"lower_bound":6058172.848524161,"upper_bound":6165662.893911691},"point_estimate":6109947.202219595,"standard_error":27465.08585892707},"StdDev":{"confidence_interval":{"confidence_level":0.95,"lower_bound":185293.97804729036,"upper_bound":287500.7763826897},"point_estimate":233610.0904790481,"standard_error":26897.010857233567}}