{"Mean":{"confidence_interval":{"confidence_level":0.95,"lower_bound":3484.8718531349989,"upper_bound":3630.576787624805},"point_estimate":3554.3177607467666,"standard_error":37.33760919595986},"Median":{"confidence_interval":{"confidence_level":0.95,"lower_bound":3382.0877104377107,"upper_bound":3388.492222222222},"point_estimate":3384.818674323362,"standard_error":1.3270112571538025},"MedianAbsDev":{"confidence_interval":{"confidence_level":0.95,"lower_bound":7.708916246331135,"upper_bound":16.768815609290685},"point_estimate":11.690601043502135,"standard_error":2.1808382848733065},"Slope":{"confidence_interval":{"confidence_level":0.95,"lower_bound":3641.5952802135009,"upper_bound":3913.336301761257},"point_estimate":3782.651658079241,"standard_error":69.47840655156378},"StdDev":{"confidence_interval":{"confidence_level":0.95,"lower_bound":295.3663371246694,"upper_bound":431.71115140367979},"point_estimate":373.6220823440566,"standard_error":35.01676574638523}}