{"Mean":{"confidence_interval":{"confidence_level":0.95,"lower_bound":5190.6788509007269,"upper_bound":5204.275735240862},"point_estimate":5197.197418551922,"standard_error":3.4671205698128295},"Median":{"confidence_interval":{"confidence_level":0.95,"lower_bound":5184.358224094882,"upper_bound":5196.493764574941},"point_estimate":5189.576535439723,"standard_error":3.5802376926051444},"MedianAbsDev":{"confidence_interval":{"confidence_level":0.95,"lower_bound":18.987653897884589,"upper_bound":32.390560444360598},"point_estimate":26.36187506691621,"standard_error":3.398646390359432},"Slope":{"confidence_interval":{"confidence_level":0.95,"lower_bound":5178.8496094429069,"upper_bound":5188.68844451955},"point_estimate":5183.630706037064,"standard_error":2.5128959452148917},"StdDev":{"confidence_interval":{"confidence_level":0.95,"lower_bound":26.358937642251566,"upper_bound":43.39705531359992},"point_estimate":34.851329208234648,"standard_error":4.416460236972279}}