{"Mean":{"confidence_interval":{"confidence_level":0.95,"lower_bound":3486702.15135477,"upper_bound":3498320.709841553},"point_estimate":3491869.906292135,"standard_error":2978.386955039716},"Median":{"confidence_interval":{"confidence_level":0.95,"lower_bound":3482264.14893617,"upper_bound":3483223.6666666667},"point_estimate":3482504.536258013,"standard_error":216.54977647804197},"MedianAbsDev":{"confidence_interval":{"confidence_level":0.95,"lower_bound":1232.9650323407746,"upper_bound":2266.2136441198924},"point_estimate":1690.282944065404,"standard_error":257.6473840674089},"Slope":{"confidence_interval":{"confidence_level":0.95,"lower_bound":3485850.3512896175,"upper_bound":3495232.161273286},"point_estimate":3490208.121211763,"standard_error":2398.5914453646885},"StdDev":{"confidence_interval":{"confidence_level":0.95,"lower_bound":14385.6701195169,"upper_bound":43727.51166565787},"point_estimate":29982.08928176845,"standard_error":7705.98435049185}}