{"Mean":{"confidence_interval":{"confidence_level":0.95,"lower_bound":0.0016332986609779999,"upper_bound":0.010363743986565715},"point_estimate":0.00589056766775764,"standard_error":0.00220584405850604},"Median":{"confidence_interval":{"confidence_level":0.95,"lower_bound":0.0021841828514512775,"upper_bound":0.006872011480226536},"point_estimate":0.003672834077427023,"standard_error":0.002438305885214748}}