{"Mean":{"confidence_interval":{"confidence_level":0.95,"lower_bound":8.132334744345818,"upper_bound":8.185995989070257},"point_estimate":8.158548362136227,"standard_error":0.013662087485682524},"Median":{"confidence_interval":{"confidence_level":0.95,"lower_bound":8.073443293500042,"upper_bound":8.076729314498709},"point_estimate":8.074487940071567,"standard_error":0.000809608126749331},"MedianAbsDev":{"confidence_interval":{"confidence_level":0.95,"lower_bound":0.003127991467618056,"upper_bound":0.008178162932450694},"point_estimate":0.004270153374632193,"standard_error":0.0013131939041828069},"Slope":{"confidence_interval":{"confidence_level":0.95,"lower_bound":8.075918448383268,"upper_bound":8.083571193436589},"point_estimate":8.079131062994259,"standard_error":0.001962567941591554},"StdDev":{"confidence_interval":{"confidence_level":0.95,"lower_bound":0.12037161117026901,"upper_bound":0.14799284220025744},"point_estimate":0.1371145425916484,"standard_error":0.00709394858456243}}