{"Mean":{"confidence_interval":{"confidence_level":0.95,"lower_bound":24629481.0660649,"upper_bound":24759468.21983715},"point_estimate":24691837.20784209,"standard_error":33214.132068752646},"Median":{"confidence_interval":{"confidence_level":0.95,"lower_bound":24591921.125,"upper_bound":24651360.467683369},"point_estimate":24612755.34998148,"standard_error":14975.384307994826},"MedianAbsDev":{"confidence_interval":{"confidence_level":0.95,"lower_bound":90778.5568489211,"upper_bound":158443.46930733103},"point_estimate":130673.74624563975,"standard_error":18456.06799010411},"Slope":{"confidence_interval":{"confidence_level":0.95,"lower_bound":24678831.113455088,"upper_bound":24861504.631639266},"point_estimate":24765677.366330726,"standard_error":46714.943455631685},"StdDev":{"confidence_interval":{"confidence_level":0.95,"lower_bound":249282.1955937362,"upper_bound":404502.74205568866},"point_estimate":333961.0049257047,"standard_error":39685.03377365802}}