{"Mean":{"confidence_interval":{"confidence_level":0.95,"lower_bound":6961605.445219405,"upper_bound":7083990.541035379},"point_estimate":7021778.8619160349,"standard_error":31150.722243998378},"Median":{"confidence_interval":{"confidence_level":0.95,"lower_bound":6864256.870588236,"upper_bound":7007560.515151516},"point_estimate":6930060.88003663,"standard_error":35511.6969959331},"MedianAbsDev":{"confidence_interval":{"confidence_level":0.95,"lower_bound":186868.9745574125,"upper_bound":413145.54018329057},"point_estimate":255532.92297188837,"standard_error":57753.34964414752},"Slope":{"confidence_interval":{"confidence_level":0.95,"lower_bound":6958156.740668348,"upper_bound":7108498.826575235},"point_estimate":7031065.557523275,"standard_error":38327.23833419954},"StdDev":{"confidence_interval":{"confidence_level":0.95,"lower_bound":274896.4821359708,"upper_bound":343835.0541247296},"point_estimate":312688.2903963522,"standard_error":17543.366680141902}}