{"Mean":{"confidence_interval":{"confidence_level":0.95,"lower_bound":15115852.319688278,"upper_bound":15155022.607497547},"point_estimate":15135665.803713372,"standard_error":10010.289703013226},"Median":{"confidence_interval":{"confidence_level":0.95,"lower_bound":15105091.88235294,"upper_bound":15148437.867346939},"point_estimate":15121556.318560606,"standard_error":11290.206633447639},"MedianAbsDev":{"confidence_interval":{"confidence_level":0.95,"lower_bound":55755.74139324913,"upper_bound":104497.5714478616},"point_estimate":73084.98015695757,"standard_error":13105.200958935578},"Slope":{"confidence_interval":{"confidence_level":0.95,"lower_bound":15105742.039946028,"upper_bound":15141804.820598726},"point_estimate":15123874.223345649,"standard_error":9166.43908656282},"StdDev":{"confidence_interval":{"confidence_level":0.95,"lower_bound":79727.74319421672,"upper_bound":121856.82630221959},"point_estimate":100556.54405894244,"standard_error":10912.508057949113}}