{"Mean":{"confidence_interval":{"confidence_level":0.95,"lower_bound":22944081.519053628,"upper_bound":23090930.964862456},"point_estimate":23017368.342410719,"standard_error":37303.508779145326},"Median":{"confidence_interval":{"confidence_level":0.95,"lower_bound":22931733.76811594,"upper_bound":23112980.89473684},"point_estimate":23033351.798644987,"standard_error":39941.372041532995},"MedianAbsDev":{"confidence_interval":{"confidence_level":0.95,"lower_bound":280760.7603899211,"upper_bound":438200.8124931336},"point_estimate":342426.84818209605,"standard_error":40323.91681407964},"Slope":{"confidence_interval":{"confidence_level":0.95,"lower_bound":23007684.436589354,"upper_bound":23137204.287875035},"point_estimate":23073662.24178809,"standard_error":33151.32961976774},"StdDev":{"confidence_interval":{"confidence_level":0.95,"lower_bound":311282.16681748899,"upper_bound":437483.56406421828},"point_estimate":375344.73961231499,"standard_error":32361.958791648147}}