{"Mean":{"confidence_interval":{"confidence_level":0.95,"lower_bound":5152623.33756573,"upper_bound":5236632.894393009},"point_estimate":5193287.396020431,"standard_error":21444.243812580098},"Median":{"confidence_interval":{"confidence_level":0.95,"lower_bound":5073450.0617283959,"upper_bound":5079223.94243421},"point_estimate":5075388.595238095,"standard_error":2164.1670967754159},"MedianAbsDev":{"confidence_interval":{"confidence_level":0.95,"lower_bound":10047.040433391727,"upper_bound":23647.898887351774},"point_estimate":15013.642766787805,"standard_error":3746.544945953317},"Slope":{"confidence_interval":{"confidence_level":0.95,"lower_bound":5133423.181541975,"upper_bound":5220637.756174409},"point_estimate":5172784.711482193,"standard_error":22199.642699391938},"StdDev":{"confidence_interval":{"confidence_level":0.95,"lower_bound":179961.58975936892,"upper_bound":242974.80564730458},"point_estimate":216558.71768337713,"standard_error":16174.662035405392}}