{"Mean":{"confidence_interval":{"confidence_level":0.95,"lower_bound":3741652.5333007548,"upper_bound":3786200.635394068},"point_estimate":3763453.6130156416,"standard_error":11359.596749441813},"Median":{"confidence_interval":{"confidence_level":0.95,"lower_bound":3677677.1818181818,"upper_bound":3744236.109589041},"point_estimate":3690519.9224137936,"standard_error":18255.724437972134},"MedianAbsDev":{"confidence_interval":{"confidence_level":0.95,"lower_bound":15564.775390649129,"upper_bound":113086.08079180111},"point_estimate":36063.40062940478,"standard_error":25823.89369972333},"Slope":{"confidence_interval":{"confidence_level":0.95,"lower_bound":3755544.646878261,"upper_bound":3811619.5545327814},"point_estimate":3783364.747424265,"standard_error":14312.899091402734},"StdDev":{"confidence_interval":{"confidence_level":0.95,"lower_bound":98946.78458696729,"upper_bound":126419.79697723365},"point_estimate":113586.28091603659,"standard_error":6983.81276497069}}