{"Mean":{"confidence_interval":{"confidence_level":0.95,"lower_bound":9570.248740079302,"upper_bound":9757.71211620661},"point_estimate":9660.747252154519,"standard_error":47.8239966563097},"Median":{"confidence_interval":{"confidence_level":0.95,"lower_bound":9405.564660691422,"upper_bound":9519.975067116313},"point_estimate":9447.274806803425,"standard_error":30.35822434789582},"MedianAbsDev":{"confidence_interval":{"confidence_level":0.95,"lower_bound":166.2135519124293,"upper_bound":395.1320133176097},"point_estimate":280.22568083715307,"standard_error":58.71956336672948},"Slope":{"confidence_interval":{"confidence_level":0.95,"lower_bound":9516.140774674244,"upper_bound":9731.358433578458},"point_estimate":9621.175273541648,"standard_error":54.85260081345262},"StdDev":{"confidence_interval":{"confidence_level":0.95,"lower_bound":383.7108917554956,"upper_bound":575.487114528293},"point_estimate":481.24158570098668,"standard_error":49.19473891699742}}