{"Mean":{"confidence_interval":{"confidence_level":0.95,"lower_bound":253578.3511368118,"upper_bound":254010.2155149252},"point_estimate":253784.467314354,"standard_error":110.66815941634704},"Median":{"confidence_interval":{"confidence_level":0.95,"lower_bound":253272.20588235296,"upper_bound":253433.125},"point_estimate":253341.6750847868,"standard_error":45.176670441720187},"MedianAbsDev":{"confidence_interval":{"confidence_level":0.95,"lower_bound":220.58981164466196,"upper_bound":466.738320701199},"point_estimate":309.17319783605907,"standard_error":62.55353990301265},"Slope":{"confidence_interval":{"confidence_level":0.95,"lower_bound":253261.1357942011,"upper_bound":253814.69114222026},"point_estimate":253513.3778764593,"standard_error":142.24987734013855},"StdDev":{"confidence_interval":{"confidence_level":0.95,"lower_bound":858.0511981638961,"upper_bound":1313.5438146985178},"point_estimate":1107.839306378475,"standard_error":116.29462314678928}}