{"Mean":{"confidence_interval":{"confidence_level":0.95,"lower_bound":44147050.02910052,"upper_bound":44303865.18782879},"point_estimate":44221873.25703484,"standard_error":40039.442992107186},"Median":{"confidence_interval":{"confidence_level":0.95,"lower_bound":44057594.87179487,"upper_bound":44210740.121212128},"point_estimate":44139900.71413721,"standard_error":35588.15962055763},"MedianAbsDev":{"confidence_interval":{"confidence_level":0.95,"lower_bound":200087.00964458145,"upper_bound":353938.5741845215},"point_estimate":272005.44849238198,"standard_error":37710.28159096077},"Slope":{"confidence_interval":{"confidence_level":0.95,"lower_bound":44201030.83281233,"upper_bound":44367038.81891723},"point_estimate":44279893.409369,"standard_error":42470.59849412036},"StdDev":{"confidence_interval":{"confidence_level":0.95,"lower_bound":303204.0837661417,"upper_bound":487222.5396707666},"point_estimate":400452.4297716138,"standard_error":47182.68560856145}}