{"Mean":{"confidence_interval":{"confidence_level":0.95,"lower_bound":85457159.74214588,"upper_bound":86211991.00321846},"point_estimate":85831844.80689708,"standard_error":192175.47743913864},"Median":{"confidence_interval":{"confidence_level":0.95,"lower_bound":85454170.58333333,"upper_bound":86107997.41894737},"point_estimate":85686558.48913044,"standard_error":174806.44494068577},"MedianAbsDev":{"confidence_interval":{"confidence_level":0.95,"lower_bound":1253465.1986769888,"upper_bound":2059708.4870438767},"point_estimate":1627243.3708192476,"standard_error":203812.2075785539},"Slope":{"confidence_interval":{"confidence_level":0.95,"lower_bound":85108563.22983146,"upper_bound":85811327.27390602},"point_estimate":85451738.2627516,"standard_error":179645.10356692275},"StdDev":{"confidence_interval":{"confidence_level":0.95,"lower_bound":1592098.3216163379,"upper_bound":2246147.9442057788},"point_estimate":1931216.4340712513,"standard_error":166700.91490436355}}