{"Mean":{"confidence_interval":{"confidence_level":0.95,"lower_bound":2408390.493906103,"upper_bound":2451647.64319254},"point_estimate":2429232.1425632338,"standard_error":11078.192256547849},"Median":{"confidence_interval":{"confidence_level":0.95,"lower_bound":2372861.85,"upper_bound":2373910.968261563},"point_estimate":2373295.2698591549,"standard_error":305.12294472769369},"MedianAbsDev":{"confidence_interval":{"confidence_level":0.95,"lower_bound":1495.1771016966584,"upper_bound":3461.230385679494},"point_estimate":2444.581359673022,"standard_error":531.8707882809456},"Slope":{"confidence_interval":{"confidence_level":0.95,"lower_bound":2379006.5097674315,"upper_bound":2400612.070426254},"point_estimate":2388164.290542338,"standard_error":5619.569083289227},"StdDev":{"confidence_interval":{"confidence_level":0.95,"lower_bound":89403.94820935124,"upper_bound":127669.32553518453},"point_estimate":111316.67959806563,"standard_error":9791.3807717502}}