{"Mean":{"confidence_interval":{"confidence_level":0.95,"lower_bound":24118.79697216233,"upper_bound":24171.684570207035},"point_estimate":24143.736729802466,"standard_error":13.503008333357905},"Median":{"confidence_interval":{"confidence_level":0.95,"lower_bound":24084.138007054673,"upper_bound":24114.123638937283},"point_estimate":24097.250894089157,"standard_error":7.054925610944638},"MedianAbsDev":{"confidence_interval":{"confidence_level":0.95,"lower_bound":39.01823602081186,"upper_bound":74.04322024450636},"point_estimate":52.122183620783307,"standard_error":9.318852947801738},"Slope":{"confidence_interval":{"confidence_level":0.95,"lower_bound":24085.84510199761,"upper_bound":24162.692392670226},"point_estimate":24118.931484163342,"standard_error":19.903630453000799},"StdDev":{"confidence_interval":{"confidence_level":0.95,"lower_bound":93.47224922612142,"upper_bound":170.07705540599708},"point_estimate":135.44981897098277,"standard_error":19.53477212531784}}