{"Mean":{"confidence_interval":{"confidence_level":0.95,"lower_bound":347.6499613862623,"upper_bound":353.27756786992139},"point_estimate":349.941129186237,"standard_error":1.477145979737508},"Median":{"confidence_interval":{"confidence_level":0.95,"lower_bound":347.2983863954952,"upper_bound":347.4356440239842},"point_estimate":347.37530526269509,"standard_error":0.03500002637678493},"MedianAbsDev":{"confidence_interval":{"confidence_level":0.95,"lower_bound":0.14744336988359769,"upper_bound":0.3165219705435443},"point_estimate":0.24140620381566686,"standard_error":0.04356704432364155},"Slope":{"confidence_interval":{"confidence_level":0.95,"lower_bound":347.26609348197357,"upper_bound":351.78210666554437},"point_estimate":349.05353750734266,"standard_error":1.183108602873067},"StdDev":{"confidence_interval":{"confidence_level":0.95,"lower_bound":0.7538926619415253,"upper_bound":23.87538778652908},"point_estimate":14.832367462744836,"standard_error":6.03309156221308}}