{"Mean":{"confidence_interval":{"confidence_level":0.95,"lower_bound":43594446.90227819,"upper_bound":43800918.936373379},"point_estimate":43701829.12657367,"standard_error":52596.45471542668},"Median":{"confidence_interval":{"confidence_level":0.95,"lower_bound":43632263.85714286,"upper_bound":43766881.68113343},"point_estimate":43698808.05215356,"standard_error":32202.44608862145},"MedianAbsDev":{"confidence_interval":{"confidence_level":0.95,"lower_bound":172245.15264299347,"upper_bound":359967.3387832166},"point_estimate":223939.89941301946,"standard_error":50578.36107682936},"Slope":{"confidence_interval":{"confidence_level":0.95,"lower_bound":43809862.90634513,"upper_bound":43921035.87436333},"point_estimate":43864662.04443032,"standard_error":28301.608519032925},"StdDev":{"confidence_interval":{"confidence_level":0.95,"lower_bound":355964.7604371394,"upper_bound":686672.6233841569},"point_estimate":529085.5403609423,"standard_error":84505.78384031149}}