{"Mean":{"confidence_interval":{"confidence_level":0.95,"lower_bound":7267990.195654867,"upper_bound":7319183.128170932},"point_estimate":7291204.354016724,"standard_error":13104.122283811581},"Median":{"confidence_interval":{"confidence_level":0.95,"lower_bound":7280174.566666666,"upper_bound":7305675.082391305},"point_estimate":7292727.219987995,"standard_error":6451.523681652385},"MedianAbsDev":{"confidence_interval":{"confidence_level":0.95,"lower_bound":52539.85793853164,"upper_bound":92375.56034889445},"point_estimate":74466.51252831056,"standard_error":10311.889306012277},"Slope":{"confidence_interval":{"confidence_level":0.95,"lower_bound":7287627.064036633,"upper_bound":7317132.633693653},"point_estimate":7302484.556914438,"standard_error":7490.500020256149},"StdDev":{"confidence_interval":{"confidence_level":0.95,"lower_bound":76955.09341195057,"upper_bound":193915.86854628518},"point_estimate":131569.40606844749,"standard_error":34947.37961060233}}