{"Mean":{"confidence_interval":{"confidence_level":0.95,"lower_bound":282711.02369708879,"upper_bound":283014.28233996717},"point_estimate":282842.9041119713,"standard_error":78.11227718943208},"Median":{"confidence_interval":{"confidence_level":0.95,"lower_bound":282586.6656984008,"upper_bound":282661.8915662651},"point_estimate":282620.00210674156,"standard_error":17.37205135814744},"MedianAbsDev":{"confidence_interval":{"confidence_level":0.95,"lower_bound":109.58576970427134,"upper_bound":257.65919471749967},"point_estimate":183.77615138745225,"standard_error":39.19369997600797},"Slope":{"confidence_interval":{"confidence_level":0.95,"lower_bound":282522.76076222708,"upper_bound":282577.6782853926},"point_estimate":282549.5798078912,"standard_error":14.011465028822786},"StdDev":{"confidence_interval":{"confidence_level":0.95,"lower_bound":361.63609294881078,"upper_bound":1190.8538784326948},"point_estimate":784.8227970944648,"standard_error":236.97426683855924}}