{"Mean":{"confidence_interval":{"confidence_level":0.95,"lower_bound":3488436.9353805889,"upper_bound":3538421.57505596},"point_estimate":3506916.0461179425,"standard_error":13854.896666749577},"Median":{"confidence_interval":{"confidence_level":0.95,"lower_bound":3482374.36,"upper_bound":3483268.464285714},"point_estimate":3482978.3055200346,"standard_error":230.71494549918308},"MedianAbsDev":{"confidence_interval":{"confidence_level":0.95,"lower_bound":1167.6612838253907,"upper_bound":2085.35915804476},"point_estimate":1655.9123069261544,"standard_error":249.0319677896174},"Slope":{"confidence_interval":{"confidence_level":0.95,"lower_bound":3486379.4651708758,"upper_bound":3497855.3801823088},"point_estimate":3491649.7667444956,"standard_error":2928.855936694035},"StdDev":{"confidence_interval":{"confidence_level":0.95,"lower_bound":21954.977270406034,"upper_bound":233501.13304324947},"point_estimate":138864.0871040723,"standard_error":70404.15016754785}}