{"Mean":{"confidence_interval":{"confidence_level":0.95,"lower_bound":4812.142427565332,"upper_bound":4902.6311600900939},"point_estimate":4857.492333450924,"standard_error":23.124084563976486},"Median":{"confidence_interval":{"confidence_level":0.95,"lower_bound":4948.69785012285,"upper_bound":4975.103409090909},"point_estimate":4963.312905723906,"standard_error":19.908179774252369},"MedianAbsDev":{"confidence_interval":{"confidence_level":0.95,"lower_bound":44.79729209550576,"upper_bound":381.8836519196023},"point_estimate":176.56480730878278,"standard_error":97.09287786304802},"Slope":{"confidence_interval":{"confidence_level":0.95,"lower_bound":4655.665241227159,"upper_bound":4741.805004291819},"point_estimate":4694.335679554522,"standard_error":22.040051525026536},"StdDev":{"confidence_interval":{"confidence_level":0.95,"lower_bound":210.19942728094009,"upper_bound":252.1643695025789},"point_estimate":232.70482458424909,"standard_error":10.697392464372012}}