{"Mean":{"confidence_interval":{"confidence_level":0.95,"lower_bound":5736290.726132637,"upper_bound":5809091.754023417},"point_estimate":5772023.973030811,"standard_error":18598.80436370552},"Median":{"confidence_interval":{"confidence_level":0.95,"lower_bound":5681857.133333334,"upper_bound":5792393.3522727279},"point_estimate":5732515.916666666,"standard_error":30356.562798000272},"MedianAbsDev":{"confidence_interval":{"confidence_level":0.95,"lower_bound":142899.90627429906,"upper_bound":254270.6631108766},"point_estimate":194903.16138816917,"standard_error":28180.12160234625},"Slope":{"confidence_interval":{"confidence_level":0.95,"lower_bound":5714112.669622763,"upper_bound":5788922.319651501},"point_estimate":5750530.276660263,"standard_error":19059.426477454715},"StdDev":{"confidence_interval":{"confidence_level":0.95,"lower_bound":165048.612143073,"upper_bound":204277.98922936008},"point_estimate":186436.3923535408,"standard_error":9992.991597966231}}