{"Mean":{"confidence_interval":{"confidence_level":0.95,"lower_bound":1908359.415568815,"upper_bound":1929044.7048467156},"point_estimate":1918064.0034209758,"standard_error":5294.475344486019},"Median":{"confidence_interval":{"confidence_level":0.95,"lower_bound":1889886.329385965,"upper_bound":1904007.0779220779},"point_estimate":1893998.75,"standard_error":4292.910142205875},"MedianAbsDev":{"confidence_interval":{"confidence_level":0.95,"lower_bound":5763.072149823157,"upper_bound":24947.967559902438},"point_estimate":12117.401300581845,"standard_error":5551.063259989267},"Slope":{"confidence_interval":{"confidence_level":0.95,"lower_bound":1912811.5494837063,"upper_bound":1949497.733229398},"point_estimate":1929958.9990039899,"standard_error":9364.641992501281},"StdDev":{"confidence_interval":{"confidence_level":0.95,"lower_bound":36529.83254951534,"upper_bound":67115.52684881726},"point_estimate":53204.04221001175,"standard_error":7826.528820232017}}