{"Mean":{"confidence_interval":{"confidence_level":0.95,"lower_bound":3299878.4462410549,"upper_bound":3377111.2609453115},"point_estimate":3337886.9776398569,"standard_error":19768.17464315999},"Median":{"confidence_interval":{"confidence_level":0.95,"lower_bound":3210147.8592307695,"upper_bound":3346475.3629885057},"point_estimate":3236606.6133969717,"standard_error":33546.12412290886},"MedianAbsDev":{"confidence_interval":{"confidence_level":0.95,"lower_bound":86667.94198384018,"upper_bound":261537.21015547409},"point_estimate":127197.18511257305,"standard_error":41449.01249286687},"Slope":{"confidence_interval":{"confidence_level":0.95,"lower_bound":3264793.6810592089,"upper_bound":3339658.4318889749},"point_estimate":3299856.889321708,"standard_error":19138.26560055936},"StdDev":{"confidence_interval":{"confidence_level":0.95,"lower_bound":173602.8825189925,"upper_bound":221304.37696471247},"point_estimate":199420.5187567114,"standard_error":12111.818204569408}}