{"Mean":{"confidence_interval":{"confidence_level":0.95,"lower_bound":35678088.48698117,"upper_bound":35898972.99249226},"point_estimate":35786020.708302069,"standard_error":56299.78517429922},"Median":{"confidence_interval":{"confidence_level":0.95,"lower_bound":35610563.79518072,"upper_bound":35902645.0},"point_estimate":35767085.110104758,"standard_error":68750.03050884602},"MedianAbsDev":{"confidence_interval":{"confidence_level":0.95,"lower_bound":397342.8944172827,"upper_bound":695605.6781425275},"point_estimate":529992.7748464297,"standard_error":75131.9590081581},"Slope":{"confidence_interval":{"confidence_level":0.95,"lower_bound":35718376.403728958,"upper_bound":35894171.25097508},"point_estimate":35805848.340109359,"standard_error":44819.173401582615},"StdDev":{"confidence_interval":{"confidence_level":0.95,"lower_bound":471041.3326187954,"upper_bound":656019.1625310972},"point_estimate":565283.8669607431,"standard_error":47236.73180639639}}