{"Mean":{"confidence_interval":{"confidence_level":0.95,"lower_bound":2915.9694210487566,"upper_bound":3045.6102123716584},"point_estimate":2978.790088537085,"standard_error":33.0300097538294},"Median":{"confidence_interval":{"confidence_level":0.95,"lower_bound":2786.889707602339,"upper_bound":2807.051388888889},"point_estimate":2793.2713824289405,"standard_error":4.425326500476213},"MedianAbsDev":{"confidence_interval":{"confidence_level":0.95,"lower_bound":35.05086848087439,"upper_bound":65.34095785501255},"point_estimate":44.91072064020181,"standard_error":6.873929637939947},"Slope":{"confidence_interval":{"confidence_level":0.95,"lower_bound":2974.1417655865545,"upper_bound":3158.122676477756},"point_estimate":3062.1170436677996,"standard_error":46.975865016503508},"StdDev":{"confidence_interval":{"confidence_level":0.95,"lower_bound":288.1752320251762,"upper_bound":363.5438285801231},"point_estimate":333.0238733066195,"standard_error":19.391260482681838}}