{"Mean":{"confidence_interval":{"confidence_level":0.95,"lower_bound":1776602.389539447,"upper_bound":1819547.7198883347},"point_estimate":1797693.472713188,"standard_error":10938.384003959858},"Median":{"confidence_interval":{"confidence_level":0.95,"lower_bound":1732742.431975099,"upper_bound":1750412.4094202899},"point_estimate":1736281.1663582288,"standard_error":5276.102698441011},"MedianAbsDev":{"confidence_interval":{"confidence_level":0.95,"lower_bound":36536.440144143366,"upper_bound":69696.6129293043},"point_estimate":47069.92326955179,"standard_error":9074.152581622622},"Slope":{"confidence_interval":{"confidence_level":0.95,"lower_bound":1800622.5808883655,"upper_bound":1860754.1408080208},"point_estimate":1830493.2301196985,"standard_error":15394.22795111286},"StdDev":{"confidence_interval":{"confidence_level":0.95,"lower_bound":97018.89861534447,"upper_bound":118955.17078932989},"point_estimate":109889.66697346994,"standard_error":5599.96809165224}}