{"Mean":{"confidence_interval":{"confidence_level":0.95,"lower_bound":0.8135711527153983,"upper_bound":0.848668765278735},"point_estimate":0.8308946157177435,"standard_error":0.008976886760480788},"Median":{"confidence_interval":{"confidence_level":0.95,"lower_bound":0.8117776284303502,"upper_bound":0.8659296314710028},"point_estimate":0.8406964727989279,"standard_error":0.015120118189435629}}