{"Mean":{"confidence_interval":{"confidence_level":0.95,"lower_bound":5056.985529805932,"upper_bound":5071.1779570294979},"point_estimate":5063.752116045705,"standard_error":3.6245565272550057},"Median":{"confidence_interval":{"confidence_level":0.95,"lower_bound":5048.675722425723,"upper_bound":5068.053557931109},"point_estimate":5058.1558298795739,"standard_error":5.433602979961548},"MedianAbsDev":{"confidence_interval":{"confidence_level":0.95,"lower_bound":23.19883658160181,"upper_bound":37.26739390900844},"point_estimate":29.625462289589089,"standard_error":3.811651103061907},"Slope":{"confidence_interval":{"confidence_level":0.95,"lower_bound":5047.084466730508,"upper_bound":5061.153655707001},"point_estimate":5053.8456052911619,"standard_error":3.57231671454167},"StdDev":{"confidence_interval":{"confidence_level":0.95,"lower_bound":26.159812916650833,"upper_bound":47.78335247422228},"point_estimate":36.613373586676548,"standard_error":5.691614986465206}}