{"Mean":{"confidence_interval":{"confidence_level":0.95,"lower_bound":69997.10494157333,"upper_bound":72509.403275706},"point_estimate":71075.6752747485,"standard_error":648.0602002496481},"Median":{"confidence_interval":{"confidence_level":0.95,"lower_bound":68098.46323529411,"upper_bound":69300.96215277778},"point_estimate":68238.1307673055,"standard_error":348.7855505011881},"MedianAbsDev":{"confidence_interval":{"confidence_level":0.95,"lower_bound":538.3716636607501,"upper_bound":2492.830717693069},"point_estimate":913.7896937973584,"standard_error":525.209676556996},"Slope":{"confidence_interval":{"confidence_level":0.95,"lower_bound":70131.44675050988,"upper_bound":72065.12557246762},"point_estimate":71055.0005190631,"standard_error":494.02319961550958},"StdDev":{"confidence_interval":{"confidence_level":0.95,"lower_bound":3125.220100635081,"upper_bound":10005.279937917814},"point_estimate":6523.431437444484,"standard_error":2104.5158538001185}}