{"Mean":{"confidence_interval":{"confidence_level":0.95,"lower_bound":15104182.854374985,"upper_bound":15182043.349481134},"point_estimate":15141580.235890039,"standard_error":19922.31218632949},"Median":{"confidence_interval":{"confidence_level":0.95,"lower_bound":15040735.61627907,"upper_bound":15119134.5056231},"point_estimate":15075213.404761905,"standard_error":18843.856046468965},"MedianAbsDev":{"confidence_interval":{"confidence_level":0.95,"lower_bound":98360.63222471767,"upper_bound":196604.10992404293},"point_estimate":140239.00265811527,"standard_error":23861.31649455026},"Slope":{"confidence_interval":{"confidence_level":0.95,"lower_bound":15057659.6560847,"upper_bound":15125679.216563374},"point_estimate":15089396.60662923,"standard_error":17260.403113031865},"StdDev":{"confidence_interval":{"confidence_level":0.95,"lower_bound":151612.38012597833,"upper_bound":243068.98310969535},"point_estimate":200039.96407851447,"standard_error":23428.8915329055}}