{"Mean":{"confidence_interval":{"confidence_level":0.95,"lower_bound":6940.122095552001,"upper_bound":6966.958133118341},"point_estimate":6952.237028138662,"standard_error":6.853247798870039},"Median":{"confidence_interval":{"confidence_level":0.95,"lower_bound":6933.962777777778,"upper_bound":6943.946684587813},"point_estimate":6938.521140635052,"standard_error":2.6617040877623059},"MedianAbsDev":{"confidence_interval":{"confidence_level":0.95,"lower_bound":15.233498946885924,"upper_bound":27.30473969637625},"point_estimate":21.394970963111594,"standard_error":3.010116809817908},"Slope":{"confidence_interval":{"confidence_level":0.95,"lower_bound":6927.019045408307,"upper_bound":6936.579839131383},"point_estimate":6931.925660886985,"standard_error":2.4471549695013916},"StdDev":{"confidence_interval":{"confidence_level":0.95,"lower_bound":37.06147283784419,"upper_bound":94.53967179152785},"point_estimate":68.64221017009058,"standard_error":14.600452756580927}}