{"Mean":{"confidence_interval":{"confidence_level":0.95,"lower_bound":9.155903546219772,"upper_bound":9.494455950931135},"point_estimate":9.325650783628915,"standard_error":0.08524808496849176},"Median":{"confidence_interval":{"confidence_level":0.95,"lower_bound":8.355560492184902,"upper_bound":10.080733623462418},"point_estimate":10.080226402463517,"standard_error":0.5000099704797725},"MedianAbsDev":{"confidence_interval":{"confidence_level":0.95,"lower_bound":0.006025446783563937,"upper_bound":1.1468870276931356},"point_estimate":0.0328535164301667,"standard_error":0.23162960130022654},"Slope":{"confidence_interval":{"confidence_level":0.95,"lower_bound":9.255911979294721,"upper_bound":9.645583115381568},"point_estimate":9.469769662074441,"standard_error":0.09952807257044567},"StdDev":{"confidence_interval":{"confidence_level":0.95,"lower_bound":0.8238665891711806,"upper_bound":0.8710764362569328},"point_estimate":0.8615356920284566,"standard_error":0.012534750989970215}}