{"Mean":{"confidence_interval":{"confidence_level":0.95,"lower_bound":1608486.404379898,"upper_bound":1660302.3593490383},"point_estimate":1633970.658038782,"standard_error":13232.08265900047},"Median":{"confidence_interval":{"confidence_level":0.95,"lower_bound":1528740.31875,"upper_bound":1608655.5059153178},"point_estimate":1542100.8333333336,"standard_error":21363.74522034304},"MedianAbsDev":{"confidence_interval":{"confidence_level":0.95,"lower_bound":17923.200278179505,"upper_bound":133528.88473343786},"point_estimate":38259.27715742906,"standard_error":29507.108241760543},"Slope":{"confidence_interval":{"confidence_level":0.95,"lower_bound":1609001.5716693684,"upper_bound":1678885.1181378612},"point_estimate":1642669.698542929,"standard_error":17851.564543403703},"StdDev":{"confidence_interval":{"confidence_level":0.95,"lower_bound":122501.13101702433,"upper_bound":139041.0871073641},"point_estimate":132824.61047052488,"standard_error":4246.2640794395979}}