{"Mean":{"confidence_interval":{"confidence_level":0.95,"lower_bound":181.51442732867856,"upper_bound":181.62851477497774},"point_estimate":181.56700483825589,"standard_error":0.02919892285611898},"Median":{"confidence_interval":{"confidence_level":0.95,"lower_bound":181.42510740522105,"upper_bound":181.51245941558444},"point_estimate":181.4607383357383,"standard_error":0.02141881338454689},"MedianAbsDev":{"confidence_interval":{"confidence_level":0.95,"lower_bound":0.057174067155847007,"upper_bound":0.16414117673958457},"point_estimate":0.10427033006471534,"standard_error":0.02745503933004779},"Slope":{"confidence_interval":{"confidence_level":0.95,"lower_bound":181.4247754280441,"upper_bound":181.46920860271877},"point_estimate":181.44492077299416,"standard_error":0.01137700578040557},"StdDev":{"confidence_interval":{"confidence_level":0.95,"lower_bound":0.17912250102186956,"upper_bound":0.39042070373883938},"point_estimate":0.2930451803022524,"standard_error":0.053869527386706469}}