{"Mean":{"confidence_interval":{"confidence_level":0.95,"lower_bound":1794138.2690328875,"upper_bound":1811665.9619186817},"point_estimate":1803506.8108463912,"standard_error":4492.631724982696},"Median":{"confidence_interval":{"confidence_level":0.95,"lower_bound":1809856.4,"upper_bound":1816012.7333333335},"point_estimate":1810704.18226601,"standard_error":1905.9925368931479},"MedianAbsDev":{"confidence_interval":{"confidence_level":0.95,"lower_bound":4972.952001732067,"upper_bound":12298.270296527013},"point_estimate":7714.690567152573,"standard_error":1867.2789516860044},"Slope":{"confidence_interval":{"confidence_level":0.95,"lower_bound":1765416.7936771445,"upper_bound":1802975.0298329176},"point_estimate":1784903.9128387764,"standard_error":9640.65870690339},"StdDev":{"confidence_interval":{"confidence_level":0.95,"lower_bound":29630.65701536518,"upper_bound":56632.672459449816},"point_estimate":45114.86085944156,"standard_error":6858.1169381245949}}