{"Mean":{"confidence_interval":{"confidence_level":0.95,"lower_bound":4262409.428421731,"upper_bound":4280763.843541995},"point_estimate":4271349.068766756,"standard_error":4675.55447813391},"Median":{"confidence_interval":{"confidence_level":0.95,"lower_bound":4245277.206349206,"upper_bound":4274086.407407408},"point_estimate":4253140.434089917,"standard_error":7520.455954898018},"MedianAbsDev":{"confidence_interval":{"confidence_level":0.95,"lower_bound":23202.49056153589,"upper_bound":51867.06941259868},"point_estimate":37011.550730413954,"standard_error":6800.480785340431},"Slope":{"confidence_interval":{"confidence_level":0.95,"lower_bound":4234470.497803686,"upper_bound":4245135.753874019},"point_estimate":4239436.848662628,"standard_error":2721.62873227393},"StdDev":{"confidence_interval":{"confidence_level":0.95,"lower_bound":38715.36450287548,"upper_bound":55563.77372783073},"point_estimate":47030.72361531111,"standard_error":4345.889168546497}}