{"Mean":{"confidence_interval":{"confidence_level":0.95,"lower_bound":209.4862063274676,"upper_bound":219.73123726370106},"point_estimate":214.08938368045876,"standard_error":2.6177963377979678},"Median":{"confidence_interval":{"confidence_level":0.95,"lower_bound":201.36924933612034,"upper_bound":201.61050608584243},"point_estimate":201.42935255363188,"standard_error":0.05907809612268856},"MedianAbsDev":{"confidence_interval":{"confidence_level":0.95,"lower_bound":0.2564839497060267,"upper_bound":0.6271019477999074},"point_estimate":0.3963375431319451,"standard_error":0.09372028205512595},"Slope":{"confidence_interval":{"confidence_level":0.95,"lower_bound":214.5088382107824,"upper_bound":224.91753012836629},"point_estimate":219.68890917760732,"standard_error":2.655728197681679},"StdDev":{"confidence_interval":{"confidence_level":0.95,"lower_bound":16.06866625658914,"upper_bound":37.89785311847902},"point_estimate":26.313339403317916,"standard_error":6.861435108228864}}