{"Mean":{"confidence_interval":{"confidence_level":0.95,"lower_bound":-0.013393640200566928,"upper_bound":-0.0036429497728159958},"point_estimate":-0.008523109605552915,"standard_error":0.00249399444043962},"Median":{"confidence_interval":{"confidence_level":0.95,"lower_bound":-0.03412273323624848,"upper_bound":-0.00045286457172644123},"point_estimate":-0.003770634844792786,"standard_error":0.007104666858566309}}