{"Mean":{"confidence_interval":{"confidence_level":0.95,"lower_bound":264.21400812451159,"upper_bound":264.33462743048536},"point_estimate":264.2687919806787,"standard_error":0.030802430074557065},"Median":{"confidence_interval":{"confidence_level":0.95,"lower_bound":264.1467597812017,"upper_bound":264.18904136133036},"point_estimate":264.1685984264923,"standard_error":0.012079940321761447},"MedianAbsDev":{"confidence_interval":{"confidence_level":0.95,"lower_bound":0.07240545906780445,"upper_bound":0.13906487116241066},"point_estimate":0.10521788694591428,"standard_error":0.01737076373294216},"Slope":{"confidence_interval":{"confidence_level":0.95,"lower_bound":264.1149496513136,"upper_bound":264.1391453184248},"point_estimate":264.1262014503037,"standard_error":0.006172562894310428},"StdDev":{"confidence_interval":{"confidence_level":0.95,"lower_bound":0.17200308344111324,"upper_bound":0.4269399540502204},"point_estimate":0.3091857200596925,"standard_error":0.06544847207919032}}