{"Mean":{"confidence_interval":{"confidence_level":0.95,"lower_bound":58.474179149505527,"upper_bound":59.82813509866589},"point_estimate":59.08937121618818,"standard_error":0.34912799485909076},"Median":{"confidence_interval":{"confidence_level":0.95,"lower_bound":58.138795541166349,"upper_bound":58.16692661483146},"point_estimate":58.14863343190774,"standard_error":0.007005050803203858},"MedianAbsDev":{"confidence_interval":{"confidence_level":0.95,"lower_bound":0.03936541445247444,"upper_bound":0.07846597708438386},"point_estimate":0.05149166804047833,"standard_error":0.01013742726973891},"Slope":{"confidence_interval":{"confidence_level":0.95,"lower_bound":58.65412036989076,"upper_bound":61.93718386671431},"point_estimate":60.22210585649568,"standard_error":0.8378095222495161},"StdDev":{"confidence_interval":{"confidence_level":0.95,"lower_bound":1.91001770859814,"upper_bound":4.671792986674485},"point_estimate":3.5017944640132545,"standard_error":0.707321819981911}}