{"Mean":{"confidence_interval":{"confidence_level":0.95,"lower_bound":1766808.2615747974,"upper_bound":1813082.3151843118},"point_estimate":1789592.039452122,"standard_error":11787.012151400946},"Median":{"confidence_interval":{"confidence_level":0.95,"lower_bound":1709819.3286384978,"upper_bound":1732768.6433310456},"point_estimate":1723477.7190704034,"standard_error":5874.358225022522},"MedianAbsDev":{"confidence_interval":{"confidence_level":0.95,"lower_bound":24919.256219539016,"upper_bound":59038.05838006193},"point_estimate":38400.318200273425,"standard_error":9042.090646022101},"Slope":{"confidence_interval":{"confidence_level":0.95,"lower_bound":1805476.083303843,"upper_bound":1867022.0230140347},"point_estimate":1836048.177718339,"standard_error":15727.143017794466},"StdDev":{"confidence_interval":{"confidence_level":0.95,"lower_bound":105944.91407445827,"upper_bound":127555.77044673143},"point_estimate":118892.07907791261,"standard_error":5518.878926457675}}