{"Mean":{"confidence_interval":{"confidence_level":0.95,"lower_bound":72199.6815209056,"upper_bound":74700.18112369294},"point_estimate":73376.06416717249,"standard_error":641.0785188844736},"Median":{"confidence_interval":{"confidence_level":0.95,"lower_bound":70854.78736068896,"upper_bound":70897.72844155845},"point_estimate":70874.97129210658,"standard_error":9.984281736163407},"MedianAbsDev":{"confidence_interval":{"confidence_level":0.95,"lower_bound":60.73978541659298,"upper_bound":127.63814801905903},"point_estimate":95.52409907222787,"standard_error":16.75197931732398},"Slope":{"confidence_interval":{"confidence_level":0.95,"lower_bound":72603.98845356432,"upper_bound":77108.6691464565},"point_estimate":74788.59374671198,"standard_error":1156.9897229142333},"StdDev":{"confidence_interval":{"confidence_level":0.95,"lower_bound":4746.83857067155,"upper_bound":7692.762778371666},"point_estimate":6427.605631966651,"standard_error":751.2514844952209}}