{"Mean":{"confidence_interval":{"confidence_level":0.95,"lower_bound":33004585.497843166,"upper_bound":33548315.23323664},"point_estimate":33195467.844988225,"standard_error":165607.35055992736},"Median":{"confidence_interval":{"confidence_level":0.95,"lower_bound":32939683.324324326,"upper_bound":32952035.36842105},"point_estimate":32945424.83322704,"standard_error":2954.994948552288},"MedianAbsDev":{"confidence_interval":{"confidence_level":0.95,"lower_bound":10395.519446801956,"upper_bound":28141.271779914598},"point_estimate":18201.33184392773,"standard_error":4397.243516774655},"Slope":{"confidence_interval":{"confidence_level":0.95,"lower_bound":33019932.20934764,"upper_bound":33138746.72320018},"point_estimate":33075324.82494754,"standard_error":30344.628497264977},"StdDev":{"confidence_interval":{"confidence_level":0.95,"lower_bound":143662.83709111927,"upper_bound":2852120.438212713},"point_estimate":1668190.9430690844,"standard_error":967016.3154667035}}