{"Mean":{"confidence_interval":{"confidence_level":0.95,"lower_bound":41175032.17328852,"upper_bound":41335927.737700808},"point_estimate":41253430.24360685,"standard_error":41107.52464650023},"Median":{"confidence_interval":{"confidence_level":0.95,"lower_bound":41127230.61942809,"upper_bound":41255877.31733747},"point_estimate":41186710.35213675,"standard_error":32582.614631555076},"MedianAbsDev":{"confidence_interval":{"confidence_level":0.95,"lower_bound":196204.2428037571,"upper_bound":379802.17502049249},"point_estimate":290633.3936389043,"standard_error":44100.52848727838},"Slope":{"confidence_interval":{"confidence_level":0.95,"lower_bound":41105268.67257853,"upper_bound":41216785.92964236},"point_estimate":41158939.81881484,"standard_error":28466.66044688448},"StdDev":{"confidence_interval":{"confidence_level":0.95,"lower_bound":307863.7328029743,"upper_bound":507070.78229970028},"point_estimate":411792.01159884457,"standard_error":51157.703500745716}}