{"Mean":{"confidence_interval":{"confidence_level":0.95,"lower_bound":3703029.015990985,"upper_bound":3747585.145354231},"point_estimate":3724746.5576231505,"standard_error":11381.300729228129},"Median":{"confidence_interval":{"confidence_level":0.95,"lower_bound":3647002.7634480458,"upper_bound":3671972.871794872},"point_estimate":3649450.6865079367,"standard_error":6966.696149069469},"MedianAbsDev":{"confidence_interval":{"confidence_level":0.95,"lower_bound":6213.968836265386,"upper_bound":45623.60667588187},"point_estimate":14216.386087959618,"standard_error":10553.85196571408},"Slope":{"confidence_interval":{"confidence_level":0.95,"lower_bound":3718005.892959448,"upper_bound":3774917.9615590816},"point_estimate":3745955.990867445,"standard_error":14552.926330583525},"StdDev":{"confidence_interval":{"confidence_level":0.95,"lower_bound":95748.42920832726,"upper_bound":130478.59823577167},"point_estimate":114086.26829009484,"standard_error":8864.167256811326}}