{"Mean":{"confidence_interval":{"confidence_level":0.95,"lower_bound":14300474.743877447,"upper_bound":14312249.84420641},"point_estimate":14306202.730194699,"standard_error":3007.175881569981},"Median":{"confidence_interval":{"confidence_level":0.95,"lower_bound":14287851.129032258,"upper_bound":14297536.42857143},"point_estimate":14292208.905660378,"standard_error":2236.160960182992},"MedianAbsDev":{"confidence_interval":{"confidence_level":0.95,"lower_bound":10371.80620570735,"upper_bound":23660.529111442404},"point_estimate":16277.179992518919,"standard_error":3348.983061157151},"Slope":{"confidence_interval":{"confidence_level":0.95,"lower_bound":14295779.167816684,"upper_bound":14308804.173247202},"point_estimate":14301879.118847348,"standard_error":3332.6015046809668},"StdDev":{"confidence_interval":{"confidence_level":0.95,"lower_bound":25545.86214819826,"upper_bound":34068.679930386454},"point_estimate":30329.060569402205,"standard_error":2179.7915387171349}}