{"Mean":{"confidence_interval":{"confidence_level":0.95,"lower_bound":5420425.169315172,"upper_bound":5639653.310866023},"point_estimate":5525571.339969754,"standard_error":56161.375183926924},"Median":{"confidence_interval":{"confidence_level":0.95,"lower_bound":5163329.116279069,"upper_bound":5330593.6},"point_estimate":5222042.816239316,"standard_error":45244.685820943036},"MedianAbsDev":{"confidence_interval":{"confidence_level":0.95,"lower_bound":55658.04351954654,"upper_bound":301380.4145844277},"point_estimate":139949.95424452867,"standard_error":66029.04038729542},"Slope":{"confidence_interval":{"confidence_level":0.95,"lower_bound":5492580.15702312,"upper_bound":5777396.564066562},"point_estimate":5631916.560041377,"standard_error":72723.39516688456},"StdDev":{"confidence_interval":{"confidence_level":0.95,"lower_bound":454407.67837668347,"upper_bound":660828.8899495392},"point_estimate":564731.0014171427,"standard_error":52707.6992854926}}