{"Mean":{"confidence_interval":{"confidence_level":0.95,"lower_bound":2261.258432040374,"upper_bound":2381.5298259000539},"point_estimate":2321.252474603841,"standard_error":30.586334742686998},"Median":{"confidence_interval":{"confidence_level":0.95,"lower_bound":2043.9755833333334,"upper_bound":2632.0739021070078},"point_estimate":2061.5932248410028,"standard_error":217.86576391545143},"MedianAbsDev":{"confidence_interval":{"confidence_level":0.95,"lower_bound":25.792542891716726,"upper_bound":445.5478231046049},"point_estimate":55.07182329957442,"standard_error":95.85893013002964},"Slope":{"confidence_interval":{"confidence_level":0.95,"lower_bound":2075.6071825789329,"upper_bound":2128.1944139065255},"point_estimate":2098.2476949719227,"standard_error":13.508574611723394},"StdDev":{"confidence_interval":{"confidence_level":0.95,"lower_bound":296.40438017849098,"upper_bound":311.9560977664801},"point_estimate":307.9785122961333,"standard_error":3.9022786269891749}}