{"Mean":{"confidence_interval":{"confidence_level":0.95,"lower_bound":821.6011469167037,"upper_bound":857.6626599299591},"point_estimate":839.1006121555107,"standard_error":9.18470825608023},"Median":{"confidence_interval":{"confidence_level":0.95,"lower_bound":787.7435330739299,"upper_bound":788.2931474275832},"point_estimate":787.9751311428159,"standard_error":0.13270731169296677},"MedianAbsDev":{"confidence_interval":{"confidence_level":0.95,"lower_bound":0.5202839746969069,"upper_bound":1.3423359005193603},"point_estimate":0.8015658077537802,"standard_error":0.200267418861703},"Slope":{"confidence_interval":{"confidence_level":0.95,"lower_bound":830.5107339456157,"upper_bound":879.0754532739517},"point_estimate":853.3998821955254,"standard_error":12.401278210026737},"StdDev":{"confidence_interval":{"confidence_level":0.95,"lower_bound":77.63300248951309,"upper_bound":102.13293199909183},"point_estimate":92.21805465761567,"standard_error":6.216631700529258}}