{"Mean":{"confidence_interval":{"confidence_level":0.95,"lower_bound":530.0122249718812,"upper_bound":532.3528815893754},"point_estimate":531.0952024867611,"standard_error":0.6001768943089455},"Median":{"confidence_interval":{"confidence_level":0.95,"lower_bound":528.6589084639836,"upper_bound":529.5752788104089},"point_estimate":529.1691971594612,"standard_error":0.23647407069670069},"MedianAbsDev":{"confidence_interval":{"confidence_level":0.95,"lower_bound":1.298351168966213,"upper_bound":2.5272039812681039},"point_estimate":2.008958442152776,"standard_error":0.32596785394827679},"Slope":{"confidence_interval":{"confidence_level":0.95,"lower_bound":528.6459026750182,"upper_bound":531.8905487276797},"point_estimate":530.0200840034067,"standard_error":0.8475000475842326},"StdDev":{"confidence_interval":{"confidence_level":0.95,"lower_bound":3.860582529681961,"upper_bound":7.708409483137479},"point_estimate":6.002552329861085,"standard_error":0.9826182855749679}}