{"Mean":{"confidence_interval":{"confidence_level":0.95,"lower_bound":23334201.72524819,"upper_bound":23493657.632072726},"point_estimate":23413981.409661965,"standard_error":40634.86910623872},"Median":{"confidence_interval":{"confidence_level":0.95,"lower_bound":23316781.980392159,"upper_bound":23560955.137360448},"point_estimate":23420010.95375,"standard_error":55350.29605279224},"MedianAbsDev":{"confidence_interval":{"confidence_level":0.95,"lower_bound":293700.62643718058,"upper_bound":461428.21742682},"point_estimate":360993.1651501046,"standard_error":42318.85994545995},"Slope":{"confidence_interval":{"confidence_level":0.95,"lower_bound":23360374.665091129,"upper_bound":23526267.099270375},"point_estimate":23442511.233556969,"standard_error":42372.31521776894},"StdDev":{"confidence_interval":{"confidence_level":0.95,"lower_bound":338699.67272772666,"upper_bound":472045.8230464527},"point_estimate":407217.08860363878,"standard_error":34195.37982782444}}