{"Mean":{"confidence_interval":{"confidence_level":0.95,"lower_bound":16.240009750489194,"upper_bound":17.018725881848647},"point_estimate":16.620384045419603,"standard_error":0.19948513875037647},"Median":{"confidence_interval":{"confidence_level":0.95,"lower_bound":15.31382553098653,"upper_bound":15.368651307506925},"point_estimate":15.325244683679739,"standard_error":0.0163639682707102},"MedianAbsDev":{"confidence_interval":{"confidence_level":0.95,"lower_bound":0.02187357917297504,"upper_bound":0.10191783658985997},"point_estimate":0.04024257890792517,"standard_error":0.02085951042936187},"Slope":{"confidence_interval":{"confidence_level":0.95,"lower_bound":16.67297692599023,"upper_bound":17.792638746109703},"point_estimate":17.213948796787269,"standard_error":0.2865842152666359},"StdDev":{"confidence_interval":{"confidence_level":0.95,"lower_bound":1.7689133541546505,"upper_bound":2.1401256471594829},"point_estimate":2.0009487583945835,"standard_error":0.09424357737596895}}