{"Mean":{"confidence_interval":{"confidence_level":0.95,"lower_bound":303816.122539689,"upper_bound":309795.25624784946},"point_estimate":306776.87290325798,"standard_error":1528.3237129031355},"Median":{"confidence_interval":{"confidence_level":0.95,"lower_bound":297332.39673913046,"upper_bound":311772.2901785714},"point_estimate":297812.80000000007,"standard_error":5366.243803036188},"MedianAbsDev":{"confidence_interval":{"confidence_level":0.95,"lower_bound":1000.7022466064218,"upper_bound":21502.790160908826},"point_estimate":20188.46408152993,"standard_error":4993.628837009384},"Slope":{"confidence_interval":{"confidence_level":0.95,"lower_bound":313606.75560636256,"upper_bound":318833.2946364714},"point_estimate":316203.96189892126,"standard_error":1331.4826288223617},"StdDev":{"confidence_interval":{"confidence_level":0.95,"lower_bound":13535.175645121635,"upper_bound":16860.207820143634},"point_estimate":15342.4333474959,"standard_error":850.4147429196391}}