{"Mean":{"confidence_interval":{"confidence_level":0.95,"lower_bound":0.74149356668083,"upper_bound":0.7520234969914972},"point_estimate":0.7468645090294868,"standard_error":0.002693405029732419},"Median":{"confidence_interval":{"confidence_level":0.95,"lower_bound":0.74504768050858,"upper_bound":0.75236985756018},"point_estimate":0.7486111726555742,"standard_error":0.0018639560999369023}}