{"Mean":{"confidence_interval":{"confidence_level":0.95,"lower_bound":1145137.8495672993,"upper_bound":1163991.5274694153},"point_estimate":1154121.6268126155,"standard_error":4826.407906802432},"Median":{"confidence_interval":{"confidence_level":0.95,"lower_bound":1130762.328358209,"upper_bound":1131136.3517857143},"point_estimate":1130958.2907709415,"standard_error":91.77367629114339},"MedianAbsDev":{"confidence_interval":{"confidence_level":0.95,"lower_bound":906.8825288595268,"upper_bound":1910.1108707275817},"point_estimate":1322.8437723404953,"standard_error":239.071093884947},"Slope":{"confidence_interval":{"confidence_level":0.95,"lower_bound":1158902.3216651916,"upper_bound":1189441.1446358956},"point_estimate":1174338.6697709473,"standard_error":7806.623246822618},"StdDev":{"confidence_interval":{"confidence_level":0.95,"lower_bound":37255.37770012857,"upper_bound":58697.62088180059},"point_estimate":48511.8581534039,"standard_error":5487.172473121423}}