{"Mean":{"confidence_interval":{"confidence_level":0.95,"lower_bound":42368501.02291326,"upper_bound":42644584.267872769},"point_estimate":42503727.80153562,"standard_error":70372.48856526087},"Median":{"confidence_interval":{"confidence_level":0.95,"lower_bound":42331731.45454545,"upper_bound":42550542.98591549},"point_estimate":42414501.86694678,"standard_error":59694.05810191068},"MedianAbsDev":{"confidence_interval":{"confidence_level":0.95,"lower_bound":301542.30920655347,"upper_bound":525860.8717514728},"point_estimate":455567.4867413925,"standard_error":58351.060511797135},"Slope":{"confidence_interval":{"confidence_level":0.95,"lower_bound":42366399.362644728,"upper_bound":42549460.442750338},"point_estimate":42455790.20787646,"standard_error":46737.13557185538},"StdDev":{"confidence_interval":{"confidence_level":0.95,"lower_bound":517665.28520389486,"upper_bound":904524.6907963584},"point_estimate":710953.7021205418,"standard_error":100074.21398046949}}