{"Mean":{"confidence_interval":{"confidence_level":0.95,"lower_bound":0.0960603817042553,"upper_bound":0.1373217174075507},"point_estimate":0.11674350048851023,"standard_error":0.010851961687294423},"Median":{"confidence_interval":{"confidence_level":0.95,"lower_bound":0.04850464336721694,"upper_bound":0.06275249649342124},"point_estimate":0.05060482863840843,"standard_error":0.004087458224370237}}