{"Mean":{"confidence_interval":{"confidence_level":0.95,"lower_bound":3395.7243135263267,"upper_bound":3404.701501381097},"point_estimate":3399.9842206745317,"standard_error":2.2944887579963049},"Median":{"confidence_interval":{"confidence_level":0.95,"lower_bound":3391.227397260274,"upper_bound":3400.4923743117399},"point_estimate":3395.867956102117,"standard_error":2.3589007808708688},"MedianAbsDev":{"confidence_interval":{"confidence_level":0.95,"lower_bound":14.614338103951479,"upper_bound":22.047525188123918},"point_estimate":19.262216434636707,"standard_error":1.9030577164331888},"Slope":{"confidence_interval":{"confidence_level":0.95,"lower_bound":3389.1815175758595,"upper_bound":3397.0582995391275},"point_estimate":3393.00163282327,"standard_error":2.019111537540363},"StdDev":{"confidence_interval":{"confidence_level":0.95,"lower_bound":16.513080511202689,"upper_bound":30.333432374817833},"point_estimate":23.022020629073127,"standard_error":3.71275234269665}}