{"Mean":{"confidence_interval":{"confidence_level":0.95,"lower_bound":7288236.1698116189,"upper_bound":7364914.288745261},"point_estimate":7325506.04697006,"standard_error":19583.25893261332},"Median":{"confidence_interval":{"confidence_level":0.95,"lower_bound":7193423.092783505,"upper_bound":7314433.929292929},"point_estimate":7272272.468454463,"standard_error":33966.61942818315},"MedianAbsDev":{"confidence_interval":{"confidence_level":0.95,"lower_bound":69981.10017744232,"upper_bound":206577.39150911143},"point_estimate":151760.13960299144,"standard_error":38127.84145530272},"Slope":{"confidence_interval":{"confidence_level":0.95,"lower_bound":7305668.890054192,"upper_bound":7403915.99999399},"point_estimate":7352475.120091621,"standard_error":25074.683505373534},"StdDev":{"confidence_interval":{"confidence_level":0.95,"lower_bound":165943.66446324229,"upper_bound":221287.28718680165},"point_estimate":196682.3170226567,"standard_error":14128.030823322802}}