{"Mean":{"confidence_interval":{"confidence_level":0.95,"lower_bound":213.7511681421712,"upper_bound":221.11230754824028},"point_estimate":217.42824022945647,"standard_error":1.8734123644452292},"Median":{"confidence_interval":{"confidence_level":0.95,"lower_bound":196.9121892542101,"upper_bound":234.06291680678789},"point_estimate":233.9363897778427,"standard_error":10.668764747967112},"MedianAbsDev":{"confidence_interval":{"confidence_level":0.95,"lower_bound":0.5105468857225654,"upper_bound":21.656277678168644},"point_estimate":0.8890639052625027,"standard_error":5.713368318034087},"Slope":{"confidence_interval":{"confidence_level":0.95,"lower_bound":210.32714238273585,"upper_bound":220.20680499808268},"point_estimate":215.33354878781635,"standard_error":2.518658276736705},"StdDev":{"confidence_interval":{"confidence_level":0.95,"lower_bound":18.00035467586335,"upper_bound":19.121027863598273},"point_estimate":18.843700091150099,"standard_error":0.2902224729290312}}