{"Mean":{"confidence_interval":{"confidence_level":0.95,"lower_bound":8805683.444551053,"upper_bound":8816409.711546103},"point_estimate":8811937.440321159,"standard_error":2777.2165582174268},"Median":{"confidence_interval":{"confidence_level":0.95,"lower_bound":8813789.125,"upper_bound":8818898.761363637},"point_estimate":8815953.049342106,"standard_error":1237.2034439907134},"MedianAbsDev":{"confidence_interval":{"confidence_level":0.95,"lower_bound":6886.963765022693,"upper_bound":13641.756063809218},"point_estimate":10256.470985332879,"standard_error":1718.434400112977},"Slope":{"confidence_interval":{"confidence_level":0.95,"lower_bound":8816214.43333452,"upper_bound":8819646.578260215},"point_estimate":8817933.55021132,"standard_error":877.4311331303476},"StdDev":{"confidence_interval":{"confidence_level":0.95,"lower_bound":11150.15830834846,"upper_bound":44325.66165655656},"point_estimate":27993.862351862837,"standard_error":10394.826402817369}}