{"Mean":{"confidence_interval":{"confidence_level":0.95,"lower_bound":2505241.078039416,"upper_bound":2533265.5410812015},"point_estimate":2517959.141305958,"standard_error":7164.141834416489},"Median":{"confidence_interval":{"confidence_level":0.95,"lower_bound":2489895.6923076927,"upper_bound":2494273.503000546},"point_estimate":2491843.7240451166,"standard_error":1139.9017543382632},"MedianAbsDev":{"confidence_interval":{"confidence_level":0.95,"lower_bound":6131.452915349831,"upper_bound":13107.865342707377},"point_estimate":8875.998889314398,"standard_error":1845.399536558398},"Slope":{"confidence_interval":{"confidence_level":0.95,"lower_bound":2493191.5735479176,"upper_bound":2511908.406506292},"point_estimate":2501411.241019654,"standard_error":4813.322076458358},"StdDev":{"confidence_interval":{"confidence_level":0.95,"lower_bound":42468.38636989377,"upper_bound":97307.62312923525},"point_estimate":71895.48328260359,"standard_error":14076.11199878796}}