{"Mean":{"confidence_interval":{"confidence_level":0.95,"lower_bound":-0.0010251513679754047,"upper_bound":0.0018937240147298689},"point_estimate":0.0004159484390819923,"standard_error":0.0007416978278656278},"Median":{"confidence_interval":{"confidence_level":0.95,"lower_bound":-0.0008491763925735363,"upper_bound":0.0007173246691855966},"point_estimate":-0.00006208327046908213,"standard_error":0.00039623864753478635}}