{"Mean":{"confidence_interval":{"confidence_level":0.95,"lower_bound":2019526.4867547872,"upper_bound":2027128.183873403},"point_estimate":2023228.446592399,"standard_error":1938.7063843018705},"Median":{"confidence_interval":{"confidence_level":0.95,"lower_bound":2008722.0,"upper_bound":2026962.1316468255},"point_estimate":2018486.0348837209,"standard_error":6211.835377570224},"MedianAbsDev":{"confidence_interval":{"confidence_level":0.95,"lower_bound":6983.743357106836,"upper_bound":27261.89922569513},"point_estimate":18033.556535263073,"standard_error":6330.2501076323619},"Slope":{"confidence_interval":{"confidence_level":0.95,"lower_bound":2026337.5316274213,"upper_bound":2035544.3600439423},"point_estimate":2030952.3924102262,"standard_error":2345.4891748827596},"StdDev":{"confidence_interval":{"confidence_level":0.95,"lower_bound":16033.059376041732,"upper_bound":22721.54841400266},"point_estimate":19467.53715623531,"standard_error":1714.6847408681572}}