{"Mean":{"confidence_interval":{"confidence_level":0.95,"lower_bound":31.714207425360024,"upper_bound":31.74927968930315},"point_estimate":31.73150828612635,"standard_error":0.008986098136850789},"Median":{"confidence_interval":{"confidence_level":0.95,"lower_bound":31.68891471168964,"upper_bound":31.7651112951578},"point_estimate":31.738949629353223,"standard_error":0.02202326886231788},"MedianAbsDev":{"confidence_interval":{"confidence_level":0.95,"lower_bound":0.07619890964094985,"upper_bound":0.11776683607479575},"point_estimate":0.09667941825852192,"standard_error":0.01041139073795179},"Slope":{"confidence_interval":{"confidence_level":0.95,"lower_bound":31.67613215078159,"upper_bound":31.71409270365181},"point_estimate":31.694604824442757,"standard_error":0.009745176497042707},"StdDev":{"confidence_interval":{"confidence_level":0.95,"lower_bound":0.07728953457012596,"upper_bound":0.10207224528701199},"point_estimate":0.09011106332569464,"standard_error":0.006343497530702463}}