{"Mean":{"confidence_interval":{"confidence_level":0.95,"lower_bound":14239855.724583202,"upper_bound":14277095.91298092},"point_estimate":14257892.375449624,"standard_error":9501.283197581719},"Median":{"confidence_interval":{"confidence_level":0.95,"lower_bound":14203262.425,"upper_bound":14261346.413793104},"point_estimate":14218137.285185185,"standard_error":18780.760505143706},"MedianAbsDev":{"confidence_interval":{"confidence_level":0.95,"lower_bound":52930.25996217615,"upper_bound":107305.74923288808},"point_estimate":75456.16902610152,"standard_error":15925.070271186381},"Slope":{"confidence_interval":{"confidence_level":0.95,"lower_bound":14242641.889936384,"upper_bound":14286590.534746755},"point_estimate":14263994.381400917,"standard_error":11173.68235195019},"StdDev":{"confidence_interval":{"confidence_level":0.95,"lower_bound":79644.31198036629,"upper_bound":108334.21594261188},"point_estimate":95287.75303738246,"standard_error":7300.883633558505}}