{"Mean":{"confidence_interval":{"confidence_level":0.95,"lower_bound":6748.12238759291,"upper_bound":6765.148151955312},"point_estimate":6756.091924573657,"standard_error":4.348698483922674},"Median":{"confidence_interval":{"confidence_level":0.95,"lower_bound":6739.878876225815,"upper_bound":6752.011861154719},"point_estimate":6745.818489356817,"standard_error":3.4661599523968587},"MedianAbsDev":{"confidence_interval":{"confidence_level":0.95,"lower_bound":16.51615863244947,"upper_bound":29.62107117060284},"point_estimate":21.91343224773419,"standard_error":3.1426773216405339},"Slope":{"confidence_interval":{"confidence_level":0.95,"lower_bound":6734.227533739977,"upper_bound":6743.15239493185},"point_estimate":6738.683218500345,"standard_error":2.278202044793091},"StdDev":{"confidence_interval":{"confidence_level":0.95,"lower_bound":30.198403477014659,"upper_bound":58.35943932616181},"point_estimate":43.718992637602067,"standard_error":7.577596507591626}}