{"Mean":{"confidence_interval":{"confidence_level":0.95,"lower_bound":0.9041357656215806,"upper_bound":0.9189461901648319},"point_estimate":0.911781648095052,"standard_error":0.0037728728462433785},"Median":{"confidence_interval":{"confidence_level":0.95,"lower_bound":0.8919654682585336,"upper_bound":0.9113716456260548},"point_estimate":0.8988310292497095,"standard_error":0.0052371143588274778}}