{"Mean":{"confidence_interval":{"confidence_level":0.95,"lower_bound":4393950.446108207,"upper_bound":4536887.97126256},"point_estimate":4462612.284390256,"standard_error":36658.26929388303},"Median":{"confidence_interval":{"confidence_level":0.95,"lower_bound":4282985.514374999,"upper_bound":4300466.547619048},"point_estimate":4291361.35,"standard_error":5152.402016099812},"MedianAbsDev":{"confidence_interval":{"confidence_level":0.95,"lower_bound":35888.95194375253,"upper_bound":69140.20583512387},"point_estimate":49010.911029097995,"standard_error":8726.258889826451},"Slope":{"confidence_interval":{"confidence_level":0.95,"lower_bound":4263243.574967536,"upper_bound":4279299.519109069},"point_estimate":4270062.979598049,"standard_error":4101.705195785653},"StdDev":{"confidence_interval":{"confidence_level":0.95,"lower_bound":305067.6208920385,"upper_bound":414137.2272226804},"point_estimate":368422.9254144037,"standard_error":28136.306886623068}}