{"Mean":{"confidence_interval":{"confidence_level":0.95,"lower_bound":7214704.179378678,"upper_bound":7309190.521171885},"point_estimate":7253830.032605019,"standard_error":24609.4604516299},"Median":{"confidence_interval":{"confidence_level":0.95,"lower_bound":7178914.702870705,"upper_bound":7272045.466401195},"point_estimate":7215322.105189341,"standard_error":21199.93980883892},"MedianAbsDev":{"confidence_interval":{"confidence_level":0.95,"lower_bound":113353.86593466794,"upper_bound":187820.92986169773},"point_estimate":146582.24829877058,"standard_error":18152.607507468707},"Slope":{"confidence_interval":{"confidence_level":0.95,"lower_bound":7179416.237795793,"upper_bound":7229664.752905652},"point_estimate":7203968.864950495,"standard_error":12806.887817047926},"StdDev":{"confidence_interval":{"confidence_level":0.95,"lower_bound":108789.13098159569,"upper_bound":392023.4754069061},"point_estimate":247187.53973100437,"standard_error":94128.25995470362}}