{"Mean":{"confidence_interval":{"confidence_level":0.95,"lower_bound":5670258.236937286,"upper_bound":5908252.675946005},"point_estimate":5787825.127090423,"standard_error":60768.934744779726},"Median":{"confidence_interval":{"confidence_level":0.95,"lower_bound":5439964.846153846,"upper_bound":5823872.524118738},"point_estimate":5624776.278851541,"standard_error":83677.63699486683},"MedianAbsDev":{"confidence_interval":{"confidence_level":0.95,"lower_bound":448365.07642937308,"upper_bound":882216.6273293103},"point_estimate":703849.0595204256,"standard_error":93851.6339976245},"Slope":{"confidence_interval":{"confidence_level":0.95,"lower_bound":5547265.891658303,"upper_bound":5829720.188315282},"point_estimate":5684190.264433279,"standard_error":72150.25560572294},"StdDev":{"confidence_interval":{"confidence_level":0.95,"lower_bound":541138.9066317419,"upper_bound":667117.9593866047},"point_estimate":609409.2566493005,"standard_error":32197.493736368157}}