{"Mean":{"confidence_interval":{"confidence_level":0.95,"lower_bound":65920402.95526316,"upper_bound":65991250.88219533},"point_estimate":65955891.94953122,"standard_error":18081.051751871237},"Median":{"confidence_interval":{"confidence_level":0.95,"lower_bound":65962895.6,"upper_bound":66047182.525},"point_estimate":66028813.95008183,"standard_error":22403.062483330366},"MedianAbsDev":{"confidence_interval":{"confidence_level":0.95,"lower_bound":77746.97945629021,"upper_bound":194304.59773056358},"point_estimate":115281.95994837204,"standard_error":30112.348431110648},"Slope":{"confidence_interval":{"confidence_level":0.95,"lower_bound":65781778.4253744,"upper_bound":65852817.03009544},"point_estimate":65814344.30231713,"standard_error":18144.151411513303},"StdDev":{"confidence_interval":{"confidence_level":0.95,"lower_bound":152784.5599912068,"upper_bound":211471.63893721085},"point_estimate":181430.33546576827,"standard_error":15178.905552567052}}