{"Mean":{"confidence_interval":{"confidence_level":0.95,"lower_bound":3496847.9415040698,"upper_bound":3555896.6042561258},"point_estimate":3525931.6896433306,"standard_error":14987.910924620679},"Median":{"confidence_interval":{"confidence_level":0.95,"lower_bound":3498980.382467352,"upper_bound":3525250.02425876},"point_estimate":3511829.188039867,"standard_error":6141.719393182991},"MedianAbsDev":{"confidence_interval":{"confidence_level":0.95,"lower_bound":52960.928868899515,"upper_bound":116988.82520995624},"point_estimate":71089.77448411484,"standard_error":17134.713306058486},"Slope":{"confidence_interval":{"confidence_level":0.95,"lower_bound":3521381.105713164,"upper_bound":3557549.411651307},"point_estimate":3539243.9965154428,"standard_error":9215.294402015597},"StdDev":{"confidence_interval":{"confidence_level":0.95,"lower_bound":99080.32374971992,"upper_bound":196283.4814375371},"point_estimate":150261.00659778078,"standard_error":24944.258758571326}}