{"Mean":{"confidence_interval":{"confidence_level":0.95,"lower_bound":1089.6375300567427,"upper_bound":1147.172570308425},"point_estimate":1117.1383743667178,"standard_error":14.697232707950278},"Median":{"confidence_interval":{"confidence_level":0.95,"lower_bound":1049.2232205367562,"upper_bound":1055.4101516919487},"point_estimate":1053.4005627192046,"standard_error":1.59865763063933},"MedianAbsDev":{"confidence_interval":{"confidence_level":0.95,"lower_bound":8.676208492407522,"upper_bound":29.47277598684327},"point_estimate":17.74722186842006,"standard_error":5.312242319037694},"Slope":{"confidence_interval":{"confidence_level":0.95,"lower_bound":1122.3024288292223,"upper_bound":1213.7791163239836},"point_estimate":1167.1073190352177,"standard_error":23.367789717143528},"StdDev":{"confidence_interval":{"confidence_level":0.95,"lower_bound":120.23965287268011,"upper_bound":167.22377606119157},"point_estimate":147.48565427292639,"standard_error":11.997367039063203}}