{"Mean":{"confidence_interval":{"confidence_level":0.95,"lower_bound":73315.36766492629,"upper_bound":76457.83574826108},"point_estimate":74833.86299170154,"standard_error":802.6871772592195},"Median":{"confidence_interval":{"confidence_level":0.95,"lower_bound":70360.83653846153,"upper_bound":70439.04194139195},"point_estimate":70388.39464882943,"standard_error":19.37616438297667},"MedianAbsDev":{"confidence_interval":{"confidence_level":0.95,"lower_bound":109.16596736113236,"upper_bound":236.19728483091184},"point_estimate":157.28303058936147,"standard_error":31.215957896037588},"Slope":{"confidence_interval":{"confidence_level":0.95,"lower_bound":74119.27549764015,"upper_bound":78459.9347240148},"point_estimate":76148.80076843506,"standard_error":1109.017927971604},"StdDev":{"confidence_interval":{"confidence_level":0.95,"lower_bound":6822.644271418233,"upper_bound":8946.445731667876},"point_estimate":8089.988322214288,"standard_error":539.6474970399479}}