{"Mean":{"confidence_interval":{"confidence_level":0.95,"lower_bound":2086.079149727212,"upper_bound":2172.93638699698},"point_estimate":2127.6246302268566,"standard_error":22.220445153942398},"Median":{"confidence_interval":{"confidence_level":0.95,"lower_bound":2024.021138211382,"upper_bound":2033.273938572719},"point_estimate":2029.3438298014128,"standard_error":2.3126756552221989},"MedianAbsDev":{"confidence_interval":{"confidence_level":0.95,"lower_bound":14.504035930932675,"upper_bound":29.864768749433446},"point_estimate":21.018224630805876,"standard_error":3.693194026108695},"Slope":{"confidence_interval":{"confidence_level":0.95,"lower_bound":2147.430791512415,"upper_bound":2301.6175649637796},"point_estimate":2224.0801485448876,"standard_error":39.3080312107767},"StdDev":{"confidence_interval":{"confidence_level":0.95,"lower_bound":176.51031264084089,"upper_bound":257.46729747762967},"point_estimate":223.10071295462383,"standard_error":20.738774665513355}}