{"Mean":{"confidence_interval":{"confidence_level":0.95,"lower_bound":71452645.99935176,"upper_bound":72481997.00182259},"point_estimate":71956485.61155127,"standard_error":262818.3141296437},"Median":{"confidence_interval":{"confidence_level":0.95,"lower_bound":71240052.66694679,"upper_bound":72405117.5737705},"point_estimate":71808004.77747253,"standard_error":297048.1280783171},"MedianAbsDev":{"confidence_interval":{"confidence_level":0.95,"lower_bound":1684776.3811864034,"upper_bound":2898284.665432446},"point_estimate":2243357.311866559,"standard_error":309367.953206375},"Slope":{"confidence_interval":{"confidence_level":0.95,"lower_bound":71381372.02784261,"upper_bound":72128772.71253604},"point_estimate":71759015.77727206,"standard_error":190696.3378992308},"StdDev":{"confidence_interval":{"confidence_level":0.95,"lower_bound":2152929.616451827,"upper_bound":3079409.4551084677},"point_estimate":2643184.8323579726,"standard_error":237420.95498705048}}