{"Mean":{"confidence_interval":{"confidence_level":0.95,"lower_bound":6575974.500175567,"upper_bound":6627525.942981538},"point_estimate":6598436.967033958,"standard_error":13299.022017573594},"Median":{"confidence_interval":{"confidence_level":0.95,"lower_bound":6555755.104186047,"upper_bound":6561899.248148149},"point_estimate":6558012.120056497,"standard_error":1494.6013399267884},"MedianAbsDev":{"confidence_interval":{"confidence_level":0.95,"lower_bound":9565.661491746372,"upper_bound":23571.302394441824},"point_estimate":14245.893986180989,"standard_error":3664.0131766425859},"Slope":{"confidence_interval":{"confidence_level":0.95,"lower_bound":6587879.566305211,"upper_bound":6700310.785561723},"point_estimate":6636113.179976356,"standard_error":29225.045282885803},"StdDev":{"confidence_interval":{"confidence_level":0.95,"lower_bound":56330.12838849843,"upper_bound":203219.01008427953},"point_estimate":133453.02054423025,"standard_error":40591.40125204259}}