{"Mean":{"confidence_interval":{"confidence_level":0.95,"lower_bound":13905416.531416078,"upper_bound":13946104.165576404},"point_estimate":13925825.459562108,"standard_error":10363.052205412996},"Median":{"confidence_interval":{"confidence_level":0.95,"lower_bound":13881571.113675807,"upper_bound":13943879.958333333},"point_estimate":13909420.08494382,"standard_error":15206.371503579972},"MedianAbsDev":{"confidence_interval":{"confidence_level":0.95,"lower_bound":76541.5000404895,"upper_bound":138235.9298251376},"point_estimate":109012.96157402694,"standard_error":14923.843255416647},"Slope":{"confidence_interval":{"confidence_level":0.95,"lower_bound":13902435.524650025,"upper_bound":13953345.56370052},"point_estimate":13927606.511653614,"standard_error":12996.83203956871},"StdDev":{"confidence_interval":{"confidence_level":0.95,"lower_bound":91532.61584253304,"upper_bound":114891.8009566109},"point_estimate":103885.42534188627,"standard_error":5950.6498563187119}}