{"Mean":{"confidence_interval":{"confidence_level":0.95,"lower_bound":14669900.95991724,"upper_bound":14794574.706363775},"point_estimate":14725805.330627913,"standard_error":31925.00406195918},"Median":{"confidence_interval":{"confidence_level":0.95,"lower_bound":14667513.523809525,"upper_bound":14717722.912183056},"point_estimate":14702455.871843435,"standard_error":10610.34704380154},"MedianAbsDev":{"confidence_interval":{"confidence_level":0.95,"lower_bound":74876.81124748959,"upper_bound":136845.11526009537},"point_estimate":99266.39433664619,"standard_error":16083.859972782631},"Slope":{"confidence_interval":{"confidence_level":0.95,"lower_bound":14699561.853123269,"upper_bound":14905155.41626932},"point_estimate":14791858.67234816,"standard_error":53016.555917226},"StdDev":{"confidence_interval":{"confidence_level":0.95,"lower_bound":152484.1056544526,"upper_bound":465897.6170010182},"point_estimate":320295.14919760965,"standard_error":81400.63747581007}}