{"Mean":{"confidence_interval":{"confidence_level":0.95,"lower_bound":7263.108379257419,"upper_bound":7570.693331494545},"point_estimate":7416.1772260924849,"standard_error":78.41359886212462},"Median":{"confidence_interval":{"confidence_level":0.95,"lower_bound":6760.38866213152,"upper_bound":7742.131816661091},"point_estimate":6783.143235071807,"standard_error":242.97068456920833},"MedianAbsDev":{"confidence_interval":{"confidence_level":0.95,"lower_bound":57.180804841980698,"upper_bound":728.2922249574747},"point_estimate":106.61474734740853,"standard_error":168.22786262020925},"Slope":{"confidence_interval":{"confidence_level":0.95,"lower_bound":7294.68466545329,"upper_bound":7717.375080947852},"point_estimate":7506.0115671189419,"standard_error":108.12637879007778},"StdDev":{"confidence_interval":{"confidence_level":0.95,"lower_bound":743.329772726512,"upper_bound":808.9046403613912},"point_estimate":789.1301955377669,"standard_error":17.04402860634795}}