{"Mean":{"confidence_interval":{"confidence_level":0.95,"lower_bound":562.4779263156281,"upper_bound":563.0720230051087},"point_estimate":562.7664903407354,"standard_error":0.1517230064017646},"Median":{"confidence_interval":{"confidence_level":0.95,"lower_bound":561.9265709578724,"upper_bound":563.2710049423394},"point_estimate":563.1915179285079,"standard_error":0.3932234068879303},"MedianAbsDev":{"confidence_interval":{"confidence_level":0.95,"lower_bound":0.547413972586444,"upper_bound":2.468388919103493},"point_estimate":1.7896558745588043,"standard_error":0.4754703689763441},"Slope":{"confidence_interval":{"confidence_level":0.95,"lower_bound":562.0148953192721,"upper_bound":562.5594062904345},"point_estimate":562.2860334421649,"standard_error":0.13890176126876609},"StdDev":{"confidence_interval":{"confidence_level":0.95,"lower_bound":1.2262323067904769,"upper_bound":1.8046099794466746},"point_estimate":1.5271200976717954,"standard_error":0.1478356646196179}}