{"Mean":{"confidence_interval":{"confidence_level":0.95,"lower_bound":23405345.378102177,"upper_bound":23576778.76524206},"point_estimate":23489869.044545436,"standard_error":43742.09330885776},"Median":{"confidence_interval":{"confidence_level":0.95,"lower_bound":23350402.535714289,"upper_bound":23476152.3018018},"point_estimate":23387247.8475,"standard_error":36413.50177554653},"MedianAbsDev":{"confidence_interval":{"confidence_level":0.95,"lower_bound":221792.73393403705,"upper_bound":406347.681891409},"point_estimate":294093.18735308616,"standard_error":49645.02618711596},"Slope":{"confidence_interval":{"confidence_level":0.95,"lower_bound":23357362.759523173,"upper_bound":23513816.507594196},"point_estimate":23432572.869330575,"standard_error":39937.91693712633},"StdDev":{"confidence_interval":{"confidence_level":0.95,"lower_bound":366059.00008887649,"upper_bound":501815.5667976394},"point_estimate":438280.8309224344,"standard_error":34580.405720458046}}