{"Mean":{"confidence_interval":{"confidence_level":0.95,"lower_bound":784.382904337649,"upper_bound":784.8403945521925},"point_estimate":784.5896789467573,"standard_error":0.11729462657977181},"Median":{"confidence_interval":{"confidence_level":0.95,"lower_bound":784.1297847985348,"upper_bound":784.308411826269},"point_estimate":784.2303743961353,"standard_error":0.04153503768735922},"MedianAbsDev":{"confidence_interval":{"confidence_level":0.95,"lower_bound":0.25516169086482656,"upper_bound":0.46954019727088927},"point_estimate":0.34817925913300176,"standard_error":0.054659999279978627},"Slope":{"confidence_interval":{"confidence_level":0.95,"lower_bound":784.0267611942165,"upper_bound":784.1219548248595},"point_estimate":784.0704281903506,"standard_error":0.02427566350121237},"StdDev":{"confidence_interval":{"confidence_level":0.95,"lower_bound":0.6495486818314952,"upper_bound":1.6877442943199846},"point_estimate":1.1793280175398598,"standard_error":0.27609212049162887}}