{"Mean":{"confidence_interval":{"confidence_level":0.95,"lower_bound":983361.2286677308,"upper_bound":984019.1039693453},"point_estimate":983675.1898529576,"standard_error":167.94151017261167},"Median":{"confidence_interval":{"confidence_level":0.95,"lower_bound":982992.2652631579,"upper_bound":983521.0652173914},"point_estimate":983191.9433526632,"standard_error":157.41017886149889},"MedianAbsDev":{"confidence_interval":{"confidence_level":0.95,"lower_bound":894.6737121216016,"upper_bound":1526.958920138199},"point_estimate":1179.9554282933917,"standard_error":158.37753846578733},"Slope":{"confidence_interval":{"confidence_level":0.95,"lower_bound":982973.1923350794,"upper_bound":983504.9054944057},"point_estimate":983225.7174139205,"standard_error":135.69383528923906},"StdDev":{"confidence_interval":{"confidence_level":0.95,"lower_bound":1237.4949297276033,"upper_bound":2097.610835367191},"point_estimate":1690.6570290643604,"standard_error":220.85474920880285}}