{"Mean":{"confidence_interval":{"confidence_level":0.95,"lower_bound":38085432.7382096,"upper_bound":38190200.454174149},"point_estimate":38137521.06344537,"standard_error":26804.40004662585},"Median":{"confidence_interval":{"confidence_level":0.95,"lower_bound":38068387.571428578,"upper_bound":38184244.796568628},"point_estimate":38109044.060955967,"standard_error":30127.488722317248},"MedianAbsDev":{"confidence_interval":{"confidence_level":0.95,"lower_bound":186762.97333135087,"upper_bound":293316.12151651279},"point_estimate":241843.81764702954,"standard_error":26505.975671110104},"Slope":{"confidence_interval":{"confidence_level":0.95,"lower_bound":38125899.16742097,"upper_bound":38214659.22817263},"point_estimate":38170220.17421014,"standard_error":22622.2240903061},"StdDev":{"confidence_interval":{"confidence_level":0.95,"lower_bound":218988.31821319636,"upper_bound":315421.01492310737},"point_estimate":268566.34768583768,"standard_error":24724.01897949214}}