{"Mean":{"confidence_interval":{"confidence_level":0.95,"lower_bound":27603.95865833895,"upper_bound":28788.798523689013},"point_estimate":28180.351077692812,"standard_error":300.655252739206},"Median":{"confidence_interval":{"confidence_level":0.95,"lower_bound":26491.319954867828,"upper_bound":26520.733022533022},"point_estimate":26501.12033828016,"standard_error":9.300352930002707},"MedianAbsDev":{"confidence_interval":{"confidence_level":0.95,"lower_bound":31.80751324294722,"upper_bound":72.09372786166515},"point_estimate":43.60458254471831,"standard_error":12.002753423385649},"Slope":{"confidence_interval":{"confidence_level":0.95,"lower_bound":28042.023431402315,"upper_bound":29720.242739477402},"point_estimate":28842.433068948685,"standard_error":428.6136499943154},"StdDev":{"confidence_interval":{"confidence_level":0.95,"lower_bound":2569.2577423212226,"upper_bound":3336.9796579665246},"point_estimate":3027.7886595629167,"standard_error":197.62877971972086}}