{"Mean":{"confidence_interval":{"confidence_level":0.95,"lower_bound":14.787059680348824,"upper_bound":15.431116267780397},"point_estimate":15.098938451785955,"standard_error":0.16426544659227566},"Median":{"confidence_interval":{"confidence_level":0.95,"lower_bound":14.245960184750475,"upper_bound":14.261642974931562},"point_estimate":14.250105390485862,"standard_error":0.004088876822655161},"MedianAbsDev":{"confidence_interval":{"confidence_level":0.95,"lower_bound":0.012830596225704656,"upper_bound":0.037092199009211988},"point_estimate":0.021015892085367865,"standard_error":0.00600572193694893},"Slope":{"confidence_interval":{"confidence_level":0.95,"lower_bound":14.951462623633902,"upper_bound":15.848249197828713},"point_estimate":15.375770237739037,"standard_error":0.22872846040231904},"StdDev":{"confidence_interval":{"confidence_level":0.95,"lower_bound":1.3718357295990305,"upper_bound":1.847083836283605},"point_estimate":1.6492682307013936,"standard_error":0.12233309008180893}}