{"Mean":{"confidence_interval":{"confidence_level":0.95,"lower_bound":5030369.932901871,"upper_bound":5060026.328041068},"point_estimate":5043310.281021042,"standard_error":7629.574909959832},"Median":{"confidence_interval":{"confidence_level":0.95,"lower_bound":5018530.9764941,"upper_bound":5023609.978723404},"point_estimate":5020337.680210918,"standard_error":1212.9239139552656},"MedianAbsDev":{"confidence_interval":{"confidence_level":0.95,"lower_bound":6889.2690293568689,"upper_bound":14011.302024814577},"point_estimate":9464.347421377473,"standard_error":1864.3344321087678},"Slope":{"confidence_interval":{"confidence_level":0.95,"lower_bound":5015588.434380759,"upper_bound":5017605.405783604},"point_estimate":5016494.02429437,"standard_error":514.1780622941626},"StdDev":{"confidence_interval":{"confidence_level":0.95,"lower_bound":31103.95714246627,"upper_bound":116059.23743184765},"point_estimate":76664.00289731805,"standard_error":22408.383121966883}}