{"Mean":{"confidence_interval":{"confidence_level":0.95,"lower_bound":0.08752149285494235,"upper_bound":0.09205505957776684},"point_estimate":0.08979358404861016,"standard_error":0.001155321570708213},"Median":{"confidence_interval":{"confidence_level":0.95,"lower_bound":0.08717358043713675,"upper_bound":0.09210768088946417},"point_estimate":0.08951115968022006,"standard_error":0.0012956731557323238}}