{"Mean":{"confidence_interval":{"confidence_level":0.95,"lower_bound":-0.018427316410084144,"upper_bound":0.027431421487798006},"point_estimate":0.004363612606817835,"standard_error":0.011697617989582136},"Median":{"confidence_interval":{"confidence_level":0.95,"lower_bound":0.03846394859236729,"upper_bound":0.04002190473906353},"point_estimate":0.03898232117496869,"standard_error":0.00041509091080941}}