{"Mean":{"confidence_interval":{"confidence_level":0.95,"lower_bound":8437014.877399333,"upper_bound":8462709.696720029},"point_estimate":8450088.365582543,"standard_error":6567.08706015721},"Median":{"confidence_interval":{"confidence_level":0.95,"lower_bound":8485392.111111112,"upper_bound":8490495.534455128},"point_estimate":8488647.645989975,"standard_error":2539.783784553515},"MedianAbsDev":{"confidence_interval":{"confidence_level":0.95,"lower_bound":9045.537155879134,"upper_bound":29686.73956064644},"point_estimate":15793.951962363964,"standard_error":6500.216826171338},"Slope":{"confidence_interval":{"confidence_level":0.95,"lower_bound":8384909.191510168,"upper_bound":8411476.105329922},"point_estimate":8396712.364128862,"standard_error":6798.475021200776},"StdDev":{"confidence_interval":{"confidence_level":0.95,"lower_bound":58761.277606122436,"upper_bound":72009.07345525037},"point_estimate":65896.48718100057,"standard_error":3347.2715726681656}}