{"Mean":{"confidence_interval":{"confidence_level":0.95,"lower_bound":90415.29356380647,"upper_bound":94851.22459719093},"point_estimate":92622.24060520019,"standard_error":1130.186398392401},"Median":{"confidence_interval":{"confidence_level":0.95,"lower_bound":87976.32265311326,"upper_bound":96303.67765567766},"point_estimate":89320.9323076923,"standard_error":1745.804526160022},"MedianAbsDev":{"confidence_interval":{"confidence_level":0.95,"lower_bound":11110.250213324804,"upper_bound":17094.98842081057},"point_estimate":13145.986233905793,"standard_error":1443.878160142563},"Slope":{"confidence_interval":{"confidence_level":0.95,"lower_bound":88476.91924753317,"upper_bound":93967.61857528977},"point_estimate":91097.49941139695,"standard_error":1400.4968265269225},"StdDev":{"confidence_interval":{"confidence_level":0.95,"lower_bound":10455.22424965329,"upper_bound":12025.676522933274},"point_estimate":11334.708739724863,"standard_error":399.6173360545445}}