{"Mean":{"confidence_interval":{"confidence_level":0.95,"lower_bound":3731106.9356602106,"upper_bound":3776711.888935846},"point_estimate":3752342.5821582719,"standard_error":11591.566693688725},"Median":{"confidence_interval":{"confidence_level":0.95,"lower_bound":3729697.6428571429,"upper_bound":3802852.111111111},"point_estimate":3799240.9772727277,"standard_error":18104.44979075573},"MedianAbsDev":{"confidence_interval":{"confidence_level":0.95,"lower_bound":20762.30355639528,"upper_bound":137064.872886956},"point_estimate":53968.70928304054,"standard_error":33445.34000786045},"Slope":{"confidence_interval":{"confidence_level":0.95,"lower_bound":3707098.719270944,"upper_bound":3754354.5590764668},"point_estimate":3730199.133707699,"standard_error":12058.738198009627},"StdDev":{"confidence_interval":{"confidence_level":0.95,"lower_bound":81123.8753767359,"upper_bound":161724.58829259556},"point_estimate":116346.28799194948,"standard_error":24915.094368727423}}