{"Mean":{"confidence_interval":{"confidence_level":0.95,"lower_bound":17167182.134119508,"upper_bound":17332006.34654822},"point_estimate":17246883.506305368,"standard_error":42247.11966259422},"Median":{"confidence_interval":{"confidence_level":0.95,"lower_bound":17049328.28,"upper_bound":17242795.14634146},"point_estimate":17136804.473024236,"standard_error":47622.99384697196},"MedianAbsDev":{"confidence_interval":{"confidence_level":0.95,"lower_bound":268208.4196081493,"upper_bound":432438.2801251855},"point_estimate":354910.98097980106,"standard_error":41315.412271538036},"Slope":{"confidence_interval":{"confidence_level":0.95,"lower_bound":17229703.564996244,"upper_bound":17414004.03131171},"point_estimate":17320034.950967935,"standard_error":47021.75681829984},"StdDev":{"confidence_interval":{"confidence_level":0.95,"lower_bound":335797.84574245809,"upper_bound":517150.41066094065},"point_estimate":426443.9608591716,"standard_error":46855.24116315443}}