{"Mean":{"confidence_interval":{"confidence_level":0.95,"lower_bound":4956695.164741367,"upper_bound":4986126.375815394},"point_estimate":4969546.54244807,"standard_error":7642.602910839387},"Median":{"confidence_interval":{"confidence_level":0.95,"lower_bound":4945436.67032967,"upper_bound":4949640.357142857},"point_estimate":4947566.757334184,"standard_error":1151.298281120478},"MedianAbsDev":{"confidence_interval":{"confidence_level":0.95,"lower_bound":5508.849754803806,"upper_bound":12448.450042243689},"point_estimate":8350.905919524846,"standard_error":1802.8053968041837},"Slope":{"confidence_interval":{"confidence_level":0.95,"lower_bound":4943117.4906156859,"upper_bound":4945070.828770994},"point_estimate":4944024.483567312,"standard_error":496.59102831364},"StdDev":{"confidence_interval":{"confidence_level":0.95,"lower_bound":30236.540218596623,"upper_bound":116576.37571430425},"point_estimate":76799.60173757335,"standard_error":22876.57313658566}}