{"Mean":{"confidence_interval":{"confidence_level":0.95,"lower_bound":2176.8047053762718,"upper_bound":2182.661536952216},"point_estimate":2179.5450176971396,"standard_error":1.4919059701219535},"Median":{"confidence_interval":{"confidence_level":0.95,"lower_bound":2174.374118039664,"upper_bound":2178.9002715121139},"point_estimate":2176.6398299566519,"standard_error":1.1537036093853062},"MedianAbsDev":{"confidence_interval":{"confidence_level":0.95,"lower_bound":6.81071898744545,"upper_bound":12.87505905626672},"point_estimate":9.916307412473003,"standard_error":1.5356483741735366},"Slope":{"confidence_interval":{"confidence_level":0.95,"lower_bound":2174.199920842415,"upper_bound":2178.8070754385178},"point_estimate":2176.5199503654218,"standard_error":1.1719458374269567},"StdDev":{"confidence_interval":{"confidence_level":0.95,"lower_bound":10.244463133121315,"upper_bound":20.013003322094059},"point_estimate":14.955514598345948,"standard_error":2.606273167416254}}