{"Mean":{"confidence_interval":{"confidence_level":0.95,"lower_bound":15095920.480868573,"upper_bound":15158598.41484432},"point_estimate":15126152.192953904,"standard_error":16046.381422237439},"Median":{"confidence_interval":{"confidence_level":0.95,"lower_bound":15039617.436688312,"upper_bound":15124345.457142858},"point_estimate":15075742.809712675,"standard_error":23886.16870165401},"MedianAbsDev":{"confidence_interval":{"confidence_level":0.95,"lower_bound":89707.15639685495,"upper_bound":172335.2195040753},"point_estimate":124241.60061119862,"standard_error":21700.691099603944},"Slope":{"confidence_interval":{"confidence_level":0.95,"lower_bound":15094889.787249782,"upper_bound":15168346.282263229},"point_estimate":15129882.661661003,"standard_error":18685.968513836062},"StdDev":{"confidence_interval":{"confidence_level":0.95,"lower_bound":123171.11814074994,"upper_bound":193509.56995005467},"point_estimate":160313.16727852269,"standard_error":18058.53696928245}}