{"Mean":{"confidence_interval":{"confidence_level":0.95,"lower_bound":1978157.2409356919,"upper_bound":2015976.8928852399},"point_estimate":1996501.1131899316,"standard_error":9680.936789097734},"Median":{"confidence_interval":{"confidence_level":0.95,"lower_bound":1934347.7692307693,"upper_bound":1954276.3346763363},"point_estimate":1949227.196672479,"standard_error":5008.842590121323},"MedianAbsDev":{"confidence_interval":{"confidence_level":0.95,"lower_bound":12663.226838209988,"upper_bound":37634.88011835324},"point_estimate":31286.61246611003,"standard_error":6633.442448251778},"Slope":{"confidence_interval":{"confidence_level":0.95,"lower_bound":2003111.474762248,"upper_bound":2058119.1963130525},"point_estimate":2030573.6778336042,"standard_error":14080.812766432586},"StdDev":{"confidence_interval":{"confidence_level":0.95,"lower_bound":82585.56431669784,"upper_bound":108324.37949878539},"point_estimate":97342.08779879629,"standard_error":6585.821232519893}}