{"Mean":{"confidence_interval":{"confidence_level":0.95,"lower_bound":4940966.253537499,"upper_bound":4969867.058763826},"point_estimate":4953473.751153291,"standard_error":7454.994562680543},"Median":{"confidence_interval":{"confidence_level":0.95,"lower_bound":4932970.329896907,"upper_bound":4937552.33560819},"point_estimate":4935454.436522301,"standard_error":1210.4819676713794},"MedianAbsDev":{"confidence_interval":{"confidence_level":0.95,"lower_bound":11020.816185809566,"upper_bound":22243.15789443456},"point_estimate":16543.965665376803,"standard_error":2972.5296285263236},"Slope":{"confidence_interval":{"confidence_level":0.95,"lower_bound":4926049.159763212,"upper_bound":4930664.32585588},"point_estimate":4928300.354990395,"standard_error":1178.5510891937777},"StdDev":{"confidence_interval":{"confidence_level":0.95,"lower_bound":29514.577337407554,"upper_bound":113871.7785298142},"point_estimate":74548.82435747257,"standard_error":22296.764293943055}}