{"Mean":{"confidence_interval":{"confidence_level":0.95,"lower_bound":773.3871931603692,"upper_bound":774.1801786902098},"point_estimate":773.7629335597922,"standard_error":0.2023749694206535},"Median":{"confidence_interval":{"confidence_level":0.95,"lower_bound":773.4097128066067,"upper_bound":773.5938695355192},"point_estimate":773.4865745046435,"standard_error":0.04741609051163129},"MedianAbsDev":{"confidence_interval":{"confidence_level":0.95,"lower_bound":0.2142732526502398,"upper_bound":0.4079747185640922},"point_estimate":0.30838928699970055,"standard_error":0.05032741395989689},"Slope":{"confidence_interval":{"confidence_level":0.95,"lower_bound":773.3724257519194,"upper_bound":773.4696331553704},"point_estimate":773.4166191903192,"standard_error":0.024852360772050727},"StdDev":{"confidence_interval":{"confidence_level":0.95,"lower_bound":1.2167935354326889,"upper_bound":2.768141823456454},"point_estimate":2.0339639203141957,"standard_error":0.3995703598187106}}