{"Mean":{"confidence_interval":{"confidence_level":0.95,"lower_bound":1267315.3340644753,"upper_bound":1277025.8548536178},"point_estimate":1272126.0853158714,"standard_error":2489.7464228129545},"Median":{"confidence_interval":{"confidence_level":0.95,"lower_bound":1262597.1714285715,"upper_bound":1281130.5833333333},"point_estimate":1278566.6903714566,"standard_error":4081.7424257957179},"MedianAbsDev":{"confidence_interval":{"confidence_level":0.95,"lower_bound":10411.384353951198,"upper_bound":47614.35405344815},"point_estimate":41151.32385567793,"standard_error":10459.768511842683},"Slope":{"confidence_interval":{"confidence_level":0.95,"lower_bound":1263981.4259540707,"upper_bound":1276154.325832495},"point_estimate":1269853.2424146594,"standard_error":3100.0584797238805},"StdDev":{"confidence_interval":{"confidence_level":0.95,"lower_bound":22153.111066053003,"upper_bound":27449.61019835463},"point_estimate":25047.546921287918,"standard_error":1357.9158835906224}}