{"Mean":{"confidence_interval":{"confidence_level":0.95,"lower_bound":2235552.645526486,"upper_bound":2272164.554817592},"point_estimate":2253393.8553595996,"standard_error":9360.036281726456},"Median":{"confidence_interval":{"confidence_level":0.95,"lower_bound":2199948.7358490566,"upper_bound":2203783.252891627},"point_estimate":2202667.240789474,"standard_error":867.72430296377},"MedianAbsDev":{"confidence_interval":{"confidence_level":0.95,"lower_bound":6110.240457519706,"upper_bound":12292.145318113979},"point_estimate":9659.563957173852,"standard_error":1572.061064397794},"Slope":{"confidence_interval":{"confidence_level":0.95,"lower_bound":2269162.1563405648,"upper_bound":2326308.6329392387},"point_estimate":2298114.6756908528,"standard_error":14578.253887669252},"StdDev":{"confidence_interval":{"confidence_level":0.95,"lower_bound":80233.08284129948,"upper_bound":103370.7458274086},"point_estimate":94018.05341325731,"standard_error":5922.652723282465}}