{"Mean":{"confidence_interval":{"confidence_level":0.95,"lower_bound":14241695.769830063,"upper_bound":14274095.759428272},"point_estimate":14257939.199935172,"standard_error":8275.590625170718},"Median":{"confidence_interval":{"confidence_level":0.95,"lower_bound":14238397.094736843,"upper_bound":14286947.23076923},"point_estimate":14256108.789384529,"standard_error":11925.470593971313},"MedianAbsDev":{"confidence_interval":{"confidence_level":0.95,"lower_bound":62819.79866216718,"upper_bound":94948.27748861819},"point_estimate":82190.79073085751,"standard_error":8245.63954020577},"Slope":{"confidence_interval":{"confidence_level":0.95,"lower_bound":14220088.278600274,"upper_bound":14249020.841948534},"point_estimate":14234277.48808039,"standard_error":7340.84875971794},"StdDev":{"confidence_interval":{"confidence_level":0.95,"lower_bound":69633.2507705254,"upper_bound":95988.86510629639},"point_estimate":83280.53464310324,"standard_error":6729.972070724255}}