{"Mean":{"confidence_interval":{"confidence_level":0.95,"lower_bound":25496295.61226361,"upper_bound":25658113.3468806},"point_estimate":25576375.04619162,"standard_error":41231.36445479707},"Median":{"confidence_interval":{"confidence_level":0.95,"lower_bound":25363470.46,"upper_bound":25668602.391304349},"point_estimate":25514033.63305015,"standard_error":92626.82483505743},"MedianAbsDev":{"confidence_interval":{"confidence_level":0.95,"lower_bound":358058.5533699546,"upper_bound":639081.0147553298},"point_estimate":522830.2257749997,"standard_error":76765.84006171716},"Slope":{"confidence_interval":{"confidence_level":0.95,"lower_bound":25531670.946287134,"upper_bound":25702996.329794758},"point_estimate":25615757.474618,"standard_error":43707.74250000931},"StdDev":{"confidence_interval":{"confidence_level":0.95,"lower_bound":369839.2922494676,"upper_bound":451468.3199824898},"point_estimate":414966.7287046527,"standard_error":20831.730706175673}}