{"Mean":{"confidence_interval":{"confidence_level":0.95,"lower_bound":802.3075864856934,"upper_bound":840.1711652000399},"point_estimate":820.6446808813353,"standard_error":9.58913642443395},"Median":{"confidence_interval":{"confidence_level":0.95,"lower_bound":768.4381482694618,"upper_bound":768.9823017736046},"point_estimate":768.6720415283849,"standard_error":0.15563781893462554},"MedianAbsDev":{"confidence_interval":{"confidence_level":0.95,"lower_bound":0.43775475516423059,"upper_bound":1.1523595348311496},"point_estimate":0.6633655564348978,"standard_error":0.1923959442706677},"Slope":{"confidence_interval":{"confidence_level":0.95,"lower_bound":834.794831806686,"upper_bound":893.9097689869742},"point_estimate":864.3784638213664,"standard_error":15.144811043488989},"StdDev":{"confidence_interval":{"confidence_level":0.95,"lower_bound":81.01676422113866,"upper_bound":106.40288225932027},"point_estimate":96.14439334075748,"standard_error":6.504446714666584}}