{"Mean":{"confidence_interval":{"confidence_level":0.95,"lower_bound":6458499.672609866,"upper_bound":6574716.523177907},"point_estimate":6515337.901215217,"standard_error":29628.881639686064},"Median":{"confidence_interval":{"confidence_level":0.95,"lower_bound":6410082.098765432,"upper_bound":6586506.625192013},"point_estimate":6500480.91627907,"standard_error":48273.512363354086},"MedianAbsDev":{"confidence_interval":{"confidence_level":0.95,"lower_bound":242479.73902544593,"upper_bound":369069.2958708919},"point_estimate":301641.2736084568,"standard_error":31758.174489510908},"Slope":{"confidence_interval":{"confidence_level":0.95,"lower_bound":6439544.003643593,"upper_bound":6552947.95580138},"point_estimate":6495572.662665878,"standard_error":28897.892041924264},"StdDev":{"confidence_interval":{"confidence_level":0.95,"lower_bound":246998.9478614805,"upper_bound":347363.12337167348},"point_estimate":298064.2264278177,"standard_error":25737.312359209318}}