{"Mean":{"confidence_interval":{"confidence_level":0.95,"lower_bound":354.51261145489579,"upper_bound":355.02576414300816},"point_estimate":354.7484683319188,"standard_error":0.13129569149875545},"Median":{"confidence_interval":{"confidence_level":0.95,"lower_bound":354.2625494911109,"upper_bound":354.38650019622198},"point_estimate":354.3295060398666,"standard_error":0.02840125927688126},"MedianAbsDev":{"confidence_interval":{"confidence_level":0.95,"lower_bound":0.19027745396753305,"upper_bound":0.3621170598338701},"point_estimate":0.2773537994351204,"standard_error":0.04334478468056005},"Slope":{"confidence_interval":{"confidence_level":0.95,"lower_bound":354.18308196212578,"upper_bound":354.27036318690628},"point_estimate":354.2252162817983,"standard_error":0.022240085695517707},"StdDev":{"confidence_interval":{"confidence_level":0.95,"lower_bound":0.7771547487296278,"upper_bound":1.7498084905603504},"point_estimate":1.32079168751488,"standard_error":0.24812474241307728}}