{"Mean":{"confidence_interval":{"confidence_level":0.95,"lower_bound":36989.69649547337,"upper_bound":37274.68508777134},"point_estimate":37131.604841038425,"standard_error":72.90721434338906},"Median":{"confidence_interval":{"confidence_level":0.95,"lower_bound":36481.36734693877,"upper_bound":37786.70161290323},"point_estimate":36706.049107142855,"standard_error":463.592847652848},"MedianAbsDev":{"confidence_interval":{"confidence_level":0.95,"lower_bound":216.31893923649626,"upper_bound":1103.9595769550504},"point_estimate":595.8281983571953,"standard_error":256.28545750274005},"Slope":{"confidence_interval":{"confidence_level":0.95,"lower_bound":36927.66406479184,"upper_bound":37312.921304458134},"point_estimate":37118.244932867485,"standard_error":98.37368778472038},"StdDev":{"confidence_interval":{"confidence_level":0.95,"lower_bound":706.1648009621458,"upper_bound":753.5636668930483},"point_estimate":735.9843573219728,"standard_error":12.06977261599781}}