{"Mean":{"confidence_interval":{"confidence_level":0.95,"lower_bound":24851843.05635366,"upper_bound":25004650.609111944},"point_estimate":24925459.194160705,"standard_error":38963.11731016074},"Median":{"confidence_interval":{"confidence_level":0.95,"lower_bound":24764348.66,"upper_bound":24838204.75342466},"point_estimate":24805454.903846153,"standard_error":15270.649631462107},"MedianAbsDev":{"confidence_interval":{"confidence_level":0.95,"lower_bound":106184.26629946825,"upper_bound":187431.7184783315},"point_estimate":151716.11728480357,"standard_error":21150.8457553073},"Slope":{"confidence_interval":{"confidence_level":0.95,"lower_bound":24883863.187943046,"upper_bound":25055367.21972138},"point_estimate":24964954.865039164,"standard_error":43846.64570947739},"StdDev":{"confidence_interval":{"confidence_level":0.95,"lower_bound":308980.31979980439,"upper_bound":456450.56953849989},"point_estimate":390087.37566852316,"standard_error":37761.95934580388}}