{"Mean":{"confidence_interval":{"confidence_level":0.95,"lower_bound":2377348.527718306,"upper_bound":2408790.9664586859},"point_estimate":2392518.4459392635,"standard_error":8033.385491115928},"Median":{"confidence_interval":{"confidence_level":0.95,"lower_bound":2347697.0945454549,"upper_bound":2349925.8620689657},"point_estimate":2348253.0526755854,"standard_error":573.3006564379745},"MedianAbsDev":{"confidence_interval":{"confidence_level":0.95,"lower_bound":2052.319425562444,"upper_bound":5636.521011569533},"point_estimate":3151.328170563303,"standard_error":864.4438523018281},"Slope":{"confidence_interval":{"confidence_level":0.95,"lower_bound":2396206.679025515,"upper_bound":2445417.677976136},"point_estimate":2420648.418516329,"standard_error":12546.297007829606},"StdDev":{"confidence_interval":{"confidence_level":0.95,"lower_bound":67812.21460768992,"upper_bound":90181.32805741659},"point_estimate":80975.24721640056,"standard_error":5675.8314804305559}}