{"Mean":{"confidence_interval":{"confidence_level":0.95,"lower_bound":60.40730703335124,"upper_bound":61.75733699117854},"point_estimate":61.02169378562644,"standard_error":0.3464698758179935},"Median":{"confidence_interval":{"confidence_level":0.95,"lower_bound":60.14317491808699,"upper_bound":60.1649484080463},"point_estimate":60.15387782938047,"standard_error":0.006285118625442477},"MedianAbsDev":{"confidence_interval":{"confidence_level":0.95,"lower_bound":0.03573074965830002,"upper_bound":0.06917650708982536},"point_estimate":0.05044818178455841,"standard_error":0.00854712946898295},"Slope":{"confidence_interval":{"confidence_level":0.95,"lower_bound":60.678436812030827,"upper_bound":63.65468065889343},"point_estimate":62.06939729128203,"standard_error":0.7601762726582722},"StdDev":{"confidence_interval":{"confidence_level":0.95,"lower_bound":1.7422446050162964,"upper_bound":4.764459413122378},"point_estimate":3.4888269590818656,"standard_error":0.7625397691607365}}