{"Mean":{"confidence_interval":{"confidence_level":0.95,"lower_bound":3725418.29523544,"upper_bound":3797232.1853526749},"point_estimate":3758567.5131507695,"standard_error":18439.642293549616},"Median":{"confidence_interval":{"confidence_level":0.95,"lower_bound":3660124.2666666668,"upper_bound":3765314.3333333337},"point_estimate":3701043.504305396,"standard_error":29904.72675408235},"MedianAbsDev":{"confidence_interval":{"confidence_level":0.95,"lower_bound":37842.95398179245,"upper_bound":149628.63953796865},"point_estimate":97577.72713911894,"standard_error":32340.448981926216},"Slope":{"confidence_interval":{"confidence_level":0.95,"lower_bound":3703800.5058247528,"upper_bound":3753373.479781307},"point_estimate":3728060.896734151,"standard_error":12663.998871673222},"StdDev":{"confidence_interval":{"confidence_level":0.95,"lower_bound":104750.3118283568,"upper_bound":252017.87055427049},"point_estimate":185544.85354703017,"standard_error":37481.21690072923}}