{"Mean":{"confidence_interval":{"confidence_level":0.95,"lower_bound":22898.409232006932,"upper_bound":23277.541880429475},"point_estimate":23083.56045514784,"standard_error":96.4234835410121},"Median":{"confidence_interval":{"confidence_level":0.95,"lower_bound":22709.387931034482,"upper_bound":23138.218445718445},"point_estimate":22842.280194342697,"standard_error":98.34939709061664},"MedianAbsDev":{"confidence_interval":{"confidence_level":0.95,"lower_bound":582.9482196643899,"upper_bound":866.1969331893234},"point_estimate":707.2772985379212,"standard_error":73.6615373213253},"Slope":{"confidence_interval":{"confidence_level":0.95,"lower_bound":22909.937288040015,"upper_bound":23524.209414770758},"point_estimate":23206.28828099601,"standard_error":156.85768479587518},"StdDev":{"confidence_interval":{"confidence_level":0.95,"lower_bound":732.3887709875827,"upper_bound":1220.2133167227624},"point_estimate":971.3816288964332,"standard_error":126.56888227822135}}