{"Mean":{"confidence_interval":{"confidence_level":0.95,"lower_bound":15652676.581943248,"upper_bound":15665598.451258133},"point_estimate":15658419.172657587,"standard_error":3312.1653632273748},"Median":{"confidence_interval":{"confidence_level":0.95,"lower_bound":15649449.166666666,"upper_bound":15656305.105263159},"point_estimate":15652977.30525641,"standard_error":1940.760159497545},"MedianAbsDev":{"confidence_interval":{"confidence_level":0.95,"lower_bound":13547.161496925888,"upper_bound":20682.297431565545},"point_estimate":17274.13779540639,"standard_error":1760.1801107460324},"Slope":{"confidence_interval":{"confidence_level":0.95,"lower_bound":15646714.080853144,"upper_bound":15651995.110000568},"point_estimate":15649272.064031329,"standard_error":1345.5460452620678},"StdDev":{"confidence_interval":{"confidence_level":0.95,"lower_bound":16951.113795140827,"upper_bound":49747.79024318475},"point_estimate":33421.762833205044,"standard_error":9118.385055819886}}