{"Mean":{"confidence_interval":{"confidence_level":0.95,"lower_bound":13839222.18116866,"upper_bound":13893316.643668754},"point_estimate":13866480.388232947,"standard_error":13780.500039538563},"Median":{"confidence_interval":{"confidence_level":0.95,"lower_bound":13828758.436781608,"upper_bound":13894300.75},"point_estimate":13850080.87310606,"standard_error":15775.911481697036},"MedianAbsDev":{"confidence_interval":{"confidence_level":0.95,"lower_bound":107190.16169000558,"upper_bound":172508.10398154745},"point_estimate":144497.80715320118,"standard_error":16639.089617533595},"Slope":{"confidence_interval":{"confidence_level":0.95,"lower_bound":13829052.32428895,"upper_bound":13889173.46562751},"point_estimate":13859123.378055269,"standard_error":15310.570246908394},"StdDev":{"confidence_interval":{"confidence_level":0.95,"lower_bound":113405.41389726704,"upper_bound":166335.57718390288},"point_estimate":138927.28727659913,"standard_error":13669.86606663365}}