{"Mean":{"confidence_interval":{"confidence_level":0.95,"lower_bound":1818263.496856363,"upper_bound":1860759.7089086809},"point_estimate":1839785.6706562604,"standard_error":10856.091623346114},"Median":{"confidence_interval":{"confidence_level":0.95,"lower_bound":1894255.5970149255,"upper_bound":1904128.2189542484},"point_estimate":1898668.8623737372,"standard_error":2810.8281813167639},"MedianAbsDev":{"confidence_interval":{"confidence_level":0.95,"lower_bound":21692.519850876746,"upper_bound":56202.78090662498},"point_estimate":33061.21976774328,"standard_error":8717.220391692948},"Slope":{"confidence_interval":{"confidence_level":0.95,"lower_bound":1775394.10752801,"upper_bound":1834901.8296224827},"point_estimate":1805422.6111600414,"standard_error":15193.936471882756},"StdDev":{"confidence_interval":{"confidence_level":0.95,"lower_bound":97859.17065483169,"upper_bound":115862.22870417702},"point_estimate":108967.88913816266,"standard_error":4632.25646595568}}