{"Mean":{"confidence_interval":{"confidence_level":0.95,"lower_bound":33453678.910231949,"upper_bound":33666716.291092809},"point_estimate":33559113.624906409,"standard_error":54542.566956393624},"Median":{"confidence_interval":{"confidence_level":0.95,"lower_bound":33446909.80702765,"upper_bound":33660105.91385768},"point_estimate":33561470.01884058,"standard_error":51027.81140606836},"MedianAbsDev":{"confidence_interval":{"confidence_level":0.95,"lower_bound":371420.8289159636,"upper_bound":606272.4727096229},"point_estimate":477983.322025855,"standard_error":59534.83382915854},"Slope":{"confidence_interval":{"confidence_level":0.95,"lower_bound":33496982.59746098,"upper_bound":33668726.66169027},"point_estimate":33582216.001613717,"standard_error":43856.35067241139},"StdDev":{"confidence_interval":{"confidence_level":0.95,"lower_bound":441593.51636412556,"upper_bound":657424.351563018},"point_estimate":549185.7665403129,"standard_error":55487.15872789897}}