{"Mean":{"confidence_interval":{"confidence_level":0.95,"lower_bound":16010.187290934933,"upper_bound":16540.147567125437},"point_estimate":16256.367983598593,"standard_error":136.42150792242129},"Median":{"confidence_interval":{"confidence_level":0.95,"lower_bound":15723.463579038922,"upper_bound":15731.836427226257},"point_estimate":15728.49849035292,"standard_error":2.132785445767673},"MedianAbsDev":{"confidence_interval":{"confidence_level":0.95,"lower_bound":13.248508447672167,"upper_bound":24.18638290393918},"point_estimate":17.441011523062845,"standard_error":2.7723634888324457},"Slope":{"confidence_interval":{"confidence_level":0.95,"lower_bound":16522.29214164385,"upper_bound":17647.341860036187},"point_estimate":17104.334631181668,"standard_error":287.7254073161918},"StdDev":{"confidence_interval":{"confidence_level":0.95,"lower_bound":1033.360055206409,"upper_bound":1629.3478737191647},"point_estimate":1372.0792798029948,"standard_error":154.99070687518745}}