{"Mean":{"confidence_interval":{"confidence_level":0.95,"lower_bound":1359962.951064985,"upper_bound":1367174.6490171862},"point_estimate":1363562.6368297064,"standard_error":1842.4826084192808},"Median":{"confidence_interval":{"confidence_level":0.95,"lower_bound":1347328.8591283458,"upper_bound":1381863.9642857144},"point_estimate":1348777.2598778737,"standard_error":11904.838653204915},"MedianAbsDev":{"confidence_interval":{"confidence_level":0.95,"lower_bound":2535.9710743993616,"upper_bound":27176.487774092402},"point_estimate":4950.622546091866,"standard_error":6228.737918564309},"Slope":{"confidence_interval":{"confidence_level":0.95,"lower_bound":1354245.4589424732,"upper_bound":1362812.2514260817},"point_estimate":1358372.5086182948,"standard_error":2191.4799872590649},"StdDev":{"confidence_interval":{"confidence_level":0.95,"lower_bound":17718.971880715704,"upper_bound":18869.90755465775},"point_estimate":18488.10171677288,"standard_error":289.5145745919057}}