{"Mean":{"confidence_interval":{"confidence_level":0.95,"lower_bound":40.67562698378508,"upper_bound":40.690964134290798},"point_estimate":40.68287469074084,"standard_error":0.003910966574014535},"Median":{"confidence_interval":{"confidence_level":0.95,"lower_bound":40.66466407323456,"upper_bound":40.674746162033738},"point_estimate":40.669123063063178,"standard_error":0.0028185395777825009},"MedianAbsDev":{"confidence_interval":{"confidence_level":0.95,"lower_bound":0.010259844119283834,"upper_bound":0.020094870459949286},"point_estimate":0.013620067791680384,"standard_error":0.002487299548818753},"Slope":{"confidence_interval":{"confidence_level":0.95,"lower_bound":40.66146624471147,"upper_bound":40.66491561448352},"point_estimate":40.66300207251663,"standard_error":0.0008795744837533413},"StdDev":{"confidence_interval":{"confidence_level":0.95,"lower_bound":0.027960757572303316,"upper_bound":0.04860894715023479},"point_estimate":0.03941780505041422,"standard_error":0.005262445478408948}}