{"Mean":{"confidence_interval":{"confidence_level":0.95,"lower_bound":233455.71966497266,"upper_bound":244157.93375031884},"point_estimate":238816.81473108903,"standard_error":2733.979373137012},"Median":{"confidence_interval":{"confidence_level":0.95,"lower_bound":227719.23035328047,"upper_bound":262851.19333333338},"point_estimate":257851.5831081081,"standard_error":14328.851810009814},"MedianAbsDev":{"confidence_interval":{"confidence_level":0.95,"lower_bound":1543.5388514422285,"upper_bound":42024.4116808601},"point_estimate":33152.17787284561,"standard_error":14533.07918551505},"Slope":{"confidence_interval":{"confidence_level":0.95,"lower_bound":223922.53375859053,"upper_bound":238336.67324133538},"point_estimate":230986.03623644156,"standard_error":3685.625652954655},"StdDev":{"confidence_interval":{"confidence_level":0.95,"lower_bound":25762.888339129433,"upper_bound":29060.72421019906},"point_estimate":27532.1319842191,"standard_error":838.5339113897128}}