{"Mean":{"confidence_interval":{"confidence_level":0.95,"lower_bound":6735168.479375145,"upper_bound":7259469.223560456},"point_estimate":6993309.470063436,"standard_error":133843.73927681847},"Median":{"confidence_interval":{"confidence_level":0.95,"lower_bound":5934196.852941176,"upper_bound":6663465.568298681},"point_estimate":5981910.970242916,"standard_error":198103.8859187418},"MedianAbsDev":{"confidence_interval":{"confidence_level":0.95,"lower_bound":31106.352016172328,"upper_bound":1115145.9498808042},"point_estimate":112485.95409242742,"standard_error":286901.93911499346},"Slope":{"confidence_interval":{"confidence_level":0.95,"lower_bound":6860250.244756019,"upper_bound":7548362.595069603},"point_estimate":7198805.11232156,"standard_error":176050.6904362993},"StdDev":{"confidence_interval":{"confidence_level":0.95,"lower_bound":1207451.6139052443,"upper_bound":1441425.15351547},"point_estimate":1344489.110278822,"standard_error":59732.787868097286}}