{"Mean":{"confidence_interval":{"confidence_level":0.95,"lower_bound":1747940.439294462,"upper_bound":1798786.4668018399},"point_estimate":1773146.3333513877,"standard_error":12985.381567344391},"Median":{"confidence_interval":{"confidence_level":0.95,"lower_bound":1678552.855313093,"upper_bound":1741022.581632653},"point_estimate":1715389.3042952209,"standard_error":16488.168234749897},"MedianAbsDev":{"confidence_interval":{"confidence_level":0.95,"lower_bound":44527.5341633366,"upper_bound":135808.13186749505},"point_estimate":96911.83392756555,"standard_error":22120.8696394784},"Slope":{"confidence_interval":{"confidence_level":0.95,"lower_bound":1780436.7266502514,"upper_bound":1840365.7323042604},"point_estimate":1809741.819335008,"standard_error":15291.970549508223},"StdDev":{"confidence_interval":{"confidence_level":0.95,"lower_bound":120035.50718343268,"upper_bound":137881.9837371943},"point_estimate":130793.48325019832,"standard_error":4539.268905505322}}