{"Mean":{"confidence_interval":{"confidence_level":0.95,"lower_bound":3269.902672617884,"upper_bound":3287.6467218133236},"point_estimate":3278.5068299343399,"standard_error":4.536359900740371},"Median":{"confidence_interval":{"confidence_level":0.95,"lower_bound":3252.5552956751987,"upper_bound":3265.4503983071947},"point_estimate":3255.226306056403,"standard_error":3.093768391619385},"MedianAbsDev":{"confidence_interval":{"confidence_level":0.95,"lower_bound":13.33136099897824,"upper_bound":34.12350719676692},"point_estimate":19.626585309252158,"standard_error":4.863871981584137},"Slope":{"confidence_interval":{"confidence_level":0.95,"lower_bound":3274.7800995774948,"upper_bound":3303.132893190903},"point_estimate":3289.1958219189548,"standard_error":7.232029842025275},"StdDev":{"confidence_interval":{"confidence_level":0.95,"lower_bound":37.247871715576419,"upper_bound":52.44374799367813},"point_estimate":45.50769267608638,"standard_error":3.8814154947778616}}