{"Mean":{"confidence_interval":{"confidence_level":0.95,"lower_bound":1114.5369747154303,"upper_bound":1116.9724556962645},"point_estimate":1115.7084807827283,"standard_error":0.6200699512545871},"Median":{"confidence_interval":{"confidence_level":0.95,"lower_bound":1113.0580608793687,"upper_bound":1116.4080565432315},"point_estimate":1114.5203321385187,"standard_error":0.7966795716655782},"MedianAbsDev":{"confidence_interval":{"confidence_level":0.95,"lower_bound":4.194060238928042,"upper_bound":6.5584407654557579},"point_estimate":5.174274116700446,"standard_error":0.6171702067490162},"Slope":{"confidence_interval":{"confidence_level":0.95,"lower_bound":1112.6693184058568,"upper_bound":1114.3843178913035},"point_estimate":1113.5085233981677,"standard_error":0.43797535542073359},"StdDev":{"confidence_interval":{"confidence_level":0.95,"lower_bound":4.714252618597248,"upper_bound":7.677014558205171},"point_estimate":6.218540517590698,"standard_error":0.7650335055155673}}