{"Mean":{"confidence_interval":{"confidence_level":0.95,"lower_bound":9617.227044259449,"upper_bound":9809.445350826918},"point_estimate":9712.97877612752,"standard_error":49.083470743653368},"Median":{"confidence_interval":{"confidence_level":0.95,"lower_bound":9413.63442481689,"upper_bound":9870.618398781313},"point_estimate":9584.783372827804,"standard_error":113.91347973097884},"MedianAbsDev":{"confidence_interval":{"confidence_level":0.95,"lower_bound":412.5484590723769,"upper_bound":752.2912558905887},"point_estimate":585.6534757558104,"standard_error":96.01371626460188},"Slope":{"confidence_interval":{"confidence_level":0.95,"lower_bound":9629.379986594853,"upper_bound":9902.482518716397},"point_estimate":9764.945857769479,"standard_error":70.0420033048725},"StdDev":{"confidence_interval":{"confidence_level":0.95,"lower_bound":451.88519668727886,"upper_bound":528.9971834213511},"point_estimate":492.9267922961128,"standard_error":19.628441091031154}}