{"Mean":{"confidence_interval":{"confidence_level":0.95,"lower_bound":47454563.97894713,"upper_bound":47485564.2807365},"point_estimate":47470004.17314436,"standard_error":7920.413978894968},"Median":{"confidence_interval":{"confidence_level":0.95,"lower_bound":47469784.0,"upper_bound":47510679.71590909},"point_estimate":47501854.71684636,"standard_error":9364.309169506738},"MedianAbsDev":{"confidence_interval":{"confidence_level":0.95,"lower_bound":25371.913922635693,"upper_bound":78459.06705706944},"point_estimate":47284.81408735763,"standard_error":12925.224641224746},"Slope":{"confidence_interval":{"confidence_level":0.95,"lower_bound":47416941.96984338,"upper_bound":47454414.97863418},"point_estimate":47435505.821161519,"standard_error":9567.985002804176},"StdDev":{"confidence_interval":{"confidence_level":0.95,"lower_bound":65421.967329230356,"upper_bound":95012.58569440688},"point_estimate":79521.95953778716,"standard_error":7661.127556650574}}