{"Mean":{"confidence_interval":{"confidence_level":0.95,"lower_bound":7108143.743985455,"upper_bound":7147079.094733476},"point_estimate":7126397.837282075,"standard_error":9933.49408920981},"Median":{"confidence_interval":{"confidence_level":0.95,"lower_bound":7059784.4186046519,"upper_bound":7139075.6875},"point_estimate":7089735.493939394,"standard_error":21343.092110753874},"MedianAbsDev":{"confidence_interval":{"confidence_level":0.95,"lower_bound":25409.88205142161,"upper_bound":124844.17382053445},"point_estimate":66323.18754985828,"standard_error":25904.60998877193},"Slope":{"confidence_interval":{"confidence_level":0.95,"lower_bound":7093673.331253896,"upper_bound":7130204.61966154},"point_estimate":7111101.036095759,"standard_error":9333.506050318894},"StdDev":{"confidence_interval":{"confidence_level":0.95,"lower_bound":70817.8716168365,"upper_bound":134373.44486275747},"point_estimate":99899.40241204435,"standard_error":18245.367132278272}}