{"Mean":{"confidence_interval":{"confidence_level":0.95,"lower_bound":90404.56872803903,"upper_bound":91219.17378451511},"point_estimate":90807.65542698883,"standard_error":207.80554698253756},"Median":{"confidence_interval":{"confidence_level":0.95,"lower_bound":89171.4471770335,"upper_bound":90329.38899521531},"point_estimate":89400.05668449198,"standard_error":474.15527702338349},"MedianAbsDev":{"confidence_interval":{"confidence_level":0.95,"lower_bound":410.8004345760017,"upper_bound":1572.8812773295347},"point_estimate":754.6676290855653,"standard_error":364.586803704787},"Slope":{"confidence_interval":{"confidence_level":0.95,"lower_bound":90228.7496751602,"upper_bound":91333.15154616573},"point_estimate":90760.96262745677,"standard_error":282.51727328536938},"StdDev":{"confidence_interval":{"confidence_level":0.95,"lower_bound":1956.1145816071015,"upper_bound":2154.357165175297},"point_estimate":2089.824510158168,"standard_error":51.10721198575082}}