{"Mean":{"confidence_interval":{"confidence_level":0.95,"lower_bound":69002849.45653476,"upper_bound":74989682.59620954},"point_estimate":71993634.02136478,"standard_error":1523920.7704206242},"Median":{"confidence_interval":{"confidence_level":0.95,"lower_bound":68333495.81927711,"upper_bound":75260303.70422535},"point_estimate":71387387.67557442,"standard_error":1709710.188364686},"MedianAbsDev":{"confidence_interval":{"confidence_level":0.95,"lower_bound":11897023.292357145,"upper_bound":19826362.042953768},"point_estimate":15325383.692873178,"standard_error":2035446.3560982715},"Slope":{"confidence_interval":{"confidence_level":0.95,"lower_bound":72339058.45423967,"upper_bound":77243240.75792806},"point_estimate":74639771.44266588,"standard_error":1254962.5498929294},"StdDev":{"confidence_interval":{"confidence_level":0.95,"lower_bound":13456734.653197248,"upper_bound":16888716.604305395},"point_estimate":15288901.591921885,"standard_error":875800.4829346879}}