{"Mean":{"confidence_interval":{"confidence_level":0.95,"lower_bound":3862.3990258489918,"upper_bound":3872.139293160907},"point_estimate":3866.9356546566,"standard_error":2.500617339953889},"Median":{"confidence_interval":{"confidence_level":0.95,"lower_bound":3858.0212586690215,"upper_bound":3862.182291195367},"point_estimate":3859.8933332841108,"standard_error":1.063409528433512},"MedianAbsDev":{"confidence_interval":{"confidence_level":0.95,"lower_bound":7.447941084296192,"upper_bound":13.888722944087237},"point_estimate":10.708528675340352,"standard_error":1.5530607725010222},"Slope":{"confidence_interval":{"confidence_level":0.95,"lower_bound":3854.0743748618299,"upper_bound":3858.8822940783395},"point_estimate":3856.426800155711,"standard_error":1.2257083706763848},"StdDev":{"confidence_interval":{"confidence_level":0.95,"lower_bound":16.168418281312456,"upper_bound":33.38609558245178},"point_estimate":25.161737443354427,"standard_error":4.454960146880607}}