{"Mean":{"confidence_interval":{"confidence_level":0.95,"lower_bound":48124483.93680708,"upper_bound":48379426.69217649},"point_estimate":48236947.65857376,"standard_error":65597.37579207173},"Median":{"confidence_interval":{"confidence_level":0.95,"lower_bound":48076941.62264151,"upper_bound":48116020.59154929},"point_estimate":48107261.92045455,"standard_error":9342.705507860086},"MedianAbsDev":{"confidence_interval":{"confidence_level":0.95,"lower_bound":37796.75495213631,"upper_bound":94168.1804787064},"point_estimate":61815.93297393249,"standard_error":13722.815806294328},"Slope":{"confidence_interval":{"confidence_level":0.95,"lower_bound":48104243.215695898,"upper_bound":48534613.03917019},"point_estimate":48287763.1516477,"standard_error":111355.44469799446},"StdDev":{"confidence_interval":{"confidence_level":0.95,"lower_bound":290378.81802152786,"upper_bound":956669.3740523957},"point_estimate":657626.729364881,"standard_error":171345.19585465667}}