{"Mean":{"confidence_interval":{"confidence_level":0.95,"lower_bound":895.2582640604139,"upper_bound":929.9055834617324},"point_estimate":912.3915322504331,"standard_error":8.793735022834659},"Median":{"confidence_interval":{"confidence_level":0.95,"lower_bound":841.6909076500423,"upper_bound":852.4685186608263},"point_estimate":843.5488165680474,"standard_error":15.863427472262537},"MedianAbsDev":{"confidence_interval":{"confidence_level":0.95,"lower_bound":1.3571813890883624,"upper_bound":16.513573124797689},"point_estimate":4.149200607480309,"standard_error":9.768032068018894},"Slope":{"confidence_interval":{"confidence_level":0.95,"lower_bound":899.6629530706504,"upper_bound":946.7079099458165},"point_estimate":922.8513222776587,"standard_error":11.997148522755689},"StdDev":{"confidence_interval":{"confidence_level":0.95,"lower_bound":82.70874033924021,"upper_bound":91.30629636250898},"point_estimate":88.66969858330191,"standard_error":2.2764569606259807}}