{"Mean":{"confidence_interval":{"confidence_level":0.95,"lower_bound":147338.67801025857,"upper_bound":148479.23327554394},"point_estimate":147890.71502362516,"standard_error":291.98426824971286},"Median":{"confidence_interval":{"confidence_level":0.95,"lower_bound":146367.72953869048,"upper_bound":146488.32804232805},"point_estimate":146425.14986737399,"standard_error":35.679563118153087},"MedianAbsDev":{"confidence_interval":{"confidence_level":0.95,"lower_bound":125.07318319149727,"upper_bound":281.73024858024487},"point_estimate":184.6543925155046,"standard_error":41.05212451383502},"Slope":{"confidence_interval":{"confidence_level":0.95,"lower_bound":148869.1547681762,"upper_bound":150847.39219514788},"point_estimate":149929.6119326986,"standard_error":505.10436043132276},"StdDev":{"confidence_interval":{"confidence_level":0.95,"lower_bound":2417.3185599592236,"upper_bound":3301.43010236838},"point_estimate":2938.3640790664105,"standard_error":224.42486070985829}}