{"Mean":{"confidence_interval":{"confidence_level":0.95,"lower_bound":3561.233925982729,"upper_bound":3569.7558174370308},"point_estimate":3565.254670348701,"standard_error":2.1770933074128346},"Median":{"confidence_interval":{"confidence_level":0.95,"lower_bound":3556.4574534161495,"upper_bound":3562.6389795918369},"point_estimate":3559.0795171727229,"standard_error":1.6397868735017152},"MedianAbsDev":{"confidence_interval":{"confidence_level":0.95,"lower_bound":9.570490750003432,"upper_bound":16.849746398683228},"point_estimate":13.120142998664459,"standard_error":1.8124506410612587},"Slope":{"confidence_interval":{"confidence_level":0.95,"lower_bound":3553.786604294564,"upper_bound":3559.196217948601},"point_estimate":3556.3666014165385,"standard_error":1.3800390496131299},"StdDev":{"confidence_interval":{"confidence_level":0.95,"lower_bound":15.692665064772033,"upper_bound":27.725936390813417},"point_estimate":21.882784344802727,"standard_error":3.100212540710642}}