{"Mean":{"confidence_interval":{"confidence_level":0.95,"lower_bound":296.83350051747939,"upper_bound":312.0923401657427},"point_estimate":304.41629078623836,"standard_error":3.9014043709760437},"Median":{"confidence_interval":{"confidence_level":0.95,"lower_bound":272.0881237233732,"upper_bound":313.66819756156357},"point_estimate":272.1478819218424,"standard_error":11.89993862725057},"MedianAbsDev":{"confidence_interval":{"confidence_level":0.95,"lower_bound":0.23645060806762037,"upper_bound":31.263919175378644},"point_estimate":0.3875800677600723,"standard_error":7.147091736899002},"Slope":{"confidence_interval":{"confidence_level":0.95,"lower_bound":291.0244771466416,"upper_bound":311.4470209111751},"point_estimate":301.2291565200229,"standard_error":5.210646729216083},"StdDev":{"confidence_interval":{"confidence_level":0.95,"lower_bound":36.81958378869946,"upper_bound":40.022060403173778},"point_estimate":39.13554303316307,"standard_error":0.8412838410494407}}