{"Mean":{"confidence_interval":{"confidence_level":0.95,"lower_bound":39760.38629928173,"upper_bound":39843.61980607349},"point_estimate":39797.793307601365,"standard_error":21.29441850715878},"Median":{"confidence_interval":{"confidence_level":0.95,"lower_bound":39713.89980191407,"upper_bound":39775.39541971439},"point_estimate":39747.59031005381,"standard_error":16.97418369010687},"MedianAbsDev":{"confidence_interval":{"confidence_level":0.95,"lower_bound":76.88957613493879,"upper_bound":132.15012566963766},"point_estimate":105.98080373384555,"standard_error":14.246796497232799},"Slope":{"confidence_interval":{"confidence_level":0.95,"lower_bound":39691.02998405091,"upper_bound":39725.917147401255},"point_estimate":39707.262438919264,"standard_error":8.879730516138008},"StdDev":{"confidence_interval":{"confidence_level":0.95,"lower_bound":117.3038690524649,"upper_bound":309.81729980144447},"point_estimate":213.7125950765616,"standard_error":51.90230535310412}}