{"Mean":{"confidence_interval":{"confidence_level":0.95,"lower_bound":0.6422146852321006,"upper_bound":0.6785494523695708},"point_estimate":0.6604558931234748,"standard_error":0.009297641535922299},"Median":{"confidence_interval":{"confidence_level":0.95,"lower_bound":0.6414000729518454,"upper_bound":0.6641443876240372},"point_estimate":0.6538193667819028,"standard_error":0.005884617214234706}}