{"Mean":{"confidence_interval":{"confidence_level":0.95,"lower_bound":0.030394816950941505,"upper_bound":0.05846807666637889},"point_estimate":0.04547622964064901,"standard_error":0.007226396181307967},"Median":{"confidence_interval":{"confidence_level":0.95,"lower_bound":0.003993279816604723,"upper_bound":0.13004497942848904},"point_estimate":0.033861559360422569,"standard_error":0.05436622383145526}}