{"Mean":{"confidence_interval":{"confidence_level":0.95,"lower_bound":1.0087499430039857,"upper_bound":1.0228420243738814},"point_estimate":1.0159725615227258,"standard_error":0.003621193418590854},"Median":{"confidence_interval":{"confidence_level":0.95,"lower_bound":1.007591162732949,"upper_bound":1.0326041273706906},"point_estimate":1.0207331631003017,"standard_error":0.006239028631179623}}