{"Mean":{"confidence_interval":{"confidence_level":0.95,"lower_bound":0.9466595078882065,"upper_bound":0.9675582123717627},"point_estimate":0.9565357383233382,"standard_error":0.0053901106284480518},"Median":{"confidence_interval":{"confidence_level":0.95,"lower_bound":0.9300895206828355,"upper_bound":0.9635196942293687},"point_estimate":0.9490923135282292,"standard_error":0.008813016064606504}}