{"Mean":{"confidence_interval":{"confidence_level":0.95,"lower_bound":7086355.239074728,"upper_bound":7132905.768801325},"point_estimate":7108597.160945552,"standard_error":11835.64871723138},"Median":{"confidence_interval":{"confidence_level":0.95,"lower_bound":7067367.4677419359,"upper_bound":7103146.426229509},"point_estimate":7096290.75,"standard_error":10735.238530186441},"MedianAbsDev":{"confidence_interval":{"confidence_level":0.95,"lower_bound":110930.72007203932,"upper_bound":161859.0259618185},"point_estimate":154119.87379273374,"standard_error":14760.985702854678},"Slope":{"confidence_interval":{"confidence_level":0.95,"lower_bound":7067250.302105199,"upper_bound":7121886.446829127},"point_estimate":7094003.922890498,"standard_error":13967.989528318443},"StdDev":{"confidence_interval":{"confidence_level":0.95,"lower_bound":88963.66506720275,"upper_bound":155048.65309317359},"point_estimate":118783.76588325393,"standard_error":18583.006599510358}}