{"Mean":{"confidence_interval":{"confidence_level":0.95,"lower_bound":28747212.749598907,"upper_bound":28837323.44883264},"point_estimate":28784768.682615907,"standard_error":23406.806980445865},"Median":{"confidence_interval":{"confidence_level":0.95,"lower_bound":28722679.57577602,"upper_bound":28729119.42857143},"point_estimate":28725407.628966035,"standard_error":1613.285826162431},"MedianAbsDev":{"confidence_interval":{"confidence_level":0.95,"lower_bound":8371.853168828635,"upper_bound":17764.9221266328},"point_estimate":12932.081931451105,"standard_error":2444.516102955895},"Slope":{"confidence_interval":{"confidence_level":0.95,"lower_bound":28719991.14562956,"upper_bound":28840231.5753295},"point_estimate":28767319.02851485,"standard_error":31931.30947991849},"StdDev":{"confidence_interval":{"confidence_level":0.95,"lower_bound":70111.31076815313,"upper_bound":370192.60974311709},"point_estimate":234303.43371260359,"standard_error":82692.37887818473}}