{"Mean":{"confidence_interval":{"confidence_level":0.95,"lower_bound":36.357754368396488,"upper_bound":37.192562099143739},"point_estimate":36.761172568225138,"standard_error":0.21320911099461146},"Median":{"confidence_interval":{"confidence_level":0.95,"lower_bound":35.52354478323473,"upper_bound":35.586840050475988},"point_estimate":35.53491652509781,"standard_error":0.016758081820169},"MedianAbsDev":{"confidence_interval":{"confidence_level":0.95,"lower_bound":0.048764963383491,"upper_bound":0.14274438113955438},"point_estimate":0.07022508283883217,"standard_error":0.02373879997955949},"Slope":{"confidence_interval":{"confidence_level":0.95,"lower_bound":36.52197715332568,"upper_bound":37.65207947270668},"point_estimate":37.05427716070747,"standard_error":0.28818106049761357},"StdDev":{"confidence_interval":{"confidence_level":0.95,"lower_bound":1.8331845140520758,"upper_bound":2.356424007527613},"point_estimate":2.144146126251355,"standard_error":0.13388968097945}}