{"Mean":{"confidence_interval":{"confidence_level":0.95,"lower_bound":429255.045365867,"upper_bound":433737.3742605493},"point_estimate":431477.7405542381,"standard_error":1142.7196730090498},"Median":{"confidence_interval":{"confidence_level":0.95,"lower_bound":421613.17640692638,"upper_bound":442705.6033340653},"point_estimate":422642.48333333336,"standard_error":4856.690352951553},"MedianAbsDev":{"confidence_interval":{"confidence_level":0.95,"lower_bound":1170.2609294925083,"upper_bound":16269.39802292522},"point_estimate":2741.3940920279894,"standard_error":3190.516753555783},"Slope":{"confidence_interval":{"confidence_level":0.95,"lower_bound":431038.02518179189,"upper_bound":436996.5773237693},"point_estimate":434074.85700507365,"standard_error":1526.6833079219906},"StdDev":{"confidence_interval":{"confidence_level":0.95,"lower_bound":10887.867769942763,"upper_bound":11723.377259745695},"point_estimate":11474.7234920174,"standard_error":213.7380188684574}}