{"Mean":{"confidence_interval":{"confidence_level":0.95,"lower_bound":414025.4456069205,"upper_bound":414841.26279656609},"point_estimate":414403.24999307587,"standard_error":208.74859782141778},"Median":{"confidence_interval":{"confidence_level":0.95,"lower_bound":413516.4888888889,"upper_bound":414090.3387096774},"point_estimate":413758.5100430416,"standard_error":137.71782643670555},"MedianAbsDev":{"confidence_interval":{"confidence_level":0.95,"lower_bound":716.2258638814927,"upper_bound":1239.9061546057636},"point_estimate":883.5595850143799,"standard_error":128.76744160825215},"Slope":{"confidence_interval":{"confidence_level":0.95,"lower_bound":413347.1395760575,"upper_bound":413822.7954121341},"point_estimate":413562.91501896458,"standard_error":122.25336810754969},"StdDev":{"confidence_interval":{"confidence_level":0.95,"lower_bound":1351.7063520701304,"upper_bound":2766.0187548928495},"point_estimate":2098.2859093626204,"standard_error":361.344989168037}}