{"Mean":{"confidence_interval":{"confidence_level":0.95,"lower_bound":6762935.356275126,"upper_bound":6813054.305470115},"point_estimate":6786697.969459741,"standard_error":12779.25466953069},"Median":{"confidence_interval":{"confidence_level":0.95,"lower_bound":6720971.491319444,"upper_bound":6798070.559620175},"point_estimate":6768471.869298246,"standard_error":22135.14067835207},"MedianAbsDev":{"confidence_interval":{"confidence_level":0.95,"lower_bound":71267.85403067972,"upper_bound":149082.01369144696},"point_estimate":114314.4043019614,"standard_error":20295.15667979728},"Slope":{"confidence_interval":{"confidence_level":0.95,"lower_bound":6781021.536751456,"upper_bound":6820941.895989359},"point_estimate":6800996.6427545449,"standard_error":10195.001651821407},"StdDev":{"confidence_interval":{"confidence_level":0.95,"lower_bound":95307.34545414172,"upper_bound":163871.4021454761},"point_estimate":128158.85661920297,"standard_error":17940.11394388015}}