{"Mean":{"confidence_interval":{"confidence_level":0.95,"lower_bound":4007043.5758131498,"upper_bound":4088976.577625415},"point_estimate":4044812.267774059,"standard_error":20928.684492354107},"Median":{"confidence_interval":{"confidence_level":0.95,"lower_bound":3977478.89,"upper_bound":3995102.875},"point_estimate":3985552.8299377479,"standard_error":4147.866602349548},"MedianAbsDev":{"confidence_interval":{"confidence_level":0.95,"lower_bound":32033.47621379028,"upper_bound":90302.11243537162},"point_estimate":57615.873137514216,"standard_error":16749.927054963915},"Slope":{"confidence_interval":{"confidence_level":0.95,"lower_bound":3991933.813906254,"upper_bound":4013469.388583343},"point_estimate":4001518.875726319,"standard_error":5499.24905792285},"StdDev":{"confidence_interval":{"confidence_level":0.95,"lower_bound":138610.18327725415,"upper_bound":289202.0861617862},"point_estimate":210074.89532207175,"standard_error":41995.59108175468}}