{"Mean":{"confidence_interval":{"confidence_level":0.95,"lower_bound":3736539.284064936,"upper_bound":3862535.0967390637},"point_estimate":3783999.66086294,"standard_error":34882.820212940744},"Median":{"confidence_interval":{"confidence_level":0.95,"lower_bound":3680688.0789473687,"upper_bound":3719774.717857143},"point_estimate":3684002.8928571429,"standard_error":13366.03243880581},"MedianAbsDev":{"confidence_interval":{"confidence_level":0.95,"lower_bound":9063.523116888178,"upper_bound":75065.50510888828},"point_estimate":21018.661844876453,"standard_error":18685.77688928806},"Slope":{"confidence_interval":{"confidence_level":0.95,"lower_bound":3754353.452344352,"upper_bound":3801690.205149521},"point_estimate":3778058.348050835,"standard_error":12100.858414408774},"StdDev":{"confidence_interval":{"confidence_level":0.95,"lower_bound":84371.94896886382,"upper_bound":589810.7924649064},"point_estimate":351481.5815700219,"standard_error":176005.7191627422}}