{"Mean":{"confidence_interval":{"confidence_level":0.95,"lower_bound":254631.73398302234,"upper_bound":265038.36690935198},"point_estimate":259543.09073134405,"standard_error":2630.5412420542454},"Median":{"confidence_interval":{"confidence_level":0.95,"lower_bound":247250.89837625979,"upper_bound":247744.54298145738},"point_estimate":247404.9222222222,"standard_error":153.62814630695955},"MedianAbsDev":{"confidence_interval":{"confidence_level":0.95,"lower_bound":491.72639821004989,"upper_bound":1067.8996756839204},"point_estimate":682.1759204462201,"standard_error":160.46990953127873},"Slope":{"confidence_interval":{"confidence_level":0.95,"lower_bound":260459.75159101067,"upper_bound":277657.27419790587},"point_estimate":268859.61607507019,"standard_error":4394.587727021425},"StdDev":{"confidence_interval":{"confidence_level":0.95,"lower_bound":21072.248530114637,"upper_bound":30336.887632489776},"point_estimate":26392.6532282809,"standard_error":2364.9120035152116}}