{"Mean":{"confidence_interval":{"confidence_level":0.95,"lower_bound":3993200.060124441,"upper_bound":4038437.87499163},"point_estimate":4015519.78087898,"standard_error":11526.791080391424},"Median":{"confidence_interval":{"confidence_level":0.95,"lower_bound":3979273.935064935,"upper_bound":4017544.4545454548},"point_estimate":3993043.9607432039,"standard_error":10359.973418427206},"MedianAbsDev":{"confidence_interval":{"confidence_level":0.95,"lower_bound":42912.31773493327,"upper_bound":72275.92600301156},"point_estimate":52285.46970930261,"standard_error":7466.309198040168},"Slope":{"confidence_interval":{"confidence_level":0.95,"lower_bound":3998459.996698265,"upper_bound":4044494.3711188945},"point_estimate":4019339.8470193587,"standard_error":11781.47655065153},"StdDev":{"confidence_interval":{"confidence_level":0.95,"lower_bound":88384.47858310346,"upper_bound":138856.16218000293},"point_estimate":115281.27155322772,"standard_error":12912.345097125986}}