{"Mean":{"confidence_interval":{"confidence_level":0.95,"lower_bound":23114664.635763244,"upper_bound":24406543.436479194},"point_estimate":23725172.712852066,"standard_error":328681.39827340046},"Median":{"confidence_interval":{"confidence_level":0.95,"lower_bound":22153610.836734695,"upper_bound":22158108.858187137},"point_estimate":22155659.230769233,"standard_error":1334.3132084345232},"MedianAbsDev":{"confidence_interval":{"confidence_level":0.95,"lower_bound":3966.4121536454738,"upper_bound":10751.461206851183},"point_estimate":6758.026821228756,"standard_error":2025.9911188492893},"Slope":{"confidence_interval":{"confidence_level":0.95,"lower_bound":23139102.798014389,"upper_bound":24641997.545678},"point_estimate":23840881.15875277,"standard_error":383542.31225623979},"StdDev":{"confidence_interval":{"confidence_level":0.95,"lower_bound":2459731.1351007998,"upper_bound":4007587.553997147},"point_estimate":3313541.802759404,"standard_error":396075.80100248838}}