{"Mean":{"confidence_interval":{"confidence_level":0.95,"lower_bound":1787059.0082014369,"upper_bound":1836593.4663425526},"point_estimate":1811629.238819438,"standard_error":12676.87042778372},"Median":{"confidence_interval":{"confidence_level":0.95,"lower_bound":1714465.551724138,"upper_bound":1928608.25},"point_estimate":1733196.8950668895,"standard_error":41639.42795918104},"MedianAbsDev":{"confidence_interval":{"confidence_level":0.95,"lower_bound":42418.02950526285,"upper_bound":184961.83333853147},"point_estimate":81968.34917094124,"standard_error":39799.52844629082},"Slope":{"confidence_interval":{"confidence_level":0.95,"lower_bound":1828248.0108245807,"upper_bound":1892209.6112931339},"point_estimate":1861299.6644805675,"standard_error":16360.347804193205},"StdDev":{"confidence_interval":{"confidence_level":0.95,"lower_bound":119180.19212601341,"upper_bound":133282.0785582224},"point_estimate":127403.47745822303,"standard_error":3555.7295606159079}}