{"Mean":{"confidence_interval":{"confidence_level":0.95,"lower_bound":569116.4236956815,"upper_bound":578238.4582692522},"point_estimate":573380.3012919431,"standard_error":2343.9135859599616},"Median":{"confidence_interval":{"confidence_level":0.95,"lower_bound":561063.3375,"upper_bound":561595.91875},"point_estimate":561235.7701923077,"standard_error":194.73122857775278},"MedianAbsDev":{"confidence_interval":{"confidence_level":0.95,"lower_bound":675.9514513327816,"upper_bound":1984.578006168548},"point_estimate":1003.5872033669173,"standard_error":388.6974839806719},"Slope":{"confidence_interval":{"confidence_level":0.95,"lower_bound":573842.6424440588,"upper_bound":588978.755352847},"point_estimate":580840.657619329,"standard_error":3866.9622446941518},"StdDev":{"confidence_interval":{"confidence_level":0.95,"lower_bound":15346.37786543417,"upper_bound":31209.98526246243},"point_estimate":23571.936999270612,"standard_error":4107.725571400247}}