{"Mean":{"confidence_interval":{"confidence_level":0.95,"lower_bound":5240.8371513357,"upper_bound":5254.696798722775},"point_estimate":5247.7128881747089,"standard_error":3.5306374193986285},"Median":{"confidence_interval":{"confidence_level":0.95,"lower_bound":5241.441183910953,"upper_bound":5254.91527869494},"point_estimate":5249.854729360306,"standard_error":3.698629507206346},"MedianAbsDev":{"confidence_interval":{"confidence_level":0.95,"lower_bound":20.2777406718829,"upper_bound":38.36217088269783},"point_estimate":26.9571856441539,"standard_error":4.458808568113784},"Slope":{"confidence_interval":{"confidence_level":0.95,"lower_bound":5226.095325570185,"upper_bound":5240.537610223326},"point_estimate":5233.389822910953,"standard_error":3.695642240028998},"StdDev":{"confidence_interval":{"confidence_level":0.95,"lower_bound":28.886291588884388,"upper_bound":42.094889367838387},"point_estimate":35.53148775019323,"standard_error":3.3869713695856284}}