{"Mean":{"confidence_interval":{"confidence_level":0.95,"lower_bound":24994.47915997109,"upper_bound":25029.53969496631},"point_estimate":25010.93993460605,"standard_error":8.979213337662993},"Median":{"confidence_interval":{"confidence_level":0.95,"lower_bound":24977.4785,"upper_bound":24993.265425531914},"point_estimate":24984.33203125,"standard_error":4.265528868914101},"MedianAbsDev":{"confidence_interval":{"confidence_level":0.95,"lower_bound":33.48327558102516,"upper_bound":55.19934473502205},"point_estimate":45.098123940356838,"standard_error":5.48641851359623},"Slope":{"confidence_interval":{"confidence_level":0.95,"lower_bound":24964.933496722555,"upper_bound":25024.79865373316},"point_estimate":24988.457978424707,"standard_error":15.871299140226846},"StdDev":{"confidence_interval":{"confidence_level":0.95,"lower_bound":61.04937184828458,"upper_bound":118.84247506562838},"point_estimate":90.43740589608746,"standard_error":14.984137690345863}}