{"Mean":{"confidence_interval":{"confidence_level":0.95,"lower_bound":217446.22054274498,"upper_bound":222972.47092233695},"point_estimate":220008.2762099403,"standard_error":1405.274431145079},"Median":{"confidence_interval":{"confidence_level":0.95,"lower_bound":213394.74427655678,"upper_bound":213864.34827586209},"point_estimate":213593.71294642858,"standard_error":129.29408046908328},"MedianAbsDev":{"confidence_interval":{"confidence_level":0.95,"lower_bound":468.0386575719101,"upper_bound":1064.584911124456},"point_estimate":699.380696952875,"standard_error":164.43035310571183},"Slope":{"confidence_interval":{"confidence_level":0.95,"lower_bound":221253.65837807896,"upper_bound":229116.43004810503},"point_estimate":225227.28996896707,"standard_error":2005.8293476095947},"StdDev":{"confidence_interval":{"confidence_level":0.95,"lower_bound":9393.467284281342,"upper_bound":18636.824663195017},"point_estimate":14126.368321978407,"standard_error":2399.3667966293189}}