{"Mean":{"confidence_interval":{"confidence_level":0.95,"lower_bound":372.4227314287013,"upper_bound":393.042213932792},"point_estimate":382.48254093649987,"standard_error":5.246089527978335},"Median":{"confidence_interval":{"confidence_level":0.95,"lower_bound":348.60967789380796,"upper_bound":349.4448693435309},"point_estimate":348.8355475404137,"standard_error":0.4361873519968908},"MedianAbsDev":{"confidence_interval":{"confidence_level":0.95,"lower_bound":0.6359941521353899,"upper_bound":1.9173610228853347},"point_estimate":0.99915591823686,"standard_error":0.34553092800752485},"Slope":{"confidence_interval":{"confidence_level":0.95,"lower_bound":378.46011374675347,"upper_bound":406.0636332366092},"point_estimate":391.5398528072207,"standard_error":7.060667974537367},"StdDev":{"confidence_interval":{"confidence_level":0.95,"lower_bound":46.66562597188456,"upper_bound":56.60258102987687},"point_estimate":52.73711518719473,"standard_error":2.557506048985346}}