{"Mean":{"confidence_interval":{"confidence_level":0.95,"lower_bound":316538.23866658596,"upper_bound":321649.7221554333},"point_estimate":318758.782204294,"standard_error":1322.5141246763442},"Median":{"confidence_interval":{"confidence_level":0.95,"lower_bound":313573.10294117647,"upper_bound":314999.1},"point_estimate":313975.70993589746,"standard_error":362.29076421915377},"MedianAbsDev":{"confidence_interval":{"confidence_level":0.95,"lower_bound":1297.6664031733906,"upper_bound":3572.4167842852018},"point_estimate":2003.3215163089163,"standard_error":566.470353305673},"Slope":{"confidence_interval":{"confidence_level":0.95,"lower_bound":317358.0477681522,"upper_bound":321816.62453543979},"point_estimate":319407.1843409192,"standard_error":1138.4537531615618},"StdDev":{"confidence_interval":{"confidence_level":0.95,"lower_bound":5087.064472854498,"upper_bound":20386.53421971935},"point_estimate":13304.471996243008,"standard_error":4151.082042743574}}