{"Mean":{"confidence_interval":{"confidence_level":0.95,"lower_bound":73122.65531075257,"upper_bound":74603.64038787493},"point_estimate":73827.21344210214,"standard_error":376.63207351788926},"Median":{"confidence_interval":{"confidence_level":0.95,"lower_bound":72295.62502374168,"upper_bound":74270.09333333334},"point_estimate":74083.96301864802,"standard_error":688.0746697671591},"MedianAbsDev":{"confidence_interval":{"confidence_level":0.95,"lower_bound":2475.980126988854,"upper_bound":4580.289742840897},"point_estimate":4161.487576213386,"standard_error":607.8337613688965},"Slope":{"confidence_interval":{"confidence_level":0.95,"lower_bound":73460.5350715367,"upper_bound":75402.7843219429},"point_estimate":74434.29851632925,"standard_error":496.03533114287128},"StdDev":{"confidence_interval":{"confidence_level":0.95,"lower_bound":2741.4484008768388,"upper_bound":4852.2254688296829},"point_estimate":3779.4325976982438,"standard_error":552.8488817834195}}