{"Mean":{"confidence_interval":{"confidence_level":0.95,"lower_bound":17317711.36607688,"upper_bound":17504269.01635673},"point_estimate":17409029.57256944,"standard_error":47455.23754154445},"Median":{"confidence_interval":{"confidence_level":0.95,"lower_bound":17190285.743589745,"upper_bound":17444001.685714287},"point_estimate":17354602.6369863,"standard_error":64812.3748104542},"MedianAbsDev":{"confidence_interval":{"confidence_level":0.95,"lower_bound":396140.9658224749,"upper_bound":650248.2939827078},"point_estimate":521728.1481045125,"standard_error":65731.40411822486},"Slope":{"confidence_interval":{"confidence_level":0.95,"lower_bound":17283981.826199254,"upper_bound":17505111.3494946},"point_estimate":17392409.018268069,"standard_error":56347.03121631684},"StdDev":{"confidence_interval":{"confidence_level":0.95,"lower_bound":410365.77485782009,"upper_bound":536093.3415271337},"point_estimate":476697.59603770959,"standard_error":31924.36265588702}}