{"Mean":{"confidence_interval":{"confidence_level":0.95,"lower_bound":388.58514124157088,"upper_bound":405.5339299775726},"point_estimate":394.2705439414946,"standard_error":5.57421413224216},"Median":{"confidence_interval":{"confidence_level":0.95,"lower_bound":388.39003161567435,"upper_bound":388.53477151149289},"point_estimate":388.43106375177379,"standard_error":0.03376711177313683},"MedianAbsDev":{"confidence_interval":{"confidence_level":0.95,"lower_bound":0.14503744966997296,"upper_bound":0.31927496978311389},"point_estimate":0.20580470808977423,"standard_error":0.03879723273795642},"Slope":{"confidence_interval":{"confidence_level":0.95,"lower_bound":388.33329550444236,"upper_bound":418.24652963756707},"point_estimate":397.3940694346262,"standard_error":9.011362996652587},"StdDev":{"confidence_interval":{"confidence_level":0.95,"lower_bound":0.4770399151912197,"upper_bound":95.79003798953186},"point_estimate":55.866335928841397,"standard_error":34.802318683527229}}