{"Mean":{"confidence_interval":{"confidence_level":0.95,"lower_bound":991754.5954453384,"upper_bound":996861.4900300944},"point_estimate":994280.6764816366,"standard_error":1305.3314688780675},"Median":{"confidence_interval":{"confidence_level":0.95,"lower_bound":984167.1428571428,"upper_bound":989261.5},"point_estimate":985559.2111111111,"standard_error":2445.850543261846},"MedianAbsDev":{"confidence_interval":{"confidence_level":0.95,"lower_bound":2487.99205207942,"upper_bound":8774.726901922955},"point_estimate":4567.483336744768,"standard_error":2030.2829962568104},"Slope":{"confidence_interval":{"confidence_level":0.95,"lower_bound":991375.3203240873,"upper_bound":998224.1574259813},"point_estimate":994650.2736308556,"standard_error":1750.8281664635329},"StdDev":{"confidence_interval":{"confidence_level":0.95,"lower_bound":12239.251378656412,"upper_bound":13556.246918959725},"point_estimate":13112.774180532811,"standard_error":339.87563265825659}}