{"Mean":{"confidence_interval":{"confidence_level":0.95,"lower_bound":6216390.766043428,"upper_bound":6296282.881785929},"point_estimate":6251717.557489198,"standard_error":20282.73407983504},"Median":{"confidence_interval":{"confidence_level":0.95,"lower_bound":6213557.721719457,"upper_bound":6219745.259259259},"point_estimate":6216234.231027254,"standard_error":1865.5519479411019},"MedianAbsDev":{"confidence_interval":{"confidence_level":0.95,"lower_bound":9145.414193697397,"upper_bound":14944.897022480187},"point_estimate":12950.65541398248,"standard_error":1537.4258151067134},"Slope":{"confidence_interval":{"confidence_level":0.95,"lower_bound":6224555.02461129,"upper_bound":6348708.245890161},"point_estimate":6279410.419955667,"standard_error":31595.947357917783},"StdDev":{"confidence_interval":{"confidence_level":0.95,"lower_bound":39207.407935941745,"upper_bound":300571.5011049299},"point_estimate":203766.3414225494,"standard_error":59820.46550492449}}