{"Mean":{"confidence_interval":{"confidence_level":0.95,"lower_bound":82563.84475883465,"upper_bound":86299.41997194677},"point_estimate":84387.96046809848,"standard_error":951.550007175906},"Median":{"confidence_interval":{"confidence_level":0.95,"lower_bound":84150.59523809524,"upper_bound":85768.48172757475},"point_estimate":85425.3231856816,"standard_error":432.8519346989242},"MedianAbsDev":{"confidence_interval":{"confidence_level":0.95,"lower_bound":1133.4783186403852,"upper_bound":8709.117989709172},"point_estimate":3574.447409244951,"standard_error":2395.955728008722},"Slope":{"confidence_interval":{"confidence_level":0.95,"lower_bound":85135.28080607559,"upper_bound":92009.51040191595},"point_estimate":88532.9386685385,"standard_error":1759.59079529552},"StdDev":{"confidence_interval":{"confidence_level":0.95,"lower_bound":7539.272677941407,"upper_bound":11367.803607091437},"point_estimate":9569.401342932677,"standard_error":979.1997974114637}}