{"Mean":{"confidence_interval":{"confidence_level":0.95,"lower_bound":150408.80141092116,"upper_bound":157879.92877902546},"point_estimate":154067.4880618826,"standard_error":1907.1332725608643},"Median":{"confidence_interval":{"confidence_level":0.95,"lower_bound":140899.90062111803,"upper_bound":141391.94784580498},"point_estimate":140971.99436090227,"standard_error":244.34578405227948},"MedianAbsDev":{"confidence_interval":{"confidence_level":0.95,"lower_bound":208.63702534030154,"upper_bound":925.7671658756742},"point_estimate":325.5512968308706,"standard_error":295.90490865066098},"Slope":{"confidence_interval":{"confidence_level":0.95,"lower_bound":151979.81215264766,"upper_bound":162419.68552336814},"point_estimate":157064.70959446053,"standard_error":2677.3471051346198},"StdDev":{"confidence_interval":{"confidence_level":0.95,"lower_bound":17220.429104035564,"upper_bound":20313.505519297603},"point_estimate":19162.74206214495,"standard_error":798.0766481752017}}