{"Mean":{"confidence_interval":{"confidence_level":0.95,"lower_bound":3506523.50889158,"upper_bound":3550019.3746893855},"point_estimate":3528974.5869872698,"standard_error":11036.263387005241},"Median":{"confidence_interval":{"confidence_level":0.95,"lower_bound":3512191.0888888889,"upper_bound":3517288.90625},"point_estimate":3515554.697991226,"standard_error":1263.6963440627665},"MedianAbsDev":{"confidence_interval":{"confidence_level":0.95,"lower_bound":12215.600746330232,"upper_bound":49364.52315168357},"point_estimate":25717.052615222707,"standard_error":9758.226174109397},"Slope":{"confidence_interval":{"confidence_level":0.95,"lower_bound":3535278.5598704579,"upper_bound":3567939.812779712},"point_estimate":3549697.769029112,"standard_error":8360.011667629911},"StdDev":{"confidence_interval":{"confidence_level":0.95,"lower_bound":65749.48767714665,"upper_bound":153053.92344299358},"point_estimate":110756.15463082848,"standard_error":22647.01552783954}}