{"Mean":{"confidence_interval":{"confidence_level":0.95,"lower_bound":118708.63145808483,"upper_bound":120773.4846336796},"point_estimate":119747.27976180101,"standard_error":526.4411779086477},"Median":{"confidence_interval":{"confidence_level":0.95,"lower_bound":118974.4355958231,"upper_bound":121680.3473015873},"point_estimate":120668.10737096775,"standard_error":713.8606265379262},"MedianAbsDev":{"confidence_interval":{"confidence_level":0.95,"lower_bound":4379.831405943001,"upper_bound":7513.135498204079},"point_estimate":6595.996929700865,"standard_error":810.7833336281993},"Slope":{"confidence_interval":{"confidence_level":0.95,"lower_bound":117196.4980955235,"upper_bound":120217.68381459841},"point_estimate":118658.06998670017,"standard_error":770.4276490090291},"StdDev":{"confidence_interval":{"confidence_level":0.95,"lower_bound":4712.985396015309,"upper_bound":5802.231375216386},"point_estimate":5291.530471571161,"standard_error":277.0815770692659}}