{"Mean":{"confidence_interval":{"confidence_level":0.95,"lower_bound":3902549.5589665595,"upper_bound":3998501.2061274049},"point_estimate":3951544.914309448,"standard_error":24423.063631288125},"Median":{"confidence_interval":{"confidence_level":0.95,"lower_bound":3924750.3552631579,"upper_bound":3990384.658333333},"point_estimate":3965607.9934123849,"standard_error":17189.614641437536},"MedianAbsDev":{"confidence_interval":{"confidence_level":0.95,"lower_bound":109337.03884971736,"upper_bound":213016.86102256904},"point_estimate":140333.90198016633,"standard_error":25473.586829958218},"Slope":{"confidence_interval":{"confidence_level":0.95,"lower_bound":3936214.3778497308,"upper_bound":3988964.945675479},"point_estimate":3962150.2757647407,"standard_error":13425.938524056495},"StdDev":{"confidence_interval":{"confidence_level":0.95,"lower_bound":186340.86293253394,"upper_bound":299715.3710719155},"point_estimate":246162.24675053353,"standard_error":29012.572599537987}}