{"Mean":{"confidence_interval":{"confidence_level":0.95,"lower_bound":3811.649250857754,"upper_bound":3819.3924793878579},"point_estimate":3815.24930432241,"standard_error":1.98047364326355},"Median":{"confidence_interval":{"confidence_level":0.95,"lower_bound":3809.3875249722534,"upper_bound":3814.364277801601},"point_estimate":3812.669329153755,"standard_error":1.2172510272951396},"MedianAbsDev":{"confidence_interval":{"confidence_level":0.95,"lower_bound":8.57109089282582,"upper_bound":16.077309531397867},"point_estimate":11.552002085323887,"standard_error":1.9169710038253587},"Slope":{"confidence_interval":{"confidence_level":0.95,"lower_bound":3805.869020444621,"upper_bound":3811.030853567822},"point_estimate":3808.4254675325039,"standard_error":1.3193311796286996},"StdDev":{"confidence_interval":{"confidence_level":0.95,"lower_bound":12.94434630564016,"upper_bound":27.229471911870154},"point_estimate":19.907855546269649,"standard_error":3.8197684683428307}}