{"Mean":{"confidence_interval":{"confidence_level":0.95,"lower_bound":25309.26630372424,"upper_bound":26193.8201796874},"point_estimate":25739.125251225498,"standard_error":225.02835109273668},"Median":{"confidence_interval":{"confidence_level":0.95,"lower_bound":24387.491615853658,"upper_bound":24455.81326050511},"point_estimate":24398.146388201792,"standard_error":17.649264574769054},"MedianAbsDev":{"confidence_interval":{"confidence_level":0.95,"lower_bound":40.011374532288638,"upper_bound":149.5517433590561},"point_estimate":64.56238024249432,"standard_error":26.885853799088787},"Slope":{"confidence_interval":{"confidence_level":0.95,"lower_bound":25452.72608122798,"upper_bound":26859.776948226518},"point_estimate":26176.93888822009,"standard_error":359.908542359144},"StdDev":{"confidence_interval":{"confidence_level":0.95,"lower_bound":1944.4210739400579,"upper_bound":2460.518012258489},"point_estimate":2253.5799102085618,"standard_error":132.05650065747768}}