{"Mean":{"confidence_interval":{"confidence_level":0.95,"lower_bound":22553137.42300308,"upper_bound":22591873.820653876},"point_estimate":22571919.22296756,"standard_error":9877.603759649875},"Median":{"confidence_interval":{"confidence_level":0.95,"lower_bound":22513115.111111113,"upper_bound":22527951.84},"point_estimate":22515738.623809525,"standard_error":3933.229261734797},"MedianAbsDev":{"confidence_interval":{"confidence_level":0.95,"lower_bound":19389.592320316002,"upper_bound":52764.0497716459},"point_estimate":32357.790347145965,"standard_error":8790.51755940826},"Slope":{"confidence_interval":{"confidence_level":0.95,"lower_bound":22556039.693675624,"upper_bound":22600983.859258299},"point_estimate":22577804.027158269,"standard_error":11491.73733843002},"StdDev":{"confidence_interval":{"confidence_level":0.95,"lower_bound":85304.61223622129,"upper_bound":109725.08372441084},"point_estimate":99284.35440005556,"standard_error":6259.879186649491}}