{"Mean":{"confidence_interval":{"confidence_level":0.95,"lower_bound":428711.05886828395,"upper_bound":433407.493276443},"point_estimate":431014.1924186282,"standard_error":1195.2344178014765},"Median":{"confidence_interval":{"confidence_level":0.95,"lower_bound":421650.537037037,"upper_bound":421834.6240909091},"point_estimate":421727.6433080808,"standard_error":1977.925724805367},"MedianAbsDev":{"confidence_interval":{"confidence_level":0.95,"lower_bound":321.5421966269411,"upper_bound":950.3751819322579},"point_estimate":493.1405069902948,"standard_error":1303.434451097066},"Slope":{"confidence_interval":{"confidence_level":0.95,"lower_bound":422353.90651159759,"upper_bound":423698.77864533188},"point_estimate":422925.2269582779,"standard_error":345.11084919110206},"StdDev":{"confidence_interval":{"confidence_level":0.95,"lower_bound":11181.837863163522,"upper_bound":12400.588193664433},"point_estimate":12017.66962229405,"standard_error":318.51577343426649}}