{"Mean":{"confidence_interval":{"confidence_level":0.95,"lower_bound":1150726.7007400089,"upper_bound":1183297.2953484876},"point_estimate":1167816.0609164423,"standard_error":8317.194256228951},"Median":{"confidence_interval":{"confidence_level":0.95,"lower_bound":1157903.7865168539,"upper_bound":1179383.3684210526},"point_estimate":1168806.8196169772,"standard_error":5706.282117612444},"MedianAbsDev":{"confidence_interval":{"confidence_level":0.95,"lower_bound":33004.35698937517,"upper_bound":55897.44494375123},"point_estimate":42222.00609012531,"standard_error":5994.403024667142},"Slope":{"confidence_interval":{"confidence_level":0.95,"lower_bound":1173492.7418909206,"upper_bound":1199086.6823121494},"point_estimate":1185814.4929835969,"standard_error":6544.613620250956},"StdDev":{"confidence_interval":{"confidence_level":0.95,"lower_bound":54608.50870977438,"upper_bound":110317.94524684352},"point_estimate":83408.22787350763,"standard_error":14476.426937655398}}