{"Mean":{"confidence_interval":{"confidence_level":0.95,"lower_bound":91259.14689557979,"upper_bound":91935.795209201},"point_estimate":91583.27581344008,"standard_error":173.4527603084919},"Median":{"confidence_interval":{"confidence_level":0.95,"lower_bound":90676.71122994652,"upper_bound":90843.5672031318},"point_estimate":90718.88360811766,"standard_error":41.415503813464237},"MedianAbsDev":{"confidence_interval":{"confidence_level":0.95,"lower_bound":135.21690801746974,"upper_bound":363.4620223790378},"point_estimate":203.13958581676224,"standard_error":61.063993972483938},"Slope":{"confidence_interval":{"confidence_level":0.95,"lower_bound":91916.6007422918,"upper_bound":93237.5194747644},"point_estimate":92611.23187527708,"standard_error":338.2028725913169},"StdDev":{"confidence_interval":{"confidence_level":0.95,"lower_bound":1397.9700331915838,"upper_bound":2001.3908109531536},"point_estimate":1745.832123865541,"standard_error":153.98368788564069}}