{"Mean":{"confidence_interval":{"confidence_level":0.95,"lower_bound":37.89181853558894,"upper_bound":37.92183835775447},"point_estimate":37.90586692037763,"standard_error":0.007696644226987411},"Median":{"confidence_interval":{"confidence_level":0.95,"lower_bound":37.87161765754176,"upper_bound":37.88834706872416},"point_estimate":37.87772170252788,"standard_error":0.005030378567855945},"MedianAbsDev":{"confidence_interval":{"confidence_level":0.95,"lower_bound":0.019491017801466949,"upper_bound":0.03791796428369166},"point_estimate":0.025668306819002709,"standard_error":0.005103912118986616},"Slope":{"confidence_interval":{"confidence_level":0.95,"lower_bound":37.864550390245977,"upper_bound":37.86981864544666},"point_estimate":37.86694054622816,"standard_error":0.0013493016634126424},"StdDev":{"confidence_interval":{"confidence_level":0.95,"lower_bound":0.05170859509788466,"upper_bound":0.09924758166185838},"point_estimate":0.07772466914479004,"standard_error":0.012170295518768745}}