{"Mean":{"confidence_interval":{"confidence_level":0.95,"lower_bound":4363257.037061233,"upper_bound":4514458.319720351},"point_estimate":4436579.203110417,"standard_error":38675.84867309223},"Median":{"confidence_interval":{"confidence_level":0.95,"lower_bound":4209053.723404256,"upper_bound":4248156.111111111},"point_estimate":4230062.207983193,"standard_error":12458.726369526616},"MedianAbsDev":{"confidence_interval":{"confidence_level":0.95,"lower_bound":27829.095488914325,"upper_bound":80590.6317585529},"point_estimate":52844.73778763578,"standard_error":15890.649192864243},"Slope":{"confidence_interval":{"confidence_level":0.95,"lower_bound":4234365.905054525,"upper_bound":4356060.883226566},"point_estimate":4288386.070843801,"standard_error":31168.124573985915},"StdDev":{"confidence_interval":{"confidence_level":0.95,"lower_bound":329672.0498240824,"upper_bound":428612.87166092268},"point_estimate":388004.8871233468,"standard_error":25370.54027736457}}