{"Mean":{"confidence_interval":{"confidence_level":0.95,"lower_bound":0.41288894255985017,"upper_bound":0.46942766292034956},"point_estimate":0.441383439547105,"standard_error":0.014423673256133467},"Median":{"confidence_interval":{"confidence_level":0.95,"lower_bound":0.4329212231488817,"upper_bound":0.5177177226237757},"point_estimate":0.5045163506071351,"standard_error":0.027379236479665733}}