{"Mean":{"confidence_interval":{"confidence_level":0.95,"lower_bound":4940703.96528565,"upper_bound":4969947.678303842},"point_estimate":4953572.579730484,"standard_error":7544.433430601385},"Median":{"confidence_interval":{"confidence_level":0.95,"lower_bound":4928242.02739726,"upper_bound":4934797.52631579},"point_estimate":4932243.978260869,"standard_error":1541.0533075643978},"MedianAbsDev":{"confidence_interval":{"confidence_level":0.95,"lower_bound":6194.0620383157479,"upper_bound":13139.301829533657},"point_estimate":9622.701580363415,"standard_error":1884.760140078767},"Slope":{"confidence_interval":{"confidence_level":0.95,"lower_bound":4926229.046013103,"upper_bound":4928427.995364826},"point_estimate":4927280.980783213,"standard_error":560.3673112759766},"StdDev":{"confidence_interval":{"confidence_level":0.95,"lower_bound":30296.465391838065,"upper_bound":114855.49771825086},"point_estimate":75903.96361725204,"standard_error":22384.94238642451}}