{"Mean":{"confidence_interval":{"confidence_level":0.95,"lower_bound":38468.06800511912,"upper_bound":38787.87678565095},"point_estimate":38623.678158859504,"standard_error":81.87781367669972},"Median":{"confidence_interval":{"confidence_level":0.95,"lower_bound":38095.385416666664,"upper_bound":38243.78215280195},"point_estimate":38155.52360460523,"standard_error":46.7021567005063},"MedianAbsDev":{"confidence_interval":{"confidence_level":0.95,"lower_bound":161.25154822416349,"upper_bound":405.2914398579148},"point_estimate":228.55688879396585,"standard_error":68.13853982366116},"Slope":{"confidence_interval":{"confidence_level":0.95,"lower_bound":38453.254592777135,"upper_bound":38905.02528868664},"point_estimate":38664.29983153539,"standard_error":115.40105542350355},"StdDev":{"confidence_interval":{"confidence_level":0.95,"lower_bound":723.3755446864458,"upper_bound":892.5210315415216},"point_estimate":823.9729647978862,"standard_error":43.42694510170354}}