{"Mean":{"confidence_interval":{"confidence_level":0.95,"lower_bound":5289.727705180918,"upper_bound":5302.238048411021},"point_estimate":5295.911824433575,"standard_error":3.1915417749838395},"Median":{"confidence_interval":{"confidence_level":0.95,"lower_bound":5289.694750620006,"upper_bound":5299.931453886427},"point_estimate":5294.415417945478,"standard_error":2.6761509644465075},"MedianAbsDev":{"confidence_interval":{"confidence_level":0.95,"lower_bound":17.394044658472315,"upper_bound":31.73662580546387},"point_estimate":25.778144275330648,"standard_error":3.664661976909113},"Slope":{"confidence_interval":{"confidence_level":0.95,"lower_bound":5284.76261447283,"upper_bound":5297.83652633244},"point_estimate":5291.4661484862249,"standard_error":3.337347429875128},"StdDev":{"confidence_interval":{"confidence_level":0.95,"lower_bound":25.455227286546664,"upper_bound":38.118285205661447},"point_estimate":32.01149816490549,"standard_error":3.23223246158588}}