{"Mean":{"confidence_interval":{"confidence_level":0.95,"lower_bound":5704559.405068087,"upper_bound":5950006.923872807},"point_estimate":5825555.357076322,"standard_error":62650.490977379995},"Median":{"confidence_interval":{"confidence_level":0.95,"lower_bound":5384842.0,"upper_bound":5948794.291297651},"point_estimate":5700135.317373738,"standard_error":142547.97992056158},"MedianAbsDev":{"confidence_interval":{"confidence_level":0.95,"lower_bound":339420.1038303385,"upper_bound":965434.079712976},"point_estimate":757076.167264344,"standard_error":165950.80127830333},"Slope":{"confidence_interval":{"confidence_level":0.95,"lower_bound":5674095.13544863,"upper_bound":5994670.894831652},"point_estimate":5830720.601986109,"standard_error":82021.13247606787},"StdDev":{"confidence_interval":{"confidence_level":0.95,"lower_bound":564553.6009030924,"upper_bound":682422.718196981},"point_estimate":629145.6574262572,"standard_error":29904.18138892759}}