{"Mean":{"confidence_interval":{"confidence_level":0.95,"lower_bound":0.6241016084988921,"upper_bound":0.65724450215156},"point_estimate":0.6395982619895901,"standard_error":0.00834890451701194},"Median":{"confidence_interval":{"confidence_level":0.95,"lower_bound":0.6083731069162099,"upper_bound":0.6298770800910867},"point_estimate":0.6257019845623522,"standard_error":0.005635542807604951}}