{"Mean":{"confidence_interval":{"confidence_level":0.95,"lower_bound":96.37908115184036,"upper_bound":96.44076520776746},"point_estimate":96.40814429700763,"standard_error":0.015767282214187815},"Median":{"confidence_interval":{"confidence_level":0.95,"lower_bound":96.33295555079636,"upper_bound":96.37319646436366},"point_estimate":96.35002010280532,"standard_error":0.010280759447356819},"MedianAbsDev":{"confidence_interval":{"confidence_level":0.95,"lower_bound":0.040872966597938497,"upper_bound":0.08115088816653246},"point_estimate":0.058691234828456197,"standard_error":0.009697633842914557},"Slope":{"confidence_interval":{"confidence_level":0.95,"lower_bound":96.31850533316337,"upper_bound":96.3325144163077},"point_estimate":96.32479445555487,"standard_error":0.0035732062225941128},"StdDev":{"confidence_interval":{"confidence_level":0.95,"lower_bound":0.11306752706243484,"upper_bound":0.197350642819954},"point_estimate":0.1590205367458956,"standard_error":0.021519257695793663}}