{"Mean":{"confidence_interval":{"confidence_level":0.95,"lower_bound":48461126.26265397,"upper_bound":48542913.21870589},"point_estimate":48491400.6761348,"standard_error":22898.7214199991},"Median":{"confidence_interval":{"confidence_level":0.95,"lower_bound":48462854.87096774,"upper_bound":48472982.78975904},"point_estimate":48469703.413333337,"standard_error":2931.989809233039},"MedianAbsDev":{"confidence_interval":{"confidence_level":0.95,"lower_bound":18959.941731395917,"upper_bound":36249.9727514998},"point_estimate":25458.816308621394,"standard_error":4377.52323942267},"Slope":{"confidence_interval":{"confidence_level":0.95,"lower_bound":48441860.62132947,"upper_bound":48496818.566453147},"point_estimate":48462733.77664549,"standard_error":14489.602219817878},"StdDev":{"confidence_interval":{"confidence_level":0.95,"lower_bound":33509.04938996017,"upper_bound":390682.3487194336},"point_estimate":231297.78618823508,"standard_error":119362.91488404242}}