{"Mean":{"confidence_interval":{"confidence_level":0.95,"lower_bound":-0.05869863344240457,"upper_bound":-0.05155273805159652},"point_estimate":-0.055013229102390929,"standard_error":0.0018218542221429349},"Median":{"confidence_interval":{"confidence_level":0.95,"lower_bound":-0.06707362236692116,"upper_bound":-0.060511650300707268},"point_estimate":-0.0645159214551595,"standard_error":0.0019579504180231718}}