{"Mean":{"confidence_interval":{"confidence_level":0.95,"lower_bound":408.73739704707489,"upper_bound":428.5630390838548},"point_estimate":418.4280362425501,"standard_error":5.07473313354998},"Median":{"confidence_interval":{"confidence_level":0.95,"lower_bound":386.6725258650182,"upper_bound":386.8727018769097},"point_estimate":386.73637655629696,"standard_error":0.05134101378530233},"MedianAbsDev":{"confidence_interval":{"confidence_level":0.95,"lower_bound":0.16388541039507166,"upper_bound":0.46549798319449317},"point_estimate":0.2647013051368144,"standard_error":0.07671160012726502},"Slope":{"confidence_interval":{"confidence_level":0.95,"lower_bound":414.61551834768246,"upper_bound":443.7836180075884},"point_estimate":429.17918526352988,"standard_error":7.434805739322051},"StdDev":{"confidence_interval":{"confidence_level":0.95,"lower_bound":44.69219291009908,"upper_bound":55.115680186410369},"point_estimate":50.981359492337727,"standard_error":2.701645681955479}}