{"Mean":{"confidence_interval":{"confidence_level":0.95,"lower_bound":365079.97195709668,"upper_bound":367236.75886070998},"point_estimate":366121.52552987766,"standard_error":551.4512032863626},"Median":{"confidence_interval":{"confidence_level":0.95,"lower_bound":363251.670845998,"upper_bound":363635.0},"point_estimate":363443.84903791735,"standard_error":96.82957578668409},"MedianAbsDev":{"confidence_interval":{"confidence_level":0.95,"lower_bound":669.1199766837918,"upper_bound":1422.8696011675546},"point_estimate":1020.9624522417589,"standard_error":194.53554336512307},"Slope":{"confidence_interval":{"confidence_level":0.95,"lower_bound":366302.12258709067,"upper_bound":369782.0918159195},"point_estimate":368010.40930299,"standard_error":887.3070198723656},"StdDev":{"confidence_interval":{"confidence_level":0.95,"lower_bound":4604.065373223049,"upper_bound":6196.848132647552},"point_estimate":5531.02810153671,"standard_error":407.9859603297864}}