{"Mean":{"confidence_interval":{"confidence_level":0.95,"lower_bound":333871.7250904257,"upper_bound":335544.99919928147},"point_estimate":334710.30705731417,"standard_error":427.98286122729106},"Median":{"confidence_interval":{"confidence_level":0.95,"lower_bound":331452.6666666667,"upper_bound":338331.88},"point_estimate":338187.7983635301,"standard_error":1921.8631495644955},"MedianAbsDev":{"confidence_interval":{"confidence_level":0.95,"lower_bound":509.6944726209349,"upper_bound":5381.258548047338},"point_estimate":935.6182576899308,"standard_error":1249.87994792509},"Slope":{"confidence_interval":{"confidence_level":0.95,"lower_bound":332728.71791739537,"upper_bound":335033.2515722371},"point_estimate":333869.765496281,"standard_error":586.236503245603},"StdDev":{"confidence_interval":{"confidence_level":0.95,"lower_bound":4093.6448931969405,"upper_bound":4424.203232052296},"point_estimate":4314.425126407084,"standard_error":83.90549166888965}}