{"Mean":{"confidence_interval":{"confidence_level":0.95,"lower_bound":6816177.588972717,"upper_bound":7322437.882784631},"point_estimate":7066361.252233546,"standard_error":129327.76583617123},"Median":{"confidence_interval":{"confidence_level":0.95,"lower_bound":5944303.80531401,"upper_bound":7188725.359259259},"point_estimate":6366690.688420348,"standard_error":346377.99959792979},"MedianAbsDev":{"confidence_interval":{"confidence_level":0.95,"lower_bound":69702.80735115583,"upper_bound":1867271.6711821545},"point_estimate":690909.012888368,"standard_error":501431.27682152178},"Slope":{"confidence_interval":{"confidence_level":0.95,"lower_bound":6950367.738902144,"upper_bound":7691958.413854669},"point_estimate":7320354.093991429,"standard_error":189858.40338671546},"StdDev":{"confidence_interval":{"confidence_level":0.95,"lower_bound":1167928.9160890913,"upper_bound":1400490.604865094},"point_estimate":1300687.6695685299,"standard_error":59214.479257328036}}