{"Mean":{"confidence_interval":{"confidence_level":0.95,"lower_bound":353.68452373979246,"upper_bound":353.9842013311107},"point_estimate":353.8136498240842,"standard_error":0.07735037938621836},"Median":{"confidence_interval":{"confidence_level":0.95,"lower_bound":353.56656273246707,"upper_bound":353.6657047357448},"point_estimate":353.6083790296943,"standard_error":0.02230196272965864},"MedianAbsDev":{"confidence_interval":{"confidence_level":0.95,"lower_bound":0.1454849936119699,"upper_bound":0.23993061979582062},"point_estimate":0.192238859184621,"standard_error":0.024649624080907926},"Slope":{"confidence_interval":{"confidence_level":0.95,"lower_bound":353.5422949782089,"upper_bound":353.6941776572312},"point_estimate":353.60992631805058,"standard_error":0.038891039713362027},"StdDev":{"confidence_interval":{"confidence_level":0.95,"lower_bound":0.3472776261261497,"upper_bound":1.1958895352105033},"point_estimate":0.7784385035330601,"standard_error":0.2491716969803209}}