{"Mean":{"confidence_interval":{"confidence_level":0.95,"lower_bound":3188.702828742847,"upper_bound":3345.079297872008},"point_estimate":3267.436294069686,"standard_error":39.80664012228838},"Median":{"confidence_interval":{"confidence_level":0.95,"lower_bound":2843.7785096747636,"upper_bound":3608.149444215727},"point_estimate":3603.2637035485965,"standard_error":229.9849866531303},"MedianAbsDev":{"confidence_interval":{"confidence_level":0.95,"lower_bound":38.54163995905103,"upper_bound":588.1501045970426},"point_estimate":92.43617477500823,"standard_error":114.4174366813379},"Slope":{"confidence_interval":{"confidence_level":0.95,"lower_bound":3136.4519699089607,"upper_bound":3346.627035033615},"point_estimate":3243.6214960805298,"standard_error":53.67602284807029},"StdDev":{"confidence_interval":{"confidence_level":0.95,"lower_bound":383.71985270490696,"upper_bound":407.79900800765946},"point_estimate":401.2795414484749,"standard_error":6.1376792122034768}}