{"Mean":{"confidence_interval":{"confidence_level":0.95,"lower_bound":23676.92277240058,"upper_bound":23726.905163452993},"point_estimate":23700.239255853383,"standard_error":12.824021625917549},"Median":{"confidence_interval":{"confidence_level":0.95,"lower_bound":23649.278138528138,"upper_bound":23664.505365526493},"point_estimate":23656.055205415498,"standard_error":4.65252052377056},"MedianAbsDev":{"confidence_interval":{"confidence_level":0.95,"lower_bound":35.17135743468546,"upper_bound":76.04268394598},"point_estimate":49.33684662913634,"standard_error":9.898034006908187},"Slope":{"confidence_interval":{"confidence_level":0.95,"lower_bound":23646.486316917813,"upper_bound":23688.4856706016},"point_estimate":23665.67897837545,"standard_error":10.757322288393639},"StdDev":{"confidence_interval":{"confidence_level":0.95,"lower_bound":85.88986246803255,"upper_bound":168.7860362280372},"point_estimate":129.099808174203,"standard_error":21.450374403021205}}