{"Mean":{"confidence_interval":{"confidence_level":0.95,"lower_bound":2824.004359387226,"upper_bound":2832.9471715007719},"point_estimate":2828.1187448078737,"standard_error":2.297926465636406},"Median":{"confidence_interval":{"confidence_level":0.95,"lower_bound":2818.369053252284,"upper_bound":2824.1281470292044},"point_estimate":2820.552069486405,"standard_error":1.3848404755920259},"MedianAbsDev":{"confidence_interval":{"confidence_level":0.95,"lower_bound":6.074585757183642,"upper_bound":12.38698700222102},"point_estimate":8.847222599844282,"standard_error":1.5336963932903814},"Slope":{"confidence_interval":{"confidence_level":0.95,"lower_bound":2819.3549838263327,"upper_bound":2825.464289015208},"point_estimate":2822.159257646737,"standard_error":1.563820486821273},"StdDev":{"confidence_interval":{"confidence_level":0.95,"lower_bound":12.871525404166692,"upper_bound":31.907156294424305},"point_estimate":23.13075291115123,"standard_error":4.879664795424394}}