{"Mean":{"confidence_interval":{"confidence_level":0.95,"lower_bound":1390466.156214088,"upper_bound":1396767.4342204638},"point_estimate":1393359.6389081972,"standard_error":1619.0463657898454},"Median":{"confidence_interval":{"confidence_level":0.95,"lower_bound":1386505.8936170215,"upper_bound":1387239.259090909},"point_estimate":1386840.544217687,"standard_error":170.79913871574085},"MedianAbsDev":{"confidence_interval":{"confidence_level":0.95,"lower_bound":955.3491734850386,"upper_bound":1875.0918616492709},"point_estimate":1286.3393959815279,"standard_error":236.78471441822556},"Slope":{"confidence_interval":{"confidence_level":0.95,"lower_bound":1391120.5430760333,"upper_bound":1399766.687192255},"point_estimate":1394979.3329244864,"standard_error":2223.8520376931944},"StdDev":{"confidence_interval":{"confidence_level":0.95,"lower_bound":9720.94391249376,"upper_bound":21626.46450926902},"point_estimate":16269.224755915535,"standard_error":3036.9305933436546}}