{"Mean":{"confidence_interval":{"confidence_level":0.95,"lower_bound":0.006652623196528428,"upper_bound":0.14835855359680823},"point_estimate":0.07894334469967257,"standard_error":0.03596249742080273},"Median":{"confidence_interval":{"confidence_level":0.95,"lower_bound":-0.057755848665073748,"upper_bound":0.19328956555839794},"point_estimate":0.11208213120323718,"standard_error":0.06592260315261492}}