{"Mean":{"confidence_interval":{"confidence_level":0.95,"lower_bound":9520.566672551628,"upper_bound":9732.38254947657},"point_estimate":9625.759376369388,"standard_error":54.05040130098824},"Median":{"confidence_interval":{"confidence_level":0.95,"lower_bound":9327.335743277525,"upper_bound":9924.492458834924},"point_estimate":9542.59651826484,"standard_error":151.70343936661204},"MedianAbsDev":{"confidence_interval":{"confidence_level":0.95,"lower_bound":484.0757272091754,"upper_bound":819.1574573152982},"point_estimate":711.5186821548167,"standard_error":83.26226719771207},"Slope":{"confidence_interval":{"confidence_level":0.95,"lower_bound":9260.66040481508,"upper_bound":9427.997664495386},"point_estimate":9337.266936563621,"standard_error":42.640550216147229},"StdDev":{"confidence_interval":{"confidence_level":0.95,"lower_bound":499.26503736863625,"upper_bound":577.2344133135138},"point_estimate":542.0591780372002,"standard_error":19.841936118882594}}