{"Mean":{"confidence_interval":{"confidence_level":0.95,"lower_bound":68679121.55403365,"upper_bound":75171998.81810467},"point_estimate":71935337.84719807,"standard_error":1657220.5702586445},"Median":{"confidence_interval":{"confidence_level":0.95,"lower_bound":66980142.434343438,"upper_bound":75235395.91213724},"point_estimate":71014120.18016842,"standard_error":1957134.2437244207},"MedianAbsDev":{"confidence_interval":{"confidence_level":0.95,"lower_bound":12164189.636647175,"upper_bound":22680110.59379199},"point_estimate":17583292.941180458,"standard_error":2824782.740903124},"Slope":{"confidence_interval":{"confidence_level":0.95,"lower_bound":72869318.31180108,"upper_bound":77861976.45548368},"point_estimate":75163729.67684646,"standard_error":1272229.233575101},"StdDev":{"confidence_interval":{"confidence_level":0.95,"lower_bound":14690646.698013304,"upper_bound":18354699.65846356},"point_estimate":16658560.757655766,"standard_error":932986.1877129673}}