{"Mean":{"confidence_interval":{"confidence_level":0.95,"lower_bound":7362480.426879387,"upper_bound":7595538.870560387},"point_estimate":7477251.56735829,"standard_error":59418.82341142963},"Median":{"confidence_interval":{"confidence_level":0.95,"lower_bound":7070891.829805194,"upper_bound":7138537.839225182},"point_estimate":7090925.561075268,"standard_error":22870.52471804171},"MedianAbsDev":{"confidence_interval":{"confidence_level":0.95,"lower_bound":69101.9222994322,"upper_bound":213064.3643417177},"point_estimate":116268.18562601994,"standard_error":44783.39394551499},"Slope":{"confidence_interval":{"confidence_level":0.95,"lower_bound":7427968.714557758,"upper_bound":7737033.360712401},"point_estimate":7579189.241430472,"standard_error":79114.9258051342},"StdDev":{"confidence_interval":{"confidence_level":0.95,"lower_bound":533959.3830819007,"upper_bound":635933.6174496756},"point_estimate":596091.6178848507,"standard_error":26058.06093481403}}