{"Mean":{"confidence_interval":{"confidence_level":0.95,"lower_bound":148459.93319198563,"upper_bound":151733.24122451386},"point_estimate":150048.6033425498,"standard_error":834.8759422580597},"Median":{"confidence_interval":{"confidence_level":0.95,"lower_bound":143623.65714285716,"upper_bound":149616.58482142859},"point_estimate":145179.375224647,"standard_error":2337.988992861032},"MedianAbsDev":{"confidence_interval":{"confidence_level":0.95,"lower_bound":694.6843278679878,"upper_bound":8991.497666826512},"point_estimate":3178.800440391658,"standard_error":3176.4191312144409},"Slope":{"confidence_interval":{"confidence_level":0.95,"lower_bound":148307.60935001117,"upper_bound":151985.01059115176},"point_estimate":150084.9617940003,"standard_error":940.5271376743344},"StdDev":{"confidence_interval":{"confidence_level":0.95,"lower_bound":7135.195793776107,"upper_bound":9365.35677292541},"point_estimate":8384.01874311971,"standard_error":568.7461264387339}}