{"Mean":{"confidence_interval":{"confidence_level":0.95,"lower_bound":0.5176622160608797,"upper_bound":0.5846765785648473},"point_estimate":0.5484918326519421,"standard_error":0.017006188267303568},"Median":{"confidence_interval":{"confidence_level":0.95,"lower_bound":0.4636499266588623,"upper_bound":0.6092760235860215},"point_estimate":0.5081072816154149,"standard_error":0.03645644153296137}}