{"Mean":{"confidence_interval":{"confidence_level":0.95,"lower_bound":14872279.35960723,"upper_bound":14913898.503661477},"point_estimate":14893785.558053347,"standard_error":10588.689067383884},"Median":{"confidence_interval":{"confidence_level":0.95,"lower_bound":14885593.75,"upper_bound":14929601.253164558},"point_estimate":14908101.376098836,"standard_error":11951.637437967132},"MedianAbsDev":{"confidence_interval":{"confidence_level":0.95,"lower_bound":62131.81296779913,"upper_bound":104823.8238384026},"point_estimate":80010.12118496158,"standard_error":11039.362275846888},"Slope":{"confidence_interval":{"confidence_level":0.95,"lower_bound":14924593.598843558,"upper_bound":14956923.312981455},"point_estimate":14940806.831680213,"standard_error":8277.841134327844},"StdDev":{"confidence_interval":{"confidence_level":0.95,"lower_bound":82415.2468094483,"upper_bound":131694.12458883567},"point_estimate":106097.94336301241,"standard_error":12789.546620987916}}