{"Mean":{"confidence_interval":{"confidence_level":0.95,"lower_bound":202.93203094424528,"upper_bound":207.19351496019469},"point_estimate":204.90380201514203,"standard_error":1.1026659070967003},"Median":{"confidence_interval":{"confidence_level":0.95,"lower_bound":201.14319106264578,"upper_bound":201.30061395135957},"point_estimate":201.23710397565905,"standard_error":0.04544272223542459},"MedianAbsDev":{"confidence_interval":{"confidence_level":0.95,"lower_bound":0.20988261986447827,"upper_bound":0.44556233113950446},"point_estimate":0.3387577507062042,"standard_error":0.06089309932626961},"Slope":{"confidence_interval":{"confidence_level":0.95,"lower_bound":206.038810288942,"upper_bound":215.92230289980516},"point_estimate":211.0368085709816,"standard_error":2.5267123542111644},"StdDev":{"confidence_interval":{"confidence_level":0.95,"lower_bound":7.488809538502586,"upper_bound":13.659033699523713},"point_estimate":11.086260522305953,"standard_error":1.538510975505533}}