{"Mean":{"confidence_interval":{"confidence_level":0.95,"lower_bound":5457551.091121102,"upper_bound":5671963.408729359},"point_estimate":5561368.887506226,"standard_error":54911.549498926186},"Median":{"confidence_interval":{"confidence_level":0.95,"lower_bound":5188731.827956989,"upper_bound":5403101.175},"point_estimate":5255723.363344989,"standard_error":61135.155943959624},"MedianAbsDev":{"confidence_interval":{"confidence_level":0.95,"lower_bound":75228.17479281075,"upper_bound":388704.7726937829},"point_estimate":173006.86426579444,"standard_error":88808.94990169966},"Slope":{"confidence_interval":{"confidence_level":0.95,"lower_bound":5373597.950912556,"upper_bound":5623191.984798156},"point_estimate":5491277.549413329,"standard_error":63574.280220792505},"StdDev":{"confidence_interval":{"confidence_level":0.95,"lower_bound":460967.5559438766,"upper_bound":628522.7344220977},"point_estimate":554165.8597237066,"standard_error":42785.43068977306}}