{"Mean":{"confidence_interval":{"confidence_level":0.95,"lower_bound":5413615.969924736,"upper_bound":5523648.703845617},"point_estimate":5462767.679481216,"standard_error":28231.726403488217},"Median":{"confidence_interval":{"confidence_level":0.95,"lower_bound":5355947.776679842,"upper_bound":5387885.320112782},"point_estimate":5367404.554184705,"standard_error":9041.32381816519},"MedianAbsDev":{"confidence_interval":{"confidence_level":0.95,"lower_bound":27146.604464427135,"upper_bound":63347.91201767706},"point_estimate":41225.177244068196,"standard_error":9914.810617408399},"Slope":{"confidence_interval":{"confidence_level":0.95,"lower_bound":5368168.751252004,"upper_bound":5489433.351422467},"point_estimate":5411657.966481454,"standard_error":33032.12035632924},"StdDev":{"confidence_interval":{"confidence_level":0.95,"lower_bound":144296.93303409889,"upper_bound":412939.9348014878},"point_estimate":284253.98305991667,"standard_error":71106.17290382479}}