{"Mean":{"confidence_interval":{"confidence_level":0.95,"lower_bound":6209144.274812099,"upper_bound":6216961.592520148},"point_estimate":6213613.1500883749,"standard_error":2011.4578918509065},"Median":{"confidence_interval":{"confidence_level":0.95,"lower_bound":6213033.151588531,"upper_bound":6218962.230203619},"point_estimate":6215896.060150376,"standard_error":1673.7112038733213},"MedianAbsDev":{"confidence_interval":{"confidence_level":0.95,"lower_bound":7648.597234412517,"upper_bound":12063.299893211695},"point_estimate":9626.746839431848,"standard_error":1126.487528285491},"Slope":{"confidence_interval":{"confidence_level":0.95,"lower_bound":6213011.541802497,"upper_bound":6217244.888639522},"point_estimate":6215141.498817792,"standard_error":1077.9656165689024},"StdDev":{"confidence_interval":{"confidence_level":0.95,"lower_bound":9592.003815339545,"upper_bound":31364.464343418225},"point_estimate":20199.80586705949,"standard_error":6914.860861773477}}