{"Mean":{"confidence_interval":{"confidence_level":0.95,"lower_bound":7077.017709698089,"upper_bound":7293.42738000059},"point_estimate":7181.108191946849,"standard_error":55.12340327632626},"Median":{"confidence_interval":{"confidence_level":0.95,"lower_bound":6931.1112342941619,"upper_bound":6948.374125874126},"point_estimate":6939.910640593974,"standard_error":4.320763795720857},"MedianAbsDev":{"confidence_interval":{"confidence_level":0.95,"lower_bound":25.572092598003505,"upper_bound":51.280634776480948},"point_estimate":33.664440509159927,"standard_error":6.471199788023875},"Slope":{"confidence_interval":{"confidence_level":0.95,"lower_bound":7308.099261132495,"upper_bound":7719.125342243378},"point_estimate":7522.864504562971,"standard_error":105.02562837668155},"StdDev":{"confidence_interval":{"confidence_level":0.95,"lower_bound":434.1238821187849,"upper_bound":639.4036417803626},"point_estimate":552.6360103247929,"standard_error":52.60667217408631}}