{"Mean":{"confidence_interval":{"confidence_level":0.95,"lower_bound":0.6824204078232146,"upper_bound":0.7105474035711429},"point_estimate":0.6944966638222245,"standard_error":0.007141230077040139},"Median":{"confidence_interval":{"confidence_level":0.95,"lower_bound":0.6622484110961826,"upper_bound":0.699591243498075},"point_estimate":0.6644840970559796,"standard_error":0.007500770698955164}}