{"Mean":{"confidence_interval":{"confidence_level":0.95,"lower_bound":26.72299982493006,"upper_bound":27.503972098630809},"point_estimate":27.09580989778286,"standard_error":0.1988002772270059},"Median":{"confidence_interval":{"confidence_level":0.95,"lower_bound":26.142884501941116,"upper_bound":26.160997857403669},"point_estimate":26.151134346358409,"standard_error":0.005806713284184188},"MedianAbsDev":{"confidence_interval":{"confidence_level":0.95,"lower_bound":0.058363987736745278,"upper_bound":0.09187922453423593},"point_estimate":0.07674617025871485,"standard_error":0.009311300075032329},"Slope":{"confidence_interval":{"confidence_level":0.95,"lower_bound":27.558766433243539,"upper_bound":28.944528457055378},"point_estimate":28.27514824995384,"standard_error":0.35377046609853315},"StdDev":{"confidence_interval":{"confidence_level":0.95,"lower_bound":1.6273957331352945,"upper_bound":2.276198818172838},"point_estimate":1.9964089360223483,"standard_error":0.16820252948454793}}