{"Mean":{"confidence_interval":{"confidence_level":0.95,"lower_bound":999083.069971146,"upper_bound":1032878.1543682879},"point_estimate":1015272.9267767952,"standard_error":8622.099354422733},"Median":{"confidence_interval":{"confidence_level":0.95,"lower_bound":966569.0689655172,"upper_bound":1007453.8712121212},"point_estimate":1006082.0472972973,"standard_error":12062.998694065265},"MedianAbsDev":{"confidence_interval":{"confidence_level":0.95,"lower_bound":37175.13815541997,"upper_bound":87688.25448576051},"point_estimate":84384.42258187698,"standard_error":14937.989571064523},"Slope":{"confidence_interval":{"confidence_level":0.95,"lower_bound":984144.7360008071,"upper_bound":1013968.8448376049},"point_estimate":998777.5798359687,"standard_error":7613.473200316516},"StdDev":{"confidence_interval":{"confidence_level":0.95,"lower_bound":66162.51809850168,"upper_bound":104175.33395721867},"point_estimate":86654.71330196432,"standard_error":9739.605902100635}}