{"Mean":{"confidence_interval":{"confidence_level":0.95,"lower_bound":1996575.4310816604,"upper_bound":2033627.0429770046},"point_estimate":2014598.1127334666,"standard_error":9464.722897807778},"Median":{"confidence_interval":{"confidence_level":0.95,"lower_bound":1956774.8653846156,"upper_bound":1977008.6707317073},"point_estimate":1960909.2431372549,"standard_error":5480.05508141306},"MedianAbsDev":{"confidence_interval":{"confidence_level":0.95,"lower_bound":21405.97172098079,"upper_bound":51375.67998529109},"point_estimate":29865.004162517434,"standard_error":7746.2627905728709},"Slope":{"confidence_interval":{"confidence_level":0.95,"lower_bound":1985389.9513086805,"upper_bound":2017202.2173923706},"point_estimate":2000063.6221604848,"standard_error":8112.506370079132},"StdDev":{"confidence_interval":{"confidence_level":0.95,"lower_bound":81898.80131140106,"upper_bound":105345.74544817185},"point_estimate":95218.58248036941,"standard_error":5995.774459775908}}