{"Mean":{"confidence_interval":{"confidence_level":0.95,"lower_bound":759.4858164805195,"upper_bound":785.7891438680463},"point_estimate":771.9791603135801,"standard_error":6.742133289242763},"Median":{"confidence_interval":{"confidence_level":0.95,"lower_bound":745.6263080030494,"upper_bound":746.065394604946},"point_estimate":745.836618282739,"standard_error":0.10129757477109508},"MedianAbsDev":{"confidence_interval":{"confidence_level":0.95,"lower_bound":0.5793636853478114,"upper_bound":1.2455372810033836},"point_estimate":0.8697253328188389,"standard_error":0.1592258291361215},"Slope":{"confidence_interval":{"confidence_level":0.95,"lower_bound":784.2578926608412,"upper_bound":840.2463260301869},"point_estimate":813.1111875030787,"standard_error":14.314333377343644},"StdDev":{"confidence_interval":{"confidence_level":0.95,"lower_bound":49.754162306842719,"upper_bound":81.37188821746422},"point_estimate":67.64258117834527,"standard_error":7.985560174869446}}