{"Mean":{"confidence_interval":{"confidence_level":0.95,"lower_bound":2532092.260649302,"upper_bound":2553491.6567572539},"point_estimate":2542130.4000654357,"standard_error":5496.411392293664},"Median":{"confidence_interval":{"confidence_level":0.95,"lower_bound":2514510.7209302328,"upper_bound":2517953.9677419357},"point_estimate":2516032.7968036534,"standard_error":935.4011577612544},"MedianAbsDev":{"confidence_interval":{"confidence_level":0.95,"lower_bound":3882.28069357574,"upper_bound":9454.459859394769},"point_estimate":6160.782031249255,"standard_error":1448.5245712108934},"Slope":{"confidence_interval":{"confidence_level":0.95,"lower_bound":2516142.77331243,"upper_bound":2522600.883968663},"point_estimate":2519086.9891384665,"standard_error":1656.3775319303259},"StdDev":{"confidence_interval":{"confidence_level":0.95,"lower_bound":38107.718458102914,"upper_bound":72222.31455889825},"point_estimate":55295.57856134628,"standard_error":8866.390029152708}}