{"Mean":{"confidence_interval":{"confidence_level":0.95,"lower_bound":52920984.07087411,"upper_bound":53530335.68322554},"point_estimate":53229448.49372855,"standard_error":155473.2960698538},"Median":{"confidence_interval":{"confidence_level":0.95,"lower_bound":53057665.180105749,"upper_bound":53682041.90909091},"point_estimate":53237442.55044575,"standard_error":180626.50473124098},"MedianAbsDev":{"confidence_interval":{"confidence_level":0.95,"lower_bound":952111.3937602735,"upper_bound":1620389.2234573449},"point_estimate":1259217.2909035376,"standard_error":168497.71631711789},"Slope":{"confidence_interval":{"confidence_level":0.95,"lower_bound":53132306.47401432,"upper_bound":53631612.96222963},"point_estimate":53381905.21709473,"standard_error":127161.67183365226},"StdDev":{"confidence_interval":{"confidence_level":0.95,"lower_bound":1259475.9790823223,"upper_bound":1849186.1613564445},"point_estimate":1565779.2042385718,"standard_error":150562.50095985429}}