{"Mean":{"confidence_interval":{"confidence_level":0.95,"lower_bound":17470212.76567089,"upper_bound":19004978.518012689},"point_estimate":18238866.340708328,"standard_error":393097.1613718804},"Median":{"confidence_interval":{"confidence_level":0.95,"lower_bound":17108084.652173915,"upper_bound":19461158.746666667},"point_estimate":18312522.836710965,"standard_error":664407.035374525},"MedianAbsDev":{"confidence_interval":{"confidence_level":0.95,"lower_bound":3432485.549178069,"upper_bound":5495039.197090843},"point_estimate":4361343.878730299,"standard_error":507425.8948083871},"Slope":{"confidence_interval":{"confidence_level":0.95,"lower_bound":18503574.211812058,"upper_bound":19790882.98060326},"point_estimate":19111819.115377569,"standard_error":328111.71720854457},"StdDev":{"confidence_interval":{"confidence_level":0.95,"lower_bound":3514106.9215613428,"upper_bound":4330115.299712762},"point_estimate":3951066.1333403585,"standard_error":208036.8932050917}}