{"Mean":{"confidence_interval":{"confidence_level":0.95,"lower_bound":0.4677511982409243,"upper_bound":0.5071619473318318},"point_estimate":0.48766451739284735,"standard_error":0.010001263960837288},"Median":{"confidence_interval":{"confidence_level":0.95,"lower_bound":0.4872271223403448,"upper_bound":0.4918518192080352},"point_estimate":0.48935136093002176,"standard_error":0.0012681725920738528}}