{"Mean":{"confidence_interval":{"confidence_level":0.95,"lower_bound":117.21092865773398,"upper_bound":122.51988935389858},"point_estimate":119.79966426869902,"standard_error":1.356365009067034},"Median":{"confidence_interval":{"confidence_level":0.95,"lower_bound":112.94092524659215,"upper_bound":113.04917278268441},"point_estimate":112.95844945739145,"standard_error":0.028452670578983289},"MedianAbsDev":{"confidence_interval":{"confidence_level":0.95,"lower_bound":0.13015950056883236,"upper_bound":0.31861360728273566},"point_estimate":0.17471711861966558,"standard_error":0.049341853062332418},"Slope":{"confidence_interval":{"confidence_level":0.95,"lower_bound":120.14936258071052,"upper_bound":128.39316550775423},"point_estimate":124.15546530965959,"standard_error":2.1033672221541894},"StdDev":{"confidence_interval":{"confidence_level":0.95,"lower_bound":11.075627873912485,"upper_bound":15.252075775111024},"point_estimate":13.569215479189216,"standard_error":1.0396254526384459}}