{"Mean":{"confidence_interval":{"confidence_level":0.95,"lower_bound":896.2516044428883,"upper_bound":933.1567470389686},"point_estimate":914.9824309404231,"standard_error":9.423899868983547},"Median":{"confidence_interval":{"confidence_level":0.95,"lower_bound":982.5629042338406,"upper_bound":982.8775297809658},"point_estimate":982.7415923241335,"standard_error":3.6419222484671138},"MedianAbsDev":{"confidence_interval":{"confidence_level":0.95,"lower_bound":0.6790196352884164,"upper_bound":4.9566708787435609},"point_estimate":1.220859271962274,"standard_error":3.9262827034797818},"Slope":{"confidence_interval":{"confidence_level":0.95,"lower_bound":859.6989607324252,"upper_bound":910.8734289416011},"point_estimate":885.8737535517009,"standard_error":13.082097393008322},"StdDev":{"confidence_interval":{"confidence_level":0.95,"lower_bound":86.51766058184575,"upper_bound":99.42004664458733},"point_estimate":94.81329962565937,"standard_error":3.366064606319036}}