{"Mean":{"confidence_interval":{"confidence_level":0.95,"lower_bound":251569.25635269888,"upper_bound":252076.66445747403},"point_estimate":251809.81890803207,"standard_error":129.34935108844128},"Median":{"confidence_interval":{"confidence_level":0.95,"lower_bound":251137.34166666668,"upper_bound":251406.65},"point_estimate":251288.66877880187,"standard_error":67.02901823765808},"MedianAbsDev":{"confidence_interval":{"confidence_level":0.95,"lower_bound":300.7971131887939,"upper_bound":641.6296116507541},"point_estimate":467.75397617260156,"standard_error":84.79711950392017},"Slope":{"confidence_interval":{"confidence_level":0.95,"lower_bound":251243.60304046668,"upper_bound":251591.95009230809},"point_estimate":251403.15299394119,"standard_error":89.2880886555201},"StdDev":{"confidence_interval":{"confidence_level":0.95,"lower_bound":951.5162332724332,"upper_bound":1598.0676610379879},"point_estimate":1296.6974667075593,"standard_error":165.24096813997077}}