{"Mean":{"confidence_interval":{"confidence_level":0.95,"lower_bound":6025450.593173038,"upper_bound":6033465.722884108},"point_estimate":6029805.127318453,"standard_error":2050.750749490887},"Median":{"confidence_interval":{"confidence_level":0.95,"lower_bound":6031011.0625,"upper_bound":6035117.0470588239},"point_estimate":6032589.4952380959,"standard_error":1095.4912476428916},"MedianAbsDev":{"confidence_interval":{"confidence_level":0.95,"lower_bound":8604.535512948054,"upper_bound":13413.869115464438},"point_estimate":11059.12469304637,"standard_error":1226.4987290660664},"Slope":{"confidence_interval":{"confidence_level":0.95,"lower_bound":6034647.3586132819,"upper_bound":6039086.488261886},"point_estimate":6036899.101332939,"standard_error":1130.5077114423548},"StdDev":{"confidence_interval":{"confidence_level":0.95,"lower_bound":12026.88138281226,"upper_bound":29468.30016355096},"point_estimate":20677.658782313218,"standard_error":4777.1999314104409}}