{"Mean":{"confidence_interval":{"confidence_level":0.95,"lower_bound":14151138.48765944,"upper_bound":14193356.41005643},"point_estimate":14171473.577401799,"standard_error":10775.946592526932},"Median":{"confidence_interval":{"confidence_level":0.95,"lower_bound":14111745.59090909,"upper_bound":14126251.394518273},"point_estimate":14119410.22450658,"standard_error":3811.513645408279},"MedianAbsDev":{"confidence_interval":{"confidence_level":0.95,"lower_bound":19044.33642439452,"upper_bound":44853.416546850574},"point_estimate":29067.32992208805,"standard_error":6348.875606991933},"Slope":{"confidence_interval":{"confidence_level":0.95,"lower_bound":14122457.325790834,"upper_bound":14160943.715300592},"point_estimate":14140267.609833014,"standard_error":9877.836039358615},"StdDev":{"confidence_interval":{"confidence_level":0.95,"lower_bound":87263.31244527636,"upper_bound":126834.31454692739},"point_estimate":108773.07842971866,"standard_error":10113.570969739143}}