{"Mean":{"confidence_interval":{"confidence_level":0.95,"lower_bound":8094.1522118834159,"upper_bound":8498.060188573629},"point_estimate":8293.168478810445,"standard_error":103.29367874437814},"Median":{"confidence_interval":{"confidence_level":0.95,"lower_bound":7566.428813700919,"upper_bound":8525.35830455259},"point_estimate":8031.796730663972,"standard_error":239.0153896930984},"MedianAbsDev":{"confidence_interval":{"confidence_level":0.95,"lower_bound":546.7630998643941,"upper_bound":1593.3152679366836},"point_estimate":1117.1922097765653,"standard_error":259.96740615310736},"Slope":{"confidence_interval":{"confidence_level":0.95,"lower_bound":7652.229264801575,"upper_bound":8029.428498536482},"point_estimate":7832.407772265499,"standard_error":96.71144150447327},"StdDev":{"confidence_interval":{"confidence_level":0.95,"lower_bound":915.9394657712073,"upper_bound":1137.4741201845516},"point_estimate":1037.1223457884135,"standard_error":56.952792465396779}}