{"Mean":{"confidence_interval":{"confidence_level":0.95,"lower_bound":5595218.3708570669,"upper_bound":5622232.010282884},"point_estimate":5606812.294687318,"standard_error":6970.338492889394},"Median":{"confidence_interval":{"confidence_level":0.95,"lower_bound":5584711.376811594,"upper_bound":5591342.30952381},"point_estimate":5586865.081903946,"standard_error":1508.504955260315},"MedianAbsDev":{"confidence_interval":{"confidence_level":0.95,"lower_bound":6665.403455194663,"upper_bound":13792.339090730356},"point_estimate":8977.751948199248,"standard_error":1840.768649409867},"Slope":{"confidence_interval":{"confidence_level":0.95,"lower_bound":5582118.8388566779,"upper_bound":5583997.004553743},"point_estimate":5582957.583460913,"standard_error":478.14796652242407},"StdDev":{"confidence_interval":{"confidence_level":0.95,"lower_bound":25979.40135934393,"upper_bound":108178.19943108532},"point_estimate":70298.44465130515,"standard_error":22360.844260179187}}