{"Mean":{"confidence_interval":{"confidence_level":0.95,"lower_bound":383.80709725364206,"upper_bound":407.21314354447716},"point_estimate":395.43491235040548,"standard_error":5.979449433976778},"Median":{"confidence_interval":{"confidence_level":0.95,"lower_bound":346.6813331188331,"upper_bound":378.7491065137476},"point_estimate":347.89247580914249,"standard_error":14.207609870724833},"MedianAbsDev":{"confidence_interval":{"confidence_level":0.95,"lower_bound":0.9977527920873395,"upper_bound":31.15831508952277},"point_estimate":2.801924833594174,"standard_error":8.652266525315053},"Slope":{"confidence_interval":{"confidence_level":0.95,"lower_bound":383.16011480737827,"upper_bound":414.38819976013766},"point_estimate":398.52465573634819,"standard_error":8.001630710573359},"StdDev":{"confidence_interval":{"confidence_level":0.95,"lower_bound":55.80686354762674,"upper_bound":61.29500633927711},"point_estimate":59.69367284882536,"standard_error":1.4339745446192136}}