{"Mean":{"confidence_interval":{"confidence_level":0.95,"lower_bound":417088.76410874477,"upper_bound":417973.2488979763},"point_estimate":417496.9820811821,"standard_error":226.95893048817815},"Median":{"confidence_interval":{"confidence_level":0.95,"lower_bound":416592.08593495938,"upper_bound":417234.90395480228},"point_estimate":416893.5295833333,"standard_error":184.97656581382467},"MedianAbsDev":{"confidence_interval":{"confidence_level":0.95,"lower_bound":899.5518787694389,"upper_bound":1637.785043461956},"point_estimate":1236.8563685261166,"standard_error":196.83040624610693},"Slope":{"confidence_interval":{"confidence_level":0.95,"lower_bound":416300.43485386957,"upper_bound":416636.7604962141},"point_estimate":416462.49940002957,"standard_error":85.71321384890608},"StdDev":{"confidence_interval":{"confidence_level":0.95,"lower_bound":1401.8389932172302,"upper_bound":3130.323757320388},"point_estimate":2285.263476893391,"standard_error":451.28220847118407}}