{"Mean":{"confidence_interval":{"confidence_level":0.95,"lower_bound":0.021667303040957508,"upper_bound":0.025529487528237899},"point_estimate":0.023552963573715725,"standard_error":0.0009886918400011302},"Median":{"confidence_interval":{"confidence_level":0.95,"lower_bound":0.022435055679098739,"upper_bound":0.025363324232568819},"point_estimate":0.02379946436301794,"standard_error":0.0007415827299252347}}