{"Mean":{"confidence_interval":{"confidence_level":0.95,"lower_bound":5280.396320609705,"upper_bound":5487.984230108714},"point_estimate":5380.746890732156,"standard_error":52.947310235400077},"Median":{"confidence_interval":{"confidence_level":0.95,"lower_bound":5114.0648980537539,"upper_bound":5150.116201239065},"point_estimate":5132.82493545611,"standard_error":9.42429189477661},"MedianAbsDev":{"confidence_interval":{"confidence_level":0.95,"lower_bound":53.99892904702312,"upper_bound":108.03844546436118},"point_estimate":78.92211500054205,"standard_error":14.527731273234125},"Slope":{"confidence_interval":{"confidence_level":0.95,"lower_bound":5456.62772374469,"upper_bound":5814.294963474803},"point_estimate":5638.3501862511379,"standard_error":91.39638376554189},"StdDev":{"confidence_interval":{"confidence_level":0.95,"lower_bound":439.2563563241742,"upper_bound":599.9193564055046},"point_estimate":531.5640775742116,"standard_error":41.836206044727138}}