{"Mean":{"confidence_interval":{"confidence_level":0.95,"lower_bound":871.8919286888615,"upper_bound":915.3867210196743},"point_estimate":892.9739293740423,"standard_error":11.064119111474416},"Median":{"confidence_interval":{"confidence_level":0.95,"lower_bound":828.4559502307847,"upper_bound":829.2106703608596},"point_estimate":828.7729776136825,"standard_error":0.20660398484600568},"MedianAbsDev":{"confidence_interval":{"confidence_level":0.95,"lower_bound":0.6861726536169254,"upper_bound":1.8463501131887688},"point_estimate":1.1366993831136374,"standard_error":0.31704430665830388},"Slope":{"confidence_interval":{"confidence_level":0.95,"lower_bound":877.3461164388934,"upper_bound":932.6351032749288},"point_estimate":903.087590299577,"standard_error":14.200466095555353},"StdDev":{"confidence_interval":{"confidence_level":0.95,"lower_bound":95.80385128374965,"upper_bound":122.10897020474528},"point_estimate":111.39767651927925,"standard_error":6.822572754022043}}