{"Mean":{"confidence_interval":{"confidence_level":0.95,"lower_bound":0.08607630824051334,"upper_bound":0.09218576305436543},"point_estimate":0.08906164779599135,"standard_error":0.001556739493282693},"Median":{"confidence_interval":{"confidence_level":0.95,"lower_bound":0.08649463975656091,"upper_bound":0.0907160461397456},"point_estimate":0.08890898278238235,"standard_error":0.0011327035792468934}}