{"Mean":{"confidence_interval":{"confidence_level":0.95,"lower_bound":115.50378559812818,"upper_bound":119.10102859314799},"point_estimate":117.3315380195144,"standard_error":0.9202156402539862},"Median":{"confidence_interval":{"confidence_level":0.95,"lower_bound":116.90178102898926,"upper_bound":121.16869291296112},"point_estimate":118.82729949969073,"standard_error":1.1520368659206979},"MedianAbsDev":{"confidence_interval":{"confidence_level":0.95,"lower_bound":6.2595326624212,"upper_bound":11.545038632079928},"point_estimate":8.589377944204255,"standard_error":1.2603598309860034},"Slope":{"confidence_interval":{"confidence_level":0.95,"lower_bound":114.11652600102646,"upper_bound":118.90392845342108},"point_estimate":116.51603724639458,"standard_error":1.223039328863282},"StdDev":{"confidence_interval":{"confidence_level":0.95,"lower_bound":7.994221772538448,"upper_bound":10.30637011655782},"point_estimate":9.239577372772939,"standard_error":0.5891815449388116}}