{"Mean":{"confidence_interval":{"confidence_level":0.95,"lower_bound":43583.99797212666,"upper_bound":45187.30254612506},"point_estimate":44383.26871704293,"standard_error":410.76974298885957},"Median":{"confidence_interval":{"confidence_level":0.95,"lower_bound":40661.562671066255,"upper_bound":48730.32},"point_estimate":41027.342000000004,"standard_error":2882.5467058846818},"MedianAbsDev":{"confidence_interval":{"confidence_level":0.95,"lower_bound":372.75422139876556,"upper_bound":6072.104265839623},"point_estimate":1041.8185442123505,"standard_error":1483.938235053011},"Slope":{"confidence_interval":{"confidence_level":0.95,"lower_bound":43666.09828094895,"upper_bound":45821.398127861816},"point_estimate":44763.54616876016,"standard_error":550.3264671310938},"StdDev":{"confidence_interval":{"confidence_level":0.95,"lower_bound":3976.494815575351,"upper_bound":4223.164841399507},"point_estimate":4139.767795211677,"standard_error":61.09772096781027}}