{"Mean":{"confidence_interval":{"confidence_level":0.95,"lower_bound":15416836.640900724,"upper_bound":15512308.08396476},"point_estimate":15459805.592480986,"standard_error":24536.504336459875},"Median":{"confidence_interval":{"confidence_level":0.95,"lower_bound":15421277.204545455,"upper_bound":15459970.82868917},"point_estimate":15448228.111344539,"standard_error":8988.679058551932},"MedianAbsDev":{"confidence_interval":{"confidence_level":0.95,"lower_bound":70672.16222598772,"upper_bound":118642.43348863385},"point_estimate":102831.18589683241,"standard_error":12524.034158088823},"Slope":{"confidence_interval":{"confidence_level":0.95,"lower_bound":15467450.05544644,"upper_bound":15586447.421802132},"point_estimate":15520516.50620659,"standard_error":30590.96302310141},"StdDev":{"confidence_interval":{"confidence_level":0.95,"lower_bound":113996.39855531091,"upper_bound":363683.893476579},"point_estimate":247496.84121158918,"standard_error":65273.425502781654}}