{"Mean":{"confidence_interval":{"confidence_level":0.95,"lower_bound":0.0550397750181225,"upper_bound":0.09121903424182795},"point_estimate":0.07236390527318326,"standard_error":0.009253036284477016},"Median":{"confidence_interval":{"confidence_level":0.95,"lower_bound":0.054243524297600268,"upper_bound":0.10586661738970121},"point_estimate":0.08957647718627349,"standard_error":0.012616085769607853}}