{"Mean":{"confidence_interval":{"confidence_level":0.95,"lower_bound":4812.055998476138,"upper_bound":4889.324502355229},"point_estimate":4849.9386079352739,"standard_error":19.64408623801163},"Median":{"confidence_interval":{"confidence_level":0.95,"lower_bound":4710.422004241782,"upper_bound":4954.535097991243},"point_estimate":4805.856928503108,"standard_error":73.58581970091372},"MedianAbsDev":{"confidence_interval":{"confidence_level":0.95,"lower_bound":79.42916409309842,"upper_bound":326.5055423519792},"point_estimate":219.36786680969287,"standard_error":64.8966932383547},"Slope":{"confidence_interval":{"confidence_level":0.95,"lower_bound":4792.521883938121,"upper_bound":4887.4218661168629},"point_estimate":4837.40154794249,"standard_error":24.287426938816095},"StdDev":{"confidence_interval":{"confidence_level":0.95,"lower_bound":164.33662581939755,"upper_bound":226.5348732193797},"point_estimate":197.11934964691825,"standard_error":15.910270151120966}}