{"Mean":{"confidence_interval":{"confidence_level":0.95,"lower_bound":0.9020255782818546,"upper_bound":1.0111909531785175},"point_estimate":0.9549911264155746,"standard_error":0.027833044143466116},"Median":{"confidence_interval":{"confidence_level":0.95,"lower_bound":0.8495727095390906,"upper_bound":1.1722372042053096},"point_estimate":0.93305012355721,"standard_error":0.0999908109303794}}