{"Mean":{"confidence_interval":{"confidence_level":0.95,"lower_bound":268804.9087899403,"upper_bound":269510.2994991678},"point_estimate":269140.0274886608,"standard_error":179.849848037837},"Median":{"confidence_interval":{"confidence_level":0.95,"lower_bound":268271.1212121212,"upper_bound":268532.75},"point_estimate":268386.5503072196,"standard_error":70.75717589981233},"MedianAbsDev":{"confidence_interval":{"confidence_level":0.95,"lower_bound":244.08642170676789,"upper_bound":547.0404738894627},"point_estimate":379.72038094519396,"standard_error":85.33452573902007},"Slope":{"confidence_interval":{"confidence_level":0.95,"lower_bound":268849.44140816698,"upper_bound":270298.3713408319},"point_estimate":269568.7553901286,"standard_error":371.2092559947063},"StdDev":{"confidence_interval":{"confidence_level":0.95,"lower_bound":1352.6770089906325,"upper_bound":2154.006863316548},"point_estimate":1807.816202682174,"standard_error":204.93847218052515}}