{"Mean":{"confidence_interval":{"confidence_level":0.95,"lower_bound":2188.230640799769,"upper_bound":2306.7196510148585},"point_estimate":2246.14472291059,"standard_error":30.22604257235211},"Median":{"confidence_interval":{"confidence_level":0.95,"lower_bound":2007.9917889352537,"upper_bound":2065.1556064073226},"point_estimate":2018.3013157894739,"standard_error":64.73975138796188},"MedianAbsDev":{"confidence_interval":{"confidence_level":0.95,"lower_bound":25.596814527349559,"upper_bound":110.01622937417175},"point_estimate":42.87571901140124,"standard_error":38.0894138650681},"Slope":{"confidence_interval":{"confidence_level":0.95,"lower_bound":2120.648939658469,"upper_bound":2247.7885925007979},"point_estimate":2177.841491076462,"standard_error":32.51386698929936},"StdDev":{"confidence_interval":{"confidence_level":0.95,"lower_bound":284.07152236838638,"upper_bound":311.6768864167665},"point_estimate":303.62473251982677,"standard_error":7.314970639257036}}