{"Mean":{"confidence_interval":{"confidence_level":0.95,"lower_bound":0.6401147620924931,"upper_bound":0.6794773673186749},"point_estimate":0.6587245089969107,"standard_error":0.009983898844241255},"Median":{"confidence_interval":{"confidence_level":0.95,"lower_bound":0.623647510435914,"upper_bound":0.6822950030877482},"point_estimate":0.6441048617808114,"standard_error":0.015265908483770252}}