{"Mean":{"confidence_interval":{"confidence_level":0.95,"lower_bound":-0.011623830358671603,"upper_bound":-0.007356786135298727},"point_estimate":-0.009406749266603565,"standard_error":0.001089325572101266},"Median":{"confidence_interval":{"confidence_level":0.95,"lower_bound":-0.010323999734638422,"upper_bound":-0.008237499594509479},"point_estimate":-0.009177327718282946,"standard_error":0.0005418409929149626}}