{"Mean":{"confidence_interval":{"confidence_level":0.95,"lower_bound":182.37170798108907,"upper_bound":190.38399409638073},"point_estimate":186.1537980236036,"standard_error":2.053509850686301},"Median":{"confidence_interval":{"confidence_level":0.95,"lower_bound":177.39465757767915,"upper_bound":177.49458883151653},"point_estimate":177.4199135173444,"standard_error":0.025059636981869875},"MedianAbsDev":{"confidence_interval":{"confidence_level":0.95,"lower_bound":0.08776734092562243,"upper_bound":0.22676968952172509},"point_estimate":0.12977681370142667,"standard_error":0.034266706957426219},"Slope":{"confidence_interval":{"confidence_level":0.95,"lower_bound":182.70411353550618,"upper_bound":192.29142754173308},"point_estimate":187.08424065999479,"standard_error":2.4530239616541924},"StdDev":{"confidence_interval":{"confidence_level":0.95,"lower_bound":16.060829912158657,"upper_bound":24.09407597428507},"point_estimate":20.576317455503358,"standard_error":2.134942124945817}}