{"Mean":{"confidence_interval":{"confidence_level":0.95,"lower_bound":3485215.755380608,"upper_bound":3509675.978554176},"point_estimate":3494560.4627869219,"standard_error":6579.257430544642},"Median":{"confidence_interval":{"confidence_level":0.95,"lower_bound":3481274.5625,"upper_bound":3481823.0625},"point_estimate":3481632.863508443,"standard_error":157.09851645697698},"MedianAbsDev":{"confidence_interval":{"confidence_level":0.95,"lower_bound":1141.252745071875,"upper_bound":2219.4118075735375},"point_estimate":1632.4131710188072,"standard_error":263.76074460450556},"Slope":{"confidence_interval":{"confidence_level":0.95,"lower_bound":3484301.2301791405,"upper_bound":3495229.505184151},"point_estimate":3489081.889286242,"standard_error":2800.1920971054576},"StdDev":{"confidence_interval":{"confidence_level":0.95,"lower_bound":11293.377223101628,"upper_bound":109906.24539917959},"point_estimate":66117.4446333418,"standard_error":30903.33889331121}}