{"Mean":{"confidence_interval":{"confidence_level":0.95,"lower_bound":9.609030336271255,"upper_bound":9.877312285369979},"point_estimate":9.748120188621364,"standard_error":0.06865598340167717},"Median":{"confidence_interval":{"confidence_level":0.95,"lower_bound":10.101160336411747,"upper_bound":10.103879115458918},"point_estimate":10.102600995915559,"standard_error":0.0006937600688048757},"MedianAbsDev":{"confidence_interval":{"confidence_level":0.95,"lower_bound":0.006101280025471336,"upper_bound":0.01943108659692754},"point_estimate":0.00997821652149533,"standard_error":0.0037048546136777065},"Slope":{"confidence_interval":{"confidence_level":0.95,"lower_bound":9.203874916913536,"upper_bound":9.63606193374274},"point_estimate":9.419271563649393,"standard_error":0.1104797230134248},"StdDev":{"confidence_interval":{"confidence_level":0.95,"lower_bound":0.5753208528337117,"upper_bound":0.766119667059896},"point_estimate":0.6888542747730653,"standard_error":0.04881151677024224}}