{"Mean":{"confidence_interval":{"confidence_level":0.95,"lower_bound":4852.919226759078,"upper_bound":4907.0335930348},"point_estimate":4878.9655449507,"standard_error":13.84141836384519},"Median":{"confidence_interval":{"confidence_level":0.95,"lower_bound":4801.699142217047,"upper_bound":4833.734810511127},"point_estimate":4814.806515620602,"standard_error":7.599208957557015},"MedianAbsDev":{"confidence_interval":{"confidence_level":0.95,"lower_bound":36.041330589679649,"upper_bound":80.16379387367657},"point_estimate":54.63007280680712,"standard_error":10.797997632510059},"Slope":{"confidence_interval":{"confidence_level":0.95,"lower_bound":4835.659619426057,"upper_bound":4914.816260065715},"point_estimate":4872.934839931754,"standard_error":20.268268159646007},"StdDev":{"confidence_interval":{"confidence_level":0.95,"lower_bound":111.13784313052466,"upper_bound":162.00464801449724},"point_estimate":139.3701666058707,"standard_error":13.023527415507962}}