{"Mean":{"confidence_interval":{"confidence_level":0.95,"lower_bound":84792.49627408666,"upper_bound":87555.50035484841},"point_estimate":86082.23978657225,"standard_error":698.3505134168955},"Median":{"confidence_interval":{"confidence_level":0.95,"lower_bound":84118.30374331551,"upper_bound":84165.71105230386},"point_estimate":84134.20780170123,"standard_error":13.181233199536152},"MedianAbsDev":{"confidence_interval":{"confidence_level":0.95,"lower_bound":56.384673900375698,"upper_bound":110.09900891179513},"point_estimate":75.20347418179614,"standard_error":14.082827580073206},"Slope":{"confidence_interval":{"confidence_level":0.95,"lower_bound":84784.38852228348,"upper_bound":87836.13094584868},"point_estimate":86137.63224901595,"standard_error":781.6421900846234},"StdDev":{"confidence_interval":{"confidence_level":0.95,"lower_bound":4068.031850587763,"upper_bound":9155.794434295516},"point_estimate":7028.8394903111779,"standard_error":1271.3131139967389}}