{"Mean":{"confidence_interval":{"confidence_level":0.95,"lower_bound":389258.9601650628,"upper_bound":392860.25285286238},"point_estimate":391090.69112030978,"standard_error":919.5084668730804},"Median":{"confidence_interval":{"confidence_level":0.95,"lower_bound":396933.66255144038,"upper_bound":397367.1891891892},"point_estimate":397107.9296698873,"standard_error":502.788538325951},"MedianAbsDev":{"confidence_interval":{"confidence_level":0.95,"lower_bound":647.9071751949953,"upper_bound":3917.6340615252},"point_estimate":1504.3639193584596,"standard_error":1053.2914090612306},"Slope":{"confidence_interval":{"confidence_level":0.95,"lower_bound":385362.1916105756,"upper_bound":390186.9555198985},"point_estimate":387788.8153204276,"standard_error":1234.0004479785528},"StdDev":{"confidence_interval":{"confidence_level":0.95,"lower_bound":8442.055786277673,"upper_bound":9675.159853566374},"point_estimate":9229.065566484858,"standard_error":318.71459103228696}}