{"Mean":{"confidence_interval":{"confidence_level":0.95,"lower_bound":18501.40901676195,"upper_bound":18659.04879559275},"point_estimate":18576.640924856056,"standard_error":40.39320363953087},"Median":{"confidence_interval":{"confidence_level":0.95,"lower_bound":18434.671664915964,"upper_bound":18522.78336397059},"point_estimate":18474.517562706904,"standard_error":23.48838835092392},"MedianAbsDev":{"confidence_interval":{"confidence_level":0.95,"lower_bound":149.14684383042016,"upper_bound":238.7257125178587},"point_estimate":197.15677239541859,"standard_error":22.89421190629455},"Slope":{"confidence_interval":{"confidence_level":0.95,"lower_bound":18429.948814908334,"upper_bound":18531.46821221903},"point_estimate":18482.16679617347,"standard_error":25.846550189006348},"StdDev":{"confidence_interval":{"confidence_level":0.95,"lower_bound":305.4121402253755,"upper_bound":490.6277862888604},"point_estimate":407.8071640006557,"standard_error":47.427491992604469}}