{"Mean":{"confidence_interval":{"confidence_level":0.95,"lower_bound":52475.70946560015,"upper_bound":54991.01038034857},"point_estimate":53715.46215946104,"standard_error":641.2515452699004},"Median":{"confidence_interval":{"confidence_level":0.95,"lower_bound":48890.64097222222,"upper_bound":49222.85119047618},"point_estimate":48971.917974882264,"standard_error":400.44919208618719},"MedianAbsDev":{"confidence_interval":{"confidence_level":0.95,"lower_bound":119.47266981234337,"upper_bound":585.9015451537198},"point_estimate":239.51996846508099,"standard_error":386.6199300234597},"Slope":{"confidence_interval":{"confidence_level":0.95,"lower_bound":53778.506262119365,"upper_bound":57296.37464881512},"point_estimate":55534.05918399516,"standard_error":895.7168753643244},"StdDev":{"confidence_interval":{"confidence_level":0.95,"lower_bound":5925.823056883861,"upper_bound":6748.438066464857},"point_estimate":6459.959239878058,"standard_error":215.19933640643934}}