{"Mean":{"confidence_interval":{"confidence_level":0.95,"lower_bound":37722.17422361261,"upper_bound":38018.08401443345},"point_estimate":37868.02650932571,"standard_error":75.30274453702569},"Median":{"confidence_interval":{"confidence_level":0.95,"lower_bound":37307.41947530864,"upper_bound":37982.836257309944},"point_estimate":37341.59308641976,"standard_error":155.59320020041216},"MedianAbsDev":{"confidence_interval":{"confidence_level":0.95,"lower_bound":143.12380592963337,"upper_bound":922.9806653428827},"point_estimate":242.22489573669155,"standard_error":171.45874406766138},"Slope":{"confidence_interval":{"confidence_level":0.95,"lower_bound":37647.44973104035,"upper_bound":38003.98677426779},"point_estimate":37826.19236359457,"standard_error":91.45129721679948},"StdDev":{"confidence_interval":{"confidence_level":0.95,"lower_bound":691.3007818826892,"upper_bound":808.995939693408},"point_estimate":756.1709862582474,"standard_error":29.78911647546014}}