{"Mean":{"confidence_interval":{"confidence_level":0.95,"lower_bound":-0.03238603154380515,"upper_bound":0.03221462429794324},"point_estimate":-0.00037807183333304906,"standard_error":0.016494710000623085},"Median":{"confidence_interval":{"confidence_level":0.95,"lower_bound":-0.011982312377548876,"upper_bound":-0.0021638360051977978},"point_estimate":-0.00708332366723774,"standard_error":0.002490708496703398}}