{"Mean":{"confidence_interval":{"confidence_level":0.95,"lower_bound":13954480.38566921,"upper_bound":14062530.114058918},"point_estimate":14007716.43795614,"standard_error":27507.442252999783},"Median":{"confidence_interval":{"confidence_level":0.95,"lower_bound":13807924.375,"upper_bound":14069069.289746544},"point_estimate":13931402.892323174,"standard_error":72241.98542666015},"MedianAbsDev":{"confidence_interval":{"confidence_level":0.95,"lower_bound":105732.65894989747,"upper_bound":441955.5007936771},"point_estimate":262998.21752595397,"standard_error":86045.5987652621},"Slope":{"confidence_interval":{"confidence_level":0.95,"lower_bound":13887260.253521704,"upper_bound":14001470.176998567},"point_estimate":13940692.328006503,"standard_error":29203.303845068986},"StdDev":{"confidence_interval":{"confidence_level":0.95,"lower_bound":243032.31539882808,"upper_bound":305151.94997194208},"point_estimate":277615.56632149885,"standard_error":15885.425014431312}}