{"Mean":{"confidence_interval":{"confidence_level":0.95,"lower_bound":9.501753074362219,"upper_bound":9.787973797691372},"point_estimate":9.651399192712939,"standard_error":0.07392445880949079},"Median":{"confidence_interval":{"confidence_level":0.95,"lower_bound":10.098240823140055,"upper_bound":10.101234070274013},"point_estimate":10.099783288328358,"standard_error":0.000654894943328265},"MedianAbsDev":{"confidence_interval":{"confidence_level":0.95,"lower_bound":0.0036843441002017008,"upper_bound":0.01287425175462998},"point_estimate":0.005938228185497281,"standard_error":0.002597191884622386},"Slope":{"confidence_interval":{"confidence_level":0.95,"lower_bound":9.01060378876023,"upper_bound":9.441718421350805},"point_estimate":9.21802260708233,"standard_error":0.10998438494984499},"StdDev":{"confidence_interval":{"confidence_level":0.95,"lower_bound":0.6538103985741817,"upper_bound":0.8049134528570056},"point_estimate":0.7448533177133786,"standard_error":0.03936477603092546}}