{"Mean":{"confidence_interval":{"confidence_level":0.95,"lower_bound":3512813.767664073,"upper_bound":3556897.882628978},"point_estimate":3535759.28325069,"standard_error":11207.156328799698},"Median":{"confidence_interval":{"confidence_level":0.95,"lower_bound":3509012.473443223,"upper_bound":3539261.724489796},"point_estimate":3511158.927021161,"standard_error":8716.845493505309},"MedianAbsDev":{"confidence_interval":{"confidence_level":0.95,"lower_bound":25790.826081875475,"upper_bound":63593.274628602434},"point_estimate":45778.98653090233,"standard_error":9625.952350620688},"Slope":{"confidence_interval":{"confidence_level":0.95,"lower_bound":3529328.4378347985,"upper_bound":3545392.1735244335},"point_estimate":3536953.6403871735,"standard_error":4089.965350266639},"StdDev":{"confidence_interval":{"confidence_level":0.95,"lower_bound":73268.66686105279,"upper_bound":154329.15319026367},"point_estimate":112328.6627761175,"standard_error":21663.475698363636}}