{"Mean":{"confidence_interval":{"confidence_level":0.95,"lower_bound":249834.62293370255,"upper_bound":250238.512393323},"point_estimate":250016.67183110416,"standard_error":103.32610163808993},"Median":{"confidence_interval":{"confidence_level":0.95,"lower_bound":249637.67105263158,"upper_bound":249849.11666666668},"point_estimate":249768.19524147729,"standard_error":49.04578160043143},"MedianAbsDev":{"confidence_interval":{"confidence_level":0.95,"lower_bound":296.36114473853487,"upper_bound":509.7264730541939},"point_estimate":392.6828953361857,"standard_error":54.72246481505507},"Slope":{"confidence_interval":{"confidence_level":0.95,"lower_bound":249562.621114846,"upper_bound":249780.74356754279},"point_estimate":249664.9130774346,"standard_error":55.62746854673187},"StdDev":{"confidence_interval":{"confidence_level":0.95,"lower_bound":597.933451538186,"upper_bound":1479.713009246223},"point_estimate":1034.1827596203476,"standard_error":244.4424578398252}}