{"Mean":{"confidence_interval":{"confidence_level":0.95,"lower_bound":7766647.080944764,"upper_bound":7928528.680843838},"point_estimate":7846603.845130519,"standard_error":41355.694728850794},"Median":{"confidence_interval":{"confidence_level":0.95,"lower_bound":7596358.876404494,"upper_bound":7942422.425531914},"point_estimate":7744475.8532024309,"standard_error":80940.60753508448},"MedianAbsDev":{"confidence_interval":{"confidence_level":0.95,"lower_bound":251720.81138536524,"upper_bound":711648.6770674312},"point_estimate":451294.10288838067,"standard_error":108246.85331711134},"Slope":{"confidence_interval":{"confidence_level":0.95,"lower_bound":7718028.066517391,"upper_bound":7914335.239431937},"point_estimate":7813678.211044776,"standard_error":50265.672118685026},"StdDev":{"confidence_interval":{"confidence_level":0.95,"lower_bound":374601.47624317349,"upper_bound":448480.79165373256},"point_estimate":416608.7269928018,"standard_error":18903.26817929672}}