{"Mean":{"confidence_interval":{"confidence_level":0.95,"lower_bound":91851.01664130623,"upper_bound":97000.73175621373},"point_estimate":94417.76812753365,"standard_error":1315.4834465076509},"Median":{"confidence_interval":{"confidence_level":0.95,"lower_bound":86454.16239316239,"upper_bound":99913.2622984105},"point_estimate":96618.71916971918,"standard_error":4080.817721542772},"MedianAbsDev":{"confidence_interval":{"confidence_level":0.95,"lower_bound":12018.306269541867,"upper_bound":19075.720634419366},"point_estimate":15591.114670503332,"standard_error":1701.6482838497064},"Slope":{"confidence_interval":{"confidence_level":0.95,"lower_bound":91882.60975319955,"upper_bound":97691.71031954554},"point_estimate":94794.64756044606,"standard_error":1485.2233850527317},"StdDev":{"confidence_interval":{"confidence_level":0.95,"lower_bound":11652.791875772378,"upper_bound":14569.044532309033},"point_estimate":13205.15335668449,"standard_error":746.002671990905}}