{"Mean":{"confidence_interval":{"confidence_level":0.95,"lower_bound":88710.47351218469,"upper_bound":93562.66329207443},"point_estimate":91131.04097360041,"standard_error":1239.1212609789064},"Median":{"confidence_interval":{"confidence_level":0.95,"lower_bound":88259.18681318681,"upper_bound":94773.98498376624},"point_estimate":88804.76757369616,"standard_error":1798.6087646958375},"MedianAbsDev":{"confidence_interval":{"confidence_level":0.95,"lower_bound":8427.267281640983,"upper_bound":13910.712766379513},"point_estimate":12393.727494419041,"standard_error":1441.2035652220025},"Slope":{"confidence_interval":{"confidence_level":0.95,"lower_bound":91887.61019406015,"upper_bound":97908.8083037298},"point_estimate":94912.06635584454,"standard_error":1535.851415262002},"StdDev":{"confidence_interval":{"confidence_level":0.95,"lower_bound":10650.176845879758,"upper_bound":14027.878196981104},"point_estimate":12434.316238308818,"standard_error":860.562448830834}}