{"Mean":{"confidence_interval":{"confidence_level":0.95,"lower_bound":1803974.3003704518,"upper_bound":1836821.7523032439},"point_estimate":1820871.0381039698,"standard_error":8380.075833774941},"Median":{"confidence_interval":{"confidence_level":0.95,"lower_bound":1859814.219512195,"upper_bound":1863156.1631871036},"point_estimate":1861425.477760335,"standard_error":797.0634757162903},"MedianAbsDev":{"confidence_interval":{"confidence_level":0.95,"lower_bound":4310.524641654833,"upper_bound":9957.55709426475},"point_estimate":6747.041129585642,"standard_error":1438.6288268245178},"Slope":{"confidence_interval":{"confidence_level":0.95,"lower_bound":1785970.4255704699,"upper_bound":1829617.6943725195},"point_estimate":1809320.609587705,"standard_error":11169.666659498074},"StdDev":{"confidence_interval":{"confidence_level":0.95,"lower_bound":70311.52120929919,"upper_bound":94238.53086008626},"point_estimate":84323.81076573275,"standard_error":6139.175701289987}}