{"Mean":{"confidence_interval":{"confidence_level":0.95,"lower_bound":83637.92296324227,"upper_bound":88179.4899742888},"point_estimate":85861.20183014764,"standard_error":1161.980963869752},"Median":{"confidence_interval":{"confidence_level":0.95,"lower_bound":82579.99375753738,"upper_bound":85661.84873949579},"point_estimate":85347.37713782696,"standard_error":793.5591934087967},"MedianAbsDev":{"confidence_interval":{"confidence_level":0.95,"lower_bound":5828.73692801274,"upper_bound":12655.681198764152},"point_estimate":10152.830427803094,"standard_error":1663.8293134513468},"Slope":{"confidence_interval":{"confidence_level":0.95,"lower_bound":87225.34252408262,"upper_bound":94310.72388188311},"point_estimate":90847.25942430704,"standard_error":1811.1281165572587},"StdDev":{"confidence_interval":{"confidence_level":0.95,"lower_bound":9964.152996588284,"upper_bound":13156.227969964553},"point_estimate":11702.730440414663,"standard_error":814.7884946148422}}