{"Mean":{"confidence_interval":{"confidence_level":0.95,"lower_bound":6815637.683534211,"upper_bound":7278785.801216992},"point_estimate":7045536.245167753,"standard_error":118417.92473613184},"Median":{"confidence_interval":{"confidence_level":0.95,"lower_bound":5968259.1630434789,"upper_bound":7684656.470588235},"point_estimate":6422987.197562358,"standard_error":429455.00426949086},"MedianAbsDev":{"confidence_interval":{"confidence_level":0.95,"lower_bound":83063.64217945615,"upper_bound":2043209.5377827939},"point_estimate":750833.5644487192,"standard_error":560750.9954372435},"Slope":{"confidence_interval":{"confidence_level":0.95,"lower_bound":6629518.723414122,"upper_bound":7186457.213284743},"point_estimate":6900067.328683316,"standard_error":142576.0724482661},"StdDev":{"confidence_interval":{"confidence_level":0.95,"lower_bound":1087482.04294132,"upper_bound":1268290.4148578374},"point_estimate":1190387.361122763,"standard_error":46043.998253060825}}