{"Mean":{"confidence_interval":{"confidence_level":0.95,"lower_bound":41209291.69027923,"upper_bound":41345385.58282089},"point_estimate":41275329.58621474,"standard_error":34596.24099961258},"Median":{"confidence_interval":{"confidence_level":0.95,"lower_bound":41171992.874358978,"upper_bound":41319275.29166667},"point_estimate":41245749.167247388,"standard_error":41725.77108172571},"MedianAbsDev":{"confidence_interval":{"confidence_level":0.95,"lower_bound":216186.37510136554,"upper_bound":350166.46382153916},"point_estimate":287707.8692389884,"standard_error":34806.35371240294},"Slope":{"confidence_interval":{"confidence_level":0.95,"lower_bound":41198366.52344405,"upper_bound":41309671.30620221},"point_estimate":41252906.33949756,"standard_error":28483.898802104177},"StdDev":{"confidence_interval":{"confidence_level":0.95,"lower_bound":251986.8721760242,"upper_bound":448644.3721466444},"point_estimate":346969.315934028,"standard_error":51763.23190787629}}