{"Mean":{"confidence_interval":{"confidence_level":0.95,"lower_bound":308844415.74217966,"upper_bound":312755247.55400636},"point_estimate":310618002.6098297,"standard_error":1003779.7931489867},"Median":{"confidence_interval":{"confidence_level":0.95,"lower_bound":307049148.42357149,"upper_bound":307902493.9677419},"point_estimate":307396930.22948917,"standard_error":221700.08235204195},"MedianAbsDev":{"confidence_interval":{"confidence_level":0.95,"lower_bound":1329420.500326064,"upper_bound":2935962.1120515686},"point_estimate":1941568.8236424917,"standard_error":384060.0512330651},"Slope":{"confidence_interval":{"confidence_level":0.95,"lower_bound":306652371.4928367,"upper_bound":307637624.29787316},"point_estimate":307097440.89010199,"standard_error":252578.5002431969},"StdDev":{"confidence_interval":{"confidence_level":0.95,"lower_bound":5391540.498978209,"upper_bound":14079641.496189397},"point_estimate":10099435.166603387,"standard_error":2234377.0462093439}}