{"Mean":{"confidence_interval":{"confidence_level":0.95,"lower_bound":34738783.32652505,"upper_bound":37733000.44647174},"point_estimate":36242103.581083159,"standard_error":763429.205519262},"Median":{"confidence_interval":{"confidence_level":0.95,"lower_bound":33752047.615384619,"upper_bound":37659636.214009288},"point_estimate":35702419.0056926,"standard_error":984540.2252001594},"MedianAbsDev":{"confidence_interval":{"confidence_level":0.95,"lower_bound":5924551.402584854,"upper_bound":10122640.041014415},"point_estimate":7876517.072051623,"standard_error":1061792.3797974738},"Slope":{"confidence_interval":{"confidence_level":0.95,"lower_bound":36370280.40220361,"upper_bound":39001221.87350713},"point_estimate":37593852.88104625,"standard_error":669565.8911624523},"StdDev":{"confidence_interval":{"confidence_level":0.95,"lower_bound":6741435.778977642,"upper_bound":8481532.759041666},"point_estimate":7669335.1344705,"standard_error":446329.4979760061}}