{"Mean":{"confidence_interval":{"confidence_level":0.95,"lower_bound":29.587846804782037,"upper_bound":30.16174406765234},"point_estimate":29.86838482695318,"standard_error":0.1467818856069302},"Median":{"confidence_interval":{"confidence_level":0.95,"lower_bound":28.969363241219584,"upper_bound":28.983702007405968},"point_estimate":28.975825601695186,"standard_error":0.0067566916613659689},"MedianAbsDev":{"confidence_interval":{"confidence_level":0.95,"lower_bound":0.07740577958585127,"upper_bound":0.2840714439975553},"point_estimate":0.1717023161978104,"standard_error":0.044697938026697057},"Slope":{"confidence_interval":{"confidence_level":0.95,"lower_bound":30.112068609047836,"upper_bound":30.957557234096517},"point_estimate":30.538654522540868,"standard_error":0.21607197550584779},"StdDev":{"confidence_interval":{"confidence_level":0.95,"lower_bound":1.2990014150251466,"upper_bound":1.569871598357598},"point_estimate":1.467352554785943,"standard_error":0.0692102823941806}}