{"Mean":{"confidence_interval":{"confidence_level":0.95,"lower_bound":46612370.61827336,"upper_bound":46976541.82867544},"point_estimate":46793996.97341623,"standard_error":93252.6570922101},"Median":{"confidence_interval":{"confidence_level":0.95,"lower_bound":46444358.08888889,"upper_bound":47079648.81666667},"point_estimate":46719178.796853628,"standard_error":159082.43412954597},"MedianAbsDev":{"confidence_interval":{"confidence_level":0.95,"lower_bound":821920.0936548453,"upper_bound":1314153.1803410336},"point_estimate":1024178.319255895,"standard_error":124226.74614424005},"Slope":{"confidence_interval":{"confidence_level":0.95,"lower_bound":46782462.38763859,"upper_bound":47125810.03130114},"point_estimate":46956173.547917839,"standard_error":87715.06178403326},"StdDev":{"confidence_interval":{"confidence_level":0.95,"lower_bound":824776.4504679585,"upper_bound":1040884.2009205259},"point_estimate":937983.6374065885,"standard_error":55250.07679282971}}