{"Mean":{"confidence_interval":{"confidence_level":0.95,"lower_bound":126.01271911394776,"upper_bound":130.515822426059},"point_estimate":128.1711533530234,"standard_error":1.1367428387826975},"Median":{"confidence_interval":{"confidence_level":0.95,"lower_bound":123.43855966572447,"upper_bound":123.47313743402438},"point_estimate":123.45517005850137,"standard_error":0.010006278818017385},"MedianAbsDev":{"confidence_interval":{"confidence_level":0.95,"lower_bound":0.058281010008255789,"upper_bound":0.12309700018783645},"point_estimate":0.07845810338707948,"standard_error":0.01635725510035323},"Slope":{"confidence_interval":{"confidence_level":0.95,"lower_bound":131.02477834170646,"upper_bound":139.84822747204346},"point_estimate":135.6509140736766,"standard_error":2.2612293303439916},"StdDev":{"confidence_interval":{"confidence_level":0.95,"lower_bound":8.83151096884924,"upper_bound":13.339153650505687},"point_estimate":11.427104129909065,"standard_error":1.1625303461227883}}