{"Mean":{"confidence_interval":{"confidence_level":0.95,"lower_bound":18869735.88627976,"upper_bound":18879123.193021075},"point_estimate":18874263.45713408,"standard_error":2395.1296160978874},"Median":{"confidence_interval":{"confidence_level":0.95,"lower_bound":18868353.17671395,"upper_bound":18878752.910256413},"point_estimate":18872779.673112707,"standard_error":2724.3836881944778},"MedianAbsDev":{"confidence_interval":{"confidence_level":0.95,"lower_bound":15406.466160079397,"upper_bound":23908.99557541542},"point_estimate":20107.39392550736,"standard_error":2134.5692628343006},"Slope":{"confidence_interval":{"confidence_level":0.95,"lower_bound":18864192.27272168,"upper_bound":18873818.732634777},"point_estimate":18869049.34284321,"standard_error":2464.269945900947},"StdDev":{"confidence_interval":{"confidence_level":0.95,"lower_bound":17735.19825997759,"upper_bound":30541.47080860998},"point_estimate":24022.335874179378,"standard_error":3345.934234418597}}