{"Mean":{"confidence_interval":{"confidence_level":0.95,"lower_bound":-0.0004229660683674195,"upper_bound":0.029315715929629277},"point_estimate":0.015105145620550209,"standard_error":0.007607523004332621},"Median":{"confidence_interval":{"confidence_level":0.95,"lower_bound":0.027402947474271856,"upper_bound":0.03090503984132956},"point_estimate":0.029173961015519724,"standard_error":0.0009210386181862965}}