{"Mean":{"confidence_interval":{"confidence_level":0.95,"lower_bound":-0.002839215357987858,"upper_bound":0.0047713030440573009},"point_estimate":0.0009343023518115778,"standard_error":0.0019413095654928369},"Median":{"confidence_interval":{"confidence_level":0.95,"lower_bound":-0.023510494599570554,"upper_bound":0.02294131723961601},"point_estimate":-0.019315514826290127,"standard_error":0.013334118618760634}}