{"Mean":{"confidence_interval":{"confidence_level":0.95,"lower_bound":0.03295562342972152,"upper_bound":0.07041842483968985},"point_estimate":0.051428652444855508,"standard_error":0.00986284832483888},"Median":{"confidence_interval":{"confidence_level":0.95,"lower_bound":0.002559610953155156,"upper_bound":0.0032639578593076647},"point_estimate":0.0028491061856039669,"standard_error":0.0001746076797155513}}