{"Mean":{"confidence_interval":{"confidence_level":0.95,"lower_bound":3221265.790517149,"upper_bound":3305076.239695823},"point_estimate":3257984.723568732,"standard_error":21510.322615908175},"Median":{"confidence_interval":{"confidence_level":0.95,"lower_bound":3176664.3529411766,"upper_bound":3211797.823672715},"point_estimate":3194202.0478595478,"standard_error":8888.828709307367},"MedianAbsDev":{"confidence_interval":{"confidence_level":0.95,"lower_bound":39444.09054790499,"upper_bound":85721.4962256553},"point_estimate":63400.29122385502,"standard_error":12141.611796960135},"Slope":{"confidence_interval":{"confidence_level":0.95,"lower_bound":3216393.4436706185,"upper_bound":3273950.7802711108},"point_estimate":3244338.1328446876,"standard_error":14750.78730666851},"StdDev":{"confidence_interval":{"confidence_level":0.95,"lower_bound":90423.07872571488,"upper_bound":320317.28475691415},"point_estimate":216108.40098884473,"standard_error":61659.057187115555}}