{"Mean":{"confidence_interval":{"confidence_level":0.95,"lower_bound":5228070.287581141,"upper_bound":5313773.071548239},"point_estimate":5270158.06949219,"standard_error":21850.731825117964},"Median":{"confidence_interval":{"confidence_level":0.95,"lower_bound":5102581.033898305,"upper_bound":5346581.385714286},"point_estimate":5208744.440736478,"standard_error":87612.92591653823},"MedianAbsDev":{"confidence_interval":{"confidence_level":0.95,"lower_bound":56140.93468379659,"upper_bound":405254.73263091695},"point_estimate":209520.8751856956,"standard_error":115472.65752306693},"Slope":{"confidence_interval":{"confidence_level":0.95,"lower_bound":5231465.09540959,"upper_bound":5358726.625649864},"point_estimate":5293113.3654233789,"standard_error":32602.893421197397},"StdDev":{"confidence_interval":{"confidence_level":0.95,"lower_bound":192132.237399583,"upper_bound":242802.51817623038},"point_estimate":220206.523818382,"standard_error":12962.017610777364}}