{"Mean":{"confidence_interval":{"confidence_level":0.95,"lower_bound":6017494.799458166,"upper_bound":6025077.623601564},"point_estimate":6021881.239854599,"standard_error":1964.431300272833},"Median":{"confidence_interval":{"confidence_level":0.95,"lower_bound":6022235.754836501,"upper_bound":6027324.247961957},"point_estimate":6025142.112380953,"standard_error":1310.8137462657113},"MedianAbsDev":{"confidence_interval":{"confidence_level":0.95,"lower_bound":7229.886663844737,"upper_bound":12296.650396954106},"point_estimate":9479.051369452485,"standard_error":1265.0952009851999},"Slope":{"confidence_interval":{"confidence_level":0.95,"lower_bound":6026359.200374007,"upper_bound":6029502.365185302},"point_estimate":6027932.8069632039,"standard_error":801.580532948557},"StdDev":{"confidence_interval":{"confidence_level":0.95,"lower_bound":9059.277554444952,"upper_bound":30880.676346845994},"point_estimate":19752.595298354263,"standard_error":7005.564654554479}}