{"Mean":{"confidence_interval":{"confidence_level":0.95,"lower_bound":8101863.381663298,"upper_bound":8112939.545155003},"point_estimate":8106772.16096903,"standard_error":2849.267371512756},"Median":{"confidence_interval":{"confidence_level":0.95,"lower_bound":8097832.958333334,"upper_bound":8103004.666666667},"point_estimate":8100763.439655173,"standard_error":1382.8886477424006},"MedianAbsDev":{"confidence_interval":{"confidence_level":0.95,"lower_bound":8590.802188293754,"upper_bound":13919.210545242751},"point_estimate":11287.7066434401,"standard_error":1312.9675908342252},"Slope":{"confidence_interval":{"confidence_level":0.95,"lower_bound":8097278.672549809,"upper_bound":8101786.456418951},"point_estimate":8099474.782736811,"standard_error":1149.0960652700438},"StdDev":{"confidence_interval":{"confidence_level":0.95,"lower_bound":13493.173136244206,"upper_bound":41945.8807068341},"point_estimate":28592.475613963223,"standard_error":7554.046968099385}}