{"Mean":{"confidence_interval":{"confidence_level":0.95,"lower_bound":182641.31060125854,"upper_bound":182814.303004021},"point_estimate":182720.78007263848,"standard_error":44.160453313251689},"Median":{"confidence_interval":{"confidence_level":0.95,"lower_bound":182548.38288477716,"upper_bound":182628.26495726498},"point_estimate":182590.8898180751,"standard_error":19.080134499463108},"MedianAbsDev":{"confidence_interval":{"confidence_level":0.95,"lower_bound":97.16591129144099,"upper_bound":171.66951353346557},"point_estimate":133.46626721262468,"standard_error":18.986039634562574},"Slope":{"confidence_interval":{"confidence_level":0.95,"lower_bound":182515.32348891855,"upper_bound":182543.743480573},"point_estimate":182528.1530446776,"standard_error":7.259458395181743},"StdDev":{"confidence_interval":{"confidence_level":0.95,"lower_bound":273.12428979551239,"upper_bound":593.4702864562772},"point_estimate":445.32721587541126,"standard_error":82.21560900320665}}