{"Mean":{"confidence_interval":{"confidence_level":0.95,"lower_bound":388.2815750070787,"upper_bound":398.64777107108349},"point_estimate":392.8307797644029,"standard_error":2.663048841999921},"Median":{"confidence_interval":{"confidence_level":0.95,"lower_bound":386.66095675149497,"upper_bound":386.8177085137085},"point_estimate":386.7082462641792,"standard_error":0.0409345898275679},"MedianAbsDev":{"confidence_interval":{"confidence_level":0.95,"lower_bound":0.2090501250425207,"upper_bound":0.4186281722171971},"point_estimate":0.3020221128976663,"standard_error":0.05354520408160434},"Slope":{"confidence_interval":{"confidence_level":0.95,"lower_bound":390.6110415910492,"upper_bound":417.71124130483607},"point_estimate":403.3684536955188,"standard_error":7.018302685700779},"StdDev":{"confidence_interval":{"confidence_level":0.95,"lower_bound":13.359553861031769,"upper_bound":36.79530023554583},"point_estimate":26.693539444157513,"standard_error":6.501830519055741}}