{"Mean":{"confidence_interval":{"confidence_level":0.95,"lower_bound":3500556.088165788,"upper_bound":3543793.567551906},"point_estimate":3520461.4645560106,"standard_error":11037.843648507938},"Median":{"confidence_interval":{"confidence_level":0.95,"lower_bound":3483174.25,"upper_bound":3484004.210084033},"point_estimate":3483613.5720241519,"standard_error":226.05835337916123},"MedianAbsDev":{"confidence_interval":{"confidence_level":0.95,"lower_bound":1376.6833928764434,"upper_bound":2787.5270108943207},"point_estimate":2201.271337676808,"standard_error":379.71707364134127},"Slope":{"confidence_interval":{"confidence_level":0.95,"lower_bound":3505504.2873666344,"upper_bound":3566332.8895943986},"point_estimate":3533169.6277582386,"standard_error":15568.266561286402},"StdDev":{"confidence_interval":{"confidence_level":0.95,"lower_bound":71237.89613758905,"upper_bound":141484.72787650617},"point_estimate":111217.13111615657,"standard_error":17915.976658526102}}