{"Mean":{"confidence_interval":{"confidence_level":0.95,"lower_bound":374620.0188013649,"upper_bound":377545.119623981},"point_estimate":376038.97352417526,"standard_error":747.3666657925705},"Median":{"confidence_interval":{"confidence_level":0.95,"lower_bound":371328.4682539682,"upper_bound":372113.4358974359},"point_estimate":371423.12602339187,"standard_error":193.45855808825304},"MedianAbsDev":{"confidence_interval":{"confidence_level":0.95,"lower_bound":459.9439696916226,"upper_bound":1603.9298730630176},"point_estimate":723.8972110079421,"standard_error":284.1058230695828},"Slope":{"confidence_interval":{"confidence_level":0.95,"lower_bound":376422.4875491509,"upper_bound":380943.2765484163},"point_estimate":378647.8170897985,"standard_error":1156.0599191591676},"StdDev":{"confidence_interval":{"confidence_level":0.95,"lower_bound":6539.497296500614,"upper_bound":8160.647250575596},"point_estimate":7510.75873167427,"standard_error":416.9508830260031}}