{"Mean":{"confidence_interval":{"confidence_level":0.95,"lower_bound":859.4881533406364,"upper_bound":887.8288313599545},"point_estimate":872.6869480483375,"standard_error":7.373707613193667},"Median":{"confidence_interval":{"confidence_level":0.95,"lower_bound":846.1505363237445,"upper_bound":848.2809824640029},"point_estimate":846.7677868206879,"standard_error":0.544831275125589},"MedianAbsDev":{"confidence_interval":{"confidence_level":0.95,"lower_bound":2.141916378459962,"upper_bound":4.399803046252994},"point_estimate":3.068284689486656,"standard_error":0.5925765882665951},"Slope":{"confidence_interval":{"confidence_level":0.95,"lower_bound":875.4141053450164,"upper_bound":933.1265427616498},"point_estimate":903.50090490591,"standard_error":14.767165663653666},"StdDev":{"confidence_interval":{"confidence_level":0.95,"lower_bound":53.74174190522159,"upper_bound":91.03101172526273},"point_estimate":74.44570949505713,"standard_error":10.081803076301004}}