{"Mean":{"confidence_interval":{"confidence_level":0.95,"lower_bound":24435208.406485548,"upper_bound":24538770.330722915},"point_estimate":24484603.786416513,"standard_error":26260.89191282634},"Median":{"confidence_interval":{"confidence_level":0.95,"lower_bound":24416137.375,"upper_bound":24477375.861039796},"point_estimate":24444825.234668338,"standard_error":14549.260820372852},"MedianAbsDev":{"confidence_interval":{"confidence_level":0.95,"lower_bound":86838.29669919022,"upper_bound":155432.22662858576},"point_estimate":118197.87742084555,"standard_error":17103.295719004298},"Slope":{"confidence_interval":{"confidence_level":0.95,"lower_bound":24486533.346442127,"upper_bound":24630084.346679294},"point_estimate":24554558.565556379,"standard_error":36673.2995394503},"StdDev":{"confidence_interval":{"confidence_level":0.95,"lower_bound":185892.80158682448,"upper_bound":331642.1318355459},"point_estimate":263066.00074319026,"standard_error":37281.4559383018}}