{"Mean":{"confidence_interval":{"confidence_level":0.95,"lower_bound":476890.3729659015,"upper_bound":477131.7760654039},"point_estimate":477007.029135595,"standard_error":61.64211362478518},"Median":{"confidence_interval":{"confidence_level":0.95,"lower_bound":476887.22019426329,"upper_bound":477106.32868672048},"point_estimate":477005.9619639105,"standard_error":54.753801297792197},"MedianAbsDev":{"confidence_interval":{"confidence_level":0.95,"lower_bound":424.7874553450689,"upper_bound":690.1513738057421},"point_estimate":576.2621526092197,"standard_error":67.57180588428716},"Slope":{"confidence_interval":{"confidence_level":0.95,"lower_bound":476719.52546569649,"upper_bound":476923.4896294656},"point_estimate":476822.0316545983,"standard_error":52.15430514514774},"StdDev":{"confidence_interval":{"confidence_level":0.95,"lower_bound":483.620836134498,"upper_bound":741.0844719674436},"point_estimate":617.3789613967074,"standard_error":65.70761517038366}}