{"Mean":{"confidence_interval":{"confidence_level":0.95,"lower_bound":0.07973752834007496,"upper_bound":0.13204777693898954},"point_estimate":0.10606709909634549,"standard_error":0.01335967025397781},"Median":{"confidence_interval":{"confidence_level":0.95,"lower_bound":0.2250127081598965,"upper_bound":0.22821245707621452},"point_estimate":0.2265737469940643,"standard_error":0.0008348200214995746}}