{"Mean":{"confidence_interval":{"confidence_level":0.95,"lower_bound":2608432.856959893,"upper_bound":2630601.376317057},"point_estimate":2618069.467245379,"standard_error":5699.230093942348},"Median":{"confidence_interval":{"confidence_level":0.95,"lower_bound":2602612.380221475,"upper_bound":2615858.1},"point_estimate":2610643.8891196015,"standard_error":3760.8985996424355},"MedianAbsDev":{"confidence_interval":{"confidence_level":0.95,"lower_bound":20154.23544875268,"upper_bound":37899.84833960907},"point_estimate":29283.944829594268,"standard_error":4359.2265423550429},"Slope":{"confidence_interval":{"confidence_level":0.95,"lower_bound":2604810.9446851129,"upper_bound":2617005.160560434},"point_estimate":2610699.7653849564,"standard_error":3124.083863107642},"StdDev":{"confidence_interval":{"confidence_level":0.95,"lower_bound":28148.62991449169,"upper_bound":86969.26674182649},"point_estimate":57189.92570148437,"standard_error":17428.503875455914}}