{"Mean":{"confidence_interval":{"confidence_level":0.95,"lower_bound":1565830.819386928,"upper_bound":1586274.1969104496},"point_estimate":1575137.4633467163,"standard_error":5252.026583371425},"Median":{"confidence_interval":{"confidence_level":0.95,"lower_bound":1555276.2245127438,"upper_bound":1558625.7928571429},"point_estimate":1555972.5158064517,"standard_error":825.5118548916865},"MedianAbsDev":{"confidence_interval":{"confidence_level":0.95,"lower_bound":2800.01828623259,"upper_bound":7866.449983652921},"point_estimate":4732.2452679473749,"standard_error":1329.960669266443},"Slope":{"confidence_interval":{"confidence_level":0.95,"lower_bound":1557106.77653233,"upper_bound":1586396.351765585},"point_estimate":1569196.2810196542,"standard_error":7683.988835136659},"StdDev":{"confidence_interval":{"confidence_level":0.95,"lower_bound":28376.429448644198,"upper_bound":72488.15130139246},"point_estimate":52933.40312004026,"standard_error":11251.474442781257}}