{"Mean":{"confidence_interval":{"confidence_level":0.95,"lower_bound":24851893.351236449,"upper_bound":26300927.812573155},"point_estimate":25563928.874260088,"standard_error":369648.06849724196},"Median":{"confidence_interval":{"confidence_level":0.95,"lower_bound":22341355.265625,"upper_bound":26071380.886363638},"point_estimate":24615200.625135624,"standard_error":1001013.060859947},"MedianAbsDev":{"confidence_interval":{"confidence_level":0.95,"lower_bound":317563.0411727529,"upper_bound":5662356.576889278},"point_estimate":3660641.148456114,"standard_error":1457179.6458498638},"Slope":{"confidence_interval":{"confidence_level":0.95,"lower_bound":25602340.452398749,"upper_bound":27069112.47625959},"point_estimate":26346420.276896705,"standard_error":374475.5802679307},"StdDev":{"confidence_interval":{"confidence_level":0.95,"lower_bound":3263142.9076700259,"upper_bound":4099404.121645296},"point_estimate":3713887.9685569305,"standard_error":214000.98275196428}}