{"Mean":{"confidence_interval":{"confidence_level":0.95,"lower_bound":50089952.65656078,"upper_bound":50348387.04525108},"point_estimate":50218768.204552929,"standard_error":65902.23428214825},"Median":{"confidence_interval":{"confidence_level":0.95,"lower_bound":50009346.80321285,"upper_bound":50380387.29268292},"point_estimate":50214517.46606335,"standard_error":101409.10784481697},"MedianAbsDev":{"confidence_interval":{"confidence_level":0.95,"lower_bound":585677.452509502,"upper_bound":897605.4330760057},"point_estimate":728164.9191950621,"standard_error":81399.61790012305},"Slope":{"confidence_interval":{"confidence_level":0.95,"lower_bound":50061731.8076794,"upper_bound":50333528.805677179},"point_estimate":50197304.13263189,"standard_error":69464.89883990002},"StdDev":{"confidence_interval":{"confidence_level":0.95,"lower_bound":571853.0905633195,"upper_bound":745138.5578005384},"point_estimate":661950.4768807459,"standard_error":44407.094651114785}}