{"Mean":{"confidence_interval":{"confidence_level":0.95,"lower_bound":4.155857995274421,"upper_bound":4.215085994280142},"point_estimate":4.182551409057899,"standard_error":0.014816805814464594},"Median":{"confidence_interval":{"confidence_level":0.95,"lower_bound":4.1461763245309479,"upper_bound":4.147245091095355},"point_estimate":4.146784186436917,"standard_error":0.0002728429415542333},"MedianAbsDev":{"confidence_interval":{"confidence_level":0.95,"lower_bound":0.0012452924244162648,"upper_bound":0.002360853203264915},"point_estimate":0.0018629806580919466,"standard_error":0.00029964686297422256},"Slope":{"confidence_interval":{"confidence_level":0.95,"lower_bound":4.1640675776649769,"upper_bound":4.284640120636879},"point_estimate":4.220318513126955,"standard_error":0.030552617516057008},"StdDev":{"confidence_interval":{"confidence_level":0.95,"lower_bound":0.07054516154732457,"upper_bound":0.20153279026790095},"point_estimate":0.14857757923363439,"standard_error":0.03298523041369222}}