{"Mean":{"confidence_interval":{"confidence_level":0.95,"lower_bound":6242648.213551341,"upper_bound":6366512.434003031},"point_estimate":6299845.864882345,"standard_error":31525.242793874288},"Median":{"confidence_interval":{"confidence_level":0.95,"lower_bound":6209535.229166667,"upper_bound":6216101.306334842},"point_estimate":6213665.206760316,"standard_error":1572.5006704225248},"MedianAbsDev":{"confidence_interval":{"confidence_level":0.95,"lower_bound":9777.132739628403,"upper_bound":18662.764126726623},"point_estimate":12039.214796171764,"standard_error":2304.0601464739668},"Slope":{"confidence_interval":{"confidence_level":0.95,"lower_bound":6230763.775039655,"upper_bound":6287079.594094012},"point_estimate":6254961.0581025569,"standard_error":14383.603043488329},"StdDev":{"confidence_interval":{"confidence_level":0.95,"lower_bound":204979.679323797,"upper_bound":403419.046976526},"point_estimate":317676.5445854544,"standard_error":50869.820453917164}}