{"Mean":{"confidence_interval":{"confidence_level":0.95,"lower_bound":116013.36473787987,"upper_bound":117924.08883635867},"point_estimate":116964.4840710809,"standard_error":488.727032887095},"Median":{"confidence_interval":{"confidence_level":0.95,"lower_bound":114378.20344827586,"upper_bound":118534.03631138976},"point_estimate":116093.02444324712,"standard_error":1311.643181388031},"MedianAbsDev":{"confidence_interval":{"confidence_level":0.95,"lower_bound":4640.58523442749,"upper_bound":7243.91831064955},"point_estimate":6241.016683487775,"standard_error":602.954046165341},"Slope":{"confidence_interval":{"confidence_level":0.95,"lower_bound":115721.5550085532,"upper_bound":118388.59537782696},"point_estimate":117024.38755076105,"standard_error":680.2648889267383},"StdDev":{"confidence_interval":{"confidence_level":0.95,"lower_bound":4388.958720445099,"upper_bound":5418.975480597977},"point_estimate":4927.114195411183,"standard_error":262.63397257470316}}