{"Mean":{"confidence_interval":{"confidence_level":0.95,"lower_bound":-0.0028932384556946578,"upper_bound":-0.00046777037175146154},"point_estimate":-0.0016633052970161933,"standard_error":0.0006125089803864349},"Median":{"confidence_interval":{"confidence_level":0.95,"lower_bound":-0.0026829305558787386,"upper_bound":-0.0008363285263739417},"point_estimate":-0.001565659872397429,"standard_error":0.0004943453686599099}}