{"Mean":{"confidence_interval":{"confidence_level":0.95,"lower_bound":0.00032691673774105657,"upper_bound":0.0020936260265846165},"point_estimate":0.001184225179788001,"standard_error":0.0004546125527490745},"Median":{"confidence_interval":{"confidence_level":0.95,"lower_bound":-0.00030064328682603543,"upper_bound":0.00011956246889788247},"point_estimate":-0.00010489409941627503,"standard_error":0.000166070125568556}}