{"Mean":{"confidence_interval":{"confidence_level":0.95,"lower_bound":379710.3115712032,"upper_bound":379934.898553555},"point_estimate":379811.3170539242,"standard_error":57.72264577626132},"Median":{"confidence_interval":{"confidence_level":0.95,"lower_bound":379611.25177304967,"upper_bound":379736.0342261905},"point_estimate":379664.76247987119,"standard_error":33.5844127944886},"MedianAbsDev":{"confidence_interval":{"confidence_level":0.95,"lower_bound":167.21649816762767,"upper_bound":311.68413130862248},"point_estimate":214.1988940695502,"standard_error":36.60484347269177},"Slope":{"confidence_interval":{"confidence_level":0.95,"lower_bound":379546.4779872722,"upper_bound":379654.1550358417},"point_estimate":379599.1311817152,"standard_error":27.467381438783165},"StdDev":{"confidence_interval":{"confidence_level":0.95,"lower_bound":307.35564737480208,"upper_bound":841.1506968241143},"point_estimate":579.9757415103243,"standard_error":143.516536885749}}