{"Mean":{"confidence_interval":{"confidence_level":0.95,"lower_bound":2382904.28434953,"upper_bound":2410348.422924773},"point_estimate":2395858.3664485907,"standard_error":7039.360239271974},"Median":{"confidence_interval":{"confidence_level":0.95,"lower_bound":2366753.1818181818,"upper_bound":2368381.4133333337},"point_estimate":2367618.984848485,"standard_error":420.69769960915689},"MedianAbsDev":{"confidence_interval":{"confidence_level":0.95,"lower_bound":2731.1945683422607,"upper_bound":5240.038120179806},"point_estimate":3943.644014751386,"standard_error":674.8816450910148},"Slope":{"confidence_interval":{"confidence_level":0.95,"lower_bound":2382400.7086176935,"upper_bound":2415247.11996542},"point_estimate":2397406.167675484,"standard_error":8408.58566558692},"StdDev":{"confidence_interval":{"confidence_level":0.95,"lower_bound":52912.486693462095,"upper_bound":84319.83060551863},"point_estimate":70860.10523657226,"standard_error":8019.812959843616}}