{"Mean":{"confidence_interval":{"confidence_level":0.95,"lower_bound":14530370.43364463,"upper_bound":14567090.695126882},"point_estimate":14548286.92518902,"standard_error":9337.44421068022},"Median":{"confidence_interval":{"confidence_level":0.95,"lower_bound":14497940.44329897,"upper_bound":14562428.531914894},"point_estimate":14533541.347368421,"standard_error":17224.276396872086},"MedianAbsDev":{"confidence_interval":{"confidence_level":0.95,"lower_bound":68873.51107725069,"upper_bound":123356.25556526466},"point_estimate":89654.87618269921,"standard_error":15140.63086103493},"Slope":{"confidence_interval":{"confidence_level":0.95,"lower_bound":14540406.831129628,"upper_bound":14578345.816930185},"point_estimate":14558840.294901729,"standard_error":9680.240125454038},"StdDev":{"confidence_interval":{"confidence_level":0.95,"lower_bound":78628.14237794065,"upper_bound":108466.53700162254},"point_estimate":93554.92193904968,"standard_error":7659.373461001026}}