{"Mean":{"confidence_interval":{"confidence_level":0.95,"lower_bound":4974026.147027457,"upper_bound":5043906.722416751},"point_estimate":5006323.854285207,"standard_error":17920.68690665467},"Median":{"confidence_interval":{"confidence_level":0.95,"lower_bound":4938875.271875,"upper_bound":4949288.384615385},"point_estimate":4943262.310790273,"standard_error":2446.386905760562},"MedianAbsDev":{"confidence_interval":{"confidence_level":0.95,"lower_bound":7192.251245498538,"upper_bound":19242.005641485328},"point_estimate":12186.73938927539,"standard_error":3026.333386580777},"Slope":{"confidence_interval":{"confidence_level":0.95,"lower_bound":4959901.605098776,"upper_bound":5084761.720563536},"point_estimate":5016927.742184129,"standard_error":32003.804649990267},"StdDev":{"confidence_interval":{"confidence_level":0.95,"lower_bound":112556.20455862055,"upper_bound":232696.20166294953},"point_estimate":180654.62750415249,"standard_error":30939.75906014464}}