{"Mean":{"confidence_interval":{"confidence_level":0.95,"lower_bound":0.24312990035127345,"upper_bound":0.29886513067818329},"point_estimate":0.27090565098740107,"standard_error":0.014052756892943903},"Median":{"confidence_interval":{"confidence_level":0.95,"lower_bound":0.2342975382871917,"upper_bound":0.25366649589282},"point_estimate":0.24585498163148279,"standard_error":0.005695347232491212}}