{"Mean":{"confidence_interval":{"confidence_level":0.95,"lower_bound":3958586.9598324017,"upper_bound":4009399.4006658045},"point_estimate":3983834.3213016896,"standard_error":12972.134038886586},"Median":{"confidence_interval":{"confidence_level":0.95,"lower_bound":3975570.6274509804,"upper_bound":3996213.758445946},"point_estimate":3985348.708333333,"standard_error":5746.670735440315},"MedianAbsDev":{"confidence_interval":{"confidence_level":0.95,"lower_bound":40037.000285712646,"upper_bound":80610.43297762759},"point_estimate":57816.42792423635,"standard_error":10444.774102301153},"Slope":{"confidence_interval":{"confidence_level":0.95,"lower_bound":4000441.392574671,"upper_bound":4024445.452854479},"point_estimate":4011674.2293453526,"standard_error":6134.694672320548},"StdDev":{"confidence_interval":{"confidence_level":0.95,"lower_bound":104926.88105348667,"upper_bound":153393.5550936492},"point_estimate":130886.60622577512,"standard_error":12340.424767373297}}