{"Mean":{"confidence_interval":{"confidence_level":0.95,"lower_bound":40659.54694710042,"upper_bound":40880.96589872987},"point_estimate":40765.01181042245,"standard_error":56.41170142771552},"Median":{"confidence_interval":{"confidence_level":0.95,"lower_bound":40494.84837209302,"upper_bound":40564.09955555556},"point_estimate":40517.55279761905,"standard_error":16.546569097656137},"MedianAbsDev":{"confidence_interval":{"confidence_level":0.95,"lower_bound":68.0487494822971,"upper_bound":156.13475973714623},"point_estimate":100.01816187247103,"standard_error":20.29237734280353},"Slope":{"confidence_interval":{"confidence_level":0.95,"lower_bound":40592.21468543481,"upper_bound":40966.64502609168},"point_estimate":40770.78418395153,"standard_error":95.84445534930862},"StdDev":{"confidence_interval":{"confidence_level":0.95,"lower_bound":441.532427796544,"upper_bound":664.4319211016776},"point_estimate":567.5744201008753,"standard_error":57.09611005337111}}