{"Mean":{"confidence_interval":{"confidence_level":0.95,"lower_bound":14646323.750428902,"upper_bound":14702508.492253222},"point_estimate":14674128.331162043,"standard_error":14286.910060461349},"Median":{"confidence_interval":{"confidence_level":0.95,"lower_bound":14650377.359550562,"upper_bound":14709236.90140845},"point_estimate":14681404.680995476,"standard_error":14948.707016174587},"MedianAbsDev":{"confidence_interval":{"confidence_level":0.95,"lower_bound":67752.49220624383,"upper_bound":105274.90796340832},"point_estimate":87893.03773055831,"standard_error":10263.366617974218},"Slope":{"confidence_interval":{"confidence_level":0.95,"lower_bound":14690785.386089599,"upper_bound":14783944.22017205},"point_estimate":14733394.424291416,"standard_error":23878.55376123732},"StdDev":{"confidence_interval":{"confidence_level":0.95,"lower_bound":101390.48121021917,"upper_bound":182081.07546362238},"point_estimate":143362.8477535194,"standard_error":20678.83169541593}}