{"Mean":{"confidence_interval":{"confidence_level":0.95,"lower_bound":152882.42148141683,"upper_bound":158515.15811319219},"point_estimate":155554.60919934393,"standard_error":1441.2274479717535},"Median":{"confidence_interval":{"confidence_level":0.95,"lower_bound":149430.45189504373,"upper_bound":149539.29142857143},"point_estimate":149494.1919642857,"standard_error":27.40342712114063},"MedianAbsDev":{"confidence_interval":{"confidence_level":0.95,"lower_bound":82.67437019394134,"upper_bound":215.95507770448908},"point_estimate":143.2854356239727,"standard_error":34.36498598934907},"Slope":{"confidence_interval":{"confidence_level":0.95,"lower_bound":158697.3433784613,"upper_bound":169781.3139860527},"point_estimate":164457.88138656083,"standard_error":2836.251316874671},"StdDev":{"confidence_interval":{"confidence_level":0.95,"lower_bound":11009.313626433677,"upper_bound":16901.42315418574},"point_estimate":14414.08710671988,"standard_error":1495.5488661114749}}