{"Mean":{"confidence_interval":{"confidence_level":0.95,"lower_bound":27638.227543117384,"upper_bound":28877.757216276732},"point_estimate":28235.218809675072,"standard_error":316.872454370982},"Median":{"confidence_interval":{"confidence_level":0.95,"lower_bound":26353.884003378378,"upper_bound":26404.45608108108},"point_estimate":26374.333157833156,"standard_error":13.371101039988695},"MedianAbsDev":{"confidence_interval":{"confidence_level":0.95,"lower_bound":72.94623130111178,"upper_bound":147.60420447409624},"point_estimate":103.83040874704159,"standard_error":19.021746360336114},"Slope":{"confidence_interval":{"confidence_level":0.95,"lower_bound":28245.044607779375,"upper_bound":30050.7233216658},"point_estimate":29114.066713901724,"standard_error":461.3311801129615},"StdDev":{"confidence_interval":{"confidence_level":0.95,"lower_bound":2752.025660905576,"upper_bound":3464.7897989614118},"point_estimate":3184.4471406067129,"standard_error":179.7113512937474}}