{"Mean":{"confidence_interval":{"confidence_level":0.95,"lower_bound":0.00409983600331385,"upper_bound":0.007313165844144356},"point_estimate":0.005720163663879063,"standard_error":0.000817351275781747},"Median":{"confidence_interval":{"confidence_level":0.95,"lower_bound":0.0040179146909136939,"upper_bound":0.005713453533618644},"point_estimate":0.004870989533060532,"standard_error":0.00042408205276785486}}