{"Mean":{"confidence_interval":{"confidence_level":0.95,"lower_bound":14244533.112337606,"upper_bound":14294116.475302244},"point_estimate":14268397.910061587,"standard_error":12685.491633538652},"Median":{"confidence_interval":{"confidence_level":0.95,"lower_bound":14209824.680851065,"upper_bound":14272065.92524917},"point_estimate":14250960.422604423,"standard_error":14579.25402308306},"MedianAbsDev":{"confidence_interval":{"confidence_level":0.95,"lower_bound":75065.55214242036,"upper_bound":139672.80504987914},"point_estimate":98687.6073998838,"standard_error":17331.008178678483},"Slope":{"confidence_interval":{"confidence_level":0.95,"lower_bound":14237659.393672687,"upper_bound":14295322.070764522},"point_estimate":14265293.766425299,"standard_error":14746.3210283332},"StdDev":{"confidence_interval":{"confidence_level":0.95,"lower_bound":96898.9387722665,"upper_bound":156682.281483199},"point_estimate":127815.59349436245,"standard_error":15379.807915105806}}