{"Mean":{"confidence_interval":{"confidence_level":0.95,"lower_bound":552.7084259346121,"upper_bound":553.3309545701387},"point_estimate":552.9963051929923,"standard_error":0.15982508399625143},"Median":{"confidence_interval":{"confidence_level":0.95,"lower_bound":552.2675811959025,"upper_bound":552.6847137298499},"point_estimate":552.5425223239681,"standard_error":0.10650191802657493},"MedianAbsDev":{"confidence_interval":{"confidence_level":0.95,"lower_bound":0.5070255195842498,"upper_bound":0.9856289059928509},"point_estimate":0.7346903843449041,"standard_error":0.11676223205759609},"Slope":{"confidence_interval":{"confidence_level":0.95,"lower_bound":552.2464600177391,"upper_bound":552.5958620163011},"point_estimate":552.4138464935408,"standard_error":0.08941158514046074},"StdDev":{"confidence_interval":{"confidence_level":0.95,"lower_bound":1.0330446418675792,"upper_bound":2.181551980504497},"point_estimate":1.6067567382742379,"standard_error":0.3039865258360755}}