{"Mean":{"confidence_interval":{"confidence_level":0.95,"lower_bound":12014.27950349997,"upper_bound":12348.03861647656},"point_estimate":12169.800840269656,"standard_error":85.69981539073302},"Median":{"confidence_interval":{"confidence_level":0.95,"lower_bound":11860.124250499666,"upper_bound":11881.78747139588},"point_estimate":11870.028070175438,"standard_error":7.011827105326557},"MedianAbsDev":{"confidence_interval":{"confidence_level":0.95,"lower_bound":19.698950383052624,"upper_bound":38.85119737013917},"point_estimate":30.930287221395884,"standard_error":5.3389011764198879},"Slope":{"confidence_interval":{"confidence_level":0.95,"lower_bound":12015.530517681025,"upper_bound":12389.967978754596},"point_estimate":12184.494883918085,"standard_error":96.04186524205928},"StdDev":{"confidence_interval":{"confidence_level":0.95,"lower_bound":603.8439746905814,"upper_bound":1056.4653857752033},"point_estimate":862.2787716937952,"standard_error":115.47275051262581}}