{"Mean":{"confidence_interval":{"confidence_level":0.95,"lower_bound":71290728.65825115,"upper_bound":77551824.06982322},"point_estimate":74410456.3447806,"standard_error":1598359.1824269274},"Median":{"confidence_interval":{"confidence_level":0.95,"lower_bound":69410081.02061856,"upper_bound":78288711.32876712},"point_estimate":73320674.41666666,"standard_error":2338119.5217515958},"MedianAbsDev":{"confidence_interval":{"confidence_level":0.95,"lower_bound":12889572.326692898,"upper_bound":22157332.43153729},"point_estimate":16423033.647782522,"standard_error":2385417.2685883396},"Slope":{"confidence_interval":{"confidence_level":0.95,"lower_bound":75861716.17899573,"upper_bound":80699877.34373403},"point_estimate":78119316.45230975,"standard_error":1233105.6972951175},"StdDev":{"confidence_interval":{"confidence_level":0.95,"lower_bound":14350059.106297994,"upper_bound":17779788.490726845},"point_estimate":16181580.977043588,"standard_error":879412.0900628346}}