{"Mean":{"confidence_interval":{"confidence_level":0.95,"lower_bound":81462740.69487831,"upper_bound":82111534.6260282},"point_estimate":81782859.73821937,"standard_error":165193.0308159062},"Median":{"confidence_interval":{"confidence_level":0.95,"lower_bound":81358835.52,"upper_bound":82065899.42857144},"point_estimate":81702436.32021277,"standard_error":187648.8337999915},"MedianAbsDev":{"confidence_interval":{"confidence_level":0.95,"lower_bound":1067354.7854890943,"upper_bound":1836201.501174203},"point_estimate":1428403.909607398,"standard_error":193999.9575039484},"Slope":{"confidence_interval":{"confidence_level":0.95,"lower_bound":81223792.19011726,"upper_bound":81779047.13593772},"point_estimate":81501678.78067976,"standard_error":141056.76756459857},"StdDev":{"confidence_interval":{"confidence_level":0.95,"lower_bound":1340366.241194023,"upper_bound":1997062.2359804228},"point_estimate":1661002.156431762,"standard_error":170157.2646068336}}