{"Mean":{"confidence_interval":{"confidence_level":0.95,"lower_bound":40582.64372423192,"upper_bound":40653.0771247224},"point_estimate":40613.17872138703,"standard_error":18.138215677601889},"Median":{"confidence_interval":{"confidence_level":0.95,"lower_bound":40560.52912280702,"upper_bound":40593.74989010989},"point_estimate":40579.016402439025,"standard_error":8.217958611668309},"MedianAbsDev":{"confidence_interval":{"confidence_level":0.95,"lower_bound":45.503839791517219,"upper_bound":85.31031014707856},"point_estimate":65.35236753742223,"standard_error":10.117857695703755},"Slope":{"confidence_interval":{"confidence_level":0.95,"lower_bound":40544.76847884758,"upper_bound":40566.328124315674},"point_estimate":40555.3953484853,"standard_error":5.496253516367868},"StdDev":{"confidence_interval":{"confidence_level":0.95,"lower_bound":82.96094291420838,"upper_bound":276.56361481455539},"point_estimate":181.81704724380007,"standard_error":55.13005596706933}}