{"Mean":{"confidence_interval":{"confidence_level":0.95,"lower_bound":49125342.951458219,"upper_bound":49164759.39420773},"point_estimate":49144496.15200492,"standard_error":10061.840449314815},"Median":{"confidence_interval":{"confidence_level":0.95,"lower_bound":49131845.41975309,"upper_bound":49183867.156028378},"point_estimate":49173807.382048878,"standard_error":12531.403192990738},"MedianAbsDev":{"confidence_interval":{"confidence_level":0.95,"lower_bound":43100.102318539306,"upper_bound":110028.62650664637},"point_estimate":83946.8899699097,"standard_error":15478.264425860842},"Slope":{"confidence_interval":{"confidence_level":0.95,"lower_bound":49071592.301241528,"upper_bound":49109034.00265822},"point_estimate":49089820.55478942,"standard_error":9565.97814882984},"StdDev":{"confidence_interval":{"confidence_level":0.95,"lower_bound":79187.88299808411,"upper_bound":127428.87942627126},"point_estimate":101026.62648485776,"standard_error":12993.535320215651}}