{"Mean":{"confidence_interval":{"confidence_level":0.95,"lower_bound":372535.8551224416,"upper_bound":375251.63345829999},"point_estimate":373852.07790310875,"standard_error":695.2147671079609},"Median":{"confidence_interval":{"confidence_level":0.95,"lower_bound":369988.88536367696,"upper_bound":370211.75268817206},"point_estimate":370030.8099219621,"standard_error":55.51875872138396},"MedianAbsDev":{"confidence_interval":{"confidence_level":0.95,"lower_bound":277.7169876130572,"upper_bound":652.2192064353501},"point_estimate":391.11044110237369,"standard_error":92.6145213652727},"Slope":{"confidence_interval":{"confidence_level":0.95,"lower_bound":373452.3511184229,"upper_bound":377467.92797323447},"point_estimate":375364.8283680607,"standard_error":1026.9940239388803},"StdDev":{"confidence_interval":{"confidence_level":0.95,"lower_bound":5845.9942987395929,"upper_bound":7798.2873932517709},"point_estimate":7002.741051533403,"standard_error":493.4179474184561}}