{"Mean":{"confidence_interval":{"confidence_level":0.95,"lower_bound":2437702.08968619,"upper_bound":2441934.5544475105},"point_estimate":2439452.02194073,"standard_error":1109.2045507239093},"Median":{"confidence_interval":{"confidence_level":0.95,"lower_bound":2436915.717391304,"upper_bound":2437318.210526316},"point_estimate":2437072.7472041009,"standard_error":109.25643863492322},"MedianAbsDev":{"confidence_interval":{"confidence_level":0.95,"lower_bound":978.4827920284596,"upper_bound":1756.9730470350656},"point_estimate":1378.7146837214087,"standard_error":191.88877592045015},"Slope":{"confidence_interval":{"confidence_level":0.95,"lower_bound":2436462.0693569986,"upper_bound":2437231.75783792},"point_estimate":2436789.9454145117,"standard_error":197.21357848225547},"StdDev":{"confidence_interval":{"confidence_level":0.95,"lower_bound":2704.539660201565,"upper_bound":17930.720737394186},"point_estimate":11194.011655883867,"standard_error":4290.934160840336}}