{"Mean":{"confidence_interval":{"confidence_level":0.95,"lower_bound":1797483.665757527,"upper_bound":1830140.6218680216},"point_estimate":1814378.8852728934,"standard_error":8345.857596302052},"Median":{"confidence_interval":{"confidence_level":0.95,"lower_bound":1853906.9697802198,"upper_bound":1855886.971830986},"point_estimate":1854840.7730295975,"standard_error":545.4180448297597},"MedianAbsDev":{"confidence_interval":{"confidence_level":0.95,"lower_bound":3382.635096034259,"upper_bound":6926.456978793519},"point_estimate":5217.92924516804,"standard_error":889.6879780249326},"Slope":{"confidence_interval":{"confidence_level":0.95,"lower_bound":1806111.1503140289,"upper_bound":1835657.4878026727},"point_estimate":1822391.9607241024,"standard_error":7563.236481516171},"StdDev":{"confidence_interval":{"confidence_level":0.95,"lower_bound":69946.75538852856,"upper_bound":93717.30883829095},"point_estimate":83891.7452797702,"standard_error":6056.579711077012}}