{"Mean":{"confidence_interval":{"confidence_level":0.95,"lower_bound":0.011940584595212974,"upper_bound":0.03526753845012742},"point_estimate":0.023257698591480526,"standard_error":0.006064153250493038},"Median":{"confidence_interval":{"confidence_level":0.95,"lower_bound":0.0017486042731125196,"upper_bound":0.0029056633372068765},"point_estimate":0.0022864095942223274,"standard_error":0.00029002204401296734}}