{"Mean":{"confidence_interval":{"confidence_level":0.95,"lower_bound":6678453.884481166,"upper_bound":6743467.55419729},"point_estimate":6710981.229831108,"standard_error":16585.854437887912},"Median":{"confidence_interval":{"confidence_level":0.95,"lower_bound":6671097.300000001,"upper_bound":6712519.487721417},"point_estimate":6687707.828154604,"standard_error":9659.111032012734},"MedianAbsDev":{"confidence_interval":{"confidence_level":0.95,"lower_bound":75043.03912182187,"upper_bound":144901.2451590675},"point_estimate":113515.16467267624,"standard_error":17374.559057446753},"Slope":{"confidence_interval":{"confidence_level":0.95,"lower_bound":6688390.469468056,"upper_bound":6761174.122760445},"point_estimate":6723454.306082459,"standard_error":18581.03417897507},"StdDev":{"confidence_interval":{"confidence_level":0.95,"lower_bound":124247.13273254254,"upper_bound":206112.9175966459},"point_estimate":167110.14495764767,"standard_error":21028.661288947926}}