{"Mean":{"confidence_interval":{"confidence_level":0.95,"lower_bound":56041.4485501341,"upper_bound":58507.77703150893},"point_estimate":57275.837358516976,"standard_error":630.2055418275519},"Median":{"confidence_interval":{"confidence_level":0.95,"lower_bound":50715.07600430416,"upper_bound":63299.879213483146},"point_estimate":63288.99497755332,"standard_error":5407.542352758113},"MedianAbsDev":{"confidence_interval":{"confidence_level":0.95,"lower_bound":41.91388922182326,"upper_bound":8401.925926736001},"point_estimate":636.9323949716453,"standard_error":2423.596739873045},"Slope":{"confidence_interval":{"confidence_level":0.95,"lower_bound":55451.81192033433,"upper_bound":58660.98351327276},"point_estimate":57154.98934609132,"standard_error":816.81988437905},"StdDev":{"confidence_interval":{"confidence_level":0.95,"lower_bound":6107.986752327472,"upper_bound":6358.59475384258},"point_estimate":6300.760895103105,"standard_error":64.80990532777358}}