{"Mean":{"confidence_interval":{"confidence_level":0.95,"lower_bound":144325.81645655013,"upper_bound":146297.13241623104},"point_estimate":145228.76631524359,"standard_error":504.9576498954083},"Median":{"confidence_interval":{"confidence_level":0.95,"lower_bound":143412.1967062193,"upper_bound":143488.07415223667},"point_estimate":143454.07431722689,"standard_error":19.14718662218948},"MedianAbsDev":{"confidence_interval":{"confidence_level":0.95,"lower_bound":231.21498223414168,"upper_bound":467.38036932859179},"point_estimate":350.2316352777555,"standard_error":62.477744712766689},"Slope":{"confidence_interval":{"confidence_level":0.95,"lower_bound":143985.3124858284,"upper_bound":145795.62251333468},"point_estimate":144829.77845795774,"standard_error":465.0485305176138},"StdDev":{"confidence_interval":{"confidence_level":0.95,"lower_bound":3028.944120113913,"upper_bound":6760.330167952781},"point_estimate":5096.721636604581,"standard_error":952.2218777154579}}