{"Mean":{"confidence_interval":{"confidence_level":0.95,"lower_bound":5379331.683659359,"upper_bound":5593060.819908872},"point_estimate":5482325.465706225,"standard_error":54753.46062184451},"Median":{"confidence_interval":{"confidence_level":0.95,"lower_bound":5181695.5375,"upper_bound":5242747.831460674},"point_estimate":5203780.836979167,"standard_error":14597.899384873259},"MedianAbsDev":{"confidence_interval":{"confidence_level":0.95,"lower_bound":64164.13942157394,"upper_bound":147076.56286463169},"point_estimate":94987.63973190176,"standard_error":18698.981736311274},"Slope":{"confidence_interval":{"confidence_level":0.95,"lower_bound":5263054.134487176,"upper_bound":5519180.412387014},"point_estimate":5382031.230979755,"standard_error":65613.50479683295},"StdDev":{"confidence_interval":{"confidence_level":0.95,"lower_bound":446331.0573395298,"upper_bound":628563.0536486233},"point_estimate":549924.6664671184,"standard_error":46480.384640138655}}