{"Mean":{"confidence_interval":{"confidence_level":0.95,"lower_bound":-0.05876878838996873,"upper_bound":-0.0324692338842815},"point_estimate":-0.0459301020382219,"standard_error":0.006724901211459991},"Median":{"confidence_interval":{"confidence_level":0.95,"lower_bound":-0.11293020301889256,"upper_bound":-0.02362445379448952},"point_estimate":-0.054608868895080989,"standard_error":0.038117291912428758}}