{"Mean":{"confidence_interval":{"confidence_level":0.95,"lower_bound":175646.2072756073,"upper_bound":175770.59095641296},"point_estimate":175704.66103138339,"standard_error":31.76995065113573},"Median":{"confidence_interval":{"confidence_level":0.95,"lower_bound":175604.85321969697,"upper_bound":175700.4239130435},"point_estimate":175649.57752659574,"standard_error":24.90458608421222},"MedianAbsDev":{"confidence_interval":{"confidence_level":0.95,"lower_bound":152.38243032634305,"upper_bound":241.80199090672265},"point_estimate":199.66341520526684,"standard_error":23.126831326664119},"Slope":{"confidence_interval":{"confidence_level":0.95,"lower_bound":175528.71770090826,"upper_bound":175606.8903123079},"point_estimate":175567.1477252352,"standard_error":19.94533310378723},"StdDev":{"confidence_interval":{"confidence_level":0.95,"lower_bound":209.86384795925299,"upper_bound":415.31321464885726},"point_estimate":318.8112243076799,"standard_error":52.49868479486047}}