{"Mean":{"confidence_interval":{"confidence_level":0.95,"lower_bound":778.3840164764031,"upper_bound":799.4833140839443},"point_estimate":788.0319732627379,"standard_error":5.403780816761661},"Median":{"confidence_interval":{"confidence_level":0.95,"lower_bound":771.9224289854077,"upper_bound":772.396089625382},"point_estimate":772.136320189783,"standard_error":0.13031417188155904},"MedianAbsDev":{"confidence_interval":{"confidence_level":0.95,"lower_bound":0.4187356201078306,"upper_bound":0.9907601195911362},"point_estimate":0.6295545371210147,"standard_error":0.15835334935433025},"Slope":{"confidence_interval":{"confidence_level":0.95,"lower_bound":777.4920752884964,"upper_bound":798.9466987383775},"point_estimate":786.9129205427,"standard_error":5.509905727024911},"StdDev":{"confidence_interval":{"confidence_level":0.95,"lower_bound":32.99499839362835,"upper_bound":69.89994347957857},"point_estimate":54.14442755312402,"standard_error":9.493083329246059}}