{"Mean":{"confidence_interval":{"confidence_level":0.95,"lower_bound":72506.68382005787,"upper_bound":73447.91412340447},"point_estimate":72963.38145029007,"standard_error":240.4573964463455},"Median":{"confidence_interval":{"confidence_level":0.95,"lower_bound":71851.23333333334,"upper_bound":72810.64539034412},"point_estimate":72468.72344086023,"standard_error":229.80416569430168},"MedianAbsDev":{"confidence_interval":{"confidence_level":0.95,"lower_bound":1229.0569860915519,"upper_bound":1980.7843425978934},"point_estimate":1659.2675849259466,"standard_error":184.70577070879308},"Slope":{"confidence_interval":{"confidence_level":0.95,"lower_bound":72678.52964553013,"upper_bound":74147.39046997168},"point_estimate":73432.99595290872,"standard_error":375.5613129334507},"StdDev":{"confidence_interval":{"confidence_level":0.95,"lower_bound":1961.8706290927729,"upper_bound":2814.4108371726244},"point_estimate":2421.230566940708,"standard_error":218.15825813651677}}