{"Mean":{"confidence_interval":{"confidence_level":0.95,"lower_bound":13774998.392531148,"upper_bound":13830419.634694122},"point_estimate":13802495.167952549,"standard_error":14173.514544701755},"Median":{"confidence_interval":{"confidence_level":0.95,"lower_bound":13772718.086472603,"upper_bound":13836112.075757577},"point_estimate":13810555.278846154,"standard_error":18506.461875770237},"MedianAbsDev":{"confidence_interval":{"confidence_level":0.95,"lower_bound":95664.82919494332,"upper_bound":170070.75641884394},"point_estimate":131926.48084507165,"standard_error":18794.406558894716},"Slope":{"confidence_interval":{"confidence_level":0.95,"lower_bound":13762677.961167034,"upper_bound":13833758.403173507},"point_estimate":13798066.574523423,"standard_error":18129.95432892106},"StdDev":{"confidence_interval":{"confidence_level":0.95,"lower_bound":112502.78740822523,"upper_bound":172767.93464971847},"point_estimate":142500.88498587247,"standard_error":15527.480617739513}}