{"Mean":{"confidence_interval":{"confidence_level":0.95,"lower_bound":15821011.443479883,"upper_bound":15992964.183736213},"point_estimate":15895657.264685153,"standard_error":44255.57105128497},"Median":{"confidence_interval":{"confidence_level":0.95,"lower_bound":15795342.96754564,"upper_bound":15815706.4},"point_estimate":15806487.473562152,"standard_error":4865.620550599143},"MedianAbsDev":{"confidence_interval":{"confidence_level":0.95,"lower_bound":28619.412960351863,"upper_bound":43799.35604493132},"point_estimate":35055.49029263006,"standard_error":3779.717404056332},"Slope":{"confidence_interval":{"confidence_level":0.95,"lower_bound":15797466.944764268,"upper_bound":16029881.276080825},"point_estimate":15886302.170385696,"standard_error":62334.819835818525},"StdDev":{"confidence_interval":{"confidence_level":0.95,"lower_bound":104436.25788721681,"upper_bound":659061.2531595928},"point_estimate":443034.4125444376,"standard_error":137003.90854395444}}