{"Mean":{"confidence_interval":{"confidence_level":0.95,"lower_bound":47875137.92343399,"upper_bound":48248452.07348464},"point_estimate":48063206.99190896,"standard_error":95166.85020206527},"Median":{"confidence_interval":{"confidence_level":0.95,"lower_bound":47879293.62040619,"upper_bound":48158533.587628867},"point_estimate":47946806.85565476,"standard_error":67494.76477714957},"MedianAbsDev":{"confidence_interval":{"confidence_level":0.95,"lower_bound":402902.21116221239,"upper_bound":774991.7282515932},"point_estimate":588255.2319211189,"standard_error":90937.36387928554},"Slope":{"confidence_interval":{"confidence_level":0.95,"lower_bound":47956789.58865135,"upper_bound":48392755.549668397},"point_estimate":48174682.840676818,"standard_error":111086.04678334407},"StdDev":{"confidence_interval":{"confidence_level":0.95,"lower_bound":745013.9004141502,"upper_bound":1149931.477199473},"point_estimate":952897.1319149888,"standard_error":103515.92341310815}}