{"Mean":{"confidence_interval":{"confidence_level":0.95,"lower_bound":116.45165258413566,"upper_bound":122.54920468057625},"point_estimate":119.46696701239988,"standard_error":1.5818027307398817},"Median":{"confidence_interval":{"confidence_level":0.95,"lower_bound":107.81935901763696,"upper_bound":108.24694317463858},"point_estimate":107.89074060887595,"standard_error":0.9300834743434918},"MedianAbsDev":{"confidence_interval":{"confidence_level":0.95,"lower_bound":0.23106548823484525,"upper_bound":0.8874337016170877},"point_estimate":0.3591687258752562,"standard_error":0.6361985239690899},"Slope":{"confidence_interval":{"confidence_level":0.95,"lower_bound":118.94225540390703,"upper_bound":127.56876701452738},"point_estimate":123.15290353389207,"standard_error":2.20908661049009},"StdDev":{"confidence_interval":{"confidence_level":0.95,"lower_bound":14.584844437319619,"upper_bound":16.587257538699196},"point_estimate":15.90708163048354,"standard_error":0.5236224219478909}}