{"Mean":{"confidence_interval":{"confidence_level":0.95,"lower_bound":18964341.383259417,"upper_bound":18979067.23822347},"point_estimate":18971490.750877497,"standard_error":3746.8496678417616},"Median":{"confidence_interval":{"confidence_level":0.95,"lower_bound":18971057.15555986,"upper_bound":18976533.19047619},"point_estimate":18973303.905364485,"standard_error":1444.4755404449746},"MedianAbsDev":{"confidence_interval":{"confidence_level":0.95,"lower_bound":15133.200646432679,"upper_bound":30654.264589781345},"point_estimate":22035.584353109673,"standard_error":4257.394033327714},"Slope":{"confidence_interval":{"confidence_level":0.95,"lower_bound":18947564.173409545,"upper_bound":18964532.317096514},"point_estimate":18956101.77552239,"standard_error":4341.985420459426},"StdDev":{"confidence_interval":{"confidence_level":0.95,"lower_bound":27347.47607744634,"upper_bound":49378.082266198115},"point_estimate":37630.31232579689,"standard_error":5889.814655898357}}