{"Mean":{"confidence_interval":{"confidence_level":0.95,"lower_bound":449640.0695977416,"upper_bound":465447.58379310378},"point_estimate":457530.8948747607,"standard_error":4037.424045754415},"Median":{"confidence_interval":{"confidence_level":0.95,"lower_bound":417314.0487804878,"upper_bound":497290.26754385969},"point_estimate":449035.78630146957,"standard_error":35843.96594670256},"MedianAbsDev":{"confidence_interval":{"confidence_level":0.95,"lower_bound":1513.6723715904344,"upper_bound":59893.07127358748},"point_estimate":49031.181959603324,"standard_error":16029.831583678426},"Slope":{"confidence_interval":{"confidence_level":0.95,"lower_bound":433839.0580746965,"upper_bound":452044.9042740221},"point_estimate":442381.02984680558,"standard_error":4646.483255102447},"StdDev":{"confidence_interval":{"confidence_level":0.95,"lower_bound":39489.40345048291,"upper_bound":41079.45433766117},"point_estimate":40656.801600205225,"standard_error":405.79891987341389}}