{"Mean":{"confidence_interval":{"confidence_level":0.95,"lower_bound":22199.425871037147,"upper_bound":22509.611286738396},"point_estimate":22350.815846386038,"standard_error":79.30351983334906},"Median":{"confidence_interval":{"confidence_level":0.95,"lower_bound":21912.18472222222,"upper_bound":22273.46941323346},"point_estimate":22106.680067155066,"standard_error":113.26003682284886},"MedianAbsDev":{"confidence_interval":{"confidence_level":0.95,"lower_bound":413.6656097247752,"upper_bound":944.6657126015398},"point_estimate":679.0480815502526,"standard_error":161.42911956044103},"Slope":{"confidence_interval":{"confidence_level":0.95,"lower_bound":22426.103577212936,"upper_bound":22810.18490647783},"point_estimate":22621.282561368076,"standard_error":98.31453855918068},"StdDev":{"confidence_interval":{"confidence_level":0.95,"lower_bound":637.9292634870491,"upper_bound":974.2161217804805},"point_estimate":798.6791701664719,"standard_error":88.11856004187757}}