{"Mean":{"confidence_interval":{"confidence_level":0.95,"lower_bound":53847716.41241776,"upper_bound":54418750.29598238},"point_estimate":54135440.19888277,"standard_error":145375.67143564326},"Median":{"confidence_interval":{"confidence_level":0.95,"lower_bound":54049638.303030308,"upper_bound":54602791.333333339},"point_estimate":54273006.27070932,"standard_error":133648.60327532565},"MedianAbsDev":{"confidence_interval":{"confidence_level":0.95,"lower_bound":921277.3180796423,"upper_bound":1472429.7575582199},"point_estimate":1165589.236516655,"standard_error":136960.4635728211},"Slope":{"confidence_interval":{"confidence_level":0.95,"lower_bound":54023652.256909128,"upper_bound":54783507.58993605},"point_estimate":54389966.39042412,"standard_error":194013.99593923824},"StdDev":{"confidence_interval":{"confidence_level":0.95,"lower_bound":1157668.2462226765,"upper_bound":1742836.9505206405},"point_estimate":1457325.0012979098,"standard_error":150117.8634726384}}