{"Mean":{"confidence_interval":{"confidence_level":0.95,"lower_bound":14234160.765185565,"upper_bound":14237575.092443508},"point_estimate":14235798.462590505,"standard_error":870.5290107449412},"Median":{"confidence_interval":{"confidence_level":0.95,"lower_bound":14230347.584615386,"upper_bound":14234441.611111112},"point_estimate":14231978.509661835,"standard_error":1018.4156588973426},"MedianAbsDev":{"confidence_interval":{"confidence_level":0.95,"lower_bound":3125.8283738537595,"upper_bound":8488.095847034805},"point_estimate":5177.844139692375,"standard_error":1336.6079083337652},"Slope":{"confidence_interval":{"confidence_level":0.95,"lower_bound":14234088.397377696,"upper_bound":14237737.996610212},"point_estimate":14235870.80625979,"standard_error":931.7827769246635},"StdDev":{"confidence_interval":{"confidence_level":0.95,"lower_bound":7068.9628036818889,"upper_bound":10626.614256173387},"point_estimate":8727.508081303706,"standard_error":951.5393138105578}}