{"Mean":{"confidence_interval":{"confidence_level":0.95,"lower_bound":7598.639888780255,"upper_bound":7721.085151330069},"point_estimate":7658.1338761332649,"standard_error":31.32706236988981},"Median":{"confidence_interval":{"confidence_level":0.95,"lower_bound":7465.547714635755,"upper_bound":7513.91855497319},"point_estimate":7484.704935218362,"standard_error":11.498887338646624},"MedianAbsDev":{"confidence_interval":{"confidence_level":0.95,"lower_bound":55.96017170052833,"upper_bound":129.72013104106123},"point_estimate":92.00233880419967,"standard_error":19.57970850022572},"Slope":{"confidence_interval":{"confidence_level":0.95,"lower_bound":7626.443187625654,"upper_bound":7803.834541374129},"point_estimate":7711.342620440237,"standard_error":45.48218320538085},"StdDev":{"confidence_interval":{"confidence_level":0.95,"lower_bound":269.5484333890496,"upper_bound":349.2617665564826},"point_estimate":314.9621570217159,"standard_error":20.341493196575205}}