{"Mean":{"confidence_interval":{"confidence_level":0.95,"lower_bound":3936197.703723052,"upper_bound":4011363.6842698117},"point_estimate":3973715.2367829729,"standard_error":19087.67306104117},"Median":{"confidence_interval":{"confidence_level":0.95,"lower_bound":3938321.0477671,"upper_bound":4011445.9565217394},"point_estimate":3971890.552177177,"standard_error":18670.398517896003},"MedianAbsDev":{"confidence_interval":{"confidence_level":0.95,"lower_bound":107074.09455132739,"upper_bound":189827.73683365205},"point_estimate":148149.74953965803,"standard_error":21349.842684119296},"Slope":{"confidence_interval":{"confidence_level":0.95,"lower_bound":3936564.7967161086,"upper_bound":3985265.076434202},"point_estimate":3961094.8474153985,"standard_error":12370.487998976414},"StdDev":{"confidence_interval":{"confidence_level":0.95,"lower_bound":143698.83768915229,"upper_bound":236020.1808033863},"point_estimate":191651.75054448343,"standard_error":23639.495671077042}}