{"Mean":{"confidence_interval":{"confidence_level":0.95,"lower_bound":371340.4576399734,"upper_bound":377976.97292336789},"point_estimate":374624.84713495019,"standard_error":1685.9469391523433},"Median":{"confidence_interval":{"confidence_level":0.95,"lower_bound":362468.9837398374,"upper_bound":363300.55384615386},"point_estimate":362897.51565543076,"standard_error":1167.0543019149785},"MedianAbsDev":{"confidence_interval":{"confidence_level":0.95,"lower_bound":1153.61378507482,"upper_bound":3608.213066776815},"point_estimate":2509.682881992508,"standard_error":1044.2335087156067},"Slope":{"confidence_interval":{"confidence_level":0.95,"lower_bound":363023.6492067733,"upper_bound":364655.99949865709},"point_estimate":363722.3043150584,"standard_error":417.5381675234554},"StdDev":{"confidence_interval":{"confidence_level":0.95,"lower_bound":15470.69412198594,"upper_bound":17596.231950332625},"point_estimate":16865.466168934086,"standard_error":550.8742171851645}}