{"Mean":{"confidence_interval":{"confidence_level":0.95,"lower_bound":1212.990195613445,"upper_bound":1269.8995370259277},"point_estimate":1240.5882320681972,"standard_error":14.51144317819692},"Median":{"confidence_interval":{"confidence_level":0.95,"lower_bound":1156.8095794392523,"upper_bound":1162.595807230153},"point_estimate":1159.2836124091382,"standard_error":1.5588117237252375},"MedianAbsDev":{"confidence_interval":{"confidence_level":0.95,"lower_bound":7.8398286266718169,"upper_bound":18.987542874380844},"point_estimate":12.094368082441373,"standard_error":2.837914399315216},"Slope":{"confidence_interval":{"confidence_level":0.95,"lower_bound":1225.2841350809954,"upper_bound":1304.156294768044},"point_estimate":1262.8722062538239,"standard_error":20.18869702882528},"StdDev":{"confidence_interval":{"confidence_level":0.95,"lower_bound":125.71373184330685,"upper_bound":159.75454650261205},"point_estimate":145.90341985478018,"standard_error":8.753109205398621}}