{"Mean":{"confidence_interval":{"confidence_level":0.95,"lower_bound":24578.732006535698,"upper_bound":24634.425857979288},"point_estimate":24605.112285450115,"standard_error":14.242205775355979},"Median":{"confidence_interval":{"confidence_level":0.95,"lower_bound":24532.602977667495,"upper_bound":24559.971130318954},"point_estimate":24545.066845557543,"standard_error":6.6098535189554969},"MedianAbsDev":{"confidence_interval":{"confidence_level":0.95,"lower_bound":36.27695594936141,"upper_bound":76.02350534513431},"point_estimate":53.82598301045764,"standard_error":9.933415822882948},"Slope":{"confidence_interval":{"confidence_level":0.95,"lower_bound":24553.053618624806,"upper_bound":24637.1155041792},"point_estimate":24592.01537264174,"standard_error":21.629698108357205},"StdDev":{"confidence_interval":{"confidence_level":0.95,"lower_bound":104.78836070410623,"upper_bound":178.0680221184314},"point_estimate":143.0583376694957,"standard_error":18.782013207420076}}