{"Mean":{"confidence_interval":{"confidence_level":0.95,"lower_bound":254477.16431415626,"upper_bound":255154.04478274624},"point_estimate":254794.18270717885,"standard_error":172.6713390025007},"Median":{"confidence_interval":{"confidence_level":0.95,"lower_bound":254106.25,"upper_bound":254556.05208333335},"point_estimate":254285.56348814228,"standard_error":118.1099557764421},"MedianAbsDev":{"confidence_interval":{"confidence_level":0.95,"lower_bound":591.2923043405856,"upper_bound":1026.9925190809025},"point_estimate":722.2369950695482,"standard_error":118.26888692799993},"Slope":{"confidence_interval":{"confidence_level":0.95,"lower_bound":254110.38068783293,"upper_bound":254618.85890868717},"point_estimate":254351.4826267179,"standard_error":130.1172863029789},"StdDev":{"confidence_interval":{"confidence_level":0.95,"lower_bound":1162.5656822881747,"upper_bound":2229.0982239921047},"point_estimate":1728.3367661256057,"standard_error":272.9331836213597}}