{"Mean":{"confidence_interval":{"confidence_level":0.95,"lower_bound":1178105.3145002919,"upper_bound":1218964.2847603944},"point_estimate":1197876.7083426186,"standard_error":10401.419520249668},"Median":{"confidence_interval":{"confidence_level":0.95,"lower_bound":1128760.2087912088,"upper_bound":1132202.3030303033},"point_estimate":1129356.1074702887,"standard_error":3131.8520448830588},"MedianAbsDev":{"confidence_interval":{"confidence_level":0.95,"lower_bound":1707.7739630142119,"upper_bound":7364.329191984402},"point_estimate":2779.2450196378119,"standard_error":4645.693115340857},"Slope":{"confidence_interval":{"confidence_level":0.95,"lower_bound":1191039.1611246775,"upper_bound":1242700.220350087},"point_estimate":1215649.217662184,"standard_error":13120.562643781617},"StdDev":{"confidence_interval":{"confidence_level":0.95,"lower_bound":88937.02489311352,"upper_bound":115943.27985304425},"point_estimate":104274.4262088578,"standard_error":6865.095367968367}}