{"Mean":{"confidence_interval":{"confidence_level":0.95,"lower_bound":3640756.560529495,"upper_bound":3732920.1150558746},"point_estimate":3681985.1931790804,"standard_error":23704.62135295262},"Median":{"confidence_interval":{"confidence_level":0.95,"lower_bound":3689223.8482142856,"upper_bound":3709209.067025684},"point_estimate":3701474.0570652175,"standard_error":5946.996795800985},"MedianAbsDev":{"confidence_interval":{"confidence_level":0.95,"lower_bound":48567.49009207066,"upper_bound":173664.17153049983},"point_estimate":83707.00882120742,"standard_error":29676.385704568347},"Slope":{"confidence_interval":{"confidence_level":0.95,"lower_bound":3595015.8103203547,"upper_bound":3652584.7521766854},"point_estimate":3624286.0226185906,"standard_error":14701.141928216013},"StdDev":{"confidence_interval":{"confidence_level":0.95,"lower_bound":125397.58048739961,"upper_bound":351030.85566933065},"point_estimate":238049.77403015045,"standard_error":62978.54985102729}}