{"Mean":{"confidence_interval":{"confidence_level":0.95,"lower_bound":3593252.2671291877,"upper_bound":3678615.7836974898},"point_estimate":3635598.4032931367,"standard_error":21813.098463651942},"Median":{"confidence_interval":{"confidence_level":0.95,"lower_bound":3516423.404040404,"upper_bound":3586955.9787234046},"point_estimate":3545383.175697865,"standard_error":15530.876138706479},"MedianAbsDev":{"confidence_interval":{"confidence_level":0.95,"lower_bound":53130.17065785842,"upper_bound":146901.09168875667},"point_estimate":94426.84101324291,"standard_error":25945.689700360792},"Slope":{"confidence_interval":{"confidence_level":0.95,"lower_bound":3615345.3009730225,"upper_bound":3715660.154436124},"point_estimate":3662000.264255948,"standard_error":25627.28816676946},"StdDev":{"confidence_interval":{"confidence_level":0.95,"lower_bound":180888.75534724617,"upper_bound":256387.74181968926},"point_estimate":219337.1925398417,"standard_error":19196.97745343392}}