{"Mean":{"confidence_interval":{"confidence_level":0.95,"lower_bound":49.12754248444163,"upper_bound":50.65303737792301},"point_estimate":49.860515570637939,"standard_error":0.39250579164688528},"Median":{"confidence_interval":{"confidence_level":0.95,"lower_bound":47.775895298119028,"upper_bound":47.815928425487857},"point_estimate":47.79066689570776,"standard_error":0.01028882312910386},"MedianAbsDev":{"confidence_interval":{"confidence_level":0.95,"lower_bound":0.053723029359255377,"upper_bound":0.12066871208832282},"point_estimate":0.07651908410437249,"standard_error":0.01728824996847477},"Slope":{"confidence_interval":{"confidence_level":0.95,"lower_bound":50.08871237348934,"upper_bound":52.47858413022721},"point_estimate":51.25515058203767,"standard_error":0.6105018693163788},"StdDev":{"confidence_interval":{"confidence_level":0.95,"lower_bound":3.279158703309424,"upper_bound":4.3952207369129649},"point_estimate":3.9459842350238008,"standard_error":0.2816195259842179}}