{"Mean":{"confidence_interval":{"confidence_level":0.95,"lower_bound":21699.75491082447,"upper_bound":22192.17490136663},"point_estimate":21954.21350421148,"standard_error":126.03727913943269},"Median":{"confidence_interval":{"confidence_level":0.95,"lower_bound":22077.833237657862,"upper_bound":22399.307614470024},"point_estimate":22282.601507767286,"standard_error":92.22626507250569},"MedianAbsDev":{"confidence_interval":{"confidence_level":0.95,"lower_bound":458.72592108745627,"upper_bound":1085.9730292183522},"point_estimate":681.1925211783672,"standard_error":150.62597110447673},"Slope":{"confidence_interval":{"confidence_level":0.95,"lower_bound":20948.292594018054,"upper_bound":21823.91935848406},"point_estimate":21376.242567772926,"standard_error":223.1632352534384},"StdDev":{"confidence_interval":{"confidence_level":0.95,"lower_bound":1046.585391578046,"upper_bound":1442.4261214415149},"point_estimate":1266.375480207414,"standard_error":100.9438786267216}}