{"Mean":{"confidence_interval":{"confidence_level":0.95,"lower_bound":2376353.407351471,"upper_bound":2387471.519133177},"point_estimate":2381024.8591978854,"standard_error":2881.0170668871899},"Median":{"confidence_interval":{"confidence_level":0.95,"lower_bound":2373332.407407407,"upper_bound":2374384.547826087},"point_estimate":2373772.4490418119,"standard_error":268.439399048772},"MedianAbsDev":{"confidence_interval":{"confidence_level":0.95,"lower_bound":1506.1438346641672,"upper_bound":2691.5509682558738},"point_estimate":2040.6940033009408,"standard_error":288.47407647358957},"Slope":{"confidence_interval":{"confidence_level":0.95,"lower_bound":2375949.1494916898,"upper_bound":2389171.7057097016},"point_estimate":2381704.219465051,"standard_error":3397.637513256591},"StdDev":{"confidence_interval":{"confidence_level":0.95,"lower_bound":10963.699550750169,"upper_bound":45282.202694025036},"point_estimate":28959.489186637187,"standard_error":10054.27254576207}}