{"Mean":{"confidence_interval":{"confidence_level":0.95,"lower_bound":15200220.03782478,"upper_bound":15251559.304572577},"point_estimate":15225011.320281515,"standard_error":13084.412609315865},"Median":{"confidence_interval":{"confidence_level":0.95,"lower_bound":15204335.052489179,"upper_bound":15254006.552083334},"point_estimate":15226535.527777778,"standard_error":12989.964554569382},"MedianAbsDev":{"confidence_interval":{"confidence_level":0.95,"lower_bound":71565.08965186912,"upper_bound":114604.89164147226},"point_estimate":89461.2089565412,"standard_error":11372.198718482536},"Slope":{"confidence_interval":{"confidence_level":0.95,"lower_bound":15246366.259465103,"upper_bound":15286187.269556288},"point_estimate":15267207.19215014,"standard_error":10189.92106945058},"StdDev":{"confidence_interval":{"confidence_level":0.95,"lower_bound":90232.15350427371,"upper_bound":177691.5018640788},"point_estimate":131754.5756328194,"standard_error":23363.033604623564}}