{"Mean":{"confidence_interval":{"confidence_level":0.95,"lower_bound":52791697.2214901,"upper_bound":53454758.14129786},"point_estimate":53117824.49144829,"standard_error":168838.56874579175},"Median":{"confidence_interval":{"confidence_level":0.95,"lower_bound":52520275.39130435,"upper_bound":53442992.68482758},"point_estimate":52860902.70939712,"standard_error":253095.95352148685},"MedianAbsDev":{"confidence_interval":{"confidence_level":0.95,"lower_bound":1305055.0235388238,"upper_bound":2037798.4996751964},"point_estimate":1640211.5829053112,"standard_error":189476.62838539744},"Slope":{"confidence_interval":{"confidence_level":0.95,"lower_bound":52703178.48279631,"upper_bound":53295292.4875356},"point_estimate":52997112.801513228,"standard_error":150732.95892991976},"StdDev":{"confidence_interval":{"confidence_level":0.95,"lower_bound":1420409.3683453086,"upper_bound":1944776.9245308056},"point_estimate":1690898.3823435708,"standard_error":134012.274902473}}