{"Mean":{"confidence_interval":{"confidence_level":0.95,"lower_bound":5250372.1647396809,"upper_bound":5387815.533660653},"point_estimate":5314356.183811502,"standard_error":35221.56452604426},"Median":{"confidence_interval":{"confidence_level":0.95,"lower_bound":5150194.0,"upper_bound":5203458.401754386},"point_estimate":5172439.037271142,"standard_error":13339.445975053532},"MedianAbsDev":{"confidence_interval":{"confidence_level":0.95,"lower_bound":26605.627177655697,"upper_bound":101205.16886746694},"point_estimate":57113.548421767075,"standard_error":18777.079487668285},"Slope":{"confidence_interval":{"confidence_level":0.95,"lower_bound":5253714.19811143,"upper_bound":5431386.007543291},"point_estimate":5335930.290341362,"standard_error":45449.378216879515},"StdDev":{"confidence_interval":{"confidence_level":0.95,"lower_bound":227080.80878392797,"upper_bound":460589.95175089218},"point_estimate":353553.3017987713,"standard_error":59586.02787533255}}