{"Mean":{"confidence_interval":{"confidence_level":0.95,"lower_bound":14814443.709028289,"upper_bound":14857746.98527087},"point_estimate":14837214.46365498,"standard_error":11086.546807608207},"Median":{"confidence_interval":{"confidence_level":0.95,"lower_bound":14840380.137447406,"upper_bound":14882819.9375},"point_estimate":14859993.931333127,"standard_error":12504.748603728567},"MedianAbsDev":{"confidence_interval":{"confidence_level":0.95,"lower_bound":58497.49033046124,"upper_bound":101641.44581073338},"point_estimate":78564.371625442,"standard_error":10928.13968953398},"Slope":{"confidence_interval":{"confidence_level":0.95,"lower_bound":14860504.2310918,"upper_bound":14887575.1816576},"point_estimate":14874229.89513226,"standard_error":6917.571833250625},"StdDev":{"confidence_interval":{"confidence_level":0.95,"lower_bound":79612.78526925238,"upper_bound":143236.41475764177},"point_estimate":111298.87540614332,"standard_error":16523.161598064853}}