{"Mean":{"confidence_interval":{"confidence_level":0.95,"lower_bound":513.4274335783789,"upper_bound":539.5130733742308},"point_estimate":525.911895416198,"standard_error":6.6464404040791},"Median":{"confidence_interval":{"confidence_level":0.95,"lower_bound":495.69115553121579,"upper_bound":496.0954017368174},"point_estimate":495.8207433840936,"standard_error":0.1227125829935383},"MedianAbsDev":{"confidence_interval":{"confidence_level":0.95,"lower_bound":2.101376569198179,"upper_bound":12.655584956394654},"point_estimate":12.247603790392472,"standard_error":3.706026194530786},"Slope":{"confidence_interval":{"confidence_level":0.95,"lower_bound":524.5147599468171,"upper_bound":565.8283874229998},"point_estimate":544.5286330819739,"standard_error":10.558874187133683},"StdDev":{"confidence_interval":{"confidence_level":0.95,"lower_bound":55.1534362651427,"upper_bound":75.33290126655789},"point_estimate":66.79969097719637,"standard_error":5.195111703112028}}