{"Mean":{"confidence_interval":{"confidence_level":0.95,"lower_bound":5336.4652403169379,"upper_bound":5473.853942316615},"point_estimate":5400.035739035757,"standard_error":34.988751718819298},"Median":{"confidence_interval":{"confidence_level":0.95,"lower_bound":5283.269209039548,"upper_bound":5308.34280988942},"point_estimate":5292.006532208711,"standard_error":5.694519167208689},"MedianAbsDev":{"confidence_interval":{"confidence_level":0.95,"lower_bound":35.88164129047795,"upper_bound":64.4329109889193},"point_estimate":47.388008769787258,"standard_error":7.242333217103096},"Slope":{"confidence_interval":{"confidence_level":0.95,"lower_bound":5318.1904765260919,"upper_bound":5475.727452813353},"point_estimate":5388.281251002914,"standard_error":40.33543100480505},"StdDev":{"confidence_interval":{"confidence_level":0.95,"lower_bound":224.95015428817278,"upper_bound":444.31734744867569},"point_estimate":350.9519518576379,"standard_error":55.568691695440687}}