{"Mean":{"confidence_interval":{"confidence_level":0.95,"lower_bound":411.9980661893152,"upper_bound":428.8036960569734},"point_estimate":420.26488318371858,"standard_error":4.299886174464106},"Median":{"confidence_interval":{"confidence_level":0.95,"lower_bound":397.18261989084558,"upper_bound":397.3964212815051},"point_estimate":397.24951827076679,"standard_error":0.05979541585479395},"MedianAbsDev":{"confidence_interval":{"confidence_level":0.95,"lower_bound":0.19476840442290486,"upper_bound":0.5210326213828502},"point_estimate":0.2937009035545846,"standard_error":0.08906339275256982},"Slope":{"confidence_interval":{"confidence_level":0.95,"lower_bound":415.2800037488474,"upper_bound":437.41218579110235},"point_estimate":425.6065098360725,"standard_error":5.68222402793686},"StdDev":{"confidence_interval":{"confidence_level":0.95,"lower_bound":36.4286058359164,"upper_bound":48.183699327370508},"point_estimate":43.37252565459598,"standard_error":2.989379789313755}}