{"Mean":{"confidence_interval":{"confidence_level":0.95,"lower_bound":42458719.88897823,"upper_bound":42745118.54571},"point_estimate":42602247.26481662,"standard_error":73184.03110229068},"Median":{"confidence_interval":{"confidence_level":0.95,"lower_bound":42382590.08196721,"upper_bound":42746177.92045455},"point_estimate":42577444.16746795,"standard_error":83259.44248773146},"MedianAbsDev":{"confidence_interval":{"confidence_level":0.95,"lower_bound":468104.2147973986,"upper_bound":784445.343120815},"point_estimate":649251.4000798438,"standard_error":81071.84363385527},"Slope":{"confidence_interval":{"confidence_level":0.95,"lower_bound":42467189.03567246,"upper_bound":42729632.99311367},"point_estimate":42591653.97687306,"standard_error":66831.83434748561},"StdDev":{"confidence_interval":{"confidence_level":0.95,"lower_bound":601293.0345803241,"upper_bound":870053.0263769419},"point_estimate":737287.6574288311,"standard_error":69001.03389082507}}