{"Mean":{"confidence_interval":{"confidence_level":0.95,"lower_bound":26657.957253072316,"upper_bound":27789.65543925466},"point_estimate":27224.236100567286,"standard_error":288.6974223327203},"Median":{"confidence_interval":{"confidence_level":0.95,"lower_bound":24536.869152046784,"upper_bound":30218.59859649123},"point_estimate":24776.574370709382,"standard_error":2075.4656394630558},"MedianAbsDev":{"confidence_interval":{"confidence_level":0.95,"lower_bound":93.84079156509125,"upper_bound":4329.184553003336},"point_estimate":450.0478984473349,"standard_error":979.7356299318935},"Slope":{"confidence_interval":{"confidence_level":0.95,"lower_bound":26042.85749390649,"upper_bound":27501.975574530443},"point_estimate":26770.08138994968,"standard_error":373.67248646525055},"StdDev":{"confidence_interval":{"confidence_level":0.95,"lower_bound":2789.6937931685417,"upper_bound":2937.6306043660918},"point_estimate":2898.43157031916,"standard_error":37.453570598224747}}