{"Mean":{"confidence_interval":{"confidence_level":0.95,"lower_bound":9733241.43220851,"upper_bound":9830644.337135403},"point_estimate":9783437.49319431,"standard_error":24810.811557469427},"Median":{"confidence_interval":{"confidence_level":0.95,"lower_bound":9803046.480844727,"upper_bound":9853276.0640625},"point_estimate":9834422.083006535,"standard_error":15719.693005250878},"MedianAbsDev":{"confidence_interval":{"confidence_level":0.95,"lower_bound":93705.76382586337,"upper_bound":156160.48676681333},"point_estimate":120824.31259239202,"standard_error":15668.687061196919},"Slope":{"confidence_interval":{"confidence_level":0.95,"lower_bound":9790206.726397325,"upper_bound":9857395.908669837},"point_estimate":9827981.44879267,"standard_error":17262.385636916686},"StdDev":{"confidence_interval":{"confidence_level":0.95,"lower_bound":189417.49091573835,"upper_bound":303087.56878365119},"point_estimate":249232.04099241823,"standard_error":29097.544325168747}}