{"Mean":{"confidence_interval":{"confidence_level":0.95,"lower_bound":36.90738627872511,"upper_bound":36.92861343721329},"point_estimate":36.917180282701007,"standard_error":0.005424017404353027},"Median":{"confidence_interval":{"confidence_level":0.95,"lower_bound":36.894840073719389,"upper_bound":36.902643273871728},"point_estimate":36.89906727189309,"standard_error":0.001904640352586617},"MedianAbsDev":{"confidence_interval":{"confidence_level":0.95,"lower_bound":0.009912987051597688,"upper_bound":0.019008147666014723},"point_estimate":0.013877638409365737,"standard_error":0.0022991025175039135},"Slope":{"confidence_interval":{"confidence_level":0.95,"lower_bound":36.89133234488775,"upper_bound":36.89464579835477},"point_estimate":36.89286317378889,"standard_error":0.0008455046367760525},"StdDev":{"confidence_interval":{"confidence_level":0.95,"lower_bound":0.03513656484276548,"upper_bound":0.07281627546899958},"point_estimate":0.05463844533522762,"standard_error":0.009739615220561642}}