{"Mean":{"confidence_interval":{"confidence_level":0.95,"lower_bound":1813889.1587346709,"upper_bound":1863094.5163946734},"point_estimate":1838732.242563118,"standard_error":12609.960427815953},"Median":{"confidence_interval":{"confidence_level":0.95,"lower_bound":1878831.634469697,"upper_bound":1925119.1818181819},"point_estimate":1905028.1179984334,"standard_error":15330.730678824784},"MedianAbsDev":{"confidence_interval":{"confidence_level":0.95,"lower_bound":46934.64682814808,"upper_bound":141055.29880497524},"point_estimate":83540.45150133074,"standard_error":25438.719388911555},"Slope":{"confidence_interval":{"confidence_level":0.95,"lower_bound":1791498.3739397415,"upper_bound":1858966.1461789404},"point_estimate":1825989.3655002218,"standard_error":17286.20926791988},"StdDev":{"confidence_interval":{"confidence_level":0.95,"lower_bound":116427.59423585478,"upper_bound":134142.84695342024},"point_estimate":126957.08280477146,"standard_error":4535.663910118796}}