{"Mean":{"confidence_interval":{"confidence_level":0.95,"lower_bound":4294.448725520186,"upper_bound":4384.24107518195},"point_estimate":4337.963822822394,"standard_error":22.974915343634675},"Median":{"confidence_interval":{"confidence_level":0.95,"lower_bound":4203.003028446985,"upper_bound":4294.155499296765},"point_estimate":4240.364345991561,"standard_error":19.721100830447978},"MedianAbsDev":{"confidence_interval":{"confidence_level":0.95,"lower_bound":77.1657346914095,"upper_bound":179.505705114317},"point_estimate":120.90901133931766,"standard_error":22.239355218895228},"Slope":{"confidence_interval":{"confidence_level":0.95,"lower_bound":4393.544249695126,"upper_bound":4544.6950103360609},"point_estimate":4471.272710155202,"standard_error":38.60977252843327},"StdDev":{"confidence_interval":{"confidence_level":0.95,"lower_bound":188.2295641240478,"upper_bound":268.52688267111338},"point_estimate":231.98118546399079,"standard_error":20.514438077646977}}