{"Mean":{"confidence_interval":{"confidence_level":0.95,"lower_bound":161.29173495363393,"upper_bound":165.62727964590114},"point_estimate":163.28218530255996,"standard_error":1.1088786494046213},"Median":{"confidence_interval":{"confidence_level":0.95,"lower_bound":160.23458643470384,"upper_bound":160.29478506189614},"point_estimate":160.2623200589954,"standard_error":0.014952213605450026},"MedianAbsDev":{"confidence_interval":{"confidence_level":0.95,"lower_bound":0.07925388333317622,"upper_bound":0.15807788456431377},"point_estimate":0.11526265602186378,"standard_error":0.020042271337750305},"Slope":{"confidence_interval":{"confidence_level":0.95,"lower_bound":162.69427396677885,"upper_bound":172.3894590099579},"point_estimate":167.33579853788127,"standard_error":2.4699777971104366},"StdDev":{"confidence_interval":{"confidence_level":0.95,"lower_bound":6.506618552229883,"upper_bound":14.69065513488628},"point_estimate":11.168276127833261,"standard_error":2.146215213882793}}