{"Mean":{"confidence_interval":{"confidence_level":0.95,"lower_bound":21650.474775348088,"upper_bound":22228.425371371286},"point_estimate":21941.90298863682,"standard_error":147.72527664576854},"Median":{"confidence_interval":{"confidence_level":0.95,"lower_bound":22097.653113553115,"upper_bound":22240.676611984505},"point_estimate":22168.581092436973,"standard_error":40.26428058421578},"MedianAbsDev":{"confidence_interval":{"confidence_level":0.95,"lower_bound":351.3126283215114,"upper_bound":615.3317857363097},"point_estimate":489.5797065853852,"standard_error":70.83581825447651},"Slope":{"confidence_interval":{"confidence_level":0.95,"lower_bound":21663.538098587243,"upper_bound":22647.581431203434},"point_estimate":22161.575864046106,"standard_error":251.22930174266109},"StdDev":{"confidence_interval":{"confidence_level":0.95,"lower_bound":1209.8357105116757,"upper_bound":1741.338743304219},"point_estimate":1485.9349650966108,"standard_error":135.87567865073673}}