{"Mean":{"confidence_interval":{"confidence_level":0.95,"lower_bound":2556385.8371026057,"upper_bound":2566341.411680994},"point_estimate":2561048.8834034504,"standard_error":2553.758783988963},"Median":{"confidence_interval":{"confidence_level":0.95,"lower_bound":2549917.152173913,"upper_bound":2553166.995},"point_estimate":2551384.020833333,"standard_error":751.2770674382844},"MedianAbsDev":{"confidence_interval":{"confidence_level":0.95,"lower_bound":4254.250294776797,"upper_bound":7972.245436765726},"point_estimate":5913.639744016176,"standard_error":921.854797343669},"Slope":{"confidence_interval":{"confidence_level":0.95,"lower_bound":2549863.427738648,"upper_bound":2553739.8935076638},"point_estimate":2551617.57052756,"standard_error":995.2239114947525},"StdDev":{"confidence_interval":{"confidence_level":0.95,"lower_bound":17670.17391207722,"upper_bound":32146.44236333744},"point_estimate":25706.873690190885,"standard_error":3701.9265096632877}}