{"Mean":{"confidence_interval":{"confidence_level":0.95,"lower_bound":4.253173796293354,"upper_bound":4.366615995888217},"point_estimate":4.308030823834275,"standard_error":0.029003152042579765},"Median":{"confidence_interval":{"confidence_level":0.95,"lower_bound":4.149088506427876,"upper_bound":4.1535728636878599},"point_estimate":4.150736232107113,"standard_error":0.0010190100568094312},"MedianAbsDev":{"confidence_interval":{"confidence_level":0.95,"lower_bound":0.0032330415553311687,"upper_bound":0.0098205395151676},"point_estimate":0.005533202744614204,"standard_error":0.0015984645839073843},"Slope":{"confidence_interval":{"confidence_level":0.95,"lower_bound":4.396734343239617,"upper_bound":4.578232860791888},"point_estimate":4.4919938706832529,"standard_error":0.0463735618872895},"StdDev":{"confidence_interval":{"confidence_level":0.95,"lower_bound":0.24566398205502378,"upper_bound":0.32318720956971117},"point_estimate":0.2917268511521507,"standard_error":0.019704762870860174}}