{"Mean":{"confidence_interval":{"confidence_level":0.95,"lower_bound":14603018.469788293,"upper_bound":14685377.52775917},"point_estimate":14642615.284529979,"standard_error":20977.661611006606},"Median":{"confidence_interval":{"confidence_level":0.95,"lower_bound":14585522.310585786,"upper_bound":14618396.732451924},"point_estimate":14604593.503281855,"standard_error":8920.79192764986},"MedianAbsDev":{"confidence_interval":{"confidence_level":0.95,"lower_bound":50250.860873258025,"upper_bound":111367.08756155677},"point_estimate":77184.41211100477,"standard_error":15649.874921732728},"Slope":{"confidence_interval":{"confidence_level":0.95,"lower_bound":14620602.040236023,"upper_bound":14721198.953775065},"point_estimate":14665666.750628049,"standard_error":25792.33651946311},"StdDev":{"confidence_interval":{"confidence_level":0.95,"lower_bound":150846.04896569759,"upper_bound":262561.12535792929},"point_estimate":211092.08360548478,"standard_error":28491.561341079952}}