{"Mean":{"confidence_interval":{"confidence_level":0.95,"lower_bound":18.71544709896153,"upper_bound":19.263505521239588},"point_estimate":18.971758910531507,"standard_error":0.14083747286063803},"Median":{"confidence_interval":{"confidence_level":0.95,"lower_bound":18.40541496097081,"upper_bound":18.411871368758619},"point_estimate":18.408847076460974,"standard_error":0.0015945554962279476},"MedianAbsDev":{"confidence_interval":{"confidence_level":0.95,"lower_bound":0.009014878861910424,"upper_bound":0.020873558512481309},"point_estimate":0.014120247464356188,"standard_error":0.0030558056666268654},"Slope":{"confidence_interval":{"confidence_level":0.95,"lower_bound":18.819967876076836,"upper_bound":19.607705388577558},"point_estimate":19.18616045959608,"standard_error":0.20141156322165428},"StdDev":{"confidence_interval":{"confidence_level":0.95,"lower_bound":1.0743595308240866,"upper_bound":1.6830504877942914},"point_estimate":1.4156217694867879,"standard_error":0.1589412724061137}}