{"Mean":{"confidence_interval":{"confidence_level":0.95,"lower_bound":44420406.39284775,"upper_bound":44632073.109540719},"point_estimate":44518716.50301429,"standard_error":54233.96731284791},"Median":{"confidence_interval":{"confidence_level":0.95,"lower_bound":44325967.871469799,"upper_bound":44439603.67415731},"point_estimate":44358853.99334583,"standard_error":34327.01625860835},"MedianAbsDev":{"confidence_interval":{"confidence_level":0.95,"lower_bound":164419.73767325816,"upper_bound":265737.18566889149},"point_estimate":205550.18737776933,"standard_error":26029.82805132707},"Slope":{"confidence_interval":{"confidence_level":0.95,"lower_bound":44385453.18393436,"upper_bound":44542680.673878718},"point_estimate":44455047.9259731,"standard_error":40298.17513213531},"StdDev":{"confidence_interval":{"confidence_level":0.95,"lower_bound":347174.1911524467,"upper_bound":711831.2095260483},"point_estimate":544040.4839068749,"standard_error":93196.93623084843}}