{"Mean":{"confidence_interval":{"confidence_level":0.95,"lower_bound":-0.0014626260882525187,"upper_bound":0.01917032471438468},"point_estimate":0.007909389439101356,"standard_error":0.0052885825629046009},"Median":{"confidence_interval":{"confidence_level":0.95,"lower_bound":-0.005746664573976656,"upper_bound":-0.0032121084638086735},"point_estimate":-0.004388925617867079,"standard_error":0.0006473828227320787}}