{"Mean":{"confidence_interval":{"confidence_level":0.95,"lower_bound":0.005907467481900753,"upper_bound":0.011518499386362574},"point_estimate":0.008658695365591385,"standard_error":0.0014150207388657203},"Median":{"confidence_interval":{"confidence_level":0.95,"lower_bound":0.0006073041805028101,"upper_bound":0.009481149221943319},"point_estimate":0.0017652091274857896,"standard_error":0.002615727565319092}}