{"Mean":{"confidence_interval":{"confidence_level":0.95,"lower_bound":4183015.9370179164,"upper_bound":4195991.813463568},"point_estimate":4188735.6474463597,"standard_error":3345.6501313424457},"Median":{"confidence_interval":{"confidence_level":0.95,"lower_bound":4177316.5303030305,"upper_bound":4183054.98},"point_estimate":4179927.867821473,"standard_error":1402.4177238518133},"MedianAbsDev":{"confidence_interval":{"confidence_level":0.95,"lower_bound":6531.026729341443,"upper_bound":12101.633807410923},"point_estimate":8335.47353342327,"standard_error":1463.0240877312077},"Slope":{"confidence_interval":{"confidence_level":0.95,"lower_bound":4175239.0779167928,"upper_bound":4178871.338014293},"point_estimate":4176894.189705926,"standard_error":928.9627653007706},"StdDev":{"confidence_interval":{"confidence_level":0.95,"lower_bound":14479.079539080767,"upper_bound":49639.773292144244},"point_estimate":33598.31444134062,"standard_error":9179.045592179042}}