{"Mean":{"confidence_interval":{"confidence_level":0.95,"lower_bound":7678057.91634555,"upper_bound":7786930.329068258},"point_estimate":7731529.933660478,"standard_error":27794.26766386165},"Median":{"confidence_interval":{"confidence_level":0.95,"lower_bound":7492782.21978022,"upper_bound":7846518.696202531},"point_estimate":7670837.577319588,"standard_error":105943.46038816264},"MedianAbsDev":{"confidence_interval":{"confidence_level":0.95,"lower_bound":54489.251810672955,"upper_bound":442258.5967801159},"point_estimate":308558.10209501939,"standard_error":113420.57511358759},"Slope":{"confidence_interval":{"confidence_level":0.95,"lower_bound":7678397.42789617,"upper_bound":7832811.623296178},"point_estimate":7753022.508677405,"standard_error":39343.724085407746},"StdDev":{"confidence_interval":{"confidence_level":0.95,"lower_bound":241949.07349264538,"upper_bound":315311.1771007088},"point_estimate":280008.9206194466,"standard_error":18848.823107438973}}