{"Mean":{"confidence_interval":{"confidence_level":0.95,"lower_bound":58.737935224076569,"upper_bound":58.79715362424331},"point_estimate":58.765855167866657,"standard_error":0.015093055834394211},"Median":{"confidence_interval":{"confidence_level":0.95,"lower_bound":58.708035486142708,"upper_bound":58.74610220450695},"point_estimate":58.72695755748852,"standard_error":0.00917155461264154},"MedianAbsDev":{"confidence_interval":{"confidence_level":0.95,"lower_bound":0.060029890701270797,"upper_bound":0.09775397649735486},"point_estimate":0.07806458963561978,"standard_error":0.009847431318416736},"Slope":{"confidence_interval":{"confidence_level":0.95,"lower_bound":58.68890398148927,"upper_bound":58.714505111432497},"point_estimate":58.70152596100248,"standard_error":0.0065153079162713878},"StdDev":{"confidence_interval":{"confidence_level":0.95,"lower_bound":0.10686590795090971,"upper_bound":0.19112375844640487},"point_estimate":0.1515893066886611,"standard_error":0.021629623840358507}}