{"Mean":{"confidence_interval":{"confidence_level":0.95,"lower_bound":3525183.085552272,"upper_bound":3567310.7936967008},"point_estimate":3547080.5295460007,"standard_error":10687.183177067172},"Median":{"confidence_interval":{"confidence_level":0.95,"lower_bound":3527904.7550239234,"upper_bound":3544940.5581395348},"point_estimate":3531782.013502674,"standard_error":3861.05066941332},"MedianAbsDev":{"confidence_interval":{"confidence_level":0.95,"lower_bound":20917.056225570548,"upper_bound":61842.08442191089},"point_estimate":42735.66436271873,"standard_error":11977.12504558862},"Slope":{"confidence_interval":{"confidence_level":0.95,"lower_bound":3557331.5899528765,"upper_bound":3580219.417667477},"point_estimate":3568346.655897739,"standard_error":5848.200860017206},"StdDev":{"confidence_interval":{"confidence_level":0.95,"lower_bound":64038.92075561889,"upper_bound":149894.49477092667},"point_estimate":107474.01918889302,"standard_error":22506.674875255558}}