{"Mean":{"confidence_interval":{"confidence_level":0.95,"lower_bound":40228.97097469083,"upper_bound":40304.616530216335},"point_estimate":40263.73421891347,"standard_error":19.381692847278999},"Median":{"confidence_interval":{"confidence_level":0.95,"lower_bound":40187.73614543467,"upper_bound":40218.24857142857},"point_estimate":40205.098974182445,"standard_error":7.162633588855706},"MedianAbsDev":{"confidence_interval":{"confidence_level":0.95,"lower_bound":47.10575409767168,"upper_bound":86.29422733136592},"point_estimate":62.54818553302678,"standard_error":10.11328112482399},"Slope":{"confidence_interval":{"confidence_level":0.95,"lower_bound":40172.431013635025,"upper_bound":40193.28066499479},"point_estimate":40182.36037676962,"standard_error":5.303066514058957},"StdDev":{"confidence_interval":{"confidence_level":0.95,"lower_bound":120.48583938771626,"upper_bound":266.26596441364236},"point_estimate":194.3184460047921,"standard_error":38.24324583018312}}