{"Mean":{"confidence_interval":{"confidence_level":0.95,"lower_bound":178457.06013746235,"upper_bound":180100.67519551284},"point_estimate":179276.81859844898,"standard_error":418.35970929226206},"Median":{"confidence_interval":{"confidence_level":0.95,"lower_bound":175498.37931575645,"upper_bound":183476.5331890332},"point_estimate":175618.13446400947,"standard_error":3001.693231284676},"MedianAbsDev":{"confidence_interval":{"confidence_level":0.95,"lower_bound":275.26008156321657,"upper_bound":5842.463950962796},"point_estimate":521.2619254691033,"standard_error":1416.4055328454156},"Slope":{"confidence_interval":{"confidence_level":0.95,"lower_bound":175923.5053247766,"upper_bound":176628.18150806635},"point_estimate":176224.19499384266,"standard_error":180.3968708814919},"StdDev":{"confidence_interval":{"confidence_level":0.95,"lower_bound":4046.4681916702827,"upper_bound":4283.087442698152},"point_estimate":4211.020154070656,"standard_error":58.689009272673867}}