{"Mean":{"confidence_interval":{"confidence_level":0.95,"lower_bound":414686.39872689466,"upper_bound":415557.1835808277},"point_estimate":415093.67667381846,"standard_error":223.26814337538793},"Median":{"confidence_interval":{"confidence_level":0.95,"lower_bound":414143.7962962963,"upper_bound":414966.9732213438},"point_estimate":414529.42658730156,"standard_error":172.9499872969777},"MedianAbsDev":{"confidence_interval":{"confidence_level":0.95,"lower_bound":961.0322805513097,"upper_bound":1524.2232191517333},"point_estimate":1204.8061332361033,"standard_error":149.97869804790617},"Slope":{"confidence_interval":{"confidence_level":0.95,"lower_bound":413931.04909766858,"upper_bound":414347.49792776527},"point_estimate":414133.30170336438,"standard_error":106.13606295573114},"StdDev":{"confidence_interval":{"confidence_level":0.95,"lower_bound":1475.612311785006,"upper_bound":2957.0520834974847},"point_estimate":2249.891919620114,"standard_error":381.77146085837446}}