{"Mean":{"confidence_interval":{"confidence_level":0.95,"lower_bound":-0.10500347100598988,"upper_bound":-0.05643810156538373},"point_estimate":-0.08090552084408542,"standard_error":0.012310168366310316},"Median":{"confidence_interval":{"confidence_level":0.95,"lower_bound":-0.0994237309282976,"upper_bound":-0.047303599724322079},"point_estimate":-0.07293447651122032,"standard_error":0.012194418693076049}}