{"Mean":{"confidence_interval":{"confidence_level":0.95,"lower_bound":46380409.39520757,"upper_bound":46554343.41510793},"point_estimate":46463559.02760127,"standard_error":44330.27724059065},"Median":{"confidence_interval":{"confidence_level":0.95,"lower_bound":46359428.25,"upper_bound":46436474.855000007},"point_estimate":46398502.51851852,"standard_error":19354.93138768743},"MedianAbsDev":{"confidence_interval":{"confidence_level":0.95,"lower_bound":119431.89212900911,"upper_bound":213534.68491468405},"point_estimate":159051.83882475,"standard_error":23211.117721483068},"Slope":{"confidence_interval":{"confidence_level":0.95,"lower_bound":46485177.0728838,"upper_bound":46681039.758253578},"point_estimate":46573732.68966455,"standard_error":50155.05344688281},"StdDev":{"confidence_interval":{"confidence_level":0.95,"lower_bound":288906.75708048659,"upper_bound":581453.6034048937},"point_estimate":447005.97073796085,"standard_error":74714.71901428738}}