{"Mean":{"confidence_interval":{"confidence_level":0.95,"lower_bound":6982720.704140269,"upper_bound":6997755.307456748},"point_estimate":6989838.101478776,"standard_error":3842.37620683168},"Median":{"confidence_interval":{"confidence_level":0.95,"lower_bound":6978672.230769231,"upper_bound":6991267.166666667},"point_estimate":6984530.167342635,"standard_error":3150.5348053204008},"MedianAbsDev":{"confidence_interval":{"confidence_level":0.95,"lower_bound":20583.445003952053,"upper_bound":32863.84507138833},"point_estimate":25392.0731697379,"standard_error":3151.754385600955},"Slope":{"confidence_interval":{"confidence_level":0.95,"lower_bound":6973944.496416686,"upper_bound":6984236.650684995},"point_estimate":6979172.054298803,"standard_error":2619.6363825287314},"StdDev":{"confidence_interval":{"confidence_level":0.95,"lower_bound":25949.220151951817,"upper_bound":50270.87538978687},"point_estimate":38509.3370922776,"standard_error":6242.589851796678}}