{"Mean":{"confidence_interval":{"confidence_level":0.95,"lower_bound":9.626036286925987,"upper_bound":9.892687216290371},"point_estimate":9.761378585002817,"standard_error":0.06784806242937719},"Median":{"confidence_interval":{"confidence_level":0.95,"lower_bound":10.104932691396146,"upper_bound":10.10852674536793},"point_estimate":10.107411121215236,"standard_error":0.0010517638622024974},"MedianAbsDev":{"confidence_interval":{"confidence_level":0.95,"lower_bound":0.00469771409518389,"upper_bound":0.010616949760356019},"point_estimate":0.007789662675751491,"standard_error":0.0015966020698704922},"Slope":{"confidence_interval":{"confidence_level":0.95,"lower_bound":9.19508087055751,"upper_bound":9.632822704873219},"point_estimate":9.41006098433903,"standard_error":0.11171012893354807},"StdDev":{"confidence_interval":{"confidence_level":0.95,"lower_bound":0.5678034753603771,"upper_bound":0.7616195294881711},"point_estimate":0.681648532668034,"standard_error":0.049655314636277477}}