{"Mean":{"confidence_interval":{"confidence_level":0.95,"lower_bound":24561.057702698923,"upper_bound":25416.855101150664},"point_estimate":24974.63680919501,"standard_error":218.44933193998967},"Median":{"confidence_interval":{"confidence_level":0.95,"lower_bound":23826.941211052323,"upper_bound":23891.222222222223},"point_estimate":23843.19618242034,"standard_error":15.234734129090145},"MedianAbsDev":{"confidence_interval":{"confidence_level":0.95,"lower_bound":67.27123059582459,"upper_bound":156.60511333081988},"point_estimate":105.61861806851559,"standard_error":23.47259954519587},"Slope":{"confidence_interval":{"confidence_level":0.95,"lower_bound":24799.333763808365,"upper_bound":26022.498503330367},"point_estimate":25375.932696418895,"standard_error":312.303265237109},"StdDev":{"confidence_interval":{"confidence_level":0.95,"lower_bound":1824.6089977534626,"upper_bound":2463.440591078573},"point_estimate":2197.1564506152014,"standard_error":163.84257877753996}}