{"Mean":{"confidence_interval":{"confidence_level":0.95,"lower_bound":426.9343958350992,"upper_bound":427.23614678912466},"point_estimate":427.0699976367557,"standard_error":0.07743970178172595},"Median":{"confidence_interval":{"confidence_level":0.95,"lower_bound":426.791965991966,"upper_bound":426.9174355191428},"point_estimate":426.8475710944461,"standard_error":0.03336032706949085},"MedianAbsDev":{"confidence_interval":{"confidence_level":0.95,"lower_bound":0.18817039256542124,"upper_bound":0.337085978613796},"point_estimate":0.27714620064006237,"standard_error":0.03923260242894407},"Slope":{"confidence_interval":{"confidence_level":0.95,"lower_bound":426.7265328464201,"upper_bound":426.80131997041618},"point_estimate":426.7631767852634,"standard_error":0.01907448535402889},"StdDev":{"confidence_interval":{"confidence_level":0.95,"lower_bound":0.41640167243224648,"upper_bound":1.133827300233628},"point_estimate":0.7808383013266245,"standard_error":0.1938775055714994}}