{"Mean":{"confidence_interval":{"confidence_level":0.95,"lower_bound":988188.6600584708,"upper_bound":1013151.81036472},"point_estimate":999502.262939717,"standard_error":6402.009250056805},"Median":{"confidence_interval":{"confidence_level":0.95,"lower_bound":975859.5280898877,"upper_bound":983924.7077922078},"point_estimate":979967.0179755227,"standard_error":1932.7197625534366},"MedianAbsDev":{"confidence_interval":{"confidence_level":0.95,"lower_bound":11633.862622857156,"upper_bound":22316.42621523944},"point_estimate":17343.219507312075,"standard_error":2822.319657101116},"Slope":{"confidence_interval":{"confidence_level":0.95,"lower_bound":975094.582102967,"upper_bound":981425.2356925381},"point_estimate":978103.3323200827,"standard_error":1619.4479949467555},"StdDev":{"confidence_interval":{"confidence_level":0.95,"lower_bound":33781.89521516971,"upper_bound":90626.51158868111},"point_estimate":64387.65186901267,"standard_error":14646.697501858735}}