{"Mean":{"confidence_interval":{"confidence_level":0.95,"lower_bound":230003.05078420419,"upper_bound":242739.0251836353},"point_estimate":236191.86391596334,"standard_error":3242.6212499931805},"Median":{"confidence_interval":{"confidence_level":0.95,"lower_bound":213010.34285714286,"upper_bound":215782.1641025641},"point_estimate":213231.39,"standard_error":2776.6711761385038},"MedianAbsDev":{"confidence_interval":{"confidence_level":0.95,"lower_bound":1163.302810754156,"upper_bound":5804.434919622745},"point_estimate":1642.181493815181,"standard_error":4107.461445575007},"Slope":{"confidence_interval":{"confidence_level":0.95,"lower_bound":236848.05808068242,"upper_bound":255479.9769557907},"point_estimate":245953.16232362938,"standard_error":4751.557613807692},"StdDev":{"confidence_interval":{"confidence_level":0.95,"lower_bound":27720.74275556447,"upper_bound":37235.52786561823},"point_estimate":32614.540596227154,"standard_error":2432.2005794631247}}