{"Mean":{"confidence_interval":{"confidence_level":0.95,"lower_bound":72368.82695999056,"upper_bound":74036.29704789685},"point_estimate":73160.05605211848,"standard_error":425.99857437240169},"Median":{"confidence_interval":{"confidence_level":0.95,"lower_bound":70799.12562421973,"upper_bound":71060.46470588235},"point_estimate":70887.40099637682,"standard_error":89.7270918188218},"MedianAbsDev":{"confidence_interval":{"confidence_level":0.95,"lower_bound":295.3998080889331,"upper_bound":787.803564195506},"point_estimate":450.021267342248,"standard_error":150.65450548976006},"Slope":{"confidence_interval":{"confidence_level":0.95,"lower_bound":73093.78664056545,"upper_bound":75392.3838351822},"point_estimate":74193.11520831486,"standard_error":588.0730998622136},"StdDev":{"confidence_interval":{"confidence_level":0.95,"lower_bound":3116.2553897432087,"upper_bound":5454.41050646985},"point_estimate":4285.166649705616,"standard_error":607.3394744931857}}