{"Mean":{"confidence_interval":{"confidence_level":0.95,"lower_bound":710999.1921296844,"upper_bound":734274.4899779072},"point_estimate":721692.8520842388,"standard_error":5974.212368572928},"Median":{"confidence_interval":{"confidence_level":0.95,"lower_bound":703149.9090909091,"upper_bound":703349.2030411449},"point_estimate":703241.5854978354,"standard_error":49.77955855666359},"MedianAbsDev":{"confidence_interval":{"confidence_level":0.95,"lower_bound":303.06239245568477,"upper_bound":552.9418376833143},"point_estimate":401.6612426024876,"standard_error":63.43777371752112},"Slope":{"confidence_interval":{"confidence_level":0.95,"lower_bound":715490.8852421182,"upper_bound":754962.1479940981},"point_estimate":733691.7365952416,"standard_error":10139.68749270199},"StdDev":{"confidence_interval":{"confidence_level":0.95,"lower_bound":39506.21916112506,"upper_bound":76180.7790251189},"point_estimate":59956.0813432517,"standard_error":9967.87221924302}}