{"Mean":{"confidence_interval":{"confidence_level":0.95,"lower_bound":9554.443385559865,"upper_bound":9767.163759257437},"point_estimate":9658.272290910412,"standard_error":54.35013929589391},"Median":{"confidence_interval":{"confidence_level":0.95,"lower_bound":9366.643509361813,"upper_bound":9501.796801705757},"point_estimate":9420.426522209673,"standard_error":33.24298082767222},"MedianAbsDev":{"confidence_interval":{"confidence_level":0.95,"lower_bound":215.51086791527983,"upper_bound":433.75107563387078},"point_estimate":304.70298542495279,"standard_error":54.75561412677129},"Slope":{"confidence_interval":{"confidence_level":0.95,"lower_bound":9455.277276206069,"upper_bound":9747.41734813408},"point_estimate":9592.682171856419,"standard_error":74.6474259343928},"StdDev":{"confidence_interval":{"confidence_level":0.95,"lower_bound":468.4286908743278,"upper_bound":609.7114155534122},"point_estimate":546.2744993761135,"standard_error":36.043647969521419}}