{"Mean":{"confidence_interval":{"confidence_level":0.95,"lower_bound":595390.6789751691,"upper_bound":599111.6790751325},"point_estimate":597227.1139364191,"standard_error":951.4135788002287},"Median":{"confidence_interval":{"confidence_level":0.95,"lower_bound":590596.6616666666,"upper_bound":591960.6120689656},"point_estimate":591078.6525974027,"standard_error":691.5477181993614},"MedianAbsDev":{"confidence_interval":{"confidence_level":0.95,"lower_bound":1597.355790076138,"upper_bound":5057.704485207796},"point_estimate":3079.127980780073,"standard_error":1011.6539398800356},"Slope":{"confidence_interval":{"confidence_level":0.95,"lower_bound":596705.3841694394,"upper_bound":601945.1966059632},"point_estimate":599321.8738850303,"standard_error":1338.4871554875816},"StdDev":{"confidence_interval":{"confidence_level":0.95,"lower_bound":8749.811379783774,"upper_bound":9967.141029102986},"point_estimate":9532.344189806257,"standard_error":315.23726751032469}}