{"Mean":{"confidence_interval":{"confidence_level":0.95,"lower_bound":553.2917858186772,"upper_bound":566.7731994833143},"point_estimate":559.312360611563,"standard_error":3.4808951885889045},"Median":{"confidence_interval":{"confidence_level":0.95,"lower_bound":549.3322122383414,"upper_bound":553.9362135608066},"point_estimate":553.7820663792588,"standard_error":1.394637794981958},"MedianAbsDev":{"confidence_interval":{"confidence_level":0.95,"lower_bound":1.430154565728528,"upper_bound":7.026184498324015},"point_estimate":6.285286305853943,"standard_error":1.6556169288300884},"Slope":{"confidence_interval":{"confidence_level":0.95,"lower_bound":556.2757322447526,"upper_bound":592.0740874568793},"point_estimate":573.0033066583153,"standard_error":9.220605441039174},"StdDev":{"confidence_interval":{"confidence_level":0.95,"lower_bound":17.68282394179853,"upper_bound":48.13305482647449},"point_estimate":35.03320154790348,"standard_error":8.460556387618546}}