{"Mean":{"confidence_interval":{"confidence_level":0.95,"lower_bound":34507707.67085438,"upper_bound":37840624.07482911},"point_estimate":36174353.56749125,"standard_error":849080.5700439399},"Median":{"confidence_interval":{"confidence_level":0.95,"lower_bound":33600789.27272727,"upper_bound":38890409.28125},"point_estimate":36855021.07476765,"standard_error":1272873.2626403929},"MedianAbsDev":{"confidence_interval":{"confidence_level":0.95,"lower_bound":7248540.025317689,"upper_bound":12857487.510463158},"point_estimate":9264149.861021832,"standard_error":1495599.714820052},"Slope":{"confidence_interval":{"confidence_level":0.95,"lower_bound":37134510.297147247,"upper_bound":39628382.79291083},"point_estimate":38310212.299329098,"standard_error":638251.944988763},"StdDev":{"confidence_interval":{"confidence_level":0.95,"lower_bound":7635755.075089443,"upper_bound":9281468.87477514},"point_estimate":8521925.466665149,"standard_error":420748.0796595985}}