{"Mean":{"confidence_interval":{"confidence_level":0.95,"lower_bound":202140.05885716668,"upper_bound":206163.5201795771},"point_estimate":203934.2742051288,"standard_error":1033.651095690481},"Median":{"confidence_interval":{"confidence_level":0.95,"lower_bound":199574.46818181818,"upper_bound":200323.5},"point_estimate":200006.87363636367,"standard_error":192.40301136239945},"MedianAbsDev":{"confidence_interval":{"confidence_level":0.95,"lower_bound":718.5689744225954,"upper_bound":1607.960804372146},"point_estimate":1181.5959651143756,"standard_error":235.6198624667022},"Slope":{"confidence_interval":{"confidence_level":0.95,"lower_bound":204402.4294395636,"upper_bound":209546.66770327287},"point_estimate":207039.99078055268,"standard_error":1314.4720888707723},"StdDev":{"confidence_interval":{"confidence_level":0.95,"lower_bound":5988.32336871554,"upper_bound":15079.034390735273},"point_estimate":10413.187469011993,"standard_error":2655.888634069132}}