{"Mean":{"confidence_interval":{"confidence_level":0.95,"lower_bound":4248000.485778161,"upper_bound":4260267.00280923},"point_estimate":4253449.128917072,"standard_error":3156.582386794721},"Median":{"confidence_interval":{"confidence_level":0.95,"lower_bound":4242388.360205832,"upper_bound":4245826.952764977},"point_estimate":4244433.415384615,"standard_error":818.1234265728514},"MedianAbsDev":{"confidence_interval":{"confidence_level":0.95,"lower_bound":5947.742224814568,"upper_bound":11395.492829382923},"point_estimate":8904.20151387656,"standard_error":1325.2886635974324},"Slope":{"confidence_interval":{"confidence_level":0.95,"lower_bound":4239842.516078994,"upper_bound":4243747.225520843},"point_estimate":4241567.692141274,"standard_error":1007.4946637700647},"StdDev":{"confidence_interval":{"confidence_level":0.95,"lower_bound":14777.62517497343,"upper_bound":46271.13822440183},"point_estimate":31757.634784968224,"standard_error":8242.367230083562}}