{"Mean":{"confidence_interval":{"confidence_level":0.95,"lower_bound":2511905.396514849,"upper_bound":2523640.324100695},"point_estimate":2517268.485517835,"standard_error":3008.5126331542994},"Median":{"confidence_interval":{"confidence_level":0.95,"lower_bound":2505920.9454545455,"upper_bound":2509543.04784689},"point_estimate":2507564.285326087,"standard_error":959.7361377610167},"MedianAbsDev":{"confidence_interval":{"confidence_level":0.95,"lower_bound":4430.238661625652,"upper_bound":8374.254469345338},"point_estimate":6055.76133985738,"standard_error":1027.3046419843509},"Slope":{"confidence_interval":{"confidence_level":0.95,"lower_bound":2505675.397454858,"upper_bound":2509700.0548098098},"point_estimate":2507469.806839072,"standard_error":1032.1960962570957},"StdDev":{"confidence_interval":{"confidence_level":0.95,"lower_bound":17171.00869656712,"upper_bound":40829.660433597346},"point_estimate":30330.7686090065,"standard_error":6044.790160129293}}