{"Mean":{"confidence_interval":{"confidence_level":0.95,"lower_bound":0.01973706287781704,"upper_bound":0.048362523098232957},"point_estimate":0.034065759774340568,"standard_error":0.007271275924697868},"Median":{"confidence_interval":{"confidence_level":0.95,"lower_bound":-0.025322401677054575,"upper_bound":0.13178853952754156},"point_estimate":0.025010558201123746,"standard_error":0.052243154720731769}}