{"Mean":{"confidence_interval":{"confidence_level":0.95,"lower_bound":9799338.282280008,"upper_bound":9875543.029766135},"point_estimate":9838205.876818907,"standard_error":19402.97742726262},"Median":{"confidence_interval":{"confidence_level":0.95,"lower_bound":9813788.93877551,"upper_bound":9862127.132089334},"point_estimate":9838637.719907407,"standard_error":12302.640166813804},"MedianAbsDev":{"confidence_interval":{"confidence_level":0.95,"lower_bound":81749.66670535894,"upper_bound":149009.0863717246},"point_estimate":102655.04368999988,"standard_error":17014.03637022527},"Slope":{"confidence_interval":{"confidence_level":0.95,"lower_bound":9826761.191073554,"upper_bound":9868589.919860993},"point_estimate":9847111.14941924,"standard_error":10701.580551824523},"StdDev":{"confidence_interval":{"confidence_level":0.95,"lower_bound":131684.46163391058,"upper_bound":258253.1819683439},"point_estimate":194444.48503167885,"standard_error":32911.77267497324}}