{"Mean":{"confidence_interval":{"confidence_level":0.95,"lower_bound":6621855.575596701,"upper_bound":6715977.9032623539},"point_estimate":6668449.993598956,"standard_error":24068.21165162307},"Median":{"confidence_interval":{"confidence_level":0.95,"lower_bound":6559417.652173913,"upper_bound":6755527.0},"point_estimate":6631600.769559033,"standard_error":44546.949574158825},"MedianAbsDev":{"confidence_interval":{"confidence_level":0.95,"lower_bound":238760.0588910102,"upper_bound":365507.7793631618},"point_estimate":289389.4630827544,"standard_error":31860.542309195796},"Slope":{"confidence_interval":{"confidence_level":0.95,"lower_bound":6610850.204236203,"upper_bound":6746957.335900951},"point_estimate":6677667.646797694,"standard_error":34735.46282718564},"StdDev":{"confidence_interval":{"confidence_level":0.95,"lower_bound":218614.01960584647,"upper_bound":263131.33923529207},"point_estimate":242781.23951371999,"standard_error":11371.275452785545}}