{"Mean":{"confidence_interval":{"confidence_level":0.95,"lower_bound":6658739.686273301,"upper_bound":6723137.611459342},"point_estimate":6689719.310828438,"standard_error":16418.50630573022},"Median":{"confidence_interval":{"confidence_level":0.95,"lower_bound":6600917.6135712009,"upper_bound":6626536.352941177},"point_estimate":6604796.740740741,"standard_error":6599.043321210601},"MedianAbsDev":{"confidence_interval":{"confidence_level":0.95,"lower_bound":21117.2259146172,"upper_bound":58694.88928519341},"point_estimate":32108.916259983933,"standard_error":9368.752381683857},"Slope":{"confidence_interval":{"confidence_level":0.95,"lower_bound":6636095.053159533,"upper_bound":6684765.3508520829},"point_estimate":6658599.683478646,"standard_error":12430.05988012336},"StdDev":{"confidence_interval":{"confidence_level":0.95,"lower_bound":131593.98351485178,"upper_bound":194301.63374140825},"point_estimate":165977.36614481623,"standard_error":16009.766991270913}}