{"Mean":{"confidence_interval":{"confidence_level":0.95,"lower_bound":0.11805931428553029,"upper_bound":0.18723642810573147},"point_estimate":0.1510439662802765,"standard_error":0.017440662399419297},"Median":{"confidence_interval":{"confidence_level":0.95,"lower_bound":0.0007231414908828171,"upper_bound":0.3401224851673035},"point_estimate":0.0036062855992222699,"standard_error":0.10471639990969108}}