{"Mean":{"confidence_interval":{"confidence_level":0.95,"lower_bound":429686.12308844699,"upper_bound":442818.1993714911},"point_estimate":436071.85936009816,"standard_error":3355.4032216178018},"Median":{"confidence_interval":{"confidence_level":0.95,"lower_bound":416754.016440763,"upper_bound":417721.4761904762},"point_estimate":417266.36250000007,"standard_error":278.5713533459327},"MedianAbsDev":{"confidence_interval":{"confidence_level":0.95,"lower_bound":828.5314706713323,"upper_bound":2297.874384637306},"point_estimate":1503.6654395584956,"standard_error":429.42078726902209},"Slope":{"confidence_interval":{"confidence_level":0.95,"lower_bound":438401.24642164146,"upper_bound":460113.72278748787},"point_estimate":449554.6033860401,"standard_error":5552.907030256551},"StdDev":{"confidence_interval":{"confidence_level":0.95,"lower_bound":28663.440509914766,"upper_bound":37446.77331939265},"point_estimate":33867.74560087274,"standard_error":2243.2688961813717}}