{"Mean":{"confidence_interval":{"confidence_level":0.95,"lower_bound":34355.50395620911,"upper_bound":35929.71317509165},"point_estimate":35100.932141630314,"standard_error":409.32730336906726},"Median":{"confidence_interval":{"confidence_level":0.95,"lower_bound":33397.80864197531,"upper_bound":33422.11952861953},"point_estimate":33414.72997685186,"standard_error":5.014261826063129},"MedianAbsDev":{"confidence_interval":{"confidence_level":0.95,"lower_bound":38.413581982404618,"upper_bound":72.36952382130763},"point_estimate":56.85203282373982,"standard_error":8.301389129217018},"Slope":{"confidence_interval":{"confidence_level":0.95,"lower_bound":36058.425608465186,"upper_bound":39277.1404669165},"point_estimate":37737.731027371396,"standard_error":823.883656584618},"StdDev":{"confidence_interval":{"confidence_level":0.95,"lower_bound":3209.257955700765,"upper_bound":4819.475830471311},"point_estimate":4107.162912844473,"standard_error":432.10913938075398}}