{"Mean":{"confidence_interval":{"confidence_level":0.95,"lower_bound":268012.6027891228,"upper_bound":268242.0493761244},"point_estimate":268121.4876892051,"standard_error":58.45265666859516},"Median":{"confidence_interval":{"confidence_level":0.95,"lower_bound":267836.57670454549,"upper_bound":268071.9761904762},"point_estimate":267942.90368037138,"standard_error":67.44461742790657},"MedianAbsDev":{"confidence_interval":{"confidence_level":0.95,"lower_bound":289.43241828373069,"upper_bound":521.6517759001382},"point_estimate":384.17871817946436,"standard_error":62.86210386527057},"Slope":{"confidence_interval":{"confidence_level":0.95,"lower_bound":267762.5837795603,"upper_bound":267883.2766272628},"point_estimate":267818.4810632481,"standard_error":30.93132374033919},"StdDev":{"confidence_interval":{"confidence_level":0.95,"lower_bound":433.47695811704019,"upper_bound":721.6015943501416},"point_estimate":587.5288984480902,"standard_error":73.51531853542599}}