{"Mean":{"confidence_interval":{"confidence_level":0.95,"lower_bound":1367344.4055658328,"upper_bound":1371802.7855779539},"point_estimate":1369313.7464579023,"standard_error":1148.8102307709626},"Median":{"confidence_interval":{"confidence_level":0.95,"lower_bound":1365012.1489361702,"upper_bound":1367166.4015151517},"point_estimate":1365507.4562937064,"standard_error":555.9477870981543},"MedianAbsDev":{"confidence_interval":{"confidence_level":0.95,"lower_bound":1561.0493741914905,"upper_bound":4561.827170672148},"point_estimate":2453.099804833146,"standard_error":746.1814127195346},"Slope":{"confidence_interval":{"confidence_level":0.95,"lower_bound":1367219.9406267573,"upper_bound":1372495.3753193303},"point_estimate":1369559.1079030589,"standard_error":1353.8291687445067},"StdDev":{"confidence_interval":{"confidence_level":0.95,"lower_bound":4347.599394359853,"upper_bound":16631.023238649632},"point_estimate":11540.715119181321,"standard_error":3028.5845602247529}}