{"Mean":{"confidence_interval":{"confidence_level":0.95,"lower_bound":1998.8633718234733,"upper_bound":2005.1557838502407},"point_estimate":2001.8512217630112,"standard_error":1.6037157440313128},"Median":{"confidence_interval":{"confidence_level":0.95,"lower_bound":1994.6261976054789,"upper_bound":1999.9622718052738},"point_estimate":1998.0075027918957,"standard_error":1.4202598326786936},"MedianAbsDev":{"confidence_interval":{"confidence_level":0.95,"lower_bound":7.406990788780721,"upper_bound":13.660483021845727},"point_estimate":10.589790934271182,"standard_error":1.5864894998774564},"Slope":{"confidence_interval":{"confidence_level":0.95,"lower_bound":1994.6820699439268,"upper_bound":1999.555870938187},"point_estimate":1996.965875548652,"standard_error":1.2465794122584895},"StdDev":{"confidence_interval":{"confidence_level":0.95,"lower_bound":11.869381164988756,"upper_bound":20.107051343055255},"point_estimate":16.094482481319394,"standard_error":2.1195725784919929}}