{"Mean":{"confidence_interval":{"confidence_level":0.95,"lower_bound":25056.550314200376,"upper_bound":25088.923696049278},"point_estimate":25071.816742413794,"standard_error":8.261903585079681},"Median":{"confidence_interval":{"confidence_level":0.95,"lower_bound":25038.960197368422,"upper_bound":25054.15},"point_estimate":25045.286567344963,"standard_error":3.6242242405661124},"MedianAbsDev":{"confidence_interval":{"confidence_level":0.95,"lower_bound":27.823363675782397,"upper_bound":50.125406925151747},"point_estimate":36.33563481702094,"standard_error":5.695652718902392},"Slope":{"confidence_interval":{"confidence_level":0.95,"lower_bound":25029.29001304508,"upper_bound":25049.891755393273},"point_estimate":25038.606127826217,"standard_error":5.270270230618132},"StdDev":{"confidence_interval":{"confidence_level":0.95,"lower_bound":58.13437643397697,"upper_bound":103.59297147761669},"point_estimate":82.90386605256882,"standard_error":11.639997529212377}}