{"Mean":{"confidence_interval":{"confidence_level":0.95,"lower_bound":2494643.9258081496,"upper_bound":2507078.4176375365},"point_estimate":2500190.3765697709,"standard_error":3192.565799061165},"Median":{"confidence_interval":{"confidence_level":0.95,"lower_bound":2488821.14,"upper_bound":2492318.75},"point_estimate":2489871.445666341,"standard_error":1136.1810663182046},"MedianAbsDev":{"confidence_interval":{"confidence_level":0.95,"lower_bound":4464.744629095988,"upper_bound":9209.158896864705},"point_estimate":5646.554751678399,"standard_error":1286.8508039210054},"Slope":{"confidence_interval":{"confidence_level":0.95,"lower_bound":2487894.2265960595,"upper_bound":2492658.0329983516},"point_estimate":2489802.6885030295,"standard_error":1243.8923085897478},"StdDev":{"confidence_interval":{"confidence_level":0.95,"lower_bound":16151.10340025658,"upper_bound":47121.69121995345},"point_estimate":32232.908939534,"standard_error":8277.837474058419}}