{"Mean":{"confidence_interval":{"confidence_level":0.95,"lower_bound":61.07970463465627,"upper_bound":63.640992934495638},"point_estimate":62.33525794309426,"standard_error":0.6570257212253462},"Median":{"confidence_interval":{"confidence_level":0.95,"lower_bound":57.55105228834482,"upper_bound":57.98464939854981},"point_estimate":57.64849682041569,"standard_error":0.3794384967051109},"MedianAbsDev":{"confidence_interval":{"confidence_level":0.95,"lower_bound":0.25055992275743435,"upper_bound":1.0453192525764519},"point_estimate":0.5004690771087494,"standard_error":0.2967832729546665},"Slope":{"confidence_interval":{"confidence_level":0.95,"lower_bound":60.808371476507989,"upper_bound":63.98193016724577},"point_estimate":62.26595119275351,"standard_error":0.8095399080972368},"StdDev":{"confidence_interval":{"confidence_level":0.95,"lower_bound":6.044499700511272,"upper_bound":6.892263595870133},"point_estimate":6.597095901175673,"standard_error":0.22174985106428128}}