{"Mean":{"confidence_interval":{"confidence_level":0.95,"lower_bound":14198646.696704938,"upper_bound":14214552.612492845},"point_estimate":14206600.263051786,"standard_error":4064.487429540296},"Median":{"confidence_interval":{"confidence_level":0.95,"lower_bound":14199762.083333334,"upper_bound":14226895.82857143},"point_estimate":14223911.389181287,"standard_error":7017.647079932929},"MedianAbsDev":{"confidence_interval":{"confidence_level":0.95,"lower_bound":21079.948488389728,"upper_bound":55805.85281087254},"point_estimate":35241.206331927344,"standard_error":9421.003562848891},"Slope":{"confidence_interval":{"confidence_level":0.95,"lower_bound":14201562.774608052,"upper_bound":14222348.139482156},"point_estimate":14212144.502320083,"standard_error":5318.626480155909},"StdDev":{"confidence_interval":{"confidence_level":0.95,"lower_bound":36046.278383154764,"upper_bound":45452.524320561206},"point_estimate":40779.7402208208,"standard_error":2413.772969375434}}