{"Mean":{"confidence_interval":{"confidence_level":0.95,"lower_bound":15086199.307094498,"upper_bound":15269658.956438965},"point_estimate":15167871.448652484,"standard_error":47054.97672418857},"Median":{"confidence_interval":{"confidence_level":0.95,"lower_bound":15047728.641543456,"upper_bound":15100478.057142858},"point_estimate":15071566.148809525,"standard_error":14599.940483605458},"MedianAbsDev":{"confidence_interval":{"confidence_level":0.95,"lower_bound":85005.76831709621,"upper_bound":143665.89684010187},"point_estimate":112299.68811318249,"standard_error":15257.762679941094},"Slope":{"confidence_interval":{"confidence_level":0.95,"lower_bound":15142593.929429528,"upper_bound":15336002.660265765},"point_estimate":15229909.085807596,"standard_error":49607.718621289525},"StdDev":{"confidence_interval":{"confidence_level":0.95,"lower_bound":212209.53464459693,"upper_bound":673821.5942101885},"point_estimate":473340.6347772041,"standard_error":117577.41386837329}}