{"Mean":{"confidence_interval":{"confidence_level":0.95,"lower_bound":67876.90244024236,"upper_bound":67950.48130476223},"point_estimate":67910.92530689048,"standard_error":18.841031910314795},"Median":{"confidence_interval":{"confidence_level":0.95,"lower_bound":67828.68125925926,"upper_bound":67878.92},"point_estimate":67846.26373737374,"standard_error":12.858036739083671},"MedianAbsDev":{"confidence_interval":{"confidence_level":0.95,"lower_bound":51.26841423343383,"upper_bound":100.70779965652356},"point_estimate":73.04658078354214,"standard_error":11.994465940570829},"Slope":{"confidence_interval":{"confidence_level":0.95,"lower_bound":67810.88094149588,"upper_bound":67827.14854277822},"point_estimate":67818.2475249495,"standard_error":4.154156013023627},"StdDev":{"confidence_interval":{"confidence_level":0.95,"lower_bound":117.13842914561794,"upper_bound":256.89229789108608},"point_estimate":189.41685030225762,"standard_error":36.474126893040558}}