{"Mean":{"confidence_interval":{"confidence_level":0.95,"lower_bound":24961875.666448747,"upper_bound":25195630.28319518},"point_estimate":25073454.387164527,"standard_error":59687.699721560515},"Median":{"confidence_interval":{"confidence_level":0.95,"lower_bound":24771015.654301078,"upper_bound":24942362.157894739},"point_estimate":24841805.119999999,"standard_error":45664.986221024636},"MedianAbsDev":{"confidence_interval":{"confidence_level":0.95,"lower_bound":170288.4844365871,"upper_bound":442777.1920845906},"point_estimate":299220.2480275517,"standard_error":76084.86650811594},"Slope":{"confidence_interval":{"confidence_level":0.95,"lower_bound":25016039.102600114,"upper_bound":25256976.330011965},"point_estimate":25130569.34687454,"standard_error":61368.83280578209},"StdDev":{"confidence_interval":{"confidence_level":0.95,"lower_bound":451263.3505437436,"upper_bound":726515.4645801373},"point_estimate":599633.5197086282,"standard_error":70359.26176418788}}