{"Mean":{"confidence_interval":{"confidence_level":0.95,"lower_bound":278116.0749510156,"upper_bound":286859.4800517131},"point_estimate":282473.19835973539,"standard_error":2231.636379097744},"Median":{"confidence_interval":{"confidence_level":0.95,"lower_bound":267298.40425531918,"upper_bound":292954.4375},"point_estimate":272436.4708806818,"standard_error":7551.520517441959},"MedianAbsDev":{"confidence_interval":{"confidence_level":0.95,"lower_bound":11431.953348302672,"upper_bound":34314.10141764502},"point_estimate":22782.96649890728,"standard_error":5979.927601148552},"Slope":{"confidence_interval":{"confidence_level":0.95,"lower_bound":281808.5779445716,"upper_bound":294820.5006208372},"point_estimate":288762.69839884739,"standard_error":3310.8043679527074},"StdDev":{"confidence_interval":{"confidence_level":0.95,"lower_bound":20221.00501004112,"upper_bound":24480.953168861666},"point_estimate":22389.731335621793,"standard_error":1084.831941627145}}