{"Mean":{"confidence_interval":{"confidence_level":0.95,"lower_bound":23443467.60970446,"upper_bound":23612012.10494814},"point_estimate":23527205.979107385,"standard_error":43065.73220074922},"Median":{"confidence_interval":{"confidence_level":0.95,"lower_bound":23431435.79577799,"upper_bound":23538524.775},"point_estimate":23472934.915570178,"standard_error":25751.213210612597},"MedianAbsDev":{"confidence_interval":{"confidence_level":0.95,"lower_bound":249431.59651743374,"upper_bound":421073.438367462},"point_estimate":336916.1495667002,"standard_error":44620.19871086075},"Slope":{"confidence_interval":{"confidence_level":0.95,"lower_bound":23422722.72537197,"upper_bound":23586573.62964103},"point_estimate":23502050.309481309,"standard_error":41721.79891839477},"StdDev":{"confidence_interval":{"confidence_level":0.95,"lower_bound":360723.77763903737,"upper_bound":500334.3524593405},"point_estimate":433993.70345626378,"standard_error":35731.3067883029}}