{"Mean":{"confidence_interval":{"confidence_level":0.95,"lower_bound":0.9171505874269264,"upper_bound":1.005286426491475},"point_estimate":0.9559997296959271,"standard_error":0.022470651291216914},"Median":{"confidence_interval":{"confidence_level":0.95,"lower_bound":0.8712323879471557,"upper_bound":1.0407588678849305},"point_estimate":0.9450271608831415,"standard_error":0.043509732418743018}}