{"Mean":{"confidence_interval":{"confidence_level":0.95,"lower_bound":250504.25712015879,"upper_bound":260734.90642923246},"point_estimate":255639.71195271507,"standard_error":2615.4013315461995},"Median":{"confidence_interval":{"confidence_level":0.95,"lower_bound":246414.47261904763,"upper_bound":282076.10445283018},"point_estimate":246964.27777777779,"standard_error":10062.924536227903},"MedianAbsDev":{"confidence_interval":{"confidence_level":0.95,"lower_bound":6156.209210874951,"upper_bound":47250.618491157315},"point_estimate":42524.78962859818,"standard_error":9701.754580286535},"Slope":{"confidence_interval":{"confidence_level":0.95,"lower_bound":246535.35189394526,"upper_bound":262222.4860603519},"point_estimate":254520.46727767107,"standard_error":4003.92079258758},"StdDev":{"confidence_interval":{"confidence_level":0.95,"lower_bound":24237.8080906918,"upper_bound":27942.342742356897},"point_estimate":26320.034595906945,"standard_error":945.6148043617571}}