{"Mean":{"confidence_interval":{"confidence_level":0.95,"lower_bound":185.07707918789215,"upper_bound":191.5347209784683},"point_estimate":188.10763679014088,"standard_error":1.6567216182969805},"Median":{"confidence_interval":{"confidence_level":0.95,"lower_bound":181.87715558127185,"upper_bound":181.93003425248978},"point_estimate":181.8939454014266,"standard_error":0.014149710662329906},"MedianAbsDev":{"confidence_interval":{"confidence_level":0.95,"lower_bound":0.07969540747374075,"upper_bound":0.17214041235962203},"point_estimate":0.11466143807473345,"standard_error":0.022462202526333718},"Slope":{"confidence_interval":{"confidence_level":0.95,"lower_bound":183.27391762577933,"upper_bound":188.79739093591733},"point_estimate":185.55354819852705,"standard_error":1.4385770122033979},"StdDev":{"confidence_interval":{"confidence_level":0.95,"lower_bound":11.986746231665938,"upper_bound":20.23752477433694},"point_estimate":16.70794385145111,"standard_error":2.0869455515922059}}