{"Mean":{"confidence_interval":{"confidence_level":0.95,"lower_bound":0.02846226589992007,"upper_bound":0.032481831510433999},"point_estimate":0.030582233400991533,"standard_error":0.0010275165655842137},"Median":{"confidence_interval":{"confidence_level":0.95,"lower_bound":0.033141645576717729,"upper_bound":0.03437060324410799},"point_estimate":0.033695771281615497,"standard_error":0.00030580812296431123}}