{"Mean":{"confidence_interval":{"confidence_level":0.95,"lower_bound":3576432.4244126656,"upper_bound":3672653.8309976675},"point_estimate":3623180.2685942316,"standard_error":24520.898857896984},"Median":{"confidence_interval":{"confidence_level":0.95,"lower_bound":3508730.4588235297,"upper_bound":3542410.060375671},"point_estimate":3523151.237906073,"standard_error":12890.343238376927},"MedianAbsDev":{"confidence_interval":{"confidence_level":0.95,"lower_bound":38504.233636693214,"upper_bound":88173.16969267786},"point_estimate":54416.76523262004,"standard_error":12958.020416218536},"Slope":{"confidence_interval":{"confidence_level":0.95,"lower_bound":3544305.4817072998,"upper_bound":3581364.6138808398},"point_estimate":3560561.267545441,"standard_error":9451.560515426096},"StdDev":{"confidence_interval":{"confidence_level":0.95,"lower_bound":194750.63435111138,"upper_bound":290512.40988117069},"point_estimate":246235.39688406565,"standard_error":24484.581357545634}}