{"Mean":{"confidence_interval":{"confidence_level":0.95,"lower_bound":2548489.5621253245,"upper_bound":2733855.498694945},"point_estimate":2611210.1128507519,"standard_error":60058.219952519146},"Median":{"confidence_interval":{"confidence_level":0.95,"lower_bound":2542536.0303030305,"upper_bound":2546358.8666666669},"point_estimate":2544164.436585366,"standard_error":987.5503451988265},"MedianAbsDev":{"confidence_interval":{"confidence_level":0.95,"lower_bound":4513.0343198776249,"upper_bound":9593.535193574578},"point_estimate":6538.11300285739,"standard_error":1328.1911063613775},"Slope":{"confidence_interval":{"confidence_level":0.95,"lower_bound":2544773.351806503,"upper_bound":2850319.16242991},"point_estimate":2639054.1702674746,"standard_error":91651.9820456938},"StdDev":{"confidence_interval":{"confidence_level":0.95,"lower_bound":12975.776798485138,"upper_bound":1030360.7681488057},"point_estimate":600978.7834008442,"standard_error":370010.92617935218}}