{"Mean":{"confidence_interval":{"confidence_level":0.95,"lower_bound":182.469597206349,"upper_bound":188.4934582323134},"point_estimate":185.29138396658019,"standard_error":1.5528773484623207},"Median":{"confidence_interval":{"confidence_level":0.95,"lower_bound":179.7953542886236,"upper_bound":179.91234733605584},"point_estimate":179.8252777286123,"standard_error":0.029209449236384287},"MedianAbsDev":{"confidence_interval":{"confidence_level":0.95,"lower_bound":0.14753738521957694,"upper_bound":0.30170879833913857},"point_estimate":0.1973997477366181,"standard_error":0.04029921828416267},"Slope":{"confidence_interval":{"confidence_level":0.95,"lower_bound":185.03837052807129,"upper_bound":196.3520166958572},"point_estimate":190.446877971606,"standard_error":2.8955613100105608},"StdDev":{"confidence_interval":{"confidence_level":0.95,"lower_bound":10.879005051485292,"upper_bound":19.187625216219819},"point_estimate":15.612796260340304,"standard_error":2.1363680391710639}}