{"Mean":{"confidence_interval":{"confidence_level":0.95,"lower_bound":370917.03955076329,"upper_bound":374127.3264688508},"point_estimate":372495.8129276631,"standard_error":821.6430776353498},"Median":{"confidence_interval":{"confidence_level":0.95,"lower_bound":366611.9241192412,"upper_bound":367732.44166666668},"point_estimate":366790.59829059828,"standard_error":322.5882709207304},"MedianAbsDev":{"confidence_interval":{"confidence_level":0.95,"lower_bound":415.07996633510268,"upper_bound":2066.396450570787},"point_estimate":723.5565325850562,"standard_error":457.9341653952233},"Slope":{"confidence_interval":{"confidence_level":0.95,"lower_bound":371805.31327881329,"upper_bound":376327.390701344},"point_estimate":374014.6091108812,"standard_error":1157.0045477606364},"StdDev":{"confidence_interval":{"confidence_level":0.95,"lower_bound":7445.457578675121,"upper_bound":8724.11752681976},"point_estimate":8251.383201630912,"standard_error":330.25148066544247}}