{"Mean":{"confidence_interval":{"confidence_level":0.95,"lower_bound":217.11205653908113,"upper_bound":224.56200838766064},"point_estimate":220.88081503311845,"standard_error":1.8979649341536258},"Median":{"confidence_interval":{"confidence_level":0.95,"lower_bound":235.14134916785938,"upper_bound":235.2416197466318},"point_estimate":235.1956971162881,"standard_error":1.8424353939288163},"MedianAbsDev":{"confidence_interval":{"confidence_level":0.95,"lower_bound":0.21251262429368449,"upper_bound":1.6201651156568582},"point_estimate":0.4609778586289467,"standard_error":1.288362781875607},"Slope":{"confidence_interval":{"confidence_level":0.95,"lower_bound":210.6795689267046,"upper_bound":220.7673866406422},"point_estimate":215.86641856627237,"standard_error":2.583033963631513},"StdDev":{"confidence_interval":{"confidence_level":0.95,"lower_bound":17.653389201361017,"upper_bound":19.826326911606697},"point_estimate":19.105204980049068,"standard_error":0.574537289273798}}