{"Mean":{"confidence_interval":{"confidence_level":0.95,"lower_bound":26362.898750933524,"upper_bound":27437.857424089787},"point_estimate":26898.453205998037,"standard_error":273.88019543660229},"Median":{"confidence_interval":{"confidence_level":0.95,"lower_bound":24352.8837535014,"upper_bound":29668.379179331307},"point_estimate":25027.848660714284,"standard_error":2102.4347870404164},"MedianAbsDev":{"confidence_interval":{"confidence_level":0.95,"lower_bound":318.49964994624107,"upper_bound":4074.4717804519148},"point_estimate":1452.5948343966027,"standard_error":1109.4053765268653},"Slope":{"confidence_interval":{"confidence_level":0.95,"lower_bound":26390.753821453403,"upper_bound":27825.910585225993},"point_estimate":27125.548192488757,"standard_error":366.61664835279199},"StdDev":{"confidence_interval":{"confidence_level":0.95,"lower_bound":2653.392320639813,"upper_bound":2792.580046905445},"point_estimate":2747.6286309507738,"standard_error":35.41766445243421}}