{"Mean":{"confidence_interval":{"confidence_level":0.95,"lower_bound":0.6851904007397602,"upper_bound":0.6936314510353957},"point_estimate":0.6896294359308404,"standard_error":0.0021529009152076946},"Median":{"confidence_interval":{"confidence_level":0.95,"lower_bound":0.6939377494791128,"upper_bound":0.6975182846564094},"point_estimate":0.6958754540017413,"standard_error":0.0009203289788982668}}