{"Mean":{"confidence_interval":{"confidence_level":0.95,"lower_bound":68459433.46387372,"upper_bound":75244238.86413093},"point_estimate":71836069.84371864,"standard_error":1731060.067850792},"Median":{"confidence_interval":{"confidence_level":0.95,"lower_bound":65752362.57323146,"upper_bound":77361129.85526316},"point_estimate":70250019.6252394,"standard_error":2844260.5812868427},"MedianAbsDev":{"confidence_interval":{"confidence_level":0.95,"lower_bound":15039343.700724526,"upper_bound":26223538.021676683},"point_estimate":21402865.134963287,"standard_error":2802429.6456465998},"Slope":{"confidence_interval":{"confidence_level":0.95,"lower_bound":72961458.85613233,"upper_bound":78463780.00016025},"point_estimate":75533428.1658401,"standard_error":1406698.8980349939},"StdDev":{"confidence_interval":{"confidence_level":0.95,"lower_bound":15545299.803938244,"upper_bound":18972919.785758988},"point_estimate":17399609.723477168,"standard_error":874715.6777097507}}