{"Mean":{"confidence_interval":{"confidence_level":0.95,"lower_bound":138456.42203563115,"upper_bound":139628.3729407486},"point_estimate":139040.54857533385,"standard_error":299.3988451060139},"Median":{"confidence_interval":{"confidence_level":0.95,"lower_bound":136581.90073529414,"upper_bound":142173.3003329918},"point_estimate":137067.2239583333,"standard_error":1779.11819821106},"MedianAbsDev":{"confidence_interval":{"confidence_level":0.95,"lower_bound":587.4018630293484,"upper_bound":4311.732543451473},"point_estimate":1964.6596292520838,"standard_error":882.7904512085428},"Slope":{"confidence_interval":{"confidence_level":0.95,"lower_bound":137227.0737642391,"upper_bound":138453.3725284262},"point_estimate":137770.9320437417,"standard_error":312.6040971620381},"StdDev":{"confidence_interval":{"confidence_level":0.95,"lower_bound":2889.4612696999136,"upper_bound":3084.2750378820826},"point_estimate":3015.7367736607454,"standard_error":49.363194352129209}}