{"Mean":{"confidence_interval":{"confidence_level":0.95,"lower_bound":2190.3901789305,"upper_bound":2197.264020786321},"point_estimate":2193.6759677914917,"standard_error":1.7513304304286826},"Median":{"confidence_interval":{"confidence_level":0.95,"lower_bound":2188.094327051209,"upper_bound":2195.849897802759},"point_estimate":2191.55363708201,"standard_error":2.0743761641485096},"MedianAbsDev":{"confidence_interval":{"confidence_level":0.95,"lower_bound":11.908184559601825,"upper_bound":17.68862816286054},"point_estimate":14.986347395272923,"standard_error":1.4578179118667672},"Slope":{"confidence_interval":{"confidence_level":0.95,"lower_bound":2184.245610209961,"upper_bound":2190.4491194637628},"point_estimate":2187.3171550686445,"standard_error":1.5851611374057453},"StdDev":{"confidence_interval":{"confidence_level":0.95,"lower_bound":12.824736009073792,"upper_bound":23.02712001594598},"point_estimate":17.670899269397937,"standard_error":2.7384015285439124}}