{"Mean":{"confidence_interval":{"confidence_level":0.95,"lower_bound":3579716.109737252,"upper_bound":3670063.969119656},"point_estimate":3620125.5723591435,"standard_error":23211.72194069313},"Median":{"confidence_interval":{"confidence_level":0.95,"lower_bound":3501108.6415094339,"upper_bound":3559545.3636363639},"point_estimate":3519990.8112244897,"standard_error":16278.821483342415},"MedianAbsDev":{"confidence_interval":{"confidence_level":0.95,"lower_bound":18713.776237720067,"upper_bound":104331.45123250135},"point_estimate":45865.774526273555,"standard_error":23259.63369356288},"Slope":{"confidence_interval":{"confidence_level":0.95,"lower_bound":3583907.650448181,"upper_bound":3746179.553610164},"point_estimate":3649154.5922742725,"standard_error":42984.950896706985},"StdDev":{"confidence_interval":{"confidence_level":0.95,"lower_bound":116586.45223939728,"upper_bound":338917.96132542009},"point_estimate":233667.54769340013,"standard_error":59532.1996923594}}