{"Mean":{"confidence_interval":{"confidence_level":0.95,"lower_bound":32808.969199854364,"upper_bound":33056.771819881746},"point_estimate":32928.91840044702,"standard_error":63.22440631082284},"Median":{"confidence_interval":{"confidence_level":0.95,"lower_bound":32601.018965517243,"upper_bound":32687.243079922024},"point_estimate":32628.186673755095,"standard_error":23.16093404568109},"MedianAbsDev":{"confidence_interval":{"confidence_level":0.95,"lower_bound":107.15507783095441,"upper_bound":239.0925658177568},"point_estimate":162.85814584057386,"standard_error":33.2878254443181},"Slope":{"confidence_interval":{"confidence_level":0.95,"lower_bound":32648.296025815373,"upper_bound":32835.67822198492},"point_estimate":32730.88323107236,"standard_error":47.68846834622277},"StdDev":{"confidence_interval":{"confidence_level":0.95,"lower_bound":518.9208665138095,"upper_bound":717.4723225069964},"point_estimate":633.8292652470206,"standard_error":50.80941061758648}}