{"Mean":{"confidence_interval":{"confidence_level":0.95,"lower_bound":946.7043875607324,"upper_bound":978.0184434235328},"point_estimate":961.8471007344112,"standard_error":7.986588507206374},"Median":{"confidence_interval":{"confidence_level":0.95,"lower_bound":919.3189273584753,"upper_bound":920.3319993722536},"point_estimate":919.9977349419035,"standard_error":0.24883246870313015},"MedianAbsDev":{"confidence_interval":{"confidence_level":0.95,"lower_bound":1.3009642983099815,"upper_bound":2.7698535858548767},"point_estimate":2.0085237585477788,"standard_error":0.38045223918578538},"Slope":{"confidence_interval":{"confidence_level":0.95,"lower_bound":990.6278387178704,"upper_bound":1041.4926771662795},"point_estimate":1017.8134355993151,"standard_error":12.97064162779712},"StdDev":{"confidence_interval":{"confidence_level":0.95,"lower_bound":67.07017230026988,"upper_bound":89.24924478730303},"point_estimate":80.14930674963742,"standard_error":5.651872539818877}}