{"Mean":{"confidence_interval":{"confidence_level":0.95,"lower_bound":2307653.8831561736,"upper_bound":2320427.8202707839},"point_estimate":2313130.4314050755,"standard_error":3282.55991419166},"Median":{"confidence_interval":{"confidence_level":0.95,"lower_bound":2302529.814285714,"upper_bound":2305264.7027027027},"point_estimate":2304461.454326923,"standard_error":683.702398058946},"MedianAbsDev":{"confidence_interval":{"confidence_level":0.95,"lower_bound":4926.602441317223,"upper_bound":9340.152089875846},"point_estimate":7532.751996723976,"standard_error":1095.8942059979557},"Slope":{"confidence_interval":{"confidence_level":0.95,"lower_bound":2300289.181854377,"upper_bound":2303262.4924303235},"point_estimate":2301417.390036944,"standard_error":780.8755111418474},"StdDev":{"confidence_interval":{"confidence_level":0.95,"lower_bound":13043.457045710109,"upper_bound":50811.14051505995},"point_estimate":33005.412546268024,"standard_error":10487.761901597927}}