{"Mean":{"confidence_interval":{"confidence_level":0.95,"lower_bound":2079.7791989518525,"upper_bound":2085.4589685371095},"point_estimate":2082.548592525158,"standard_error":1.4460910102577347},"Median":{"confidence_interval":{"confidence_level":0.95,"lower_bound":2079.2811592786276,"upper_bound":2084.4989543114545},"point_estimate":2081.844487311314,"standard_error":1.48746331958744},"MedianAbsDev":{"confidence_interval":{"confidence_level":0.95,"lower_bound":8.012941188081534,"upper_bound":13.824105173393063},"point_estimate":10.173730669822073,"standard_error":1.44811621871176},"Slope":{"confidence_interval":{"confidence_level":0.95,"lower_bound":2075.0737787299387,"upper_bound":2082.6290165964735},"point_estimate":2078.851967018001,"standard_error":1.9224717879529732},"StdDev":{"confidence_interval":{"confidence_level":0.95,"lower_bound":11.026517571427235,"upper_bound":18.21569328928898},"point_estimate":14.534802045223178,"standard_error":1.8708949777504432}}