{"Mean":{"confidence_interval":{"confidence_level":0.95,"lower_bound":24453545.94638981,"upper_bound":24594394.861017955},"point_estimate":24530909.906557699,"standard_error":35951.0756078473},"Median":{"confidence_interval":{"confidence_level":0.95,"lower_bound":24550642.258064517,"upper_bound":24628122.542222226},"point_estimate":24595261.323573576,"standard_error":21474.49439638295},"MedianAbsDev":{"confidence_interval":{"confidence_level":0.95,"lower_bound":101999.53861280519,"upper_bound":161189.7425296142},"point_estimate":132678.2959966213,"standard_error":15040.875944376769},"Slope":{"confidence_interval":{"confidence_level":0.95,"lower_bound":24595626.03575241,"upper_bound":24638744.410024436},"point_estimate":24617380.410985669,"standard_error":10982.535149082198},"StdDev":{"confidence_interval":{"confidence_level":0.95,"lower_bound":188701.42187973835,"upper_bound":522881.070470804},"point_estimate":362610.383382596,"standard_error":87777.4040358735}}