{"Mean":{"confidence_interval":{"confidence_level":0.95,"lower_bound":3248061.9546561546,"upper_bound":3274704.2443707247},"point_estimate":3261509.2469812759,"standard_error":6800.393743889174},"Median":{"confidence_interval":{"confidence_level":0.95,"lower_bound":3250338.5384615387,"upper_bound":3277911.4883333335},"point_estimate":3263639.175326797,"standard_error":7660.266598736709},"MedianAbsDev":{"confidence_interval":{"confidence_level":0.95,"lower_bound":38219.913337218575,"upper_bound":63123.232882599485},"point_estimate":47860.951428435816,"standard_error":6332.757068939576},"Slope":{"confidence_interval":{"confidence_level":0.95,"lower_bound":3266404.9007660297,"upper_bound":3286386.871878021},"point_estimate":3276387.112362938,"standard_error":5105.462924862934},"StdDev":{"confidence_interval":{"confidence_level":0.95,"lower_bound":52669.75261715833,"upper_bound":82994.9055996885},"point_estimate":68364.86189619698,"standard_error":7731.3235914228}}