{"Mean":{"confidence_interval":{"confidence_level":0.95,"lower_bound":196.83877481768659,"upper_bound":200.70622499350274},"point_estimate":198.58954462505739,"standard_error":0.9981831802934403},"Median":{"confidence_interval":{"confidence_level":0.95,"lower_bound":195.69046832164026,"upper_bound":195.8021261338535},"point_estimate":195.72743924082415,"standard_error":0.03085076519614601},"MedianAbsDev":{"confidence_interval":{"confidence_level":0.95,"lower_bound":0.18913414763256865,"upper_bound":0.3465312978370425},"point_estimate":0.2716382012659978,"standard_error":0.040828287530472139},"Slope":{"confidence_interval":{"confidence_level":0.95,"lower_bound":198.85372468173444,"upper_bound":208.40204672059486},"point_estimate":203.5655991474648,"standard_error":2.4502688847167457},"StdDev":{"confidence_interval":{"confidence_level":0.95,"lower_bound":5.997444947353825,"upper_bound":12.779861789538032},"point_estimate":10.050745635245173,"standard_error":1.7140423533822476}}