{"Mean":{"confidence_interval":{"confidence_level":0.95,"lower_bound":19063531.34025581,"upper_bound":19091594.71651387},"point_estimate":19075946.993941089,"standard_error":7223.82242969468},"Median":{"confidence_interval":{"confidence_level":0.95,"lower_bound":19058976.528426969,"upper_bound":19070335.80186546},"point_estimate":19063106.324369749,"standard_error":2765.9242477352538},"MedianAbsDev":{"confidence_interval":{"confidence_level":0.95,"lower_bound":20202.687241435662,"upper_bound":39759.017604908775},"point_estimate":28265.40480170267,"standard_error":5215.61624743308},"Slope":{"confidence_interval":{"confidence_level":0.95,"lower_bound":19041867.334228059,"upper_bound":19055776.904230227},"point_estimate":19048928.644923897,"standard_error":3552.933197208792},"StdDev":{"confidence_interval":{"confidence_level":0.95,"lower_bound":36913.910096943764,"upper_bound":108552.2138108379},"point_estimate":72429.04482983327,"standard_error":20716.457912451617}}