{"Mean":{"confidence_interval":{"confidence_level":0.95,"lower_bound":84461.01355531457,"upper_bound":85398.25678016886},"point_estimate":84929.65809381259,"standard_error":238.89883730654433},"Median":{"confidence_interval":{"confidence_level":0.95,"lower_bound":82459.13812785388,"upper_bound":86957.435},"point_estimate":86881.98617827209,"standard_error":1840.5920356260688},"MedianAbsDev":{"confidence_interval":{"confidence_level":0.95,"lower_bound":171.6160770498916,"upper_bound":3983.7836406664648},"point_estimate":1507.6136007449862,"standard_error":1002.7647325289805},"Slope":{"confidence_interval":{"confidence_level":0.95,"lower_bound":82846.65239506599,"upper_bound":83409.45444455094},"point_estimate":83088.94032461455,"standard_error":143.7410775292605},"StdDev":{"confidence_interval":{"confidence_level":0.95,"lower_bound":2306.8736096859049,"upper_bound":2485.1171755775988},"point_estimate":2403.5399559764598,"standard_error":45.32196772667085}}