{"Mean":{"confidence_interval":{"confidence_level":0.95,"lower_bound":5413.030442181243,"upper_bound":5622.873841823696},"point_estimate":5514.68258194164,"standard_error":53.520369371716068},"Median":{"confidence_interval":{"confidence_level":0.95,"lower_bound":5235.388172043011,"upper_bound":5266.3775388291519},"point_estimate":5250.359001303356,"standard_error":7.836585090016118},"MedianAbsDev":{"confidence_interval":{"confidence_level":0.95,"lower_bound":43.667248079099177,"upper_bound":78.87189051735281},"point_estimate":57.49588458408288,"standard_error":9.05424109674639},"Slope":{"confidence_interval":{"confidence_level":0.95,"lower_bound":5692.239572422517,"upper_bound":6042.701923971292},"point_estimate":5878.254694318252,"standard_error":89.68294893846425},"StdDev":{"confidence_interval":{"confidence_level":0.95,"lower_bound":447.9739411833094,"upper_bound":602.2542317437924},"point_estimate":538.0851539043597,"standard_error":39.61041314896064}}