{"Mean":{"confidence_interval":{"confidence_level":0.95,"lower_bound":40399.1976579302,"upper_bound":41207.73166805259},"point_estimate":40771.429587900595,"standard_error":207.83581889466454},"Median":{"confidence_interval":{"confidence_level":0.95,"lower_bound":40100.1727631579,"upper_bound":40152.79557291667},"point_estimate":40120.00943181818,"standard_error":16.76904808208126},"MedianAbsDev":{"confidence_interval":{"confidence_level":0.95,"lower_bound":76.57688973741729,"upper_bound":162.7050980773171},"point_estimate":114.90716760956019,"standard_error":23.562565619708445},"Slope":{"confidence_interval":{"confidence_level":0.95,"lower_bound":40317.197852588964,"upper_bound":41196.287984024806},"point_estimate":40706.18919917738,"standard_error":225.7989141470065},"StdDev":{"confidence_interval":{"confidence_level":0.95,"lower_bound":1206.2716920954993,"upper_bound":2689.1629890081446},"point_estimate":2084.9882572579756,"standard_error":367.4854834327516}}