{"Mean":{"confidence_interval":{"confidence_level":0.95,"lower_bound":5266861.551194694,"upper_bound":5413640.045873788},"point_estimate":5337803.227698424,"standard_error":37521.55377356525},"Median":{"confidence_interval":{"confidence_level":0.95,"lower_bound":5071593.705882353,"upper_bound":5257547.3877551029},"point_estimate":5088438.333333334,"standard_error":48180.21947125794},"MedianAbsDev":{"confidence_interval":{"confidence_level":0.95,"lower_bound":21703.62355109796,"upper_bound":296456.02710256856},"point_estimate":47393.741211730085,"standard_error":69301.29621829177},"Slope":{"confidence_interval":{"confidence_level":0.95,"lower_bound":5285882.936556023,"upper_bound":5425586.917741924},"point_estimate":5355101.87197281,"standard_error":35759.84308965901},"StdDev":{"confidence_interval":{"confidence_level":0.95,"lower_bound":304748.04570914737,"upper_bound":438665.11396439027},"point_estimate":377299.9116456878,"standard_error":34301.175969761454}}