{"Mean":{"confidence_interval":{"confidence_level":0.95,"lower_bound":303473636.480925,"upper_bound":303987230.1773365},"point_estimate":303729886.62362757,"standard_error":131411.98393426903},"Median":{"confidence_interval":{"confidence_level":0.95,"lower_bound":303454944.943109,"upper_bound":303938739.30747857},"point_estimate":303637542.31666669,"standard_error":120620.06279422232},"MedianAbsDev":{"confidence_interval":{"confidence_level":0.95,"lower_bound":897573.2589603685,"upper_bound":1816887.2572222956},"point_estimate":1251209.9169310588,"standard_error":230282.59966333468},"Slope":{"confidence_interval":{"confidence_level":0.95,"lower_bound":303134356.51694586,"upper_bound":303779991.5505293},"point_estimate":303454525.3743461,"standard_error":165341.47235002553},"StdDev":{"confidence_interval":{"confidence_level":0.95,"lower_bound":1137497.079447494,"upper_bound":1488714.2015934073},"point_estimate":1322820.5965021258,"standard_error":89897.34518119207}}