{"Mean":{"confidence_interval":{"confidence_level":0.95,"lower_bound":1812273.6225782929,"upper_bound":1813723.5299336499},"point_estimate":1812948.6494698376,"standard_error":371.0803053927655},"Median":{"confidence_interval":{"confidence_level":0.95,"lower_bound":1811346.315625,"upper_bound":1812070.5384615386},"point_estimate":1811693.7831471589,"standard_error":167.05304110095578},"MedianAbsDev":{"confidence_interval":{"confidence_level":0.95,"lower_bound":950.7758401715954,"upper_bound":1872.2371798644563},"point_estimate":1340.6633565119826,"standard_error":234.24621006705994},"Slope":{"confidence_interval":{"confidence_level":0.95,"lower_bound":1811107.2989814913,"upper_bound":1811557.782218434},"point_estimate":1811319.299402985,"standard_error":115.26664639232566},"StdDev":{"confidence_interval":{"confidence_level":0.95,"lower_bound":2365.5488378332249,"upper_bound":4968.864357359946},"point_estimate":3722.4155887599097,"standard_error":670.2394774510073}}