{"Mean":{"confidence_interval":{"confidence_level":0.95,"lower_bound":-0.004449149340445218,"upper_bound":-0.002241508295344458},"point_estimate":-0.003346317212434613,"standard_error":0.0005621125000415256},"Median":{"confidence_interval":{"confidence_level":0.95,"lower_bound":-0.004934385107342565,"upper_bound":-0.0017642557341647214},"point_estimate":-0.0037499161883756129,"standard_error":0.0008695115810718221}}