{"Mean":{"confidence_interval":{"confidence_level":0.95,"lower_bound":7132460.691391344,"upper_bound":7190850.534168826},"point_estimate":7160526.773979846,"standard_error":14955.979630513708},"Median":{"confidence_interval":{"confidence_level":0.95,"lower_bound":7092747.588235294,"upper_bound":7193804.457608696},"point_estimate":7127335.726817043,"standard_error":24128.923860574345},"MedianAbsDev":{"confidence_interval":{"confidence_level":0.95,"lower_bound":101570.71983489872,"upper_bound":208101.90015129947},"point_estimate":161815.4707022009,"standard_error":21370.651281580747},"Slope":{"confidence_interval":{"confidence_level":0.95,"lower_bound":7096749.919758581,"upper_bound":7145209.458860512},"point_estimate":7121224.748825181,"standard_error":12377.235113621779},"StdDev":{"confidence_interval":{"confidence_level":0.95,"lower_bound":116652.4321623189,"upper_bound":191155.7977696101},"point_estimate":150790.1792357564,"standard_error":20235.17577314986}}