{"Mean":{"confidence_interval":{"confidence_level":0.95,"lower_bound":2642.0374741906227,"upper_bound":2686.694655430294},"point_estimate":2662.9561412807427,"standard_error":11.47637899981493},"Median":{"confidence_interval":{"confidence_level":0.95,"lower_bound":2600.4767074112785,"upper_bound":2648.4900134048259},"point_estimate":2619.6972540417584,"standard_error":15.961920848447799},"MedianAbsDev":{"confidence_interval":{"confidence_level":0.95,"lower_bound":11.98870641429759,"upper_bound":71.962289527092},"point_estimate":39.753515816020769,"standard_error":19.363380513526864},"Slope":{"confidence_interval":{"confidence_level":0.95,"lower_bound":2638.7486322897209,"upper_bound":2710.9973442263928},"point_estimate":2670.721760237646,"standard_error":18.595630436755049},"StdDev":{"confidence_interval":{"confidence_level":0.95,"lower_bound":76.8762988243778,"upper_bound":148.14384954010195},"point_estimate":115.26207860671987,"standard_error":18.25082974090306}}