{"Mean":{"confidence_interval":{"confidence_level":0.95,"lower_bound":-0.05002862435830294,"upper_bound":-0.016829918049323036},"point_estimate":-0.03335224405781889,"standard_error":0.008478949663452305},"Median":{"confidence_interval":{"confidence_level":0.95,"lower_bound":-0.026508881205114078,"upper_bound":-0.025976931098347979},"point_estimate":-0.026320199637407283,"standard_error":0.0001395372350353353}}