{"Mean":{"confidence_interval":{"confidence_level":0.95,"lower_bound":3721427.036336995,"upper_bound":3763790.359280024},"point_estimate":3742156.7311387516,"standard_error":10816.52541824217},"Median":{"confidence_interval":{"confidence_level":0.95,"lower_bound":3669556.6153846157,"upper_bound":3692944.793814433},"point_estimate":3673008.5666666666,"standard_error":6512.692968461958},"MedianAbsDev":{"confidence_interval":{"confidence_level":0.95,"lower_bound":20076.23749522203,"upper_bound":57551.52312946988},"point_estimate":27273.01038508584,"standard_error":10088.876958659637},"Slope":{"confidence_interval":{"confidence_level":0.95,"lower_bound":3743766.6730260218,"upper_bound":3800385.5392775165},"point_estimate":3771949.2294665288,"standard_error":14483.00482722455},"StdDev":{"confidence_interval":{"confidence_level":0.95,"lower_bound":95090.24364818336,"upper_bound":120082.56224800166},"point_estimate":108685.39613710813,"standard_error":6346.249799411963}}