{"Mean":{"confidence_interval":{"confidence_level":0.95,"lower_bound":4268680.736684854,"upper_bound":4290976.423917793},"point_estimate":4278983.424248218,"standard_error":5742.043510441931},"Median":{"confidence_interval":{"confidence_level":0.95,"lower_bound":4257391.194444444,"upper_bound":4265094.22080089},"point_estimate":4259413.566362715,"standard_error":1733.765583391161},"MedianAbsDev":{"confidence_interval":{"confidence_level":0.95,"lower_bound":7246.466700728034,"upper_bound":17058.202891648827},"point_estimate":10681.302493888707,"standard_error":2177.8462947212935},"Slope":{"confidence_interval":{"confidence_level":0.95,"lower_bound":4255733.715043466,"upper_bound":4259634.179618187},"point_estimate":4257505.458087779,"standard_error":1000.7643385909486},"StdDev":{"confidence_interval":{"confidence_level":0.95,"lower_bound":34405.642328596616,"upper_bound":75384.91427582679},"point_estimate":57331.56013434865,"standard_error":10436.545551936322}}