{"Mean":{"confidence_interval":{"confidence_level":0.95,"lower_bound":0.6364337539183061,"upper_bound":0.6719037292289293},"point_estimate":0.6537892230607803,"standard_error":0.00899183444912697},"Median":{"confidence_interval":{"confidence_level":0.95,"lower_bound":0.651967500213269,"upper_bound":0.6809155109511178},"point_estimate":0.6625362757510434,"standard_error":0.00793152537965747}}