{"Mean":{"confidence_interval":{"confidence_level":0.95,"lower_bound":6790158.120146989,"upper_bound":6864440.280108597},"point_estimate":6825638.05428651,"standard_error":18979.564064540238},"Median":{"confidence_interval":{"confidence_level":0.95,"lower_bound":6732213.37254902,"upper_bound":6802875.12194006},"point_estimate":6770147.445652174,"standard_error":18931.392287150014},"MedianAbsDev":{"confidence_interval":{"confidence_level":0.95,"lower_bound":84396.60814166078,"upper_bound":165916.80385443156},"point_estimate":136517.78903279568,"standard_error":22479.36624175622},"Slope":{"confidence_interval":{"confidence_level":0.95,"lower_bound":6775698.708803643,"upper_bound":6838570.638489386},"point_estimate":6805654.984651987,"standard_error":16063.972697711633},"StdDev":{"confidence_interval":{"confidence_level":0.95,"lower_bound":142268.17089917643,"upper_bound":232174.97166057727},"point_estimate":191012.7291841397,"standard_error":22982.466289644286}}