{"Mean":{"confidence_interval":{"confidence_level":0.95,"lower_bound":5557832.55841357,"upper_bound":5792919.37446353},"point_estimate":5672957.500622338,"standard_error":60014.03713712184},"Median":{"confidence_interval":{"confidence_level":0.95,"lower_bound":5231064.683544304,"upper_bound":5674473.758176692},"point_estimate":5423480.728416238,"standard_error":124953.14869118388},"MedianAbsDev":{"confidence_interval":{"confidence_level":0.95,"lower_bound":153201.32545477057,"upper_bound":788280.8239577185},"point_estimate":436671.7430689465,"standard_error":174565.2533567074},"Slope":{"confidence_interval":{"confidence_level":0.95,"lower_bound":5500804.525623611,"upper_bound":5782467.323443319},"point_estimate":5636693.718025713,"standard_error":71484.41569243111},"StdDev":{"confidence_interval":{"confidence_level":0.95,"lower_bound":525161.5503138709,"upper_bound":662502.5825227709},"point_estimate":601873.213352225,"standard_error":34994.61071991452}}