{"Mean":{"confidence_interval":{"confidence_level":0.95,"lower_bound":1815784.475403018,"upper_bound":1839664.50793786},"point_estimate":1828416.956110846,"standard_error":6126.959932266394},"Median":{"confidence_interval":{"confidence_level":0.95,"lower_bound":1847737.3704710145,"upper_bound":1849619.6875},"point_estimate":1848298.6333568739,"standard_error":459.6390222504026},"MedianAbsDev":{"confidence_interval":{"confidence_level":0.95,"lower_bound":2800.273519309356,"upper_bound":4650.375039831945},"point_estimate":4010.865318891765,"standard_error":457.20993364165357},"Slope":{"confidence_interval":{"confidence_level":0.95,"lower_bound":1771982.8263511407,"upper_bound":1822047.4097208034},"point_estimate":1797030.9295581498,"standard_error":12810.212199070655},"StdDev":{"confidence_interval":{"confidence_level":0.95,"lower_bound":43947.399427860524,"upper_bound":74770.10684000809},"point_estimate":61472.74199527152,"standard_error":7906.962452801038}}