{"Mean":{"confidence_interval":{"confidence_level":0.95,"lower_bound":11477.294511357077,"upper_bound":12064.143789451908},"point_estimate":11761.09159304313,"standard_error":150.1305477578806},"Median":{"confidence_interval":{"confidence_level":0.95,"lower_bound":10881.011179487181,"upper_bound":10889.202960526316},"point_estimate":10884.177083333332,"standard_error":2.1745801840585},"MedianAbsDev":{"confidence_interval":{"confidence_level":0.95,"lower_bound":11.868015658401149,"upper_bound":24.87200449593441},"point_estimate":16.232220575255963,"standard_error":3.1402596246035396},"Slope":{"confidence_interval":{"confidence_level":0.95,"lower_bound":11222.838370511872,"upper_bound":11915.036468843276},"point_estimate":11549.497261341805,"standard_error":176.5834353129375},"StdDev":{"confidence_interval":{"confidence_level":0.95,"lower_bound":1300.4037795576142,"upper_bound":1653.589342866091},"point_estimate":1510.1065915334146,"standard_error":91.01903150293477}}