{"Mean":{"confidence_interval":{"confidence_level":0.95,"lower_bound":49398776.822429347,"upper_bound":50138763.38344938},"point_estimate":49740757.13398324,"standard_error":189040.06504603357},"Median":{"confidence_interval":{"confidence_level":0.95,"lower_bound":49023028.427351627,"upper_bound":49045121.06485587},"point_estimate":49032817.34543919,"standard_error":5866.736247728989},"MedianAbsDev":{"confidence_interval":{"confidence_level":0.95,"lower_bound":32473.309022267025,"upper_bound":60681.45622535151},"point_estimate":44004.97353381156,"standard_error":7020.316371081494},"Slope":{"confidence_interval":{"confidence_level":0.95,"lower_bound":49190262.43625668,"upper_bound":49757973.58874494},"point_estimate":49445747.789770949,"standard_error":145950.14471568517},"StdDev":{"confidence_interval":{"confidence_level":0.95,"lower_bound":1194324.4294279768,"upper_bound":2483054.349788434},"point_estimate":1898637.9094324788,"standard_error":328870.4534048164}}