{"Mean":{"confidence_interval":{"confidence_level":0.95,"lower_bound":721633.2102522957,"upper_bound":758576.0034528573},"point_estimate":739428.6915900464,"standard_error":9440.256262315856},"Median":{"confidence_interval":{"confidence_level":0.95,"lower_bound":690956.04375,"upper_bound":691295.7045454546},"point_estimate":691103.5083786233,"standard_error":86.73032359110877},"MedianAbsDev":{"confidence_interval":{"confidence_level":0.95,"lower_bound":342.2291964189416,"upper_bound":849.4733066441181},"point_estimate":548.6812452811662,"standard_error":139.332304308092},"Slope":{"confidence_interval":{"confidence_level":0.95,"lower_bound":750948.8492805102,"upper_bound":811930.949059},"point_estimate":781539.2751233929,"standard_error":15524.37921487804},"StdDev":{"confidence_interval":{"confidence_level":0.95,"lower_bound":78112.5700614704,"upper_bound":107005.08940769038},"point_estimate":94872.85632401149,"standard_error":7368.924889448436}}