{"Mean":{"confidence_interval":{"confidence_level":0.95,"lower_bound":11667453.228867315,"upper_bound":11697542.993707397},"point_estimate":11682181.96712498,"standard_error":7645.159540693084},"Median":{"confidence_interval":{"confidence_level":0.95,"lower_bound":11639958.776576247,"upper_bound":11707297.133333333},"point_estimate":11664325.990073145,"standard_error":16787.251387406566},"MedianAbsDev":{"confidence_interval":{"confidence_level":0.95,"lower_bound":53464.31756302631,"upper_bound":108225.98450193889},"point_estimate":80222.6508982063,"standard_error":12278.753727926143},"Slope":{"confidence_interval":{"confidence_level":0.95,"lower_bound":11674051.202988003,"upper_bound":11715361.024362784},"point_estimate":11694045.786942516,"standard_error":10562.307215799003},"StdDev":{"confidence_interval":{"confidence_level":0.95,"lower_bound":65464.51489656906,"upper_bound":86387.99062895958},"point_estimate":76769.66383458943,"standard_error":5343.962622802793}}