{"Mean":{"confidence_interval":{"confidence_level":0.95,"lower_bound":2838.166040913937,"upper_bound":2884.0547607437426},"point_estimate":2860.2151717708745,"standard_error":11.70800118527436},"Median":{"confidence_interval":{"confidence_level":0.95,"lower_bound":2839.170215484867,"upper_bound":2858.130501443002},"point_estimate":2849.1495428789055,"standard_error":4.837794323291839},"MedianAbsDev":{"confidence_interval":{"confidence_level":0.95,"lower_bound":50.88686039336909,"upper_bound":146.5812774814984},"point_estimate":97.72214698976494,"standard_error":21.965944866883807},"Slope":{"confidence_interval":{"confidence_level":0.95,"lower_bound":2830.0457889888396,"upper_bound":2901.658699930585},"point_estimate":2864.6696435156579,"standard_error":18.356866565575289},"StdDev":{"confidence_interval":{"confidence_level":0.95,"lower_bound":91.04894871721499,"upper_bound":139.2031428535777},"point_estimate":116.93263367373759,"standard_error":12.317295238772145}}