{"Mean":{"confidence_interval":{"confidence_level":0.95,"lower_bound":14693148.951501167,"upper_bound":14842318.416535277},"point_estimate":14758547.817618277,"standard_error":38452.728382707486},"Median":{"confidence_interval":{"confidence_level":0.95,"lower_bound":14684356.355532788,"upper_bound":14741593.54117647},"point_estimate":14716273.945887447,"standard_error":15620.845152382704},"MedianAbsDev":{"confidence_interval":{"confidence_level":0.95,"lower_bound":78411.713223055,"upper_bound":130688.02322012792},"point_estimate":103125.79465018833,"standard_error":13327.659517706323},"Slope":{"confidence_interval":{"confidence_level":0.95,"lower_bound":14735850.215841376,"upper_bound":14844351.249082147},"point_estimate":14779635.419997044,"standard_error":28389.31022765837},"StdDev":{"confidence_interval":{"confidence_level":0.95,"lower_bound":144019.3145585212,"upper_bound":582459.0972010706},"point_estimate":386687.5355318048,"standard_error":112694.31244525645}}