{"Mean":{"confidence_interval":{"confidence_level":0.95,"lower_bound":6857850.704330381,"upper_bound":6932046.50141114},"point_estimate":6893254.44995344,"standard_error":19015.737237333662},"Median":{"confidence_interval":{"confidence_level":0.95,"lower_bound":6842070.104166667,"upper_bound":6874807.9605263159},"point_estimate":6855248.47173913,"standard_error":8028.1597596884089},"MedianAbsDev":{"confidence_interval":{"confidence_level":0.95,"lower_bound":55245.34519262937,"upper_bound":113135.699632011},"point_estimate":85371.34716746383,"standard_error":15698.000749662997},"Slope":{"confidence_interval":{"confidence_level":0.95,"lower_bound":6892754.129374401,"upper_bound":7000982.265351374},"point_estimate":6943541.856027782,"standard_error":27665.993064564915},"StdDev":{"confidence_interval":{"confidence_level":0.95,"lower_bound":140614.7276648277,"upper_bound":232072.11612091776},"point_estimate":190954.41618534103,"standard_error":23355.727246557442}}