{"Mean":{"confidence_interval":{"confidence_level":0.95,"lower_bound":6911119.054448568,"upper_bound":6932643.950471438},"point_estimate":6921438.927593175,"standard_error":5513.136797939729},"Median":{"confidence_interval":{"confidence_level":0.95,"lower_bound":6907984.180327869,"upper_bound":6925242.999458874},"point_estimate":6915306.595483005,"standard_error":4172.455651524329},"MedianAbsDev":{"confidence_interval":{"confidence_level":0.95,"lower_bound":56341.91166845591,"upper_bound":71481.9890726738},"point_estimate":68050.76928527985,"standard_error":4044.1627527644925},"Slope":{"confidence_interval":{"confidence_level":0.95,"lower_bound":6879101.033890966,"upper_bound":6889563.489333317},"point_estimate":6883738.430317719,"standard_error":2677.7253589716685},"StdDev":{"confidence_interval":{"confidence_level":0.95,"lower_bound":42078.462956759286,"upper_bound":70520.2258716057},"point_estimate":55393.46414377283,"standard_error":7559.461187733887}}