{"Mean":{"confidence_interval":{"confidence_level":0.95,"lower_bound":46834488.39323079,"upper_bound":47178127.025226119},"point_estimate":47008592.58647298,"standard_error":87562.51811952172},"Median":{"confidence_interval":{"confidence_level":0.95,"lower_bound":46894611.56603774,"upper_bound":47225231.199884798},"point_estimate":47084691.6283046,"standard_error":90802.17600495293},"MedianAbsDev":{"confidence_interval":{"confidence_level":0.95,"lower_bound":495597.7726158958,"upper_bound":863177.0611050289},"point_estimate":684952.2617752832,"standard_error":93794.85440865628},"Slope":{"confidence_interval":{"confidence_level":0.95,"lower_bound":46983376.03772928,"upper_bound":47349338.46720642},"point_estimate":47162938.076107587,"standard_error":92983.2441736173},"StdDev":{"confidence_interval":{"confidence_level":0.95,"lower_bound":726050.1192298929,"upper_bound":1012419.1385675239},"point_estimate":877389.4173328237,"standard_error":73021.06699498726}}