{"Mean":{"confidence_interval":{"confidence_level":0.95,"lower_bound":269296.1762827228,"upper_bound":270292.9187517064},"point_estimate":269776.37010697307,"standard_error":254.29478733012426},"Median":{"confidence_interval":{"confidence_level":0.95,"lower_bound":268447.32352941177,"upper_bound":268668.0966812401},"point_estimate":268545.12738095238,"standard_error":56.21017942246386},"MedianAbsDev":{"confidence_interval":{"confidence_level":0.95,"lower_bound":181.83277139290758,"upper_bound":455.49344864848458},"point_estimate":290.88605790020457,"standard_error":73.0284502114463},"Slope":{"confidence_interval":{"confidence_level":0.95,"lower_bound":268464.1465894572,"upper_bound":268597.2956056125},"point_estimate":268524.47151987589,"standard_error":34.10329376355255},"StdDev":{"confidence_interval":{"confidence_level":0.95,"lower_bound":2072.1985715863477,"upper_bound":2916.73260301341},"point_estimate":2557.381796268306,"standard_error":215.18755949881345}}