{"Mean":{"confidence_interval":{"confidence_level":0.95,"lower_bound":5172643.549813036,"upper_bound":5239583.300584414},"point_estimate":5205285.154568808,"standard_error":17103.56731620361},"Median":{"confidence_interval":{"confidence_level":0.95,"lower_bound":5066602.1463165809,"upper_bound":5306246.350852273},"point_estimate":5090952.674468594,"standard_error":60856.814392657325},"MedianAbsDev":{"confidence_interval":{"confidence_level":0.95,"lower_bound":23734.697914688477,"upper_bound":247182.85304714734},"point_estimate":60374.84305526939,"standard_error":67449.87121553363},"Slope":{"confidence_interval":{"confidence_level":0.95,"lower_bound":5197442.124425409,"upper_bound":5305531.796516396},"point_estimate":5250056.657461209,"standard_error":27653.07840622203},"StdDev":{"confidence_interval":{"confidence_level":0.95,"lower_bound":145118.6352488129,"upper_bound":197072.0303861367},"point_estimate":171928.9718362646,"standard_error":13374.50604579398}}