{"Mean":{"confidence_interval":{"confidence_level":0.95,"lower_bound":92310.25306376425,"upper_bound":93021.33764713418},"point_estimate":92652.02364198996,"standard_error":182.45517319589716},"Median":{"confidence_interval":{"confidence_level":0.95,"lower_bound":91664.5523415978,"upper_bound":91767.4409090909},"point_estimate":91723.06386519659,"standard_error":27.043624337288969},"MedianAbsDev":{"confidence_interval":{"confidence_level":0.95,"lower_bound":138.66202652447525,"upper_bound":312.65735735830358},"point_estimate":227.671138394843,"standard_error":46.88757422569037},"Slope":{"confidence_interval":{"confidence_level":0.95,"lower_bound":93021.868209063,"upper_bound":94262.14281883763},"point_estimate":93667.69137176404,"standard_error":317.25417946721577},"StdDev":{"confidence_interval":{"confidence_level":0.95,"lower_bound":1515.8747322139325,"upper_bound":2060.944119085833},"point_estimate":1831.679382997567,"standard_error":139.73197297630839}}