{"Mean":{"confidence_interval":{"confidence_level":0.95,"lower_bound":-0.18493917355662735,"upper_bound":-0.14475642794077146},"point_estimate":-0.16549853255508829,"standard_error":0.010241728284529477},"Median":{"confidence_interval":{"confidence_level":0.95,"lower_bound":-0.24725583609628289,"upper_bound":-0.03365447072080274},"point_estimate":-0.24700433895460895,"standard_error":0.05167049775526211}}