{"Mean":{"confidence_interval":{"confidence_level":0.95,"lower_bound":52430922.67184421,"upper_bound":52753716.643321108},"point_estimate":52589792.85172948,"standard_error":82442.3420824201},"Median":{"confidence_interval":{"confidence_level":0.95,"lower_bound":52289249.17056738,"upper_bound":52740662.98},"point_estimate":52527846.058292288,"standard_error":108258.33942315269},"MedianAbsDev":{"confidence_interval":{"confidence_level":0.95,"lower_bound":777423.5818300555,"upper_bound":1215937.7483421979},"point_estimate":1066718.4863738449,"standard_error":113559.49792174781},"Slope":{"confidence_interval":{"confidence_level":0.95,"lower_bound":52383292.953091,"upper_bound":52681271.42994623},"point_estimate":52530083.14999852,"standard_error":75936.06322756785},"StdDev":{"confidence_interval":{"confidence_level":0.95,"lower_bound":707894.3277769459,"upper_bound":940274.7707952159},"point_estimate":827500.4321116107,"standard_error":59568.18055961167}}