{"Mean":{"confidence_interval":{"confidence_level":0.95,"lower_bound":0.8563720695645153,"upper_bound":0.9390765860372362},"point_estimate":0.8968389595591431,"standard_error":0.02107606162851511},"Median":{"confidence_interval":{"confidence_level":0.95,"lower_bound":0.8406856034195336,"upper_bound":0.9615261762329693},"point_estimate":0.9589591939647795,"standard_error":0.0335747813350546}}