{"Mean":{"confidence_interval":{"confidence_level":0.95,"lower_bound":21653.943001837528,"upper_bound":22012.16635217101},"point_estimate":21828.069134234218,"standard_error":91.69675021323617},"Median":{"confidence_interval":{"confidence_level":0.95,"lower_bound":21344.323881537493,"upper_bound":21629.169254658384},"point_estimate":21478.44671832744,"standard_error":69.13632544356874},"MedianAbsDev":{"confidence_interval":{"confidence_level":0.95,"lower_bound":344.7748383517538,"upper_bound":696.0063587520662},"point_estimate":526.6902291618249,"standard_error":95.48716681409415},"Slope":{"confidence_interval":{"confidence_level":0.95,"lower_bound":22039.53032638203,"upper_bound":22710.75304205127},"point_estimate":22389.492167016833,"standard_error":171.0273232419348},"StdDev":{"confidence_interval":{"confidence_level":0.95,"lower_bound":749.6234748472111,"upper_bound":1064.5715933831166},"point_estimate":924.8400745176882,"standard_error":80.53040373500177}}