{"Mean":{"confidence_interval":{"confidence_level":0.95,"lower_bound":0.09845056406528484,"upper_bound":0.13900990330105277},"point_estimate":0.11749230042023884,"standard_error":0.010372122685923467},"Median":{"confidence_interval":{"confidence_level":0.95,"lower_bound":0.05415066023683123,"upper_bound":0.11611657787878756},"point_estimate":0.09280517211405259,"standard_error":0.015548784841954409}}