{"Mean":{"confidence_interval":{"confidence_level":0.95,"lower_bound":1823256.3855065839,"upper_bound":1825651.842276343},"point_estimate":1824301.551996693,"standard_error":615.5948869114607},"Median":{"confidence_interval":{"confidence_level":0.95,"lower_bound":1822214.8631517736,"upper_bound":1822889.1217948718},"point_estimate":1822568.2803030303,"standard_error":161.10541802565997},"MedianAbsDev":{"confidence_interval":{"confidence_level":0.95,"lower_bound":1236.6072293540727,"upper_bound":2250.310056275158},"point_estimate":1744.3989657698513,"standard_error":244.2542458022137},"Slope":{"confidence_interval":{"confidence_level":0.95,"lower_bound":1822267.6285518029,"upper_bound":1823928.0467455339},"point_estimate":1823050.149889168,"standard_error":424.8049459228336},"StdDev":{"confidence_interval":{"confidence_level":0.95,"lower_bound":2950.9697835687854,"upper_bound":9342.720121177112},"point_estimate":6196.687239564363,"standard_error":1825.0111080326936}}