{"Mean":{"confidence_interval":{"confidence_level":0.95,"lower_bound":33477.48375402726,"upper_bound":34056.02759631747},"point_estimate":33708.99379378451,"standard_error":158.35519257639056},"Median":{"confidence_interval":{"confidence_level":0.95,"lower_bound":33455.65536723164,"upper_bound":33494.05499438833},"point_estimate":33480.39643347051,"standard_error":9.886593561753159},"MedianAbsDev":{"confidence_interval":{"confidence_level":0.95,"lower_bound":48.59894155858692,"upper_bound":81.85546258202682},"point_estimate":62.99522969596043,"standard_error":8.668884317732014},"Slope":{"confidence_interval":{"confidence_level":0.95,"lower_bound":33436.86210469705,"upper_bound":35088.55279232662},"point_estimate":34103.56647017936,"standard_error":448.2588064243911},"StdDev":{"confidence_interval":{"confidence_level":0.95,"lower_bound":58.1402718869687,"upper_bound":2500.010268490331},"point_estimate":1592.1970649713983,"standard_error":671.7345406879515}}