{"Mean":{"confidence_interval":{"confidence_level":0.95,"lower_bound":6283659.326967368,"upper_bound":6311157.74017229},"point_estimate":6296884.229554057,"standard_error":7013.686718628676},"Median":{"confidence_interval":{"confidence_level":0.95,"lower_bound":6270331.704545454,"upper_bound":6288310.19802296},"point_estimate":6277861.285336468,"standard_error":4223.617403354222},"MedianAbsDev":{"confidence_interval":{"confidence_level":0.95,"lower_bound":26114.158292398828,"upper_bound":46558.99834225011},"point_estimate":32729.725228931296,"standard_error":4913.901324542543},"Slope":{"confidence_interval":{"confidence_level":0.95,"lower_bound":6291445.758886524,"upper_bound":6331008.999850704},"point_estimate":6310080.72831092,"standard_error":10142.31925951511},"StdDev":{"confidence_interval":{"confidence_level":0.95,"lower_bound":53133.79070640021,"upper_bound":84668.97038140839},"point_estimate":70129.8919225911,"standard_error":8049.816703738644}}