{"Mean":{"confidence_interval":{"confidence_level":0.95,"lower_bound":2499889.9151953274,"upper_bound":2516175.377985785},"point_estimate":2507094.7286342999,"standard_error":4191.251562075226},"Median":{"confidence_interval":{"confidence_level":0.95,"lower_bound":2492584.53125,"upper_bound":2498343.7802197805},"point_estimate":2494579.063568671,"standard_error":1414.6688244298858},"MedianAbsDev":{"confidence_interval":{"confidence_level":0.95,"lower_bound":7135.090588447759,"upper_bound":13252.861985396918},"point_estimate":9219.698797370278,"standard_error":1513.5600019315678},"Slope":{"confidence_interval":{"confidence_level":0.95,"lower_bound":2490607.3722387629,"upper_bound":2494294.831427854},"point_estimate":2492320.614470223,"standard_error":946.2385401115503},"StdDev":{"confidence_interval":{"confidence_level":0.95,"lower_bound":20216.1089784648,"upper_bound":62272.06562189076},"point_estimate":42171.461204021194,"standard_error":11328.094971991122}}