{"Mean":{"confidence_interval":{"confidence_level":0.95,"lower_bound":1210.8783824531468,"upper_bound":1284.2384064565845},"point_estimate":1246.5207847893999,"standard_error":18.756715815638989},"Median":{"confidence_interval":{"confidence_level":0.95,"lower_bound":1138.7019538230039,"upper_bound":1140.6582592714506},"point_estimate":1139.5295575829878,"standard_error":0.4513385604864513},"MedianAbsDev":{"confidence_interval":{"confidence_level":0.95,"lower_bound":2.384994644069032,"upper_bound":6.294249565003859},"point_estimate":3.384933567823153,"standard_error":1.0130841871406525},"Slope":{"confidence_interval":{"confidence_level":0.95,"lower_bound":1192.2623096158489,"upper_bound":1263.714272372391},"point_estimate":1224.4026273478162,"standard_error":18.263774612985079},"StdDev":{"confidence_interval":{"confidence_level":0.95,"lower_bound":161.99340188209502,"upper_bound":206.66854790988487},"point_estimate":188.55170648402032,"standard_error":11.548813483547655}}