{"Mean":{"confidence_interval":{"confidence_level":0.95,"lower_bound":4.1795973779733199,"upper_bound":4.28764327740097},"point_estimate":4.229395753226562,"standard_error":0.027693054905718597},"Median":{"confidence_interval":{"confidence_level":0.95,"lower_bound":4.148347879796916,"upper_bound":4.150057978607012},"point_estimate":4.148818380342384,"standard_error":0.0005233200811956701},"MedianAbsDev":{"confidence_interval":{"confidence_level":0.95,"lower_bound":0.001921146078242216,"upper_bound":0.004420668538291952},"point_estimate":0.0026305656409403687,"standard_error":0.0006834465049957814},"Slope":{"confidence_interval":{"confidence_level":0.95,"lower_bound":4.165194995261324,"upper_bound":4.236671891516693},"point_estimate":4.195903753107226,"standard_error":0.01833298933329384},"StdDev":{"confidence_interval":{"confidence_level":0.95,"lower_bound":0.16702917690639278,"upper_bound":0.3604367835051356},"point_estimate":0.27847558708464906,"standard_error":0.04940109838557666}}