{"Mean":{"confidence_interval":{"confidence_level":0.95,"lower_bound":15.493260026613483,"upper_bound":15.976880331867312},"point_estimate":15.718058164912455,"standard_error":0.12359072062397385},"Median":{"confidence_interval":{"confidence_level":0.95,"lower_bound":15.315037387696297,"upper_bound":15.325999805727904},"point_estimate":15.320290391620589,"standard_error":0.0029172799244548709},"MedianAbsDev":{"confidence_interval":{"confidence_level":0.95,"lower_bound":0.01471495006404439,"upper_bound":0.029947881165190424},"point_estimate":0.021020688363535483,"standard_error":0.003962651322113931},"Slope":{"confidence_interval":{"confidence_level":0.95,"lower_bound":15.62830069737176,"upper_bound":16.48086509322349},"point_estimate":16.029766066002325,"standard_error":0.21806916947516798},"StdDev":{"confidence_interval":{"confidence_level":0.95,"lower_bound":0.8041131041297789,"upper_bound":1.572761979224704},"point_estimate":1.2442230564606368,"standard_error":0.19119014466119794}}