{"Mean":{"confidence_interval":{"confidence_level":0.95,"lower_bound":412437.8519542493,"upper_bound":413231.0150147657},"point_estimate":412796.32187069507,"standard_error":203.6778695893652},"Median":{"confidence_interval":{"confidence_level":0.95,"lower_bound":412032.58558558559,"upper_bound":412558.4375},"point_estimate":412283.0946236559,"standard_error":150.12946591845955},"MedianAbsDev":{"confidence_interval":{"confidence_level":0.95,"lower_bound":597.6659312497574,"upper_bound":1094.6737618281402},"point_estimate":812.7565284124514,"standard_error":124.15395258783212},"Slope":{"confidence_interval":{"confidence_level":0.95,"lower_bound":411863.4403601702,"upper_bound":412118.2164191747},"point_estimate":411981.929370967,"standard_error":64.6345021430513},"StdDev":{"confidence_interval":{"confidence_level":0.95,"lower_bound":1071.9441847636234,"upper_bound":2962.9177722020456},"point_estimate":2050.7091801566436,"standard_error":500.648034997068}}