{"Mean":{"confidence_interval":{"confidence_level":0.95,"lower_bound":5566956.297733606,"upper_bound":5785522.0488999639},"point_estimate":5672539.072514582,"standard_error":56040.95082312173},"Median":{"confidence_interval":{"confidence_level":0.95,"lower_bound":5310346.699134199,"upper_bound":5552739.100530504},"point_estimate":5388192.393923242,"standard_error":59106.2499349472},"MedianAbsDev":{"confidence_interval":{"confidence_level":0.95,"lower_bound":70458.47525896879,"upper_bound":415089.9110130115},"point_estimate":182835.54269846463,"standard_error":84360.706662579},"Slope":{"confidence_interval":{"confidence_level":0.95,"lower_bound":5545311.645490201,"upper_bound":5872459.218812787},"point_estimate":5699592.320945766,"standard_error":83899.09562249827},"StdDev":{"confidence_interval":{"confidence_level":0.95,"lower_bound":461779.65936669116,"upper_bound":640295.9750190084},"point_estimate":562361.9958449472,"standard_error":45742.90729933945}}