{"Mean":{"confidence_interval":{"confidence_level":0.95,"lower_bound":1524064.9683594979,"upper_bound":1534957.0073552756},"point_estimate":1529417.3898393086,"standard_error":2778.5237897789677},"Median":{"confidence_interval":{"confidence_level":0.95,"lower_bound":1518026.731958763,"upper_bound":1529701.4722222223},"point_estimate":1523349.184443741,"standard_error":2702.1095887148237},"MedianAbsDev":{"confidence_interval":{"confidence_level":0.95,"lower_bound":14698.106998964886,"upper_bound":26329.83955728696},"point_estimate":21634.506123602932,"standard_error":3097.5241268664015},"Slope":{"confidence_interval":{"confidence_level":0.95,"lower_bound":1522962.2942958165,"upper_bound":1531177.300151377},"point_estimate":1526867.8122890499,"standard_error":2090.6469723472798},"StdDev":{"confidence_interval":{"confidence_level":0.95,"lower_bound":23393.910790886897,"upper_bound":32101.900229005525},"point_estimate":28031.874683128015,"standard_error":2225.013058475999}}