{"Mean":{"confidence_interval":{"confidence_level":0.95,"lower_bound":893.16498902856,"upper_bound":893.9203655082082},"point_estimate":893.5238581062711,"standard_error":0.19282658318239188},"Median":{"confidence_interval":{"confidence_level":0.95,"lower_bound":892.6643206953038,"upper_bound":892.9863695132908},"point_estimate":892.7948843632491,"standard_error":0.06836781057026634},"MedianAbsDev":{"confidence_interval":{"confidence_level":0.95,"lower_bound":0.6407616423485159,"upper_bound":1.0785153343789065},"point_estimate":0.8842217053316005,"standard_error":0.10447638604329053},"Slope":{"confidence_interval":{"confidence_level":0.95,"lower_bound":892.3420565931928,"upper_bound":892.5088509826969},"point_estimate":892.4163271497122,"standard_error":0.04268622482540362},"StdDev":{"confidence_interval":{"confidence_level":0.95,"lower_bound":1.4702452125191217,"upper_bound":2.319793198393698},"point_estimate":1.9349841879199612,"standard_error":0.2175921166640139}}