{"Mean":{"confidence_interval":{"confidence_level":0.95,"lower_bound":326.19134996718517,"upper_bound":326.34240267112468},"point_estimate":326.2632415271571,"standard_error":0.0385828703895525},"Median":{"confidence_interval":{"confidence_level":0.95,"lower_bound":326.12127473488575,"upper_bound":326.2158900654391},"point_estimate":326.1460764476004,"standard_error":0.026419542107140056},"MedianAbsDev":{"confidence_interval":{"confidence_level":0.95,"lower_bound":0.11960185963098499,"upper_bound":0.21035717006191699},"point_estimate":0.1552689027186807,"standard_error":0.02312684410261813},"Slope":{"confidence_interval":{"confidence_level":0.95,"lower_bound":326.10017857824547,"upper_bound":326.1484521279975},"point_estimate":326.12336387063126,"standard_error":0.01232890621585819},"StdDev":{"confidence_interval":{"confidence_level":0.95,"lower_bound":0.2690627609226201,"upper_bound":0.4884485091770053},"point_estimate":0.3874322814549985,"standard_error":0.0560266103629188}}