{"Mean":{"confidence_interval":{"confidence_level":0.95,"lower_bound":5501637.586178141,"upper_bound":5679858.112399855},"point_estimate":5584457.237751887,"standard_error":45656.87504106914},"Median":{"confidence_interval":{"confidence_level":0.95,"lower_bound":5367427.003004085,"upper_bound":5414681.821428572},"point_estimate":5386512.181518987,"standard_error":12630.498357838902},"MedianAbsDev":{"confidence_interval":{"confidence_level":0.95,"lower_bound":40296.50531848435,"upper_bound":104668.73970695774},"point_estimate":68120.62257549496,"standard_error":17405.62301430309},"Slope":{"confidence_interval":{"confidence_level":0.95,"lower_bound":5384610.574023652,"upper_bound":5441960.440353919},"point_estimate":5408962.638705483,"standard_error":14685.89200136057},"StdDev":{"confidence_interval":{"confidence_level":0.95,"lower_bound":288716.4709508601,"upper_bound":601135.6668354791},"point_estimate":459054.08683836486,"standard_error":79617.28828167587}}