{"Mean":{"confidence_interval":{"confidence_level":0.95,"lower_bound":37847600.37132327,"upper_bound":38208588.643759969},"point_estimate":38028613.743751388,"standard_error":92321.71521640054},"Median":{"confidence_interval":{"confidence_level":0.95,"lower_bound":37879381.802816908,"upper_bound":38340442.88645834},"point_estimate":38098912.186285849,"standard_error":123898.23786852299},"MedianAbsDev":{"confidence_interval":{"confidence_level":0.95,"lower_bound":760452.0601764445,"upper_bound":1287333.159777201},"point_estimate":973701.6529260988,"standard_error":134121.2973119727},"Slope":{"confidence_interval":{"confidence_level":0.95,"lower_bound":37926442.51977072,"upper_bound":38246792.02202886},"point_estimate":38088450.02659672,"standard_error":81634.42701181167},"StdDev":{"confidence_interval":{"confidence_level":0.95,"lower_bound":814386.4883210489,"upper_bound":1029032.5112487271},"point_estimate":927651.7118662073,"standard_error":54723.349926855044}}