{"Mean":{"confidence_interval":{"confidence_level":0.95,"lower_bound":9383352.966059627,"upper_bound":9533395.970000454},"point_estimate":9459180.626378108,"standard_error":38355.142403424965},"Median":{"confidence_interval":{"confidence_level":0.95,"lower_bound":9368594.310217698,"upper_bound":9622582.738515582},"point_estimate":9445190.873511905,"standard_error":65051.84409317795},"MedianAbsDev":{"confidence_interval":{"confidence_level":0.95,"lower_bound":359329.85126084936,"upper_bound":582550.2138342479},"point_estimate":493183.3572180915,"standard_error":59904.53213061253},"Slope":{"confidence_interval":{"confidence_level":0.95,"lower_bound":9391806.476009552,"upper_bound":9573296.262341556},"point_estimate":9483816.292664402,"standard_error":46166.971171403726},"StdDev":{"confidence_interval":{"confidence_level":0.95,"lower_bound":339458.3189826824,"upper_bound":425723.1658708912},"point_estimate":385345.68302781166,"standard_error":22017.9832301483}}