{"Mean":{"confidence_interval":{"confidence_level":0.95,"lower_bound":121.62771819865256,"upper_bound":129.04679001805872},"point_estimate":125.34405044341466,"standard_error":1.8918305625704422},"Median":{"confidence_interval":{"confidence_level":0.95,"lower_bound":108.11675846593228,"upper_bound":146.7508650139754},"point_estimate":108.45983272133822,"standard_error":11.41618241854238},"MedianAbsDev":{"confidence_interval":{"confidence_level":0.95,"lower_bound":0.11980658384886382,"upper_bound":26.53634230791902},"point_estimate":0.7718100079528255,"standard_error":6.985011265302583},"Slope":{"confidence_interval":{"confidence_level":0.95,"lower_bound":122.35377459953468,"upper_bound":132.299205001081},"point_estimate":127.24348556235992,"standard_error":2.542862788864614},"StdDev":{"confidence_interval":{"confidence_level":0.95,"lower_bound":18.215989396461393,"upper_bound":19.359210259147763},"point_estimate":19.055898865175619,"standard_error":0.295199500228144}}