{"Mean":{"confidence_interval":{"confidence_level":0.95,"lower_bound":14274918.849721367,"upper_bound":14379696.731272258},"point_estimate":14317734.883564568,"standard_error":27322.29974127001},"Median":{"confidence_interval":{"confidence_level":0.95,"lower_bound":14296734.147569444,"upper_bound":14333812.81981352},"point_estimate":14306688.273998136,"standard_error":12988.602487247908},"MedianAbsDev":{"confidence_interval":{"confidence_level":0.95,"lower_bound":83764.56156463188,"upper_bound":145397.6412723881},"point_estimate":109147.93929557037,"standard_error":14359.198330207599},"Slope":{"confidence_interval":{"confidence_level":0.95,"lower_bound":14308780.321666338,"upper_bound":14493828.52637596},"point_estimate":14375451.394833753,"standard_error":50825.53168614636},"StdDev":{"confidence_interval":{"confidence_level":0.95,"lower_bound":109125.69990435234,"upper_bound":445433.9370653159},"point_estimate":275982.97296542118,"standard_error":111209.96250485351}}