{"Mean":{"confidence_interval":{"confidence_level":0.95,"lower_bound":13784784.118180959,"upper_bound":13827296.616114319},"point_estimate":13805979.964474736,"standard_error":10809.999391670206},"Median":{"confidence_interval":{"confidence_level":0.95,"lower_bound":13782915.835164836,"upper_bound":13829262.113435375},"point_estimate":13807230.023026316,"standard_error":14171.165038226212},"MedianAbsDev":{"confidence_interval":{"confidence_level":0.95,"lower_bound":69406.13658990793,"upper_bound":125514.760978365},"point_estimate":97525.93221975419,"standard_error":14990.463434276842},"Slope":{"confidence_interval":{"confidence_level":0.95,"lower_bound":13798403.346196425,"upper_bound":13849989.370486159},"point_estimate":13823705.456802128,"standard_error":13172.145183553563},"StdDev":{"confidence_interval":{"confidence_level":0.95,"lower_bound":91806.27414291022,"upper_bound":123210.33275748126},"point_estimate":108337.88901520272,"standard_error":8006.69348371295}}