{"Mean":{"confidence_interval":{"confidence_level":0.95,"lower_bound":14196267.56666431,"upper_bound":14245001.078538299},"point_estimate":14220692.47301214,"standard_error":12433.48523860887},"Median":{"confidence_interval":{"confidence_level":0.95,"lower_bound":14195478.103448276,"upper_bound":14236794.743563686},"point_estimate":14212736.615289882,"standard_error":11116.690580959099},"MedianAbsDev":{"confidence_interval":{"confidence_level":0.95,"lower_bound":75231.4059895504,"upper_bound":152478.44985062263},"point_estimate":120419.05003348993,"standard_error":20768.97307496085},"Slope":{"confidence_interval":{"confidence_level":0.95,"lower_bound":14226513.477464892,"upper_bound":14274377.77057476},"point_estimate":14249412.012153097,"standard_error":12241.028618151138},"StdDev":{"confidence_interval":{"confidence_level":0.95,"lower_bound":103447.01288644521,"upper_bound":146026.93654667735},"point_estimate":125066.16887591229,"standard_error":10870.6777760946}}