{"Mean":{"confidence_interval":{"confidence_level":0.95,"lower_bound":3563757.4175053329,"upper_bound":3623332.094341729},"point_estimate":3592291.982842192,"standard_error":15180.279811133234},"Median":{"confidence_interval":{"confidence_level":0.95,"lower_bound":3484706.0,"upper_bound":3565924.5318181819},"point_estimate":3505792.676436782,"standard_error":26962.79443832291},"MedianAbsDev":{"confidence_interval":{"confidence_level":0.95,"lower_bound":20682.744766543605,"upper_bound":139370.13637559315},"point_estimate":55052.937561013925,"standard_error":37124.1830078689},"Slope":{"confidence_interval":{"confidence_level":0.95,"lower_bound":3578273.0742938059,"upper_bound":3652420.341741143},"point_estimate":3613982.3110891089,"standard_error":18852.731731500167},"StdDev":{"confidence_interval":{"confidence_level":0.95,"lower_bound":118298.12485483036,"upper_bound":186197.98949991287},"point_estimate":152935.76513001845,"standard_error":17507.88896034235}}