{"Mean":{"confidence_interval":{"confidence_level":0.95,"lower_bound":265544.3402650987,"upper_bound":265699.5609344066},"point_estimate":265618.77341131799,"standard_error":39.697633226673129},"Median":{"confidence_interval":{"confidence_level":0.95,"lower_bound":265463.4183673469,"upper_bound":265633.6927083333},"point_estimate":265549.43024099888,"standard_error":35.69857708801113},"MedianAbsDev":{"confidence_interval":{"confidence_level":0.95,"lower_bound":211.00868062105443,"upper_bound":338.2914768066545},"point_estimate":271.99037817118656,"standard_error":32.08526179394721},"Slope":{"confidence_interval":{"confidence_level":0.95,"lower_bound":265419.3919060847,"upper_bound":265532.19607661556},"point_estimate":265476.1755423378,"standard_error":28.793183792534355},"StdDev":{"confidence_interval":{"confidence_level":0.95,"lower_bound":291.24716857023506,"upper_bound":497.5279458687451},"point_estimate":399.47314932226586,"standard_error":52.96874685837202}}