{"Mean":{"confidence_interval":{"confidence_level":0.95,"lower_bound":16.14231833692542,"upper_bound":16.914618788678273},"point_estimate":16.51491360397918,"standard_error":0.19834937059055675},"Median":{"confidence_interval":{"confidence_level":0.95,"lower_bound":15.317032361617214,"upper_bound":15.353181626632955},"point_estimate":15.328074097491396,"standard_error":0.008594932204169322},"MedianAbsDev":{"confidence_interval":{"confidence_level":0.95,"lower_bound":0.02251512049672982,"upper_bound":0.07444924366284468},"point_estimate":0.03837657106828593,"standard_error":0.012456479163135512},"Slope":{"confidence_interval":{"confidence_level":0.95,"lower_bound":16.309976168773969,"upper_bound":17.349568465347713},"point_estimate":16.79866674077261,"standard_error":0.2653499903802416},"StdDev":{"confidence_interval":{"confidence_level":0.95,"lower_bound":1.7376188037444976,"upper_bound":2.1612401703125876},"point_estimate":1.9899696465937589,"standard_error":0.11099111398825996}}