{"Mean":{"confidence_interval":{"confidence_level":0.95,"lower_bound":0.024142078714128224,"upper_bound":0.038329067319746067},"point_estimate":0.031144060690942334,"standard_error":0.0036283586675673418},"Median":{"confidence_interval":{"confidence_level":0.95,"lower_bound":0.028991015513003095,"upper_bound":0.03103900438865037},"point_estimate":0.029738644517570468,"standard_error":0.0005810247751052097}}