{"Mean":{"confidence_interval":{"confidence_level":0.95,"lower_bound":22.017543463035275,"upper_bound":22.915858723272217},"point_estimate":22.45521203643541,"standard_error":0.2316369530486971},"Median":{"confidence_interval":{"confidence_level":0.95,"lower_bound":20.94410016629753,"upper_bound":20.979106808610827},"point_estimate":20.95648323491906,"standard_error":0.009307848935429124},"MedianAbsDev":{"confidence_interval":{"confidence_level":0.95,"lower_bound":0.03517655099007105,"upper_bound":0.09246786965836096},"point_estimate":0.057793035980984747,"standard_error":0.01418237823563583},"Slope":{"confidence_interval":{"confidence_level":0.95,"lower_bound":22.303734769629224,"upper_bound":23.55465000101658},"point_estimate":22.898055716113537,"standard_error":0.3191572483212732},"StdDev":{"confidence_interval":{"confidence_level":0.95,"lower_bound":2.062077542417679,"upper_bound":2.490951219992275},"point_estimate":2.33103861151568,"standard_error":0.10844540271867052}}