{"Mean":{"confidence_interval":{"confidence_level":0.95,"lower_bound":4359.270490252648,"upper_bound":4454.610748903206},"point_estimate":4405.657417838702,"standard_error":24.36338550034458},"Median":{"confidence_interval":{"confidence_level":0.95,"lower_bound":4256.505177932593,"upper_bound":4318.781979082864},"point_estimate":4269.613744043567,"standard_error":18.2188227262561},"MedianAbsDev":{"confidence_interval":{"confidence_level":0.95,"lower_bound":63.57440265667393,"upper_bound":153.9404901227641},"point_estimate":85.13478385830944,"standard_error":24.29251318580522},"Slope":{"confidence_interval":{"confidence_level":0.95,"lower_bound":4464.041613579872,"upper_bound":4619.0119024858099},"point_estimate":4544.403979541528,"standard_error":39.616201221760778},"StdDev":{"confidence_interval":{"confidence_level":0.95,"lower_bound":209.06132849210796,"upper_bound":275.8083833231384},"point_estimate":246.16551980856503,"standard_error":17.041251031556994}}