{"Mean":{"confidence_interval":{"confidence_level":0.95,"lower_bound":69819917.39579106,"upper_bound":70691501.22230181},"point_estimate":70245971.09991186,"standard_error":222816.25425492717},"Median":{"confidence_interval":{"confidence_level":0.95,"lower_bound":69350171.66573033,"upper_bound":70489877.40392965},"point_estimate":70054163.20247646,"standard_error":299155.12052585036},"MedianAbsDev":{"confidence_interval":{"confidence_level":0.95,"lower_bound":1506661.6541966864,"upper_bound":2541683.669726457},"point_estimate":1999157.5822350623,"standard_error":265551.23149114029},"Slope":{"confidence_interval":{"confidence_level":0.95,"lower_bound":69931782.94355859,"upper_bound":70703361.54388412},"point_estimate":70319925.22190336,"standard_error":196793.97799462413},"StdDev":{"confidence_interval":{"confidence_level":0.95,"lower_bound":1812696.9225117844,"upper_bound":2653640.4289173188},"point_estimate":2241382.664359359,"standard_error":215819.11215992296}}