{"Mean":{"confidence_interval":{"confidence_level":0.95,"lower_bound":8.05795775857449,"upper_bound":8.063155938594202},"point_estimate":8.060227588756947,"standard_error":0.0013377071968908557},"Median":{"confidence_interval":{"confidence_level":0.95,"lower_bound":8.055618870843175,"upper_bound":8.057728178696156},"point_estimate":8.056319841030401,"standard_error":0.0005696541766089715},"MedianAbsDev":{"confidence_interval":{"confidence_level":0.95,"lower_bound":0.002197451143658727,"upper_bound":0.004439105918101359},"point_estimate":0.003120215192848203,"standard_error":0.0005592824241319004},"Slope":{"confidence_interval":{"confidence_level":0.95,"lower_bound":8.055319062713192,"upper_bound":8.065086171914345},"point_estimate":8.058751048157609,"standard_error":0.0027486368384392319},"StdDev":{"confidence_interval":{"confidence_level":0.95,"lower_bound":0.005941994869671171,"upper_bound":0.020410138480875318},"point_estimate":0.01348311860954473,"standard_error":0.003992661275092316}}