{"Mean":{"confidence_interval":{"confidence_level":0.95,"lower_bound":82822462.4042051,"upper_bound":83730762.21212505},"point_estimate":83273889.39070408,"standard_error":230601.58951923884},"Median":{"confidence_interval":{"confidence_level":0.95,"lower_bound":82855987.11940299,"upper_bound":83684605.17021276},"point_estimate":83238632.9347826,"standard_error":192475.67462541996},"MedianAbsDev":{"confidence_interval":{"confidence_level":0.95,"lower_bound":1130232.6771812188,"upper_bound":2007878.2257748482},"point_estimate":1558591.9985316469,"standard_error":228261.6607884012},"Slope":{"confidence_interval":{"confidence_level":0.95,"lower_bound":82932262.74832349,"upper_bound":83519519.0803535},"point_estimate":83228009.14397222,"standard_error":149403.0550857904},"StdDev":{"confidence_interval":{"confidence_level":0.95,"lower_bound":1600575.461068518,"upper_bound":2986362.2078831957},"point_estimate":2324101.3890291,"standard_error":353429.56574892569}}