{"Mean":{"confidence_interval":{"confidence_level":0.95,"lower_bound":13882415.380449431,"upper_bound":13928261.081654158},"point_estimate":13905233.150727926,"standard_error":11722.985642407657},"Median":{"confidence_interval":{"confidence_level":0.95,"lower_bound":13894412.666666666,"upper_bound":13939053.47368421},"point_estimate":13917836.772575716,"standard_error":9513.217768499953},"MedianAbsDev":{"confidence_interval":{"confidence_level":0.95,"lower_bound":73609.06399137664,"upper_bound":137730.1613807314},"point_estimate":107506.95808702745,"standard_error":16141.032908944166},"Slope":{"confidence_interval":{"confidence_level":0.95,"lower_bound":13914516.36270392,"upper_bound":13958022.775847963},"point_estimate":13936834.474694843,"standard_error":11065.190662584739},"StdDev":{"confidence_interval":{"confidence_level":0.95,"lower_bound":99053.84895252738,"upper_bound":134979.49241687617},"point_estimate":117678.930250438,"standard_error":9147.540323292531}}