{"Mean":{"confidence_interval":{"confidence_level":0.95,"lower_bound":0.012260390630367574,"upper_bound":0.018036904048086178},"point_estimate":0.015144335111175966,"standard_error":0.001477185987102612},"Median":{"confidence_interval":{"confidence_level":0.95,"lower_bound":0.008073922801229428,"upper_bound":0.010632183740545642},"point_estimate":0.008988381988414674,"standard_error":0.0005468630049138307}}