{"Mean":{"confidence_interval":{"confidence_level":0.95,"lower_bound":257189.271073881,"upper_bound":273039.50491496277},"point_estimate":265052.3090178955,"standard_error":4037.673298556187},"Median":{"confidence_interval":{"confidence_level":0.95,"lower_bound":224557.39726027399,"upper_bound":289085.8},"point_estimate":259521.54142857143,"standard_error":15661.17634344367},"MedianAbsDev":{"confidence_interval":{"confidence_level":0.95,"lower_bound":2705.316056971059,"upper_bound":67653.05451178878},"point_estimate":53609.42804626231,"standard_error":18112.51757363841},"Slope":{"confidence_interval":{"confidence_level":0.95,"lower_bound":264027.221091964,"upper_bound":284851.4817558296},"point_estimate":274713.6472226984,"standard_error":5343.588372218866},"StdDev":{"confidence_interval":{"confidence_level":0.95,"lower_bound":38235.65277604119,"upper_bound":42428.70132731723},"point_estimate":40649.72530657865,"standard_error":1066.7472969274318}}