{"Mean":{"confidence_interval":{"confidence_level":0.95,"lower_bound":397755.7779423222,"upper_bound":419898.00441086778},"point_estimate":408304.6408097991,"standard_error":5667.163019163129},"Median":{"confidence_interval":{"confidence_level":0.95,"lower_bound":380400.54058641978,"upper_bound":380559.44444444446},"point_estimate":380452.6668734491,"standard_error":38.4781880293412},"MedianAbsDev":{"confidence_interval":{"confidence_level":0.95,"lower_bound":202.01876698082425,"upper_bound":465.36318268278509},"point_estimate":320.0787447938583,"standard_error":66.1039091631038},"Slope":{"confidence_interval":{"confidence_level":0.95,"lower_bound":410169.8978827379,"upper_bound":444937.4965507599},"point_estimate":427030.7379242402,"standard_error":8885.918046893345},"StdDev":{"confidence_interval":{"confidence_level":0.95,"lower_bound":46020.25727281641,"upper_bound":64283.09729120909},"point_estimate":56741.188687542795,"standard_error":4596.943229842}}