{"Mean":{"confidence_interval":{"confidence_level":0.95,"lower_bound":5271908.228418487,"upper_bound":5363749.965067991},"point_estimate":5317031.648182461,"standard_error":23495.723665861566},"Median":{"confidence_interval":{"confidence_level":0.95,"lower_bound":5183820.157894737,"upper_bound":5349767.963288289},"point_estimate":5342780.912280702,"standard_error":49109.22560757519},"MedianAbsDev":{"confidence_interval":{"confidence_level":0.95,"lower_bound":174813.77366007248,"upper_bound":403216.2240768396},"point_estimate":364685.38981348756,"standard_error":64818.035102050606},"Slope":{"confidence_interval":{"confidence_level":0.95,"lower_bound":5211315.746188466,"upper_bound":5324133.815547683},"point_estimate":5265978.165157381,"standard_error":28755.748559851203},"StdDev":{"confidence_interval":{"confidence_level":0.95,"lower_bound":208263.32252748454,"upper_bound":257510.40193676135},"point_estimate":235336.824458637,"standard_error":12537.469689958847}}