{"Mean":{"confidence_interval":{"confidence_level":0.95,"lower_bound":257030.11682875354,"upper_bound":257504.54223879946},"point_estimate":257252.07067715267,"standard_error":121.21754092020162},"Median":{"confidence_interval":{"confidence_level":0.95,"lower_bound":256751.95833333335,"upper_bound":256985.03225626116},"point_estimate":256874.12673076924,"standard_error":57.473609376600737},"MedianAbsDev":{"confidence_interval":{"confidence_level":0.95,"lower_bound":286.4213037199682,"upper_bound":534.8315185992325},"point_estimate":381.97618080479006,"standard_error":66.58143999331966},"Slope":{"confidence_interval":{"confidence_level":0.95,"lower_bound":256653.60539604535,"upper_bound":256935.98808814487},"point_estimate":256788.87397739027,"standard_error":72.12273325069212},"StdDev":{"confidence_interval":{"confidence_level":0.95,"lower_bound":832.9739724159198,"upper_bound":1555.4268047597055},"point_estimate":1218.1963082825619,"standard_error":185.43993114156533}}