{"Mean":{"confidence_interval":{"confidence_level":0.95,"lower_bound":1365401.5613253674,"upper_bound":1379638.5212337657},"point_estimate":1372189.2446364775,"standard_error":3657.708772491827},"Median":{"confidence_interval":{"confidence_level":0.95,"lower_bound":1353617.9540229885,"upper_bound":1354363.705882353},"point_estimate":1353968.3984212713,"standard_error":192.89847403700777},"MedianAbsDev":{"confidence_interval":{"confidence_level":0.95,"lower_bound":889.8589566231117,"upper_bound":2335.3194915640035},"point_estimate":1428.77436631863,"standard_error":401.5356102363213},"Slope":{"confidence_interval":{"confidence_level":0.95,"lower_bound":1370326.4043605915,"upper_bound":1389581.422377286},"point_estimate":1379448.2787232158,"standard_error":4921.318522033499},"StdDev":{"confidence_interval":{"confidence_level":0.95,"lower_bound":28107.275873294966,"upper_bound":44237.48890998932},"point_estimate":36770.79364491871,"standard_error":4118.009117474267}}