{"Mean":{"confidence_interval":{"confidence_level":0.95,"lower_bound":7026638.697115856,"upper_bound":7049848.820627165},"point_estimate":7037884.916818199,"standard_error":5934.65883782392},"Median":{"confidence_interval":{"confidence_level":0.95,"lower_bound":7026130.878378378,"upper_bound":7046474.071428572},"point_estimate":7038101.009589948,"standard_error":5234.783922890464},"MedianAbsDev":{"confidence_interval":{"confidence_level":0.95,"lower_bound":32935.51674175146,"upper_bound":53884.76119361592},"point_estimate":42976.48234293557,"standard_error":5272.884240630132},"Slope":{"confidence_interval":{"confidence_level":0.95,"lower_bound":7012466.718421861,"upper_bound":7036595.676718331},"point_estimate":7024449.952983597,"standard_error":6180.311211010109},"StdDev":{"confidence_interval":{"confidence_level":0.95,"lower_bound":44520.08652230865,"upper_bound":74870.29324177065},"point_estimate":59749.97635586482,"standard_error":7856.3223716389079}}