{"Mean":{"confidence_interval":{"confidence_level":0.95,"lower_bound":4108047.3020733606,"upper_bound":4140379.2644071348},"point_estimate":4122565.8639335997,"standard_error":8259.566948180915},"Median":{"confidence_interval":{"confidence_level":0.95,"lower_bound":4096771.2424148607,"upper_bound":4114175.84},"point_estimate":4106703.6219072167,"standard_error":3890.213626020164},"MedianAbsDev":{"confidence_interval":{"confidence_level":0.95,"lower_bound":26416.089305880734,"upper_bound":51128.40960002376},"point_estimate":41717.28291450737,"standard_error":6256.6606808102219},"Slope":{"confidence_interval":{"confidence_level":0.95,"lower_bound":4094471.7515031278,"upper_bound":4110547.6588467259},"point_estimate":4102688.8601507318,"standard_error":4106.914680482653},"StdDev":{"confidence_interval":{"confidence_level":0.95,"lower_bound":41388.09333598691,"upper_bound":120029.53233802406},"point_estimate":82926.99931685599,"standard_error":20416.377908516726}}