{"Mean":{"confidence_interval":{"confidence_level":0.95,"lower_bound":0.6001172531323397,"upper_bound":0.6168573448750476},"point_estimate":0.6087352439510374,"standard_error":0.004141057764375963},"Median":{"confidence_interval":{"confidence_level":0.95,"lower_bound":0.5969256870603916,"upper_bound":0.6210134017203062},"point_estimate":0.6088561122021194,"standard_error":0.005984143622933945}}