{"Mean":{"confidence_interval":{"confidence_level":0.95,"lower_bound":24460137.95130036,"upper_bound":24538498.45673065},"point_estimate":24498270.82044842,"standard_error":19832.388804884984},"Median":{"confidence_interval":{"confidence_level":0.95,"lower_bound":24468929.785714289,"upper_bound":24514023.243243245},"point_estimate":24494349.432783769,"standard_error":12343.665775487803},"MedianAbsDev":{"confidence_interval":{"confidence_level":0.95,"lower_bound":71191.0376830522,"upper_bound":121418.41515570935},"point_estimate":100531.66614383653,"standard_error":13056.009234515044},"Slope":{"confidence_interval":{"confidence_level":0.95,"lower_bound":24479642.490947095,"upper_bound":24532855.8173013},"point_estimate":24503539.212741246,"standard_error":13605.23155131479},"StdDev":{"confidence_interval":{"confidence_level":0.95,"lower_bound":126603.09261037594,"upper_bound":268985.65406256829},"point_estimate":199399.9039837085,"standard_error":36886.18525824458}}