{"Mean":{"confidence_interval":{"confidence_level":0.95,"lower_bound":4937175.756020539,"upper_bound":4966875.180158778},"point_estimate":4950062.636654764,"standard_error":7654.55281469085},"Median":{"confidence_interval":{"confidence_level":0.95,"lower_bound":4925996.271604938,"upper_bound":4930118.02631579},"point_estimate":4927803.993139628,"standard_error":988.9501301981163},"MedianAbsDev":{"confidence_interval":{"confidence_level":0.95,"lower_bound":6136.444074150783,"upper_bound":13437.280750933016},"point_estimate":9238.223734139376,"standard_error":1820.559397084057},"Slope":{"confidence_interval":{"confidence_level":0.95,"lower_bound":4922377.164031013,"upper_bound":4924742.0818198849},"point_estimate":4923496.437954781,"standard_error":603.6525240452365},"StdDev":{"confidence_interval":{"confidence_level":0.95,"lower_bound":31029.985400471076,"upper_bound":116586.68649330094},"point_estimate":76959.48371770029,"standard_error":22667.701433652004}}