{"Mean":{"confidence_interval":{"confidence_level":0.95,"lower_bound":32961214.45693646,"upper_bound":32985534.126840276},"point_estimate":32972227.31973459,"standard_error":6250.0077351643399},"Median":{"confidence_interval":{"confidence_level":0.95,"lower_bound":32948345.59090909,"upper_bound":32953600.51111111},"point_estimate":32950278.86935287,"standard_error":1317.1151782727387},"MedianAbsDev":{"confidence_interval":{"confidence_level":0.95,"lower_bound":6778.265407777289,"upper_bound":15236.127177408198},"point_estimate":10440.560146452995,"standard_error":2075.015930877976},"Slope":{"confidence_interval":{"confidence_level":0.95,"lower_bound":32945838.49338976,"upper_bound":32948249.326628016},"point_estimate":32946945.24790897,"standard_error":615.4397398437749},"StdDev":{"confidence_interval":{"confidence_level":0.95,"lower_bound":33509.9886620269,"upper_bound":88120.10914724844},"point_estimate":62918.81829964483,"standard_error":14134.44365331537}}