{"Mean":{"confidence_interval":{"confidence_level":0.95,"lower_bound":11963.714598327211,"upper_bound":12453.523322119794},"point_estimate":12195.784382800803,"standard_error":126.46257710803829},"Median":{"confidence_interval":{"confidence_level":0.95,"lower_bound":11568.486742424242,"upper_bound":11578.545454545454},"point_estimate":11572.010396030524,"standard_error":2.84258475156966},"MedianAbsDev":{"confidence_interval":{"confidence_level":0.95,"lower_bound":10.490176797326678,"upper_bound":25.62503495661273},"point_estimate":16.38374429706612,"standard_error":3.976940427570896},"Slope":{"confidence_interval":{"confidence_level":0.95,"lower_bound":12149.37573244761,"upper_bound":12882.790714246763},"point_estimate":12499.6989330239,"standard_error":187.1795480004028},"StdDev":{"confidence_interval":{"confidence_level":0.95,"lower_bound":1048.1758350154733,"upper_bound":1443.2698088605549},"point_estimate":1275.0702487407248,"standard_error":102.4741553020169}}