{"Mean":{"confidence_interval":{"confidence_level":0.95,"lower_bound":0.06250992317783415,"upper_bound":0.11623828606654072},"point_estimate":0.08919488005934162,"standard_error":0.013743606494770194},"Median":{"confidence_interval":{"confidence_level":0.95,"lower_bound":-0.0025470137841154818,"upper_bound":0.0001117582260455305},"point_estimate":-0.0021354655838623506,"standard_error":0.0007833778067710008}}