{"Mean":{"confidence_interval":{"confidence_level":0.95,"lower_bound":1815203.9273507365,"upper_bound":1819119.7198130415},"point_estimate":1816663.2911257595,"standard_error":1089.2013051364209},"Median":{"confidence_interval":{"confidence_level":0.95,"lower_bound":1814474.4353427897,"upper_bound":1815518.2352941177},"point_estimate":1815080.755527211,"standard_error":250.6584196605224},"MedianAbsDev":{"confidence_interval":{"confidence_level":0.95,"lower_bound":1311.268025084047,"upper_bound":2232.4826959817476},"point_estimate":1693.5669544079263,"standard_error":237.87912823048229},"Slope":{"confidence_interval":{"confidence_level":0.95,"lower_bound":1814319.272004286,"upper_bound":1816434.2410573278},"point_estimate":1815184.4899275897,"standard_error":547.5735038217248},"StdDev":{"confidence_interval":{"confidence_level":0.95,"lower_bound":2050.7697533493235,"upper_bound":18431.313728980003},"point_estimate":10954.318085106055,"standard_error":5561.2191221695979}}