{"Mean":{"confidence_interval":{"confidence_level":0.95,"lower_bound":118.05879037150393,"upper_bound":123.08826575902457},"point_estimate":120.4903902462097,"standard_error":1.2792067304135749},"Median":{"confidence_interval":{"confidence_level":0.95,"lower_bound":113.93700292794988,"upper_bound":114.00135372813652},"point_estimate":113.96145706385711,"standard_error":0.02067211351136025},"MedianAbsDev":{"confidence_interval":{"confidence_level":0.95,"lower_bound":0.0719930766168079,"upper_bound":0.16234429989418273},"point_estimate":0.09928804039823289,"standard_error":0.026116823356292248},"Slope":{"confidence_interval":{"confidence_level":0.95,"lower_bound":120.13855134940715,"upper_bound":127.56700350728143},"point_estimate":123.70236677292049,"standard_error":1.895850837046364},"StdDev":{"confidence_interval":{"confidence_level":0.95,"lower_bound":10.675260677605478,"upper_bound":14.482686957974984},"point_estimate":12.865801994207452,"standard_error":0.9874437782625618}}