{"Mean":{"confidence_interval":{"confidence_level":0.95,"lower_bound":300935.0500219887,"upper_bound":305312.2660344422},"point_estimate":302946.4693024199,"standard_error":1124.7622889340108},"Median":{"confidence_interval":{"confidence_level":0.95,"lower_bound":298695.5989583333,"upper_bound":299717.6408045977},"point_estimate":298931.0059966216,"standard_error":287.3433286970672},"MedianAbsDev":{"confidence_interval":{"confidence_level":0.95,"lower_bound":774.746515941764,"upper_bound":1767.8302529823007},"point_estimate":1228.4399125995956,"standard_error":240.72179384119614},"Slope":{"confidence_interval":{"confidence_level":0.95,"lower_bound":302677.29777528197,"upper_bound":310913.1720606981},"point_estimate":306663.44240135958,"standard_error":2106.4919328797589},"StdDev":{"confidence_interval":{"confidence_level":0.95,"lower_bound":6444.590218370588,"upper_bound":15164.065543203256},"point_estimate":11318.028436679948,"standard_error":2201.8925802404517}}