{"Mean":{"confidence_interval":{"confidence_level":0.95,"lower_bound":2135.693580677501,"upper_bound":2141.746340623127},"point_estimate":2138.635718898282,"standard_error":1.5449298283915383},"Median":{"confidence_interval":{"confidence_level":0.95,"lower_bound":2132.530567284744,"upper_bound":2139.057180097887},"point_estimate":2137.0714921609057,"standard_error":1.6125737298026462},"MedianAbsDev":{"confidence_interval":{"confidence_level":0.95,"lower_bound":9.473060040107488,"upper_bound":15.315594550304465},"point_estimate":12.744627347369742,"standard_error":1.436031594658563},"Slope":{"confidence_interval":{"confidence_level":0.95,"lower_bound":2129.646930414087,"upper_bound":2134.820665135367},"point_estimate":2132.180249582683,"standard_error":1.3224984324761769},"StdDev":{"confidence_interval":{"confidence_level":0.95,"lower_bound":12.301524121878935,"upper_bound":18.61321472192518},"point_estimate":15.523853164812215,"standard_error":1.6173938188207165}}