{"Mean":{"confidence_interval":{"confidence_level":0.95,"lower_bound":14318119.403812834,"upper_bound":14330225.774940663},"point_estimate":14324058.512121413,"standard_error":3096.387734359828},"Median":{"confidence_interval":{"confidence_level":0.95,"lower_bound":14299202.416666666,"upper_bound":14324134.191919193},"point_estimate":14307799.748067633,"standard_error":6224.249231296719},"MedianAbsDev":{"confidence_interval":{"confidence_level":0.95,"lower_bound":4285.76408756029,"upper_bound":39708.03044454515},"point_estimate":16532.037016568887,"standard_error":8694.896279034008},"Slope":{"confidence_interval":{"confidence_level":0.95,"lower_bound":14315377.528773603,"upper_bound":14328416.276634215},"point_estimate":14321620.763655978,"standard_error":3326.020709575819},"StdDev":{"confidence_interval":{"confidence_level":0.95,"lower_bound":27981.968958591537,"upper_bound":33225.53636598304},"point_estimate":31071.073025638165,"standard_error":1339.4625473840045}}