{"Mean":{"confidence_interval":{"confidence_level":0.95,"lower_bound":2301593.770722811,"upper_bound":2316453.725064735},"point_estimate":2308978.010168946,"standard_error":3778.501088369556},"Median":{"confidence_interval":{"confidence_level":0.95,"lower_bound":2290679.054054054,"upper_bound":2312507.5519230768},"point_estimate":2310187.488715278,"standard_error":5165.289476455808},"MedianAbsDev":{"confidence_interval":{"confidence_level":0.95,"lower_bound":34233.7389745091,"upper_bound":65896.5333122562},"point_estimate":62729.945949144676,"standard_error":7107.105542019276},"Slope":{"confidence_interval":{"confidence_level":0.95,"lower_bound":2292859.598174089,"upper_bound":2313315.313688883},"point_estimate":2302836.4239456185,"standard_error":5218.014025770131},"StdDev":{"confidence_interval":{"confidence_level":0.95,"lower_bound":34905.37715037178,"upper_bound":40215.51413157534},"point_estimate":37923.79286583319,"standard_error":1355.1900160210396}}