{"Mean":{"confidence_interval":{"confidence_level":0.95,"lower_bound":360.8202008911176,"upper_bound":361.18825842731737},"point_estimate":360.9696939216192,"standard_error":0.09602937772752426},"Median":{"confidence_interval":{"confidence_level":0.95,"lower_bound":360.69717452198275,"upper_bound":360.79358917480035},"point_estimate":360.76053843499497,"standard_error":0.025026691621796067},"MedianAbsDev":{"confidence_interval":{"confidence_level":0.95,"lower_bound":0.1284071698706999,"upper_bound":0.2266679756824081},"point_estimate":0.18384005151945877,"standard_error":0.026877674579239485},"Slope":{"confidence_interval":{"confidence_level":0.95,"lower_bound":360.65071270280739,"upper_bound":360.70181562071056},"point_estimate":360.67431430687108,"standard_error":0.013008314507386135},"StdDev":{"confidence_interval":{"confidence_level":0.95,"lower_bound":0.3279757162492938,"upper_bound":1.5505892586688666},"point_estimate":0.9660058985959402,"standard_error":0.37954361111015036}}