{"Mean":{"confidence_interval":{"confidence_level":0.95,"lower_bound":0.001923314536693605,"upper_bound":0.004633394888674671},"point_estimate":0.003282202901435438,"standard_error":0.0006968460251414472},"Median":{"confidence_interval":{"confidence_level":0.95,"lower_bound":-0.0007234023676276093,"upper_bound":-0.00006419871447937986},"point_estimate":-0.00043925004432243675,"standard_error":0.0002236362403370963}}