{"Mean":{"confidence_interval":{"confidence_level":0.95,"lower_bound":16.088306790448639,"upper_bound":16.789567877467058},"point_estimate":16.427647706205084,"standard_error":0.1792907447901183},"Median":{"confidence_interval":{"confidence_level":0.95,"lower_bound":15.476712819719648,"upper_bound":15.481896314338997},"point_estimate":15.478737511198592,"standard_error":0.0015024089392457218},"MedianAbsDev":{"confidence_interval":{"confidence_level":0.95,"lower_bound":0.006385974624523701,"upper_bound":0.01258085800690616},"point_estimate":0.008285224502197852,"standard_error":0.0016482619890427113},"Slope":{"confidence_interval":{"confidence_level":0.95,"lower_bound":15.773690315977112,"upper_bound":16.72613071932389},"point_estimate":16.232875695419965,"standard_error":0.24325539040925246},"StdDev":{"confidence_interval":{"confidence_level":0.95,"lower_bound":1.5026747088374589,"upper_bound":2.0059587780427385},"point_estimate":1.7985232383453996,"standard_error":0.12920561660018654}}