{"Mean":{"confidence_interval":{"confidence_level":0.95,"lower_bound":0.00825718120977706,"upper_bound":0.013793057936747474},"point_estimate":0.010683469554286118,"standard_error":0.001364298845689457},"Median":{"confidence_interval":{"confidence_level":0.95,"lower_bound":0.007356304109394252,"upper_bound":0.008219484911691444},"point_estimate":0.008010193463716675,"standard_error":0.00019474979152199823}}