{"Mean":{"confidence_interval":{"confidence_level":0.95,"lower_bound":431025.7176445683,"upper_bound":456839.03963430106},"point_estimate":443851.75708240809,"standard_error":6583.996436483804},"Median":{"confidence_interval":{"confidence_level":0.95,"lower_bound":379870.50340136056,"upper_bound":512484.9599538563},"point_estimate":388854.6194503171,"standard_error":55657.0126973845},"MedianAbsDev":{"confidence_interval":{"confidence_level":0.95,"lower_bound":325.0278259756233,"upper_bound":94599.17855124206},"point_estimate":14111.521355276785,"standard_error":28078.099399710678},"Slope":{"confidence_interval":{"confidence_level":0.95,"lower_bound":405701.2829909622,"upper_bound":436199.54177291618},"point_estimate":420318.96413674208,"standard_error":7820.539243462071},"StdDev":{"confidence_interval":{"confidence_level":0.95,"lower_bound":64009.85714243108,"upper_bound":66824.8382573205},"point_estimate":66112.37271251816,"standard_error":725.5683401734832}}