{"Mean":{"confidence_interval":{"confidence_level":0.95,"lower_bound":0.05592974326270656,"upper_bound":0.11714677166995627},"point_estimate":0.08477077618886986,"standard_error":0.015752985806574226},"Median":{"confidence_interval":{"confidence_level":0.95,"lower_bound":0.00402871004345684,"upper_bound":0.007492030076025724},"point_estimate":0.005005449942328433,"standard_error":0.0010953868548091572}}