{"Mean":{"confidence_interval":{"confidence_level":0.95,"lower_bound":73674949.64767367,"upper_bound":74584332.19203125},"point_estimate":74117750.14053326,"standard_error":231843.6293047921},"Median":{"confidence_interval":{"confidence_level":0.95,"lower_bound":73214435.75771378,"upper_bound":74192229.70666667},"point_estimate":73723440.8626984,"standard_error":260048.59738071307},"MedianAbsDev":{"confidence_interval":{"confidence_level":0.95,"lower_bound":1338272.2628978338,"upper_bound":2278277.2737284756},"point_estimate":1928206.1289801999,"standard_error":237255.03329451796},"Slope":{"confidence_interval":{"confidence_level":0.95,"lower_bound":73472213.2706404,"upper_bound":74103574.81892169},"point_estimate":73775968.20524605,"standard_error":161252.4362223623},"StdDev":{"confidence_interval":{"confidence_level":0.95,"lower_bound":1882833.6321838094,"upper_bound":2745541.2311957639},"point_estimate":2334646.1937191418,"standard_error":221232.50987417255}}