{"Mean":{"confidence_interval":{"confidence_level":0.95,"lower_bound":70970751.31129346,"upper_bound":77182900.33257042},"point_estimate":74050735.450352,"standard_error":1581962.5675406114},"Median":{"confidence_interval":{"confidence_level":0.95,"lower_bound":69266065.2579717,"upper_bound":77564231.06112555},"point_estimate":73024753.81465517,"standard_error":2609630.0244887729},"MedianAbsDev":{"confidence_interval":{"confidence_level":0.95,"lower_bound":13284054.420054155,"upper_bound":22612260.718279415},"point_estimate":18333492.270016526,"standard_error":2358346.452390775},"Slope":{"confidence_interval":{"confidence_level":0.95,"lower_bound":75200916.55575438,"upper_bound":80106936.15582039},"point_estimate":77485013.01743461,"standard_error":1251606.9389730583},"StdDev":{"confidence_interval":{"confidence_level":0.95,"lower_bound":14122941.803531699,"upper_bound":17328224.89684433},"point_estimate":15841300.189516196,"standard_error":817483.6391638269}}