{"Mean":{"confidence_interval":{"confidence_level":0.95,"lower_bound":52192705.19250905,"upper_bound":52567850.614909429},"point_estimate":52373762.65825349,"standard_error":95707.39336698906},"Median":{"confidence_interval":{"confidence_level":0.95,"lower_bound":52007946.016393449,"upper_bound":52360562.05479452},"point_estimate":52245437.234375,"standard_error":90595.5130370637},"MedianAbsDev":{"confidence_interval":{"confidence_level":0.95,"lower_bound":640530.5001913998,"upper_bound":1191379.909494331},"point_estimate":984324.5643341376,"standard_error":149492.40588886688},"Slope":{"confidence_interval":{"confidence_level":0.95,"lower_bound":52074023.61670868,"upper_bound":52386589.90465353},"point_estimate":52224215.719423677,"standard_error":79507.11671802291},"StdDev":{"confidence_interval":{"confidence_level":0.95,"lower_bound":788579.6191618096,"upper_bound":1109084.7410271837},"point_estimate":962558.7896959321,"standard_error":81600.48941966647}}