{"Mean":{"confidence_interval":{"confidence_level":0.95,"lower_bound":12548372.023269142,"upper_bound":12584423.54256647},"point_estimate":12566145.36037987,"standard_error":9191.845830497263},"Median":{"confidence_interval":{"confidence_level":0.95,"lower_bound":12512702.452054795,"upper_bound":12591443.725},"point_estimate":12537118.463688381,"standard_error":18842.1086903995},"MedianAbsDev":{"confidence_interval":{"confidence_level":0.95,"lower_bound":58429.08156093292,"upper_bound":128158.3925097024},"point_estimate":94832.6486946447,"standard_error":16081.39559480338},"Slope":{"confidence_interval":{"confidence_level":0.95,"lower_bound":12564217.145417646,"upper_bound":12609235.257550667},"point_estimate":12586216.628275454,"standard_error":11505.1266023204},"StdDev":{"confidence_interval":{"confidence_level":0.95,"lower_bound":80704.03185587363,"upper_bound":102165.02470028629},"point_estimate":92381.53069097399,"standard_error":5468.0081631868529}}