{"Mean":{"confidence_interval":{"confidence_level":0.95,"lower_bound":69170.95168349234,"upper_bound":72036.85898507218},"point_estimate":70532.76034148479,"standard_error":727.3158950219214},"Median":{"confidence_interval":{"confidence_level":0.95,"lower_bound":67140.41215277778,"upper_bound":67183.49824561403},"point_estimate":67152.13861283644,"standard_error":9.813272408659387},"MedianAbsDev":{"confidence_interval":{"confidence_level":0.95,"lower_bound":43.454869919526569,"upper_bound":107.79380964417862},"point_estimate":64.9420623163435,"standard_error":15.172830281025327},"Slope":{"confidence_interval":{"confidence_level":0.95,"lower_bound":70984.82057170407,"upper_bound":75756.6155037656},"point_estimate":73323.12946672578,"standard_error":1222.463134969784},"StdDev":{"confidence_interval":{"confidence_level":0.95,"lower_bound":5837.127085816444,"upper_bound":8395.766861848751},"point_estimate":7300.3273931876069,"standard_error":651.6682406138427}}