{"Mean":{"confidence_interval":{"confidence_level":0.95,"lower_bound":9729292.596174054,"upper_bound":9832765.877985657},"point_estimate":9783223.069054766,"standard_error":26442.91649446167},"Median":{"confidence_interval":{"confidence_level":0.95,"lower_bound":9805779.173913043,"upper_bound":9865948.167440879},"point_estimate":9843782.142857142,"standard_error":17520.190910866993},"MedianAbsDev":{"confidence_interval":{"confidence_level":0.95,"lower_bound":99601.91372135775,"upper_bound":171919.85092542383},"point_estimate":123557.53358902305,"standard_error":17663.64592825053},"Slope":{"confidence_interval":{"confidence_level":0.95,"lower_bound":9652045.365317777,"upper_bound":9809539.385264768},"point_estimate":9734767.843221516,"standard_error":40193.88658982138},"StdDev":{"confidence_interval":{"confidence_level":0.95,"lower_bound":192452.06500429859,"upper_bound":329542.7670573564},"point_estimate":266719.45443560989,"standard_error":34883.03287397451}}