{"Mean":{"confidence_interval":{"confidence_level":0.95,"lower_bound":561.3053899905916,"upper_bound":585.2958515016235},"point_estimate":572.7723794179995,"standard_error":6.12963869987491},"Median":{"confidence_interval":{"confidence_level":0.95,"lower_bound":545.6039892146018,"upper_bound":545.7803241631397},"point_estimate":545.700306372549,"standard_error":0.04530736207112131},"MedianAbsDev":{"confidence_interval":{"confidence_level":0.95,"lower_bound":0.21653913204614459,"upper_bound":0.49581764182305007},"point_estimate":0.35144989710028987,"standard_error":0.07261940804761281},"Slope":{"confidence_interval":{"confidence_level":0.95,"lower_bound":583.2690847640668,"upper_bound":627.8673668442154},"point_estimate":605.9073116477543,"standard_error":11.35816211762594},"StdDev":{"confidence_interval":{"confidence_level":0.95,"lower_bound":47.48123646635543,"upper_bound":71.33512541130122},"point_estimate":61.593797878189679,"standard_error":6.016431785639175}}