{"Mean":{"confidence_interval":{"confidence_level":0.95,"lower_bound":7228170.351752662,"upper_bound":7250544.656724087},"point_estimate":7238848.518241432,"standard_error":5719.996024247992},"Median":{"confidence_interval":{"confidence_level":0.95,"lower_bound":7222931.528735632,"upper_bound":7241878.590163934},"point_estimate":7238692.7126262639,"standard_error":5165.974387938142},"MedianAbsDev":{"confidence_interval":{"confidence_level":0.95,"lower_bound":26291.274425218926,"upper_bound":61067.70281169288},"point_estimate":52412.74092151887,"standard_error":8566.905298707554},"Slope":{"confidence_interval":{"confidence_level":0.95,"lower_bound":7205536.970217227,"upper_bound":7220070.232639563},"point_estimate":7212662.314077139,"standard_error":3701.322882730463},"StdDev":{"confidence_interval":{"confidence_level":0.95,"lower_bound":42043.50689561586,"upper_bound":73681.61065434723},"point_estimate":57566.0211133159,"standard_error":8281.092150925206}}