{"Mean":{"confidence_interval":{"confidence_level":0.95,"lower_bound":2518290.660264071,"upper_bound":2530313.924330419},"point_estimate":2523933.24937718,"standard_error":3086.2039012374859},"Median":{"confidence_interval":{"confidence_level":0.95,"lower_bound":2509479.9375,"upper_bound":2513525.28125},"point_estimate":2511874.5542735045,"standard_error":956.6862070452855},"MedianAbsDev":{"confidence_interval":{"confidence_level":0.95,"lower_bound":5646.461280190016,"upper_bound":10705.179829579482},"point_estimate":8582.469763509194,"standard_error":1253.5291049769342},"Slope":{"confidence_interval":{"confidence_level":0.95,"lower_bound":2509295.178084132,"upper_bound":2513993.2652017024},"point_estimate":2511444.0638805974,"standard_error":1205.616820371168},"StdDev":{"confidence_interval":{"confidence_level":0.95,"lower_bound":21541.59973786598,"upper_bound":39129.97230085297},"point_estimate":30995.37351325993,"standard_error":4503.314331369225}}