{"Mean":{"confidence_interval":{"confidence_level":0.95,"lower_bound":120.83096875631928,"upper_bound":128.2319380574739},"point_estimate":124.52174191302751,"standard_error":1.8908335012970486},"Median":{"confidence_interval":{"confidence_level":0.95,"lower_bound":107.35183149208058,"upper_bound":145.04735734363156},"point_estimate":107.45315451816956,"standard_error":12.19581759715711},"MedianAbsDev":{"confidence_interval":{"confidence_level":0.95,"lower_bound":0.14490728667482428,"upper_bound":28.069839846264875},"point_estimate":0.32190302549943236,"standard_error":7.217550019409496},"Slope":{"confidence_interval":{"confidence_level":0.95,"lower_bound":116.95149641187587,"upper_bound":126.73945979429608},"point_estimate":121.836984666169,"standard_error":2.5120264218960939},"StdDev":{"confidence_interval":{"confidence_level":0.95,"lower_bound":18.139010448389567,"upper_bound":19.294353427489189},"point_estimate":18.95464694029849,"standard_error":0.29063291727006698}}