{"Mean":{"confidence_interval":{"confidence_level":0.95,"lower_bound":81329718.46823789,"upper_bound":82325145.8568075},"point_estimate":81818605.29689712,"standard_error":254652.36583743464},"Median":{"confidence_interval":{"confidence_level":0.95,"lower_bound":81139542.58823529,"upper_bound":81878871.6904762},"point_estimate":81464679.69406834,"standard_error":193178.25595296644},"MedianAbsDev":{"confidence_interval":{"confidence_level":0.95,"lower_bound":1308734.388633178,"upper_bound":2514307.2532187977},"point_estimate":1715995.62761494,"standard_error":306164.63747439978},"Slope":{"confidence_interval":{"confidence_level":0.95,"lower_bound":81212101.32607766,"upper_bound":81890966.21084972},"point_estimate":81535402.37133737,"standard_error":173449.58098506207},"StdDev":{"confidence_interval":{"confidence_level":0.95,"lower_bound":2069700.4457723599,"upper_bound":2994102.351134476},"point_estimate":2555179.301955059,"standard_error":236170.4543137613}}