{"Mean":{"confidence_interval":{"confidence_level":0.95,"lower_bound":323209.7162156878,"upper_bound":332797.41383829296},"point_estimate":327886.5768209388,"standard_error":2446.009408059116},"Median":{"confidence_interval":{"confidence_level":0.95,"lower_bound":324945.9453125,"upper_bound":328984.6483216237},"point_estimate":328547.0705645161,"standard_error":1145.3866246593303},"MedianAbsDev":{"confidence_interval":{"confidence_level":0.95,"lower_bound":12595.202197362647,"upper_bound":40228.86441922371},"point_estimate":18647.62122099533,"standard_error":6581.658866265477},"Slope":{"confidence_interval":{"confidence_level":0.95,"lower_bound":337398.7858446917,"upper_bound":345160.26684575967},"point_estimate":341348.75997340035,"standard_error":1975.0124582615939},"StdDev":{"confidence_interval":{"confidence_level":0.95,"lower_bound":19471.272850494406,"upper_bound":30465.713769529848},"point_estimate":24538.095470877466,"standard_error":2932.597062844918}}