{"Mean":{"confidence_interval":{"confidence_level":0.95,"lower_bound":586049.3925097728,"upper_bound":608986.0522248877},"point_estimate":596680.3945878396,"standard_error":5876.641451355287},"Median":{"confidence_interval":{"confidence_level":0.95,"lower_bound":562342.0,"upper_bound":597431.75},"point_estimate":562813.5190476191,"standard_error":10659.00362331165},"MedianAbsDev":{"confidence_interval":{"confidence_level":0.95,"lower_bound":2886.904254580551,"upper_bound":52482.76460247538},"point_estimate":4110.217655574009,"standard_error":14983.731783716603},"Slope":{"confidence_interval":{"confidence_level":0.95,"lower_bound":595781.9294144732,"upper_bound":616961.140235792},"point_estimate":606069.9208659672,"standard_error":5389.111152147458},"StdDev":{"confidence_interval":{"confidence_level":0.95,"lower_bound":38499.10733731141,"upper_bound":79788.38062938766},"point_estimate":59111.32080939495,"standard_error":10882.4887582408}}