{"Mean":{"confidence_interval":{"confidence_level":0.95,"lower_bound":0.03288240671562272,"upper_bound":0.07137921470452718},"point_estimate":0.05174062594310547,"standard_error":0.010186308466632729},"Median":{"confidence_interval":{"confidence_level":0.95,"lower_bound":0.005096373614138505,"upper_bound":0.007585134441445929},"point_estimate":0.006197471791711928,"standard_error":0.0006264459470156248}}