{"Mean":{"confidence_interval":{"confidence_level":0.95,"lower_bound":3962923.6307848135,"upper_bound":4013673.9522346917},"point_estimate":3987818.297535045,"standard_error":12916.752243689165},"Median":{"confidence_interval":{"confidence_level":0.95,"lower_bound":3972540.8752551025,"upper_bound":3989050.408835341},"point_estimate":3979961.932791328,"standard_error":3729.9161566511186},"MedianAbsDev":{"confidence_interval":{"confidence_level":0.95,"lower_bound":29195.59851402731,"upper_bound":68827.66918964758},"point_estimate":53046.395444294845,"standard_error":9811.36485883565},"Slope":{"confidence_interval":{"confidence_level":0.95,"lower_bound":3994361.8165393339,"upper_bound":4041469.3333117149},"point_estimate":4015736.069632038,"standard_error":12052.310219983987},"StdDev":{"confidence_interval":{"confidence_level":0.95,"lower_bound":100296.56992686943,"upper_bound":155179.66357061984},"point_estimate":129562.82039425476,"standard_error":14000.266706307853}}