{"Mean":{"confidence_interval":{"confidence_level":0.95,"lower_bound":23405660.141948694,"upper_bound":23596960.15332698},"point_estimate":23500590.807693978,"standard_error":48669.473182996495},"Median":{"confidence_interval":{"confidence_level":0.95,"lower_bound":23368481.91164289,"upper_bound":23514019.813333334},"point_estimate":23438679.317754918,"standard_error":39324.07893379782},"MedianAbsDev":{"confidence_interval":{"confidence_level":0.95,"lower_bound":307722.8858227638,"upper_bound":519638.4481838048},"point_estimate":433504.21885076267,"standard_error":52676.471470728306},"Slope":{"confidence_interval":{"confidence_level":0.95,"lower_bound":23373435.48794584,"upper_bound":23557422.209686359},"point_estimate":23462353.740180289,"standard_error":47011.69816980658},"StdDev":{"confidence_interval":{"confidence_level":0.95,"lower_bound":406587.8615498222,"upper_bound":565998.5242831966},"point_estimate":489518.09190931948,"standard_error":40753.62144168459}}