{"Mean":{"confidence_interval":{"confidence_level":0.95,"lower_bound":4329478.916286317,"upper_bound":4397990.83537668},"point_estimate":4360620.448543016,"standard_error":17481.87221314567},"Median":{"confidence_interval":{"confidence_level":0.95,"lower_bound":4273815.432610242,"upper_bound":4336271.4375},"point_estimate":4300174.763150778,"standard_error":14707.50784034406},"MedianAbsDev":{"confidence_interval":{"confidence_level":0.95,"lower_bound":48259.30854655476,"upper_bound":130937.72580643243},"point_estimate":86788.8928153559,"standard_error":19746.685951746364},"Slope":{"confidence_interval":{"confidence_level":0.95,"lower_bound":4315195.544490606,"upper_bound":4358824.423167759},"point_estimate":4335759.551106842,"standard_error":11135.877391346985},"StdDev":{"confidence_interval":{"confidence_level":0.95,"lower_bound":103855.77871511072,"upper_bound":249354.7899903568},"point_estimate":175346.3586941514,"standard_error":39736.71064988054}}