{"Mean":{"confidence_interval":{"confidence_level":0.95,"lower_bound":7674.074185446325,"upper_bound":7788.558818243851},"point_estimate":7728.914235026776,"standard_error":29.172617788306974},"Median":{"confidence_interval":{"confidence_level":0.95,"lower_bound":7574.881117571913,"upper_bound":7606.886324786325},"point_estimate":7585.417233560091,"standard_error":8.166514742924651},"MedianAbsDev":{"confidence_interval":{"confidence_level":0.95,"lower_bound":32.31231022304561,"upper_bound":87.98907260454827},"point_estimate":47.830157214069838,"standard_error":13.625802806522719},"Slope":{"confidence_interval":{"confidence_level":0.95,"lower_bound":7644.050846058756,"upper_bound":7774.3652239913849},"point_estimate":7705.176174525768,"standard_error":33.25185343515454},"StdDev":{"confidence_interval":{"confidence_level":0.95,"lower_bound":233.77486789030619,"upper_bound":340.04108023383466},"point_estimate":293.2629488258537,"standard_error":27.051762663416008}}