{"Mean":{"confidence_interval":{"confidence_level":0.95,"lower_bound":0.07053041002671104,"upper_bound":0.07658111890642942},"point_estimate":0.07359742713014184,"standard_error":0.0015407490940657575},"Median":{"confidence_interval":{"confidence_level":0.95,"lower_bound":0.07421858348925856,"upper_bound":0.07882376489279208},"point_estimate":0.07637600915065357,"standard_error":0.0011802183669471594}}