{"Mean":{"confidence_interval":{"confidence_level":0.95,"lower_bound":116.46143084180315,"upper_bound":120.48862846391042},"point_estimate":118.49185221882219,"standard_error":1.0274974430861937},"Median":{"confidence_interval":{"confidence_level":0.95,"lower_bound":118.65592673449797,"upper_bound":121.68892027421608},"point_estimate":120.39322634707716,"standard_error":0.7365165034566085},"MedianAbsDev":{"confidence_interval":{"confidence_level":0.95,"lower_bound":6.144389666672089,"upper_bound":12.334138914480623},"point_estimate":8.59060767140002,"standard_error":1.6133026627209755},"Slope":{"confidence_interval":{"confidence_level":0.95,"lower_bound":115.08047652877964,"upper_bound":120.23112064540952},"point_estimate":117.69046141579136,"standard_error":1.317637216423604},"StdDev":{"confidence_interval":{"confidence_level":0.95,"lower_bound":8.92788564652684,"upper_bound":11.509921039567308},"point_estimate":10.326487187972964,"standard_error":0.6580054060287921}}