{"Mean":{"confidence_interval":{"confidence_level":0.95,"lower_bound":0.03664355965787485,"upper_bound":0.07926831012423043},"point_estimate":0.0589263298538516,"standard_error":0.011328321888850619},"Median":{"confidence_interval":{"confidence_level":0.95,"lower_bound":0.014135955964943969,"upper_bound":0.015113538857957743},"point_estimate":0.014510247429471823,"standard_error":0.00024717923020531953}}