{"Mean":{"confidence_interval":{"confidence_level":0.95,"lower_bound":3485364.472729022,"upper_bound":3494765.699359311},"point_estimate":3489465.796639586,"standard_error":2419.7162194663089},"Median":{"confidence_interval":{"confidence_level":0.95,"lower_bound":3481990.703703704,"upper_bound":3482967.974683544},"point_estimate":3482582.3392434988,"standard_error":262.1482037488866},"MedianAbsDev":{"confidence_interval":{"confidence_level":0.95,"lower_bound":1112.4518690758594,"upper_bound":2239.9395648230627},"point_estimate":1557.7411315550324,"standard_error":293.5762882778579},"Slope":{"confidence_interval":{"confidence_level":0.95,"lower_bound":3484756.1797372458,"upper_bound":3494301.8024851547},"point_estimate":3488964.209667504,"standard_error":2459.073769867307},"StdDev":{"confidence_interval":{"confidence_level":0.95,"lower_bound":10062.427579403666,"upper_bound":36479.5340603809},"point_estimate":24297.161493095922,"standard_error":6962.927848314898}}