{"Mean":{"confidence_interval":{"confidence_level":0.95,"lower_bound":90543.68766029772,"upper_bound":91444.73193782868},"point_estimate":90986.72693436932,"standard_error":229.99461417886605},"Median":{"confidence_interval":{"confidence_level":0.95,"lower_bound":89513.81767836595,"upper_bound":89591.15367965368},"point_estimate":89534.65430932705,"standard_error":19.54353347070122},"MedianAbsDev":{"confidence_interval":{"confidence_level":0.95,"lower_bound":80.83707869693105,"upper_bound":196.22524684096},"point_estimate":113.55810567621674,"standard_error":28.912589757883823},"Slope":{"confidence_interval":{"confidence_level":0.95,"lower_bound":89558.23315417914,"upper_bound":89697.43866406525},"point_estimate":89616.42500450045,"standard_error":35.57493677215723},"StdDev":{"confidence_interval":{"confidence_level":0.95,"lower_bound":2038.2088594227544,"upper_bound":2484.161576502111},"point_estimate":2309.2339282129576,"standard_error":114.70135006593825}}