{"Mean":{"confidence_interval":{"confidence_level":0.95,"lower_bound":9330.200409593517,"upper_bound":9456.480652459944},"point_estimate":9391.086432278104,"standard_error":32.370792773711048},"Median":{"confidence_interval":{"confidence_level":0.95,"lower_bound":9266.59403714565,"upper_bound":9331.56561264822},"point_estimate":9303.171903134094,"standard_error":19.109587129431444},"MedianAbsDev":{"confidence_interval":{"confidence_level":0.95,"lower_bound":130.37188087345579,"upper_bound":279.09156042051628},"point_estimate":184.9208800587502,"standard_error":37.54556277030109},"Slope":{"confidence_interval":{"confidence_level":0.95,"lower_bound":9276.408547119561,"upper_bound":9389.483819821613},"point_estimate":9328.804166610691,"standard_error":28.909807418068664},"StdDev":{"confidence_interval":{"confidence_level":0.95,"lower_bound":257.45141377090058,"upper_bound":382.0661175815976},"point_estimate":324.85483474450157,"standard_error":31.903950012658208}}