{"Mean":{"confidence_interval":{"confidence_level":0.95,"lower_bound":1547871.805643778,"upper_bound":1573914.0413539762},"point_estimate":1559774.819135403,"standard_error":6681.991363189227},"Median":{"confidence_interval":{"confidence_level":0.95,"lower_bound":1534325.4736842106,"upper_bound":1536880.2},"point_estimate":1535060.1634199136,"standard_error":636.4397213342883},"MedianAbsDev":{"confidence_interval":{"confidence_level":0.95,"lower_bound":2893.6353552209955,"upper_bound":6313.150986653149},"point_estimate":4185.929298233956,"standard_error":843.4040095973895},"Slope":{"confidence_interval":{"confidence_level":0.95,"lower_bound":1544896.3219205572,"upper_bound":1587775.3614929429},"point_estimate":1564399.637520319,"standard_error":11012.419638417823},"StdDev":{"confidence_interval":{"confidence_level":0.95,"lower_bound":40204.03731543381,"upper_bound":89696.71549231648},"point_estimate":67096.10989009102,"standard_error":12627.52364806367}}