{"Mean":{"confidence_interval":{"confidence_level":0.95,"lower_bound":3199207.0996097817,"upper_bound":3252112.9519828928},"point_estimate":3224866.8263688536,"standard_error":13503.54561005159},"Median":{"confidence_interval":{"confidence_level":0.95,"lower_bound":3193442.916083916,"upper_bound":3240237.1942307695},"point_estimate":3225753.25,"standard_error":12904.835499011364},"MedianAbsDev":{"confidence_interval":{"confidence_level":0.95,"lower_bound":77373.25475867118,"upper_bound":125026.08395425356},"point_estimate":102946.22680279958,"standard_error":11777.283965795401},"Slope":{"confidence_interval":{"confidence_level":0.95,"lower_bound":3172704.6477640608,"upper_bound":3222606.927698208},"point_estimate":3198161.369782769,"standard_error":12701.000876258297},"StdDev":{"confidence_interval":{"confidence_level":0.95,"lower_bound":98237.31357572935,"upper_bound":171986.75475144384},"point_estimate":135559.33569619864,"standard_error":19006.275125776217}}