{"Mean":{"confidence_interval":{"confidence_level":0.95,"lower_bound":6373252.83244225,"upper_bound":6753301.804758146},"point_estimate":6557211.92864946,"standard_error":97297.94832498003},"Median":{"confidence_interval":{"confidence_level":0.95,"lower_bound":5986567.210144928,"upper_bound":6011828.619444445},"point_estimate":5991463.164705882,"standard_error":9729.484903704637},"MedianAbsDev":{"confidence_interval":{"confidence_level":0.95,"lower_bound":7446.479919215984,"upper_bound":47064.66348752881},"point_estimate":15999.441111963724,"standard_error":14925.041481103646},"Slope":{"confidence_interval":{"confidence_level":0.95,"lower_bound":6631740.282001351,"upper_bound":7240457.856029982},"point_estimate":6929055.752995419,"standard_error":154882.90924787316},"StdDev":{"confidence_interval":{"confidence_level":0.95,"lower_bound":786169.1724204111,"upper_bound":1129441.139373775},"point_estimate":977565.6503474605,"standard_error":87895.00297841718}}