{"Mean":{"confidence_interval":{"confidence_level":0.95,"lower_bound":380116.3184917971,"upper_bound":380426.152870676},"point_estimate":380261.9075311662,"standard_error":79.45739201452132},"Median":{"confidence_interval":{"confidence_level":0.95,"lower_bound":379927.4779365079,"upper_bound":380043.51785714286},"point_estimate":379975.14604675598,"standard_error":30.713391761848386},"MedianAbsDev":{"confidence_interval":{"confidence_level":0.95,"lower_bound":159.48108272421508,"upper_bound":301.38473303963078},"point_estimate":225.5389726164573,"standard_error":36.292771327840579},"Slope":{"confidence_interval":{"confidence_level":0.95,"lower_bound":379835.77917611048,"upper_bound":379903.03868836149},"point_estimate":379869.26859268019,"standard_error":17.14620889932579},"StdDev":{"confidence_interval":{"confidence_level":0.95,"lower_bound":543.1373908654266,"upper_bound":1013.0380702760923},"point_estimate":797.8997331659787,"standard_error":120.07311430243283}}