{"Mean":{"confidence_interval":{"confidence_level":0.95,"lower_bound":24853.39434957568,"upper_bound":24903.486539237652},"point_estimate":24877.156898752735,"standard_error":12.786107319973583},"Median":{"confidence_interval":{"confidence_level":0.95,"lower_bound":24810.139848877727,"upper_bound":24841.778340236233},"point_estimate":24830.058707836015,"standard_error":9.09878799607718},"MedianAbsDev":{"confidence_interval":{"confidence_level":0.95,"lower_bound":37.84500928528233,"upper_bound":78.8486070018168},"point_estimate":61.35537814459305,"standard_error":10.32607822507455},"Slope":{"confidence_interval":{"confidence_level":0.95,"lower_bound":24818.86685817393,"upper_bound":24880.348926921117},"point_estimate":24846.518602832253,"standard_error":15.80614769377735},"StdDev":{"confidence_interval":{"confidence_level":0.95,"lower_bound":97.30909005490972,"upper_bound":156.7859502351703},"point_estimate":128.5071226276246,"standard_error":15.200215005631846}}