{"Mean":{"confidence_interval":{"confidence_level":0.95,"lower_bound":142395.74925678268,"upper_bound":147990.6348619465},"point_estimate":145033.60362359268,"standard_error":1435.3416567593695},"Median":{"confidence_interval":{"confidence_level":0.95,"lower_bound":138476.48255813955,"upper_bound":138555.20613391986},"point_estimate":138507.73348214286,"standard_error":18.395956133899366},"MedianAbsDev":{"confidence_interval":{"confidence_level":0.95,"lower_bound":68.36945765396132,"upper_bound":171.1811084304525},"point_estimate":111.34320343562533,"standard_error":26.061573162599644},"Slope":{"confidence_interval":{"confidence_level":0.95,"lower_bound":145301.39074643699,"upper_bound":154561.72219387949},"point_estimate":149781.04916617409,"standard_error":2366.172271173916},"StdDev":{"confidence_interval":{"confidence_level":0.95,"lower_bound":11447.573326429643,"upper_bound":16665.41423996389},"point_estimate":14439.937200868104,"standard_error":1364.7030018561225}}