{"Mean":{"confidence_interval":{"confidence_level":0.95,"lower_bound":21.787730563145229,"upper_bound":22.484784265336143},"point_estimate":22.116734828430706,"standard_error":0.17935270015985223},"Median":{"confidence_interval":{"confidence_level":0.95,"lower_bound":21.416399930599856,"upper_bound":21.429418362441916},"point_estimate":21.424469521825715,"standard_error":0.0034838940298053454},"MedianAbsDev":{"confidence_interval":{"confidence_level":0.95,"lower_bound":0.017031459857401629,"upper_bound":0.03618833471445526},"point_estimate":0.027780552555377665,"standard_error":0.005221100883540851},"Slope":{"confidence_interval":{"confidence_level":0.95,"lower_bound":22.132331872875395,"upper_bound":23.39012496783438},"point_estimate":22.743636466590634,"standard_error":0.3213365788210601},"StdDev":{"confidence_interval":{"confidence_level":0.95,"lower_bound":1.324748122100043,"upper_bound":2.15114025496795},"point_estimate":1.8010630428647455,"standard_error":0.2105326442930191}}