{"Mean":{"confidence_interval":{"confidence_level":0.95,"lower_bound":577.8816574098527,"upper_bound":603.7495349963202},"point_estimate":590.4262037336882,"standard_error":6.619630920557365},"Median":{"confidence_interval":{"confidence_level":0.95,"lower_bound":556.375135171668,"upper_bound":556.7298277553753},"point_estimate":556.5289120871548,"standard_error":0.08884593340737783},"MedianAbsDev":{"confidence_interval":{"confidence_level":0.95,"lower_bound":0.5449719760304358,"upper_bound":1.075585055845073},"point_estimate":0.7607001973398642,"standard_error":0.13486714481405194},"Slope":{"confidence_interval":{"confidence_level":0.95,"lower_bound":590.566808450378,"upper_bound":629.6547965824822},"point_estimate":609.3781913209841,"standard_error":9.971814766999368},"StdDev":{"confidence_interval":{"confidence_level":0.95,"lower_bound":54.595421243351328,"upper_bound":74.64022079653879},"point_estimate":66.5534136106154,"standard_error":5.007314172415077}}