{"Mean":{"confidence_interval":{"confidence_level":0.95,"lower_bound":369866.17356382866,"upper_bound":370569.20528215679},"point_estimate":370175.3844849661,"standard_error":180.50336892705585},"Median":{"confidence_interval":{"confidence_level":0.95,"lower_bound":369716.3621399177,"upper_bound":369814.4025189786},"point_estimate":369758.73313492067,"standard_error":26.880276596294295},"MedianAbsDev":{"confidence_interval":{"confidence_level":0.95,"lower_bound":135.937997227652,"upper_bound":255.03170153079916},"point_estimate":178.8836740887208,"standard_error":32.70442441943524},"Slope":{"confidence_interval":{"confidence_level":0.95,"lower_bound":369705.86191704068,"upper_bound":371653.5601630681},"point_estimate":370611.2287089306,"standard_error":491.4197039569041},"StdDev":{"confidence_interval":{"confidence_level":0.95,"lower_bound":428.9577404091563,"upper_bound":2656.921023247233},"point_estimate":1811.9093955169897,"standard_error":512.8480753765553}}