{"Mean":{"confidence_interval":{"confidence_level":0.95,"lower_bound":0.3260234378751554,"upper_bound":0.38983092139010319},"point_estimate":0.356548046070873,"standard_error":0.01607239538111134},"Median":{"confidence_interval":{"confidence_level":0.95,"lower_bound":0.2696454656376046,"upper_bound":0.27051118223538897},"point_estimate":0.26996856910129077,"standard_error":0.0002617752458805233}}