{"Mean":{"confidence_interval":{"confidence_level":0.95,"lower_bound":4458741.390364424,"upper_bound":4544383.500722134},"point_estimate":4499934.38237896,"standard_error":21927.885471021993},"Median":{"confidence_interval":{"confidence_level":0.95,"lower_bound":4394951.7,"upper_bound":4516988.476190476},"point_estimate":4455310.733766234,"standard_error":30758.981119497275},"MedianAbsDev":{"confidence_interval":{"confidence_level":0.95,"lower_bound":166285.32971051127,"upper_bound":272402.3284085923},"point_estimate":258492.15442933187,"standard_error":27529.289435790968},"Slope":{"confidence_interval":{"confidence_level":0.95,"lower_bound":4443715.81206593,"upper_bound":4529227.34528838},"point_estimate":4486138.905618442,"standard_error":21891.718662358522},"StdDev":{"confidence_interval":{"confidence_level":0.95,"lower_bound":172777.81464497408,"upper_bound":277857.8790420233},"point_estimate":221321.0776778003,"standard_error":28334.015465580283}}