{"Mean":{"confidence_interval":{"confidence_level":0.95,"lower_bound":-0.03454223509453737,"upper_bound":-0.03306879749709156},"point_estimate":-0.03379033709727708,"standard_error":0.00037647435212550596},"Median":{"confidence_interval":{"confidence_level":0.95,"lower_bound":-0.03470347683659847,"upper_bound":-0.03251884302826891},"point_estimate":-0.033663654791046607,"standard_error":0.0005390878781628323}}