{"Mean":{"confidence_interval":{"confidence_level":0.95,"lower_bound":20.755353570913539,"upper_bound":21.463557830807067},"point_estimate":21.110235670351647,"standard_error":0.18128444703458058},"Median":{"confidence_interval":{"confidence_level":0.95,"lower_bound":19.1300237539174,"upper_bound":22.740028833858234},"point_estimate":22.736213702885835,"standard_error":1.0142565818092389},"MedianAbsDev":{"confidence_interval":{"confidence_level":0.95,"lower_bound":0.015662180589905908,"upper_bound":2.3168073288604389},"point_estimate":0.03112062948499076,"standard_error":0.7013160615935242},"Slope":{"confidence_interval":{"confidence_level":0.95,"lower_bound":20.36469712276774,"upper_bound":21.3177622564882},"point_estimate":20.84409527490955,"standard_error":0.2441402362063052},"StdDev":{"confidence_interval":{"confidence_level":0.95,"lower_bound":1.7344749228675103,"upper_bound":1.8515254333913123},"point_estimate":1.8190701523383726,"standard_error":0.030229407515916047}}