{"Mean":{"confidence_interval":{"confidence_level":0.95,"lower_bound":5458243.963443513,"upper_bound":5521586.758799835},"point_estimate":5488460.662921008,"standard_error":16227.639164921133},"Median":{"confidence_interval":{"confidence_level":0.95,"lower_bound":5406128.532467533,"upper_bound":5456360.17930661},"point_estimate":5428348.202020202,"standard_error":13809.721140345979},"MedianAbsDev":{"confidence_interval":{"confidence_level":0.95,"lower_bound":61085.39983859434,"upper_bound":113995.31133704276},"point_estimate":87061.28370157513,"standard_error":13015.932015471748},"Slope":{"confidence_interval":{"confidence_level":0.95,"lower_bound":5426211.60003596,"upper_bound":5465905.401573106},"point_estimate":5444614.598664105,"standard_error":10161.11510656839},"StdDev":{"confidence_interval":{"confidence_level":0.95,"lower_bound":120909.40304390977,"upper_bound":199919.13643885297},"point_estimate":162698.02356379125,"standard_error":20210.67458614442}}