{"Mean":{"confidence_interval":{"confidence_level":0.95,"lower_bound":88865.4403362204,"upper_bound":89601.72918434948},"point_estimate":89221.55415934252,"standard_error":187.5323256965565},"Median":{"confidence_interval":{"confidence_level":0.95,"lower_bound":88084.14166666667,"upper_bound":88265.67195767196},"point_estimate":88115.66089466089,"standard_error":52.290523683035647},"MedianAbsDev":{"confidence_interval":{"confidence_level":0.95,"lower_bound":148.13918657556844,"upper_bound":425.44458838495049},"point_estimate":205.59511210752624,"standard_error":77.43234499701087},"Slope":{"confidence_interval":{"confidence_level":0.95,"lower_bound":89849.38262491608,"upper_bound":91021.08173542354},"point_estimate":90476.00089700015,"standard_error":298.6737327343118},"StdDev":{"confidence_interval":{"confidence_level":0.95,"lower_bound":1616.4247768906212,"upper_bound":2080.9036145226375},"point_estimate":1889.445949255883,"standard_error":119.673491778987}}