{"Mean":{"confidence_interval":{"confidence_level":0.95,"lower_bound":11006.97046635683,"upper_bound":11230.661218024723},"point_estimate":11103.59089438215,"standard_error":54.789675632012528},"Median":{"confidence_interval":{"confidence_level":0.95,"lower_bound":10997.954907161804,"upper_bound":11002.114517061886},"point_estimate":10999.114194139194,"standard_error":1.2256131775408384},"MedianAbsDev":{"confidence_interval":{"confidence_level":0.95,"lower_bound":6.502725379059189,"upper_bound":12.70926219002115},"point_estimate":9.953596455558536,"standard_error":1.6432032872848575},"Slope":{"confidence_interval":{"confidence_level":0.95,"lower_bound":11001.363897836356,"upper_bound":11601.883971474297},"point_estimate":11281.88609538533,"standard_error":151.06901068659608},"StdDev":{"confidence_interval":{"confidence_level":0.95,"lower_bound":27.303562035499643,"upper_bound":825.7750793352443},"point_estimate":552.7199892819353,"standard_error":175.17531106909085}}