{"Mean":{"confidence_interval":{"confidence_level":0.95,"lower_bound":14224316.55365348,"upper_bound":14268265.077007458},"point_estimate":14245694.17071258,"standard_error":11211.635345281773},"Median":{"confidence_interval":{"confidence_level":0.95,"lower_bound":14194272.4375,"upper_bound":14265022.731481482},"point_estimate":14223008.885089595,"standard_error":16611.62703502616},"MedianAbsDev":{"confidence_interval":{"confidence_level":0.95,"lower_bound":91428.39849113013,"upper_bound":139338.64789328254},"point_estimate":118656.19580788988,"standard_error":11713.617295255282},"Slope":{"confidence_interval":{"confidence_level":0.95,"lower_bound":14223309.24570669,"upper_bound":14283337.040518132},"point_estimate":14252347.744897295,"standard_error":15333.982289218102},"StdDev":{"confidence_interval":{"confidence_level":0.95,"lower_bound":96899.68920869418,"upper_bound":125206.1581383468},"point_estimate":112456.57744064719,"standard_error":7189.285093708638}}