{"Mean":{"confidence_interval":{"confidence_level":0.95,"lower_bound":361105.1010049369,"upper_bound":362023.9780850751},"point_estimate":361513.3752452765,"standard_error":236.6406729825865},"Median":{"confidence_interval":{"confidence_level":0.95,"lower_bound":360912.33777777777,"upper_bound":361525.41904761907},"point_estimate":361309.65,"standard_error":161.58445849323747},"MedianAbsDev":{"confidence_interval":{"confidence_level":0.95,"lower_bound":763.8257989394163,"upper_bound":1415.087819748981},"point_estimate":1055.7964985000736,"standard_error":169.13941728487255},"Slope":{"confidence_interval":{"confidence_level":0.95,"lower_bound":360884.59012640008,"upper_bound":363262.5245320151},"point_estimate":361956.15232353089,"standard_error":610.4590054852278},"StdDev":{"confidence_interval":{"confidence_level":0.95,"lower_bound":973.5146995753426,"upper_bound":3436.543316131898},"point_estimate":2370.0259619895939,"standard_error":623.6573864773109}}