{"Mean":{"confidence_interval":{"confidence_level":0.95,"lower_bound":131377117.6614804,"upper_bound":131785119.72008465},"point_estimate":131547644.31762339,"standard_error":105375.46513686308},"Median":{"confidence_interval":{"confidence_level":0.95,"lower_bound":131155464.359375,"upper_bound":131518616.69106765},"point_estimate":131265100.08163843,"standard_error":94438.61850914538},"MedianAbsDev":{"confidence_interval":{"confidence_level":0.95,"lower_bound":379048.7888193772,"upper_bound":813079.6259250837},"point_estimate":508799.1179526351,"standard_error":112951.32052402623},"Slope":{"confidence_interval":{"confidence_level":0.95,"lower_bound":131008249.20107839,"upper_bound":131219070.8656229},"point_estimate":131089422.2947835,"standard_error":54762.0701367666},"StdDev":{"confidence_interval":{"confidence_level":0.95,"lower_bound":494830.73451110938,"upper_bound":1659903.8627825157},"point_estimate":1056101.82732399,"standard_error":388571.239267874}}