{"Mean":{"confidence_interval":{"confidence_level":0.95,"lower_bound":9.60218742548176,"upper_bound":9.873469263572686},"point_estimate":9.742456815947906,"standard_error":0.06973102933892829},"Median":{"confidence_interval":{"confidence_level":0.95,"lower_bound":10.112313749172542,"upper_bound":10.117523179544668},"point_estimate":10.11486351110546,"standard_error":0.0013552165149084786},"MedianAbsDev":{"confidence_interval":{"confidence_level":0.95,"lower_bound":0.007515362072111943,"upper_bound":0.015612128041605193},"point_estimate":0.010336502350028192,"standard_error":0.0024311181276403038},"Slope":{"confidence_interval":{"confidence_level":0.95,"lower_bound":9.262840892858448,"upper_bound":9.683612206126025},"point_estimate":9.477111857472604,"standard_error":0.10745132377101799},"StdDev":{"confidence_interval":{"confidence_level":0.95,"lower_bound":0.5961342709521591,"upper_bound":0.7758744920020959},"point_estimate":0.7021578238079093,"standard_error":0.04654009184254049}}