{"Mean":{"confidence_interval":{"confidence_level":0.95,"lower_bound":3636.334121656309,"upper_bound":3918.302474402057},"point_estimate":3731.58833417602,"standard_error":91.79573106548051},"Median":{"confidence_interval":{"confidence_level":0.95,"lower_bound":3631.970388222274,"upper_bound":3639.4753324753326},"point_estimate":3636.235139753561,"standard_error":2.1849241639428507},"MedianAbsDev":{"confidence_interval":{"confidence_level":0.95,"lower_bound":12.173438649590557,"upper_bound":21.68264186047482},"point_estimate":16.52315658271632,"standard_error":2.462271028131097},"Slope":{"confidence_interval":{"confidence_level":0.95,"lower_bound":3628.446831671778,"upper_bound":4202.851643647559},"point_estimate":3805.84972847449,"standard_error":172.69886355745},"StdDev":{"confidence_interval":{"confidence_level":0.95,"lower_bound":17.367948074323868,"upper_bound":1578.2064303457483},"point_estimate":920.4480822251933,"standard_error":569.3190672732917}}