{"Mean":{"confidence_interval":{"confidence_level":0.95,"lower_bound":377257.30215646917,"upper_bound":379460.5881550878},"point_estimate":378350.8962048126,"standard_error":561.4741673090848},"Median":{"confidence_interval":{"confidence_level":0.95,"lower_bound":373735.5873015873,"upper_bound":384209.3476767677},"point_estimate":373955.56359649126,"standard_error":2419.2938451670627},"MedianAbsDev":{"confidence_interval":{"confidence_level":0.95,"lower_bound":1233.610750736569,"upper_bound":7754.318667345615},"point_estimate":1705.5556462681676,"standard_error":1400.2153692663497},"Slope":{"confidence_interval":{"confidence_level":0.95,"lower_bound":378141.2756936788,"upper_bound":381111.2263751026},"point_estimate":379619.5778936998,"standard_error":758.9079166372271},"StdDev":{"confidence_interval":{"confidence_level":0.95,"lower_bound":5345.352331889231,"upper_bound":5765.630593036706},"point_estimate":5635.687356404398,"standard_error":107.0115661576859}}