{"Mean":{"confidence_interval":{"confidence_level":0.95,"lower_bound":431064.22703302439,"upper_bound":434780.29557873468},"point_estimate":432895.11190886507,"standard_error":948.7351639302154},"Median":{"confidence_interval":{"confidence_level":0.95,"lower_bound":426358.55526315796,"upper_bound":426894.7619047619},"point_estimate":426473.26785714286,"standard_error":204.66375678336505},"MedianAbsDev":{"confidence_interval":{"confidence_level":0.95,"lower_bound":471.9520938983488,"upper_bound":1341.0265806364094},"point_estimate":654.2895150533504,"standard_error":276.13452134926669},"Slope":{"confidence_interval":{"confidence_level":0.95,"lower_bound":433382.8559247362,"upper_bound":438847.56838786057},"point_estimate":436143.77511846707,"standard_error":1393.3153872540079},"StdDev":{"confidence_interval":{"confidence_level":0.95,"lower_bound":8600.8429535405,"upper_bound":10125.74492804435},"point_estimate":9555.477386542188,"standard_error":394.42052501137797}}