{"Mean":{"confidence_interval":{"confidence_level":0.95,"lower_bound":33595539.69377765,"upper_bound":33762388.97160696},"point_estimate":33679437.1224275,"standard_error":42699.1886855735},"Median":{"confidence_interval":{"confidence_level":0.95,"lower_bound":33567724.96302521,"upper_bound":33756371.81295918},"point_estimate":33660829.7872807,"standard_error":51113.34469041935},"MedianAbsDev":{"confidence_interval":{"confidence_level":0.95,"lower_bound":319011.8181202585,"upper_bound":481213.3025541871},"point_estimate":402994.72262510008,"standard_error":40576.20803735285},"Slope":{"confidence_interval":{"confidence_level":0.95,"lower_bound":33478695.09688272,"upper_bound":33671975.08756324},"point_estimate":33574406.27505246,"standard_error":49377.72121795896},"StdDev":{"confidence_interval":{"confidence_level":0.95,"lower_bound":361113.3931378234,"upper_bound":489913.8348238558},"point_estimate":428300.66136804697,"standard_error":32805.11857322958}}