{"Mean":{"confidence_interval":{"confidence_level":0.95,"lower_bound":337.2091238922358,"upper_bound":350.73688373453106},"point_estimate":343.7504363170159,"standard_error":3.509172277310574},"Median":{"confidence_interval":{"confidence_level":0.95,"lower_bound":325.0592038809144,"upper_bound":325.35461205461209},"point_estimate":325.17559467455626,"standard_error":0.07666088513277938},"MedianAbsDev":{"confidence_interval":{"confidence_level":0.95,"lower_bound":0.33218824229943469,"upper_bound":0.7941046890058116},"point_estimate":0.5032777781817752,"standard_error":0.11706867257374133},"Slope":{"confidence_interval":{"confidence_level":0.95,"lower_bound":341.5171384443642,"upper_bound":360.8612948286368},"point_estimate":350.66306916122155,"standard_error":4.935455104815079},"StdDev":{"confidence_interval":{"confidence_level":0.95,"lower_bound":29.338863845402785,"upper_bound":39.235892126433679},"point_estimate":35.24099226678678,"standard_error":2.507765593378443}}