{"Mean":{"confidence_interval":{"confidence_level":0.95,"lower_bound":361511.69743573447,"upper_bound":362076.67009572146},"point_estimate":361791.2341451431,"standard_error":144.50386859352038},"Median":{"confidence_interval":{"confidence_level":0.95,"lower_bound":361448.24113475179,"upper_bound":362139.17424242428},"point_estimate":361861.65079365079,"standard_error":169.19168122162729},"MedianAbsDev":{"confidence_interval":{"confidence_level":0.95,"lower_bound":924.9217585793892,"upper_bound":1752.5260555337966},"point_estimate":1116.2134448602442,"standard_error":224.41696099054},"Slope":{"confidence_interval":{"confidence_level":0.95,"lower_bound":360796.93107702847,"upper_bound":361488.07128549806},"point_estimate":361132.79703364367,"standard_error":176.47912251730319},"StdDev":{"confidence_interval":{"confidence_level":0.95,"lower_bound":1229.8690184281905,"upper_bound":1654.3981659563258},"point_estimate":1451.7679248583255,"standard_error":108.46665845814408}}