{"Mean":{"confidence_interval":{"confidence_level":0.95,"lower_bound":367050.39365522217,"upper_bound":369320.7795561649},"point_estimate":368099.8807314454,"standard_error":583.3641256593883},"Median":{"confidence_interval":{"confidence_level":0.95,"lower_bound":365971.2747747748,"upper_bound":366174.946557971},"point_estimate":366056.21916533759,"standard_error":55.26274228023993},"MedianAbsDev":{"confidence_interval":{"confidence_level":0.95,"lower_bound":255.5396015165605,"upper_bound":538.9081934323757},"point_estimate":365.483194264142,"standard_error":68.28598188677319},"Slope":{"confidence_interval":{"confidence_level":0.95,"lower_bound":368106.2586266281,"upper_bound":373569.1192109461},"point_estimate":370842.5390936407,"standard_error":1397.9851131558494},"StdDev":{"confidence_interval":{"confidence_level":0.95,"lower_bound":3827.8261974374356,"upper_bound":7412.435273363426},"point_estimate":5864.722914230182,"standard_error":888.8775943183559}}