{"Mean":{"confidence_interval":{"confidence_level":0.95,"lower_bound":3486733.5009303374,"upper_bound":3505080.9867352957},"point_estimate":3494849.87110998,"standard_error":4726.510452756496},"Median":{"confidence_interval":{"confidence_level":0.95,"lower_bound":3481183.4,"upper_bound":3482050.005427408},"point_estimate":3481584.2213747648,"standard_error":244.02520575603598},"MedianAbsDev":{"confidence_interval":{"confidence_level":0.95,"lower_bound":1147.3319842456877,"upper_bound":2410.2094198704446},"point_estimate":1685.489616576971,"standard_error":330.1573842737875},"Slope":{"confidence_interval":{"confidence_level":0.95,"lower_bound":3485076.8890128789,"upper_bound":3495548.930181956},"point_estimate":3489847.63763854,"standard_error":2685.5805164423506},"StdDev":{"confidence_interval":{"confidence_level":0.95,"lower_bound":15903.043385744533,"upper_bound":68668.76354554578},"point_estimate":47476.86458156048,"standard_error":12832.269103520532}}