{"Mean":{"confidence_interval":{"confidence_level":0.95,"lower_bound":35.54572169368586,"upper_bound":36.45142867897457},"point_estimate":36.00477560684503,"standard_error":0.23029436785059227},"Median":{"confidence_interval":{"confidence_level":0.95,"lower_bound":35.89100715584196,"upper_bound":36.05449729035742},"point_estimate":36.04222406321705,"standard_error":0.06009303571037326},"MedianAbsDev":{"confidence_interval":{"confidence_level":0.95,"lower_bound":0.3295313333895808,"upper_bound":4.054679554559943},"point_estimate":0.5550447794956273,"standard_error":1.3999047488185046},"Slope":{"confidence_interval":{"confidence_level":0.95,"lower_bound":36.56015774593462,"upper_bound":37.194015133415309},"point_estimate":36.85799572941394,"standard_error":0.1620393421348836},"StdDev":{"confidence_interval":{"confidence_level":0.95,"lower_bound":1.9928072255358953,"upper_bound":2.577599781458946},"point_estimate":2.3172176460840618,"standard_error":0.14939333760918206}}