{"Mean":{"confidence_interval":{"confidence_level":0.95,"lower_bound":39714.07758701505,"upper_bound":39794.743329360026},"point_estimate":39751.04226354827,"standard_error":20.665749034462214},"Median":{"confidence_interval":{"confidence_level":0.95,"lower_bound":39670.03189925799,"upper_bound":39710.104797979795},"point_estimate":39688.12617481203,"standard_error":9.035787084242053},"MedianAbsDev":{"confidence_interval":{"confidence_level":0.95,"lower_bound":51.980922203782437,"upper_bound":93.1297874348908},"point_estimate":75.98438006126129,"standard_error":10.867548506127858},"Slope":{"confidence_interval":{"confidence_level":0.95,"lower_bound":39654.421583476294,"upper_bound":39682.014102442394},"point_estimate":39667.38392209743,"standard_error":7.037117142315352},"StdDev":{"confidence_interval":{"confidence_level":0.95,"lower_bound":121.07343382146049,"upper_bound":286.69777400905539},"point_estimate":207.43633569194348,"standard_error":43.075638919384648}}