{"Mean":{"confidence_interval":{"confidence_level":0.95,"lower_bound":398001929.9664284,"upper_bound":400912083.4002376},"point_estimate":399367527.05923989,"standard_error":743972.4925873985},"Median":{"confidence_interval":{"confidence_level":0.95,"lower_bound":396625996.2425083,"upper_bound":397259282.85714289},"point_estimate":396907386.4622222,"standard_error":163987.80558717115},"MedianAbsDev":{"confidence_interval":{"confidence_level":0.95,"lower_bound":980879.0794318263,"upper_bound":1898663.9647440557},"point_estimate":1399544.4756412858,"standard_error":243526.45154255077},"Slope":{"confidence_interval":{"confidence_level":0.95,"lower_bound":400342733.04388466,"upper_bound":406853508.32705596},"point_estimate":403613106.3834195,"standard_error":1665060.1460127058},"StdDev":{"confidence_interval":{"confidence_level":0.95,"lower_bound":5165820.343697752,"upper_bound":9225249.005971222},"point_estimate":7447969.6886398489,"standard_error":1037300.8514490657}}