{"Mean":{"confidence_interval":{"confidence_level":0.95,"lower_bound":0.01158736189524177,"upper_bound":0.012266417467689006},"point_estimate":0.011903280582802323,"standard_error":0.0001689199106745725},"Median":{"confidence_interval":{"confidence_level":0.95,"lower_bound":0.011708932127489247,"upper_bound":0.012083355084713699},"point_estimate":0.011842744545635498,"standard_error":0.0000999906541365715}}