{"Mean":{"confidence_interval":{"confidence_level":0.95,"lower_bound":80273952.91875825,"upper_bound":81017530.43593024},"point_estimate":80646108.03345943,"standard_error":190411.63337176917},"Median":{"confidence_interval":{"confidence_level":0.95,"lower_bound":80201924.54545455,"upper_bound":81100061.61607144},"point_estimate":80811454.59025118,"standard_error":243052.24424133686},"MedianAbsDev":{"confidence_interval":{"confidence_level":0.95,"lower_bound":1294601.3183497126,"upper_bound":2102625.0274616379},"point_estimate":1569544.6577307196,"standard_error":212429.57067326254},"Slope":{"confidence_interval":{"confidence_level":0.95,"lower_bound":80069511.73010473,"upper_bound":80749032.30973052},"point_estimate":80417489.5967371,"standard_error":173018.00702256166},"StdDev":{"confidence_interval":{"confidence_level":0.95,"lower_bound":1564452.0132634568,"upper_bound":2247229.454702719},"point_estimate":1915208.25886321,"standard_error":174197.20369491768}}