{"Mean":{"confidence_interval":{"confidence_level":0.95,"lower_bound":14413.398892149531,"upper_bound":15045.02505355744},"point_estimate":14715.86397246854,"standard_error":160.66882169835115},"Median":{"confidence_interval":{"confidence_level":0.95,"lower_bound":13969.49707065925,"upper_bound":13980.41568627451},"point_estimate":13973.581332533013,"standard_error":2.7420654782266564},"MedianAbsDev":{"confidence_interval":{"confidence_level":0.95,"lower_bound":11.841804286232584,"upper_bound":27.384149374515365},"point_estimate":18.195715843395694,"standard_error":3.883663355895333},"Slope":{"confidence_interval":{"confidence_level":0.95,"lower_bound":14858.617215276256,"upper_bound":15934.222805986328},"point_estimate":15391.878737167395,"standard_error":274.5863635119647},"StdDev":{"confidence_interval":{"confidence_level":0.95,"lower_bound":1276.8027764079157,"upper_bound":1853.4883650698685},"point_estimate":1614.8978108546388,"standard_error":146.39275734176074}}