{"Mean":{"confidence_interval":{"confidence_level":0.95,"lower_bound":2167.509952804754,"upper_bound":2265.4802077873066},"point_estimate":2214.8310342000215,"standard_error":24.982287521417424},"Median":{"confidence_interval":{"confidence_level":0.95,"lower_bound":2082.7180293501048,"upper_bound":2092.137050709446},"point_estimate":2086.8492236426857,"standard_error":2.209545537949009},"MedianAbsDev":{"confidence_interval":{"confidence_level":0.95,"lower_bound":14.039354914972387,"upper_bound":29.851734065844999},"point_estimate":19.714687032859265,"standard_error":3.915743456262144},"Slope":{"confidence_interval":{"confidence_level":0.95,"lower_bound":2253.044149799948,"upper_bound":2411.761875138974},"point_estimate":2332.891553354716,"standard_error":40.64903236161243},"StdDev":{"confidence_interval":{"confidence_level":0.95,"lower_bound":210.07720114301956,"upper_bound":278.8701723880613},"point_estimate":250.50346853493248,"standard_error":17.62156602247681}}