{"Mean":{"confidence_interval":{"confidence_level":0.95,"lower_bound":38567.21039901357,"upper_bound":38647.0474500897},"point_estimate":38603.36716805303,"standard_error":20.442631061674356},"Median":{"confidence_interval":{"confidence_level":0.95,"lower_bound":38517.4865967366,"upper_bound":38565.671026850505},"point_estimate":38539.22611381831,"standard_error":12.199488406567833},"MedianAbsDev":{"confidence_interval":{"confidence_level":0.95,"lower_bound":51.25486104297151,"upper_bound":100.12537315038216},"point_estimate":71.2046641461521,"standard_error":12.02799140373907},"Slope":{"confidence_interval":{"confidence_level":0.95,"lower_bound":38512.5497518923,"upper_bound":38538.60913348703},"point_estimate":38524.65344033829,"standard_error":6.626599183480845},"StdDev":{"confidence_interval":{"confidence_level":0.95,"lower_bound":114.880616953516,"upper_bound":291.1822326298393},"point_estimate":205.38202607017878,"standard_error":46.55290591416286}}