{"Mean":{"confidence_interval":{"confidence_level":0.95,"lower_bound":6963278.52442953,"upper_bound":6977741.697380064},"point_estimate":6970143.902964106,"standard_error":3689.3660851443416},"Median":{"confidence_interval":{"confidence_level":0.95,"lower_bound":6954616.666666667,"upper_bound":6973726.8},"point_estimate":6961735.360714286,"standard_error":4619.445700128225},"MedianAbsDev":{"confidence_interval":{"confidence_level":0.95,"lower_bound":24835.893388526983,"upper_bound":40461.320609293296},"point_estimate":32937.525939879444,"standard_error":4077.980600829243},"Slope":{"confidence_interval":{"confidence_level":0.95,"lower_bound":6955697.7349124769,"upper_bound":6968857.103357771},"point_estimate":6962105.031089109,"standard_error":3349.7258151084195},"StdDev":{"confidence_interval":{"confidence_level":0.95,"lower_bound":27232.033187967907,"upper_bound":49240.23651987728},"point_estimate":37147.618983244945,"standard_error":6334.920847222245}}