{"Mean":{"confidence_interval":{"confidence_level":0.95,"lower_bound":293.17668891079878,"upper_bound":294.2545759078417},"point_estimate":293.5672918674218,"standard_error":0.3096592213708268},"Median":{"confidence_interval":{"confidence_level":0.95,"lower_bound":293.0556044141696,"upper_bound":293.1428710235333},"point_estimate":293.0898285315204,"standard_error":0.02318528321306012},"MedianAbsDev":{"confidence_interval":{"confidence_level":0.95,"lower_bound":0.13042145830648545,"upper_bound":0.22904485748274107},"point_estimate":0.17360636057668506,"standard_error":0.024378532709871674},"Slope":{"confidence_interval":{"confidence_level":0.95,"lower_bound":293.0179830416162,"upper_bound":295.962643869151},"point_estimate":293.9481540457346,"standard_error":0.8854456017861814},"StdDev":{"confidence_interval":{"confidence_level":0.95,"lower_bound":0.33543822832445149,"upper_bound":5.281982884283957},"point_estimate":3.1134512850767339,"standard_error":1.6756825108293574}}