{"Mean":{"confidence_interval":{"confidence_level":0.95,"lower_bound":694.2170037135585,"upper_bound":727.0866692211657},"point_estimate":710.3573452049184,"standard_error":8.421682724389008},"Median":{"confidence_interval":{"confidence_level":0.95,"lower_bound":652.646785142419,"upper_bound":653.2955477127732},"point_estimate":652.8958694183514,"standard_error":1.3685623621114254},"MedianAbsDev":{"confidence_interval":{"confidence_level":0.95,"lower_bound":0.7169339917480936,"upper_bound":1.7504088663123572},"point_estimate":1.0530081539419503,"standard_error":1.0872793568193269},"Slope":{"confidence_interval":{"confidence_level":0.95,"lower_bound":656.4453948588831,"upper_bound":669.0169097940808},"point_estimate":661.6229447307235,"standard_error":3.233192165462143},"StdDev":{"confidence_interval":{"confidence_level":0.95,"lower_bound":76.44121879174699,"upper_bound":89.86553376787355},"point_estimate":84.88590906590025,"standard_error":3.480823226878419}}