{"Mean":{"confidence_interval":{"confidence_level":0.95,"lower_bound":-0.014842207552893453,"upper_bound":-0.008021431879783133},"point_estimate":-0.011329220023160059,"standard_error":0.0017460205711543407},"Median":{"confidence_interval":{"confidence_level":0.95,"lower_bound":-0.004917076084127402,"upper_bound":-0.0034630991665084347},"point_estimate":-0.003968099383378054,"standard_error":0.00037974825399741784}}