{"Mean":{"confidence_interval":{"confidence_level":0.95,"lower_bound":26744691.35438404,"upper_bound":26909035.507403207},"point_estimate":26824635.7646352,"standard_error":41938.93919817974},"Median":{"confidence_interval":{"confidence_level":0.95,"lower_bound":26567238.721698114,"upper_bound":26856314.085714286},"point_estimate":26735276.509356575,"standard_error":68182.24128660189},"MedianAbsDev":{"confidence_interval":{"confidence_level":0.95,"lower_bound":233681.77676590399,"upper_bound":486672.50118157538},"point_estimate":383969.5213036103,"standard_error":66463.76766969837},"Slope":{"confidence_interval":{"confidence_level":0.95,"lower_bound":26818591.20632321,"upper_bound":27024129.79621724},"point_estimate":26918696.809714796,"standard_error":52704.15166302702},"StdDev":{"confidence_interval":{"confidence_level":0.95,"lower_bound":349226.52558216729,"upper_bound":487683.0220998795},"point_estimate":422304.9840123014,"standard_error":35468.91032351572}}