{"Mean":{"confidence_interval":{"confidence_level":0.95,"lower_bound":32833355.738329319,"upper_bound":32847203.59868383},"point_estimate":32839484.067144146,"standard_error":3556.286843333714},"Median":{"confidence_interval":{"confidence_level":0.95,"lower_bound":32826489.90996229,"upper_bound":32830366.90361757},"point_estimate":32827705.554135339,"standard_error":1071.42071761142},"MedianAbsDev":{"confidence_interval":{"confidence_level":0.95,"lower_bound":4690.569663731703,"upper_bound":10040.671895813171},"point_estimate":6239.458313456513,"standard_error":1368.1194648135884},"Slope":{"confidence_interval":{"confidence_level":0.95,"lower_bound":32825331.27096729,"upper_bound":32827133.060291348},"point_estimate":32826208.73021723,"standard_error":459.8065559805608},"StdDev":{"confidence_interval":{"confidence_level":0.95,"lower_bound":17051.09912577332,"upper_bound":53256.983036804304},"point_estimate":35850.890548598414,"standard_error":9795.346502774968}}