{"Mean":{"confidence_interval":{"confidence_level":0.95,"lower_bound":17.052344778145576,"upper_bound":17.922731102572},"point_estimate":17.486683265873613,"standard_error":0.22232496724093549},"Median":{"confidence_interval":{"confidence_level":0.95,"lower_bound":15.34200476219927,"upper_bound":19.833654662928937},"point_estimate":15.543518645870162,"standard_error":1.8859639300269258},"MedianAbsDev":{"confidence_interval":{"confidence_level":0.95,"lower_bound":0.008801414799776815,"upper_bound":2.978779039371273},"point_estimate":0.35802436941411028,"standard_error":0.8426279472991609},"Slope":{"confidence_interval":{"confidence_level":0.95,"lower_bound":17.3116586149349,"upper_bound":18.46431534966928},"point_estimate":17.892818507737237,"standard_error":0.29430254589423418},"StdDev":{"confidence_interval":{"confidence_level":0.95,"lower_bound":2.170119930066742,"upper_bound":2.2621971854556697},"point_estimate":2.2407144091871107,"standard_error":0.023744998412656819}}