{"Mean":{"confidence_interval":{"confidence_level":0.95,"lower_bound":2524979.183360529,"upper_bound":2568602.071875442},"point_estimate":2544810.8316112358,"standard_error":11216.024831087916},"Median":{"confidence_interval":{"confidence_level":0.95,"lower_bound":2503981.3243243244,"upper_bound":2514327.913043478},"point_estimate":2508432.8886341305,"standard_error":2250.3101161196584},"MedianAbsDev":{"confidence_interval":{"confidence_level":0.95,"lower_bound":10553.675107942348,"upper_bound":22295.60746068751},"point_estimate":15403.04710407457,"standard_error":2665.7282893027688},"Slope":{"confidence_interval":{"confidence_level":0.95,"lower_bound":2509919.4731524104,"upper_bound":2568157.3910893329},"point_estimate":2535384.4767105069,"standard_error":15046.186491211784},"StdDev":{"confidence_interval":{"confidence_level":0.95,"lower_bound":63429.41749016721,"upper_bound":151737.13097434518},"point_estimate":112925.82448739092,"standard_error":22768.21533038713}}