{"Mean":{"confidence_interval":{"confidence_level":0.95,"lower_bound":3160301.8353045706,"upper_bound":3217428.0163392315},"point_estimate":3189376.66721825,"standard_error":14535.798347731108},"Median":{"confidence_interval":{"confidence_level":0.95,"lower_bound":3170742.25,"upper_bound":3226127.3586956525},"point_estimate":3203636.5940789475,"standard_error":12525.013077467369},"MedianAbsDev":{"confidence_interval":{"confidence_level":0.95,"lower_bound":79524.4626065338,"upper_bound":148186.64378337185},"point_estimate":106174.26716288629,"standard_error":17690.406779329394},"Slope":{"confidence_interval":{"confidence_level":0.95,"lower_bound":3165289.528789258,"upper_bound":3211697.658541656},"point_estimate":3188288.164187971,"standard_error":11793.906574483979},"StdDev":{"confidence_interval":{"confidence_level":0.95,"lower_bound":115626.54970319051,"upper_bound":174171.85146714664},"point_estimate":145705.4214238082,"standard_error":15029.96783056793}}