{"Mean":{"confidence_interval":{"confidence_level":0.95,"lower_bound":780.7173087871079,"upper_bound":805.0430760507524},"point_estimate":792.1564129776207,"standard_error":6.323771003731998},"Median":{"confidence_interval":{"confidence_level":0.95,"lower_bound":769.7097462470472,"upper_bound":769.9175747415479},"point_estimate":769.8269860002058,"standard_error":0.051013889144125027},"MedianAbsDev":{"confidence_interval":{"confidence_level":0.95,"lower_bound":0.2774581316400463,"upper_bound":0.6078784167016774},"point_estimate":0.4286920368912414,"standard_error":0.08288406566634375},"Slope":{"confidence_interval":{"confidence_level":0.95,"lower_bound":800.0332241557795,"upper_bound":856.0874385617025},"point_estimate":828.5780859976878,"standard_error":14.348721155221274},"StdDev":{"confidence_interval":{"confidence_level":0.95,"lower_bound":46.13487901282153,"upper_bound":77.73157940025559},"point_estimate":63.76822631856869,"standard_error":8.566224722903332}}