{"Mean":{"confidence_interval":{"confidence_level":0.95,"lower_bound":6844580.638640018,"upper_bound":6903387.866969021},"point_estimate":6872991.133409486,"standard_error":14977.825901142913},"Median":{"confidence_interval":{"confidence_level":0.95,"lower_bound":6838262.94117647,"upper_bound":6885740.846153846},"point_estimate":6871267.001948052,"standard_error":11156.05763403628},"MedianAbsDev":{"confidence_interval":{"confidence_level":0.95,"lower_bound":101663.23819272346,"upper_bound":179627.967419043},"point_estimate":139548.99225684623,"standard_error":19758.719521268107},"Slope":{"confidence_interval":{"confidence_level":0.95,"lower_bound":6871935.168764118,"upper_bound":6959557.443119506},"point_estimate":6911137.188612384,"standard_error":22542.14154420566},"StdDev":{"confidence_interval":{"confidence_level":0.95,"lower_bound":119649.61307279906,"upper_bound":181811.05347542285},"point_estimate":150291.0810668911,"standard_error":16089.012838961897}}