{"Mean":{"confidence_interval":{"confidence_level":0.95,"lower_bound":307146496.0413606,"upper_bound":307685135.7745467},"point_estimate":307420811.6961228,"standard_error":137533.22033384196},"Median":{"confidence_interval":{"confidence_level":0.95,"lower_bound":307244399.5326923,"upper_bound":308086256.89857146},"point_estimate":307744594.0942857,"standard_error":193623.64017399055},"MedianAbsDev":{"confidence_interval":{"confidence_level":0.95,"lower_bound":915696.4411648769,"upper_bound":1558105.2037914838},"point_estimate":1270513.6368973628,"standard_error":161499.839618696},"Slope":{"confidence_interval":{"confidence_level":0.95,"lower_bound":306951730.0557499,"upper_bound":307886261.97776207},"point_estimate":307436068.41545739,"standard_error":239003.92185674708},"StdDev":{"confidence_interval":{"confidence_level":0.95,"lower_bound":1179024.494402647,"upper_bound":1556382.7184309916},"point_estimate":1383282.0051008675,"standard_error":96255.88339239612}}