{"Mean":{"confidence_interval":{"confidence_level":0.95,"lower_bound":353474.3405696402,"upper_bound":369905.85752271438},"point_estimate":361573.58232757859,"standard_error":4198.747096174322},"Median":{"confidence_interval":{"confidence_level":0.95,"lower_bound":330768.8013888889,"upper_bound":330985.6618357488},"point_estimate":330870.0822510823,"standard_error":1872.9556795580775},"MedianAbsDev":{"confidence_interval":{"confidence_level":0.95,"lower_bound":205.40232894593545,"upper_bound":606.4437850031075},"point_estimate":393.3860825087423,"standard_error":1759.174902508878},"Slope":{"confidence_interval":{"confidence_level":0.95,"lower_bound":349408.6084843677,"upper_bound":371032.7493353154},"point_estimate":360004.29618639478,"standard_error":5525.388335994842},"StdDev":{"confidence_interval":{"confidence_level":0.95,"lower_bound":38586.197374304444,"upper_bound":44310.552523291226},"point_estimate":42275.62484330385,"standard_error":1489.0348046707948}}