{"Mean":{"confidence_interval":{"confidence_level":0.95,"lower_bound":2935.1033748133279,"upper_bound":3103.0080940456266},"point_estimate":3016.6610946459197,"standard_error":42.860822626934389},"Median":{"confidence_interval":{"confidence_level":0.95,"lower_bound":2756.6400560224089,"upper_bound":2763.1008403361345},"point_estimate":2758.7524163511559,"standard_error":1.9381386207726013},"MedianAbsDev":{"confidence_interval":{"confidence_level":0.95,"lower_bound":6.258707021017491,"upper_bound":17.623651338653475},"point_estimate":9.344973830983206,"standard_error":3.284517532110081},"Slope":{"confidence_interval":{"confidence_level":0.95,"lower_bound":2980.713720235563,"upper_bound":3217.4454646771157},"point_estimate":3094.4659053596317,"standard_error":60.62478012599856},"StdDev":{"confidence_interval":{"confidence_level":0.95,"lower_bound":371.969695020408,"upper_bound":467.72305634184115},"point_estimate":429.10740971281219,"standard_error":24.64379603712475}}