{"Mean":{"confidence_interval":{"confidence_level":0.95,"lower_bound":14449841.745443263,"upper_bound":14494033.409915047},"point_estimate":14471468.845830126,"standard_error":11257.902440016245},"Median":{"confidence_interval":{"confidence_level":0.95,"lower_bound":14422440.258064516,"upper_bound":14493595.92},"point_estimate":14461482.94664634,"standard_error":16547.987228802198},"MedianAbsDev":{"confidence_interval":{"confidence_level":0.95,"lower_bound":88428.46184769362,"upper_bound":153346.39365161368},"point_estimate":119102.34735087435,"standard_error":16347.943684606867},"Slope":{"confidence_interval":{"confidence_level":0.95,"lower_bound":14442431.842585596,"upper_bound":14496025.839783753},"point_estimate":14468611.81545441,"standard_error":13676.748802895507},"StdDev":{"confidence_interval":{"confidence_level":0.95,"lower_bound":96110.14995309377,"upper_bound":128233.53999685432},"point_estimate":113064.94837344183,"standard_error":8203.39677889202}}