{"Mean":{"confidence_interval":{"confidence_level":0.95,"lower_bound":2545434.2351890394,"upper_bound":2610615.2343577488},"point_estimate":2576083.683504738,"standard_error":16626.2289572114},"Median":{"confidence_interval":{"confidence_level":0.95,"lower_bound":2508591.8518518519,"upper_bound":2523492.7972972977},"point_estimate":2514063.9152777779,"standard_error":3296.6393871828324},"MedianAbsDev":{"confidence_interval":{"confidence_level":0.95,"lower_bound":17359.899568032364,"upper_bound":38644.42956972598},"point_estimate":22668.164936726353,"standard_error":5584.403943209721},"Slope":{"confidence_interval":{"confidence_level":0.95,"lower_bound":2518557.353496031,"upper_bound":2553413.2064243948},"point_estimate":2533892.9926525789,"standard_error":8913.349069695374},"StdDev":{"confidence_interval":{"confidence_level":0.95,"lower_bound":119180.88794960635,"upper_bound":201616.80066339448},"point_estimate":167216.04523065908,"standard_error":20650.374162785447}}