{"Mean":{"confidence_interval":{"confidence_level":0.95,"lower_bound":3798637.976643247,"upper_bound":3874493.979223522},"point_estimate":3838676.2078814555,"standard_error":19333.6801524121},"Median":{"confidence_interval":{"confidence_level":0.95,"lower_bound":3815830.4166666667,"upper_bound":3866772.185526316},"point_estimate":3838065.012105263,"standard_error":11618.57795758845},"MedianAbsDev":{"confidence_interval":{"confidence_level":0.95,"lower_bound":105700.95788869621,"upper_bound":178283.22858572869},"point_estimate":147191.2049361494,"standard_error":19588.34846026403},"Slope":{"confidence_interval":{"confidence_level":0.95,"lower_bound":3800280.686512804,"upper_bound":3855355.9849943977},"point_estimate":3827794.844146594,"standard_error":14059.749969127508},"StdDev":{"confidence_interval":{"confidence_level":0.95,"lower_bound":135102.19359738712,"upper_bound":262612.96157809966},"point_estimate":193634.88243363298,"standard_error":35476.54831124657}}