{"Mean":{"confidence_interval":{"confidence_level":0.95,"lower_bound":-0.05504138232916292,"upper_bound":0.07317041028786413},"point_estimate":0.005532936881764705,"standard_error":0.03280789422320404},"Median":{"confidence_interval":{"confidence_level":0.95,"lower_bound":-0.08414868659115682,"upper_bound":0.10643159972439298},"point_estimate":0.0018033159722119497,"standard_error":0.04813299088113769}}