{"Mean":{"confidence_interval":{"confidence_level":0.95,"lower_bound":429246.8584768002,"upper_bound":443252.00840051079},"point_estimate":436040.5566541706,"standard_error":3577.207055585916},"Median":{"confidence_interval":{"confidence_level":0.95,"lower_bound":416084.1794871795,"upper_bound":416718.4916666667},"point_estimate":416300.2635281385,"standard_error":155.99607217845574},"MedianAbsDev":{"confidence_interval":{"confidence_level":0.95,"lower_bound":913.7073102844529,"upper_bound":1932.1931218625883},"point_estimate":1314.0889719711573,"standard_error":257.498045107441},"Slope":{"confidence_interval":{"confidence_level":0.95,"lower_bound":435615.1624943765,"upper_bound":456048.73797003205},"point_estimate":445449.73523274718,"standard_error":5219.506865762756},"StdDev":{"confidence_interval":{"confidence_level":0.95,"lower_bound":30296.982202376817,"upper_bound":39893.56702591506},"point_estimate":35937.81777720709,"standard_error":2463.5728840657095}}