{"Mean":{"confidence_interval":{"confidence_level":0.95,"lower_bound":1541912.519494595,"upper_bound":1564188.4417035043},"point_estimate":1552119.70101731,"standard_error":5704.730107791199},"Median":{"confidence_interval":{"confidence_level":0.95,"lower_bound":1531069.138888889,"upper_bound":1533834.9666666666},"point_estimate":1532188.4085526318,"standard_error":731.5374695036915},"MedianAbsDev":{"confidence_interval":{"confidence_level":0.95,"lower_bound":4182.38337000704,"upper_bound":8134.187685020719},"point_estimate":5957.6388110339989,"standard_error":1011.8147435109192},"Slope":{"confidence_interval":{"confidence_level":0.95,"lower_bound":1535290.372696526,"upper_bound":1565606.7922305356},"point_estimate":1548318.2427397667,"standard_error":7837.246504922808},"StdDev":{"confidence_interval":{"confidence_level":0.95,"lower_bound":33632.440918350105,"upper_bound":77799.19783125194},"point_estimate":57518.98526811422,"standard_error":11296.393227850673}}