{"Mean":{"confidence_interval":{"confidence_level":0.95,"lower_bound":3389.9928194075675,"upper_bound":3395.430665154588},"point_estimate":3392.6575000857399,"standard_error":1.3885303224401589},"Median":{"confidence_interval":{"confidence_level":0.95,"lower_bound":3388.5076013513514,"upper_bound":3392.2799608819348},"point_estimate":3390.64889960401,"standard_error":1.074600881353745},"MedianAbsDev":{"confidence_interval":{"confidence_level":0.95,"lower_bound":7.232580135206489,"upper_bound":13.790448125276909},"point_estimate":10.256349585904053,"standard_error":1.7340196115658604},"Slope":{"confidence_interval":{"confidence_level":0.95,"lower_bound":3388.532972417566,"upper_bound":3394.2281454023639},"point_estimate":3391.2567230378747,"standard_error":1.453543009460546},"StdDev":{"confidence_interval":{"confidence_level":0.95,"lower_bound":11.443517719468965,"upper_bound":16.09654315674345},"point_estimate":13.90026654163879,"standard_error":1.1866367130423157}}