{"Mean":{"confidence_interval":{"confidence_level":0.95,"lower_bound":14580983.537156327,"upper_bound":14606031.739910346},"point_estimate":14592331.23068356,"standard_error":6436.257563101818},"Median":{"confidence_interval":{"confidence_level":0.95,"lower_bound":14569391.258823529,"upper_bound":14586763.74074074},"point_estimate":14576805.943494942,"standard_error":4570.059413229104},"MedianAbsDev":{"confidence_interval":{"confidence_level":0.95,"lower_bound":23059.305697284242,"upper_bound":37931.11890934698},"point_estimate":30510.341083934236,"standard_error":3642.9362932486239},"Slope":{"confidence_interval":{"confidence_level":0.95,"lower_bound":14578389.627211703,"upper_bound":14596760.703950672},"point_estimate":14587397.493196395,"standard_error":4666.970672647913},"StdDev":{"confidence_interval":{"confidence_level":0.95,"lower_bound":33971.46216741568,"upper_bound":90094.76900835887},"point_estimate":64769.45495535057,"standard_error":14466.442682131523}}