{"Mean":{"confidence_interval":{"confidence_level":0.95,"lower_bound":3605043.41421292,"upper_bound":3664038.270089108},"point_estimate":3633484.848037215,"standard_error":15074.98523659544},"Median":{"confidence_interval":{"confidence_level":0.95,"lower_bound":3581598.35,"upper_bound":3689437.298677249},"point_estimate":3667964.316137566,"standard_error":32274.966243986306},"MedianAbsDev":{"confidence_interval":{"confidence_level":0.95,"lower_bound":98950.50502731842,"upper_bound":213825.15102057678},"point_estimate":152747.8818501833,"standard_error":28746.5025868447},"Slope":{"confidence_interval":{"confidence_level":0.95,"lower_bound":3595348.931482293,"upper_bound":3651696.396705964},"point_estimate":3623969.576790306,"standard_error":14369.049686465067},"StdDev":{"confidence_interval":{"confidence_level":0.95,"lower_bound":119007.13194147822,"upper_bound":190019.6155570964},"point_estimate":151004.40658809557,"standard_error":19350.14425455586}}