{"Mean":{"confidence_interval":{"confidence_level":0.95,"lower_bound":2286343.762703941,"upper_bound":2305676.8885638557},"point_estimate":2294733.0088384475,"standard_error":4978.1757397131909},"Median":{"confidence_interval":{"confidence_level":0.95,"lower_bound":2278798.120689655,"upper_bound":2281158.35625},"point_estimate":2279793.587231969,"standard_error":566.9045846764966},"MedianAbsDev":{"confidence_interval":{"confidence_level":0.95,"lower_bound":2747.8447576458595,"upper_bound":5710.794002632221},"point_estimate":4039.595533457559,"standard_error":722.4851152411386},"Slope":{"confidence_interval":{"confidence_level":0.95,"lower_bound":2278002.130971826,"upper_bound":2303927.0546436228},"point_estimate":2287551.512540269,"standard_error":7006.665063771913},"StdDev":{"confidence_interval":{"confidence_level":0.95,"lower_bound":19866.20697600619,"upper_bound":76011.74728527433},"point_estimate":49849.79242755448,"standard_error":14930.993436429917}}