{"Mean":{"confidence_interval":{"confidence_level":0.95,"lower_bound":30838.99505103794,"upper_bound":32278.791879967153},"point_estimate":31572.131061234795,"standard_error":367.79237069602149},"Median":{"confidence_interval":{"confidence_level":0.95,"lower_bound":33789.54800872886,"upper_bound":34158.81367521368},"point_estimate":34134.35600482139,"standard_error":128.84148590379},"MedianAbsDev":{"confidence_interval":{"confidence_level":0.95,"lower_bound":110.21895187996013,"upper_bound":731.1203593605513},"point_estimate":289.99660487177456,"standard_error":181.08966720570954},"Slope":{"confidence_interval":{"confidence_level":0.95,"lower_bound":29425.905270849853,"upper_bound":31499.69921903048},"point_estimate":30468.806910989606,"standard_error":529.9038771672831},"StdDev":{"confidence_interval":{"confidence_level":0.95,"lower_bound":3345.3004054876939,"upper_bound":3898.168289657853},"point_estimate":3695.959174682823,"standard_error":143.14054161230625}}