{"Mean":{"confidence_interval":{"confidence_level":0.95,"lower_bound":624.2508079160713,"upper_bound":656.0264904913931},"point_estimate":639.5538394237866,"standard_error":8.121737907528088},"Median":{"confidence_interval":{"confidence_level":0.95,"lower_bound":600.6283766191118,"upper_bound":602.6874649499953},"point_estimate":601.5387822366326,"standard_error":0.6112791955970584},"MedianAbsDev":{"confidence_interval":{"confidence_level":0.95,"lower_bound":2.8951583872300037,"upper_bound":6.168882915996802},"point_estimate":4.065725841718145,"standard_error":0.8439947259884123},"Slope":{"confidence_interval":{"confidence_level":0.95,"lower_bound":636.948477908154,"upper_bound":685.7613439812916},"point_estimate":660.3566550774154,"standard_error":12.494163036563469},"StdDev":{"confidence_interval":{"confidence_level":0.95,"lower_bound":65.62458270044677,"upper_bound":93.18550240268786},"point_estimate":81.55666467933959,"standard_error":7.039010334002262}}