{"Mean":{"confidence_interval":{"confidence_level":0.95,"lower_bound":0.5190395083109062,"upper_bound":0.5368799939758308},"point_estimate":0.5278478310827341,"standard_error":0.004575817254357737},"Median":{"confidence_interval":{"confidence_level":0.95,"lower_bound":0.5134595002961588,"upper_bound":0.5319624718088563},"point_estimate":0.522400525585424,"standard_error":0.004610476151671617}}