{"Mean":{"confidence_interval":{"confidence_level":0.95,"lower_bound":4202726.863857036,"upper_bound":4222174.280794188},"point_estimate":4211550.574002985,"standard_error":4979.387932114106},"Median":{"confidence_interval":{"confidence_level":0.95,"lower_bound":4190412.261904762,"upper_bound":4195135.649193549},"point_estimate":4191598.2276770446,"standard_error":1237.0165313587484},"MedianAbsDev":{"confidence_interval":{"confidence_level":0.95,"lower_bound":6040.812179255718,"upper_bound":13057.901781077884},"point_estimate":8784.310586723577,"standard_error":1762.7498697243537},"Slope":{"confidence_interval":{"confidence_level":0.95,"lower_bound":4188879.3533087677,"upper_bound":4193861.4485812254},"point_estimate":4191052.077866115,"standard_error":1274.6617591248137},"StdDev":{"confidence_interval":{"confidence_level":0.95,"lower_bound":28864.99008700999,"upper_bound":71319.72250352192},"point_estimate":50186.16015670804,"standard_error":11457.78961037209}}