{"Mean":{"confidence_interval":{"confidence_level":0.95,"lower_bound":241837.6312006673,"upper_bound":256260.50081655853},"point_estimate":248871.06416719766,"standard_error":3690.149537176126},"Median":{"confidence_interval":{"confidence_level":0.95,"lower_bound":224578.01898734179,"upper_bound":229973.13125},"point_estimate":224839.3865131579,"standard_error":1744.2852753154533},"MedianAbsDev":{"confidence_interval":{"confidence_level":0.95,"lower_bound":783.1013465261012,"upper_bound":9340.455752397454},"point_estimate":1263.2937855720546,"standard_error":2602.074685616225},"Slope":{"confidence_interval":{"confidence_level":0.95,"lower_bound":244564.4126411161,"upper_bound":262469.26014501307},"point_estimate":252937.6735621398,"standard_error":4589.2240638000389},"StdDev":{"confidence_interval":{"confidence_level":0.95,"lower_bound":31755.309828844507,"upper_bound":40854.970005309326},"point_estimate":37083.96027086941,"standard_error":2337.9929392111796}}