{"Mean":{"confidence_interval":{"confidence_level":0.95,"lower_bound":88232.76069906664,"upper_bound":92943.22501541962},"point_estimate":90541.53535526406,"standard_error":1203.4070500179824},"Median":{"confidence_interval":{"confidence_level":0.95,"lower_bound":85971.0570719603,"upper_bound":86705.13814756672},"point_estimate":86330.49772267207,"standard_error":181.120253263329},"MedianAbsDev":{"confidence_interval":{"confidence_level":0.95,"lower_bound":5107.022666002132,"upper_bound":11772.340362552626},"point_estimate":8628.8247467858,"standard_error":1613.9543229603485},"Slope":{"confidence_interval":{"confidence_level":0.95,"lower_bound":90443.22279432719,"upper_bound":96927.12065648718},"point_estimate":93647.07830307716,"standard_error":1657.0114964635243},"StdDev":{"confidence_interval":{"confidence_level":0.95,"lower_bound":10449.836816630239,"upper_bound":13521.399285541773},"point_estimate":12117.284385775274,"standard_error":782.7108164341606}}