{"Mean":{"confidence_interval":{"confidence_level":0.95,"lower_bound":18.1122938196805,"upper_bound":18.687660549629816},"point_estimate":18.391379190253049,"standard_error":0.14749641206125939},"Median":{"confidence_interval":{"confidence_level":0.95,"lower_bound":17.550634671063987,"upper_bound":17.575512279099799},"point_estimate":17.561431531885654,"standard_error":0.005913084471956837},"MedianAbsDev":{"confidence_interval":{"confidence_level":0.95,"lower_bound":0.03620741251130607,"upper_bound":0.0752244979340633},"point_estimate":0.05347940830916598,"standard_error":0.009612480154520076},"Slope":{"confidence_interval":{"confidence_level":0.95,"lower_bound":17.998364769174285,"upper_bound":18.640925600276895},"point_estimate":18.29077321401965,"standard_error":0.16400318164223474},"StdDev":{"confidence_interval":{"confidence_level":0.95,"lower_bound":1.2618407169168198,"upper_bound":1.6301625017219038},"point_estimate":1.4796611090997985,"standard_error":0.09512661098175492}}