{"Mean":{"confidence_interval":{"confidence_level":0.95,"lower_bound":83160.7312234348,"upper_bound":87985.54896600805},"point_estimate":85529.19825095713,"standard_error":1231.7511976545964},"Median":{"confidence_interval":{"confidence_level":0.95,"lower_bound":77202.13505747127,"upper_bound":77550.5},"point_estimate":77269.5626602564,"standard_error":157.81394897509936},"MedianAbsDev":{"confidence_interval":{"confidence_level":0.95,"lower_bound":132.3850473129326,"upper_bound":648.6358628265263},"point_estimate":236.10082178578868,"standard_error":185.64773258731624},"Slope":{"confidence_interval":{"confidence_level":0.95,"lower_bound":84463.90871979413,"upper_bound":91012.07516417504},"point_estimate":87605.94003349589,"standard_error":1675.9353500877435},"StdDev":{"confidence_interval":{"confidence_level":0.95,"lower_bound":11012.109961823762,"upper_bound":13234.341478680535},"point_estimate":12400.8861963699,"standard_error":562.8586525774135}}