{"Mean":{"confidence_interval":{"confidence_level":0.95,"lower_bound":3662431.417639665,"upper_bound":3806117.5241427759},"point_estimate":3723842.0803465007,"standard_error":37228.86568279753},"Median":{"confidence_interval":{"confidence_level":0.95,"lower_bound":3600524.049731183,"upper_bound":3724528.714285714},"point_estimate":3713936.160165485,"standard_error":37407.30799845024},"MedianAbsDev":{"confidence_interval":{"confidence_level":0.95,"lower_bound":147714.96457526278,"upper_bound":255400.31635022074},"point_estimate":194417.82476561715,"standard_error":28147.891404895676},"Slope":{"confidence_interval":{"confidence_level":0.95,"lower_bound":3603033.882768001,"upper_bound":3662912.621602587},"point_estimate":3632618.0212767848,"standard_error":15238.798791436975},"StdDev":{"confidence_interval":{"confidence_level":0.95,"lower_bound":169320.40192430287,"upper_bound":582126.8434006053},"point_estimate":375907.96926463037,"standard_error":127618.74554891844}}