{"Mean":{"confidence_interval":{"confidence_level":0.95,"lower_bound":0.10695865663806374,"upper_bound":0.14685352206007677},"point_estimate":0.12665120998602509,"standard_error":0.010217737249752755},"Median":{"confidence_interval":{"confidence_level":0.95,"lower_bound":0.05302893559843347,"upper_bound":0.12681906667151988},"point_estimate":0.09936604274889605,"standard_error":0.020027631391799955}}