{"Mean":{"confidence_interval":{"confidence_level":0.95,"lower_bound":9733693.122413578,"upper_bound":9837393.801266339},"point_estimate":9788597.389590614,"standard_error":26464.90664366649},"Median":{"confidence_interval":{"confidence_level":0.95,"lower_bound":9819181.873563219,"upper_bound":9878414.794520548},"point_estimate":9858527.2840443,"standard_error":15545.027058587855},"MedianAbsDev":{"confidence_interval":{"confidence_level":0.95,"lower_bound":83934.19664006331,"upper_bound":147475.23203383259},"point_estimate":111917.27289704595,"standard_error":16209.180976022719},"Slope":{"confidence_interval":{"confidence_level":0.95,"lower_bound":9809616.005742107,"upper_bound":9881534.06288711},"point_estimate":9849316.058616817,"standard_error":18407.89676727105},"StdDev":{"confidence_interval":{"confidence_level":0.95,"lower_bound":184511.2752088763,"upper_bound":337843.140144992},"point_estimate":265658.12266756928,"standard_error":39200.52982212251}}