{"Mean":{"confidence_interval":{"confidence_level":0.95,"lower_bound":4402097.587721592,"upper_bound":4464690.66251047},"point_estimate":4432656.637527177,"standard_error":15966.759129264778},"Median":{"confidence_interval":{"confidence_level":0.95,"lower_bound":4341007.878378378,"upper_bound":4432923.428234501},"point_estimate":4400464.461960025,"standard_error":25550.831115278168},"MedianAbsDev":{"confidence_interval":{"confidence_level":0.95,"lower_bound":110620.26918572276,"upper_bound":217440.2536099412},"point_estimate":160895.743420463,"standard_error":28106.029433939955},"Slope":{"confidence_interval":{"confidence_level":0.95,"lower_bound":4396326.897584337,"upper_bound":4462326.761545694},"point_estimate":4427716.785086449,"standard_error":16851.41601082132},"StdDev":{"confidence_interval":{"confidence_level":0.95,"lower_bound":136781.28202660127,"upper_bound":181439.96451710259},"point_estimate":160866.60166604946,"standard_error":11387.152006132977}}