{"Mean":{"confidence_interval":{"confidence_level":0.95,"lower_bound":4.657961649317722,"upper_bound":4.922769417485141},"point_estimate":4.78918811205937,"standard_error":0.0675751106446005},"Median":{"confidence_interval":{"confidence_level":0.95,"lower_bound":4.27351869086927,"upper_bound":4.286132417485343},"point_estimate":4.274923779218598,"standard_error":0.06379199187172793},"MedianAbsDev":{"confidence_interval":{"confidence_level":0.95,"lower_bound":0.004729814754561751,"upper_bound":0.025845151179610796},"point_estimate":0.007905498080162978,"standard_error":0.07199447051153804},"Slope":{"confidence_interval":{"confidence_level":0.95,"lower_bound":4.592076989732772,"upper_bound":4.94044999261972},"point_estimate":4.765281481249952,"standard_error":0.08879471013516995},"StdDev":{"confidence_interval":{"confidence_level":0.95,"lower_bound":0.6227119960674542,"upper_bound":0.706710664702406},"point_estimate":0.6770323351090872,"standard_error":0.0217340248860228}}