{"Mean":{"confidence_interval":{"confidence_level":0.95,"lower_bound":984912.3539746839,"upper_bound":1028017.4672835744},"point_estimate":1005290.864454685,"standard_error":11062.806409904084},"Median":{"confidence_interval":{"confidence_level":0.95,"lower_bound":954597.4024390244,"upper_bound":954944.8125},"point_estimate":954691.0367132868,"standard_error":103.95918929082326},"MedianAbsDev":{"confidence_interval":{"confidence_level":0.95,"lower_bound":311.63575555560058,"upper_bound":849.7438467095161},"point_estimate":452.1410157396958,"standard_error":156.06801212127969},"Slope":{"confidence_interval":{"confidence_level":0.95,"lower_bound":982492.50517866,"upper_bound":1027478.8252869045},"point_estimate":1002787.9082370327,"standard_error":11479.11439556163},"StdDev":{"confidence_interval":{"confidence_level":0.95,"lower_bound":87243.86353710709,"upper_bound":128032.22373104278},"point_estimate":110879.43623218814,"standard_error":10281.622997924298}}