{"Mean":{"confidence_interval":{"confidence_level":0.95,"lower_bound":1828749.6919634813,"upper_bound":1874605.9032111448},"point_estimate":1851845.366897779,"standard_error":11644.254954707047},"Median":{"confidence_interval":{"confidence_level":0.95,"lower_bound":1752136.2567567568,"upper_bound":1942569.919786096},"point_estimate":1911677.4024390244,"standard_error":74291.49686475576},"MedianAbsDev":{"confidence_interval":{"confidence_level":0.95,"lower_bound":48362.19212094494,"upper_bound":181839.63268287146},"point_estimate":136363.4740851931,"standard_error":41667.83649654364},"Slope":{"confidence_interval":{"confidence_level":0.95,"lower_bound":1799059.7011386776,"upper_bound":1859987.7480668715},"point_estimate":1829154.753616078,"standard_error":15554.45361735459},"StdDev":{"confidence_interval":{"confidence_level":0.95,"lower_bound":109118.98764311384,"upper_bound":124744.13160397476},"point_estimate":116866.06398892668,"standard_error":4003.2587543388347}}