{"Mean":{"confidence_interval":{"confidence_level":0.95,"lower_bound":319077.47704421929,"upper_bound":329336.3434620971},"point_estimate":324161.38562229389,"standard_error":2615.829577446409},"Median":{"confidence_interval":{"confidence_level":0.95,"lower_bound":318764.29761904766,"upper_bound":327505.6511381173},"point_estimate":326977.9474871134,"standard_error":2475.0563045086175},"MedianAbsDev":{"confidence_interval":{"confidence_level":0.95,"lower_bound":26406.710972148394,"upper_bound":46763.78984346419},"point_estimate":44763.31125968674,"standard_error":6115.621086956619},"Slope":{"confidence_interval":{"confidence_level":0.95,"lower_bound":332855.7800157999,"upper_bound":341301.5778849946},"point_estimate":336960.4472558002,"standard_error":2153.717252283882},"StdDev":{"confidence_interval":{"confidence_level":0.95,"lower_bound":22814.807935722638,"upper_bound":29776.490935229733},"point_estimate":26268.9039923655,"standard_error":1791.3843831920715}}