{"Mean":{"confidence_interval":{"confidence_level":0.95,"lower_bound":1817760.1347960286,"upper_bound":1818961.75366032},"point_estimate":1818313.190335488,"standard_error":307.5089362582972},"Median":{"confidence_interval":{"confidence_level":0.95,"lower_bound":1817092.5891977135,"upper_bound":1817700.107142857},"point_estimate":1817322.4654545454,"standard_error":153.9696771287909},"MedianAbsDev":{"confidence_interval":{"confidence_level":0.95,"lower_bound":729.0509631344097,"upper_bound":1371.381856930828},"point_estimate":960.9767691981349,"standard_error":172.0782549269807},"Slope":{"confidence_interval":{"confidence_level":0.95,"lower_bound":1817221.7512578977,"upper_bound":1818728.64312114},"point_estimate":1817929.105609576,"standard_error":386.23546171571618},"StdDev":{"confidence_interval":{"confidence_level":0.95,"lower_bound":1945.3070408967929,"upper_bound":4220.41027659554},"point_estimate":3076.6168169603677,"standard_error":607.2095273403417}}