{"Mean":{"confidence_interval":{"confidence_level":0.95,"lower_bound":38563.29562541263,"upper_bound":38826.87207552628},"point_estimate":38689.6461831026,"standard_error":67.31583326950191},"Median":{"confidence_interval":{"confidence_level":0.95,"lower_bound":38367.158365261814,"upper_bound":38429.44880174292},"point_estimate":38405.23206539873,"standard_error":14.993527172273419},"MedianAbsDev":{"confidence_interval":{"confidence_level":0.95,"lower_bound":106.65903184170866,"upper_bound":206.48066321495797},"point_estimate":164.1727794927592,"standard_error":26.62789559674156},"Slope":{"confidence_interval":{"confidence_level":0.95,"lower_bound":38758.687467678596,"upper_bound":39297.00102142497},"point_estimate":39038.93625798401,"standard_error":137.72617499755996},"StdDev":{"confidence_interval":{"confidence_level":0.95,"lower_bound":533.175437383093,"upper_bound":785.9712841124073},"point_estimate":677.3496029823871,"standard_error":64.64067383146484}}