{"Mean":{"confidence_interval":{"confidence_level":0.95,"lower_bound":3599645.1391012927,"upper_bound":3687621.338270226},"point_estimate":3642735.0878072737,"standard_error":22440.091579496795},"Median":{"confidence_interval":{"confidence_level":0.95,"lower_bound":3533039.846153846,"upper_bound":3578089.435185185},"point_estimate":3565815.4943181818,"standard_error":12724.14503813019},"MedianAbsDev":{"confidence_interval":{"confidence_level":0.95,"lower_bound":43258.120191120106,"upper_bound":98018.81634843754},"point_estimate":67057.73142353911,"standard_error":13908.402736572267},"Slope":{"confidence_interval":{"confidence_level":0.95,"lower_bound":3587956.728553048,"upper_bound":3654767.6014614549},"point_estimate":3619044.9122062956,"standard_error":17147.446278550757},"StdDev":{"confidence_interval":{"confidence_level":0.95,"lower_bound":179764.27094169937,"upper_bound":267277.1661839363},"point_estimate":225592.38700706143,"standard_error":22278.79891228695}}