{"Mean":{"confidence_interval":{"confidence_level":0.95,"lower_bound":263307.9527618788,"upper_bound":273257.2597631549},"point_estimate":268211.6705765927,"standard_error":2540.8324538306148},"Median":{"confidence_interval":{"confidence_level":0.95,"lower_bound":249524.92857142859,"upper_bound":251921.9895833333},"point_estimate":250042.49955164994,"standard_error":1292.463430700386},"MedianAbsDev":{"confidence_interval":{"confidence_level":0.95,"lower_bound":977.7453539098118,"upper_bound":4644.453973324458},"point_estimate":1798.1598831784316,"standard_error":1275.552771833638},"Slope":{"confidence_interval":{"confidence_level":0.95,"lower_bound":259045.03910226978,"upper_bound":269535.87299985348},"point_estimate":263749.195965716,"standard_error":2685.1555524839448},"StdDev":{"confidence_interval":{"confidence_level":0.95,"lower_bound":23384.491480362263,"upper_bound":26858.451602529178},"point_estimate":25635.43171499246,"standard_error":904.3746146575609}}