{"Mean":{"confidence_interval":{"confidence_level":0.95,"lower_bound":-0.009014698816579459,"upper_bound":0.011340817506427237},"point_estimate":0.0011734210255867073,"standard_error":0.005200059307864063},"Median":{"confidence_interval":{"confidence_level":0.95,"lower_bound":-0.0006941742466187546,"upper_bound":0.009036030693457617},"point_estimate":0.004358170857406307,"standard_error":0.0025477196195389485}}