{"Mean":{"confidence_interval":{"confidence_level":0.95,"lower_bound":417084.1531751077,"upper_bound":417823.6833672303},"point_estimate":417426.21654793756,"standard_error":188.7808580512043},"Median":{"confidence_interval":{"confidence_level":0.95,"lower_bound":416748.6790123457,"upper_bound":417118.7837837838},"point_estimate":416952.7167510354,"standard_error":98.56410721338969},"MedianAbsDev":{"confidence_interval":{"confidence_level":0.95,"lower_bound":582.0352538890627,"upper_bound":984.7532639619368},"point_estimate":775.3171346839846,"standard_error":97.40837087164528},"Slope":{"confidence_interval":{"confidence_level":0.95,"lower_bound":416478.4824056953,"upper_bound":416745.4147001113},"point_estimate":416605.29414708635,"standard_error":67.9560175484335},"StdDev":{"confidence_interval":{"confidence_level":0.95,"lower_bound":1189.6594835098136,"upper_bound":2592.9029927293274},"point_estimate":1896.9789253370173,"standard_error":369.6783739305562}}