{"Mean":{"confidence_interval":{"confidence_level":0.95,"lower_bound":6040154.06405802,"upper_bound":6046753.700213072},"point_estimate":6043788.480137385,"standard_error":1683.2037680747797},"Median":{"confidence_interval":{"confidence_level":0.95,"lower_bound":6041960.884166667,"upper_bound":6047721.041237113},"point_estimate":6045858.823863637,"standard_error":1554.5262709739689},"MedianAbsDev":{"confidence_interval":{"confidence_level":0.95,"lower_bound":8840.603780168733,"upper_bound":13593.838723367277},"point_estimate":11373.700551362475,"standard_error":1181.8180270904266},"Slope":{"confidence_interval":{"confidence_level":0.95,"lower_bound":6043587.020236675,"upper_bound":6048504.406179459},"point_estimate":6046071.135144082,"standard_error":1255.347938866972},"StdDev":{"confidence_interval":{"confidence_level":0.95,"lower_bound":9688.337363590324,"upper_bound":24876.16021836322},"point_estimate":16904.185929701478,"standard_error":4488.376563241825}}