{"Mean":{"confidence_interval":{"confidence_level":0.95,"lower_bound":4271521.224556675,"upper_bound":4322078.729852131},"point_estimate":4293134.807981745,"standard_error":13098.063888614352},"Median":{"confidence_interval":{"confidence_level":0.95,"lower_bound":4241274.786516854,"upper_bound":4277289.517379679},"point_estimate":4255552.385281385,"standard_error":8560.180408250279},"MedianAbsDev":{"confidence_interval":{"confidence_level":0.95,"lower_bound":22377.92563111279,"upper_bound":65868.94123026385},"point_estimate":41584.731255766754,"standard_error":10117.213961624237},"Slope":{"confidence_interval":{"confidence_level":0.95,"lower_bound":4262804.701944961,"upper_bound":4287471.3814853359},"point_estimate":4274386.774204226,"standard_error":6299.877865207902},"StdDev":{"confidence_interval":{"confidence_level":0.95,"lower_bound":54227.9086689986,"upper_bound":203616.4030569809},"point_estimate":131478.97138301767,"standard_error":43068.70887564069}}