{"Mean":{"confidence_interval":{"confidence_level":0.95,"lower_bound":4541935.347641646,"upper_bound":4709265.807855292},"point_estimate":4625788.941162122,"standard_error":42533.38269109708},"Median":{"confidence_interval":{"confidence_level":0.95,"lower_bound":4240611.641791045,"upper_bound":4897300.272250292},"point_estimate":4256579.464814816,"standard_error":205850.61923768215},"MedianAbsDev":{"confidence_interval":{"confidence_level":0.95,"lower_bound":18812.223105915837,"upper_bound":669216.7045388488},"point_estimate":46068.33758937855,"standard_error":233198.20277980277},"Slope":{"confidence_interval":{"confidence_level":0.95,"lower_bound":4462978.998078913,"upper_bound":4661895.201475228},"point_estimate":4560318.61052756,"standard_error":50967.53676044447},"StdDev":{"confidence_interval":{"confidence_level":0.95,"lower_bound":404971.0966045292,"upper_bound":442614.0523769775},"point_estimate":428444.86681799989,"standard_error":9534.450245477381}}