{"Mean":{"confidence_interval":{"confidence_level":0.95,"lower_bound":38971977.69697053,"upper_bound":39369242.05452375},"point_estimate":39169504.96394323,"standard_error":101293.9796891686},"Median":{"confidence_interval":{"confidence_level":0.95,"lower_bound":38764751.91010752,"upper_bound":39322839.841329228},"point_estimate":39182631.091470587,"standard_error":150008.7989922554},"MedianAbsDev":{"confidence_interval":{"confidence_level":0.95,"lower_bound":938226.9277255103,"upper_bound":1489073.6333671283},"point_estimate":1241033.268232121,"standard_error":142085.8074183518},"Slope":{"confidence_interval":{"confidence_level":0.95,"lower_bound":39021000.4742657,"upper_bound":39430104.54898944},"point_estimate":39222829.48172011,"standard_error":104331.93077108653},"StdDev":{"confidence_interval":{"confidence_level":0.95,"lower_bound":893602.9136219384,"upper_bound":1127995.7262584659},"point_estimate":1017338.9300093979,"standard_error":59632.93491810126}}