{"Mean":{"confidence_interval":{"confidence_level":0.95,"lower_bound":3657087.9707328549,"upper_bound":3700066.5532889149},"point_estimate":3678316.210720033,"standard_error":10970.696069063324},"Median":{"confidence_interval":{"confidence_level":0.95,"lower_bound":3584578.3197826088,"upper_bound":3736810.587628866},"point_estimate":3618258.5481907895,"standard_error":40998.85483074401},"MedianAbsDev":{"confidence_interval":{"confidence_level":0.95,"lower_bound":11866.6774746578,"upper_bound":181536.8526393481},"point_estimate":62172.524810547926,"standard_error":50084.386893935414},"Slope":{"confidence_interval":{"confidence_level":0.95,"lower_bound":3674454.071489576,"upper_bound":3727109.266489135},"point_estimate":3700885.212779666,"standard_error":13447.096822062265},"StdDev":{"confidence_interval":{"confidence_level":0.95,"lower_bound":99057.91826388707,"upper_bound":120065.62202174768},"point_estimate":110227.59778688317,"standard_error":5375.254131394655}}