{"Mean":{"confidence_interval":{"confidence_level":0.95,"lower_bound":88908.7833541571,"upper_bound":89324.90078976653},"point_estimate":89099.34270414325,"standard_error":107.13006228015748},"Median":{"confidence_interval":{"confidence_level":0.95,"lower_bound":88743.90595238096,"upper_bound":88801.80729166667},"point_estimate":88775.84180911682,"standard_error":16.204974598605849},"MedianAbsDev":{"confidence_interval":{"confidence_level":0.95,"lower_bound":75.44063685005627,"upper_bound":149.96678007697785},"point_estimate":101.57877169742,"standard_error":19.227862468558354},"Slope":{"confidence_interval":{"confidence_level":0.95,"lower_bound":89031.44387916602,"upper_bound":90084.96118872233},"point_estimate":89554.16549677355,"standard_error":267.67104590922198},"StdDev":{"confidence_interval":{"confidence_level":0.95,"lower_bound":633.3590854487953,"upper_bound":1371.4900218701228},"point_estimate":1077.5490316619749,"standard_error":183.35861075780529}}