{"Mean":{"confidence_interval":{"confidence_level":0.95,"lower_bound":4239909.7540638609,"upper_bound":4268062.498238403},"point_estimate":4253017.4215712849,"standard_error":7157.220978005578},"Median":{"confidence_interval":{"confidence_level":0.95,"lower_bound":4225700.177777777,"upper_bound":4228787.584905661},"point_estimate":4227575.652537938,"standard_error":726.3483464259103},"MedianAbsDev":{"confidence_interval":{"confidence_level":0.95,"lower_bound":6200.997820829845,"upper_bound":10738.451169096867},"point_estimate":8070.194155448626,"standard_error":1124.6061595873649},"Slope":{"confidence_interval":{"confidence_level":0.95,"lower_bound":4223735.729855987,"upper_bound":4231536.373133126},"point_estimate":4227010.024974139,"standard_error":2014.237916089173},"StdDev":{"confidence_interval":{"confidence_level":0.95,"lower_bound":46390.610455252114,"upper_bound":92177.97291272269},"point_estimate":71917.40415967042,"standard_error":11632.171735857197}}