{"Mean":{"confidence_interval":{"confidence_level":0.95,"lower_bound":9627.896004983879,"upper_bound":9809.760788667321},"point_estimate":9718.30688252988,"standard_error":46.52897660292095},"Median":{"confidence_interval":{"confidence_level":0.95,"lower_bound":9468.508304988663,"upper_bound":9750.043820861678},"point_estimate":9546.624478680362,"standard_error":77.18396921862888},"MedianAbsDev":{"confidence_interval":{"confidence_level":0.95,"lower_bound":326.7391475325537,"upper_bound":695.978752991042},"point_estimate":487.59138912374308,"standard_error":99.57267088490608},"Slope":{"confidence_interval":{"confidence_level":0.95,"lower_bound":9604.69494397347,"upper_bound":9866.061279511616},"point_estimate":9731.720247954006,"standard_error":66.98836822331603},"StdDev":{"confidence_interval":{"confidence_level":0.95,"lower_bound":425.2881630355972,"upper_bound":508.7921021645473},"point_estimate":470.2210961844616,"standard_error":21.313780569495714}}