{"Mean":{"confidence_interval":{"confidence_level":0.95,"lower_bound":29352148.789665604,"upper_bound":29491228.03659696},"point_estimate":29424972.3264783,"standard_error":35463.8669928212},"Median":{"confidence_interval":{"confidence_level":0.95,"lower_bound":29390114.794871797,"upper_bound":29517189.0},"point_estimate":29467089.5875,"standard_error":39125.19997836139},"MedianAbsDev":{"confidence_interval":{"confidence_level":0.95,"lower_bound":247712.0712750192,"upper_bound":391487.40537970195},"point_estimate":299074.52514958087,"standard_error":37643.4107673671},"Slope":{"confidence_interval":{"confidence_level":0.95,"lower_bound":29327497.643547596,"upper_bound":29462444.90802264},"point_estimate":29392873.891934389,"standard_error":34399.6402504833},"StdDev":{"confidence_interval":{"confidence_level":0.95,"lower_bound":269278.75632116899,"upper_bound":454631.7240696811},"point_estimate":355995.1802965493,"standard_error":49209.99291427232}}