{"Mean":{"confidence_interval":{"confidence_level":0.95,"lower_bound":3222.8441536386446,"upper_bound":3248.841931920006},"point_estimate":3235.295852485103,"standard_error":6.632237628353976},"Median":{"confidence_interval":{"confidence_level":0.95,"lower_bound":3193.4155844155845,"upper_bound":3226.706577540107},"point_estimate":3215.7941983611628,"standard_error":9.924325579006056},"MedianAbsDev":{"confidence_interval":{"confidence_level":0.95,"lower_bound":20.628087016347846,"upper_bound":64.85690010338601},"point_estimate":48.30954793365652,"standard_error":12.741467179947165},"Slope":{"confidence_interval":{"confidence_level":0.95,"lower_bound":3228.2712504367907,"upper_bound":3262.8425217366605},"point_estimate":3244.58095347168,"standard_error":8.845636097837343},"StdDev":{"confidence_interval":{"confidence_level":0.95,"lower_bound":50.380673051848287,"upper_bound":81.77154334659805},"point_estimate":66.67145593853569,"standard_error":8.045151593534103}}