{"Mean":{"confidence_interval":{"confidence_level":0.95,"lower_bound":296964247.70185437,"upper_bound":297478452.3477193},"point_estimate":297228465.8508699,"standard_error":130833.61263236008},"Median":{"confidence_interval":{"confidence_level":0.95,"lower_bound":297007152.5555556,"upper_bound":297703418.7},"point_estimate":297468083.86486926,"standard_error":172235.24477649478},"MedianAbsDev":{"confidence_interval":{"confidence_level":0.95,"lower_bound":947521.763948184,"upper_bound":1528449.9503852523},"point_estimate":1159715.2600738665,"standard_error":143651.60616789619},"Slope":{"confidence_interval":{"confidence_level":0.95,"lower_bound":297218730.95282289,"upper_bound":297756369.1646223},"point_estimate":297498189.6810108,"standard_error":136949.14943613628},"StdDev":{"confidence_interval":{"confidence_level":0.95,"lower_bound":1069559.541788558,"upper_bound":1543002.176462592},"point_estimate":1311718.678093716,"standard_error":121714.86826862984}}