{"Mean":{"confidence_interval":{"confidence_level":0.95,"lower_bound":5810180.534273779,"upper_bound":5946078.854187083},"point_estimate":5874649.852992871,"standard_error":34657.087794149586},"Median":{"confidence_interval":{"confidence_level":0.95,"lower_bound":5712987.426470588,"upper_bound":5877749.220930233},"point_estimate":5798947.551948052,"standard_error":50063.363241357394},"MedianAbsDev":{"confidence_interval":{"confidence_level":0.95,"lower_bound":175721.9346045554,"upper_bound":274613.8331703714},"point_estimate":235258.4430189287,"standard_error":24244.35370663498},"Slope":{"confidence_interval":{"confidence_level":0.95,"lower_bound":5821335.289277529,"upper_bound":5963654.9128655609},"point_estimate":5889347.366839072,"standard_error":36434.48158377181},"StdDev":{"confidence_interval":{"confidence_level":0.95,"lower_bound":254901.73103162927,"upper_bound":429718.956537993},"point_estimate":349332.64640071577,"standard_error":44804.814800833075}}