{"Mean":{"confidence_interval":{"confidence_level":0.95,"lower_bound":653.0670939029099,"upper_bound":669.9727762514439},"point_estimate":660.6256723054094,"standard_error":4.365101622738284},"Median":{"confidence_interval":{"confidence_level":0.95,"lower_bound":648.9772185956246,"upper_bound":649.1858748167852},"point_estimate":649.1060467684861,"standard_error":0.05373931867227193},"MedianAbsDev":{"confidence_interval":{"confidence_level":0.95,"lower_bound":0.3090376577577329,"upper_bound":0.6246332850867634},"point_estimate":0.490031847013781,"standard_error":0.08098494017867558},"Slope":{"confidence_interval":{"confidence_level":0.95,"lower_bound":658.3321751148553,"upper_bound":697.7185487206583},"point_estimate":676.8269836045845,"standard_error":10.140343114225994},"StdDev":{"confidence_interval":{"confidence_level":0.95,"lower_bound":22.633685205026983,"upper_bound":58.99345567989624},"point_estimate":44.04635277486121,"standard_error":8.920216183841044}}