{"Mean":{"confidence_interval":{"confidence_level":0.95,"lower_bound":4806.464113632528,"upper_bound":4887.0861054017509},"point_estimate":4845.590528105052,"standard_error":20.587433229353296},"Median":{"confidence_interval":{"confidence_level":0.95,"lower_bound":4726.2800595238099,"upper_bound":4766.659053188527},"point_estimate":4743.803911364781,"standard_error":11.508355044943242},"MedianAbsDev":{"confidence_interval":{"confidence_level":0.95,"lower_bound":63.161037109007967,"upper_bound":131.51049957393193},"point_estimate":88.27322207276673,"standard_error":18.941980919548987},"Slope":{"confidence_interval":{"confidence_level":0.95,"lower_bound":4809.26211829299,"upper_bound":4919.059422381772},"point_estimate":4860.52369241487,"standard_error":28.053678059144159},"StdDev":{"confidence_interval":{"confidence_level":0.95,"lower_bound":177.26245669967279,"upper_bound":229.5023370838354},"point_estimate":206.50184847456178,"standard_error":13.282199231263548}}