{"Mean":{"confidence_interval":{"confidence_level":0.95,"lower_bound":34982983.602798048,"upper_bound":38321248.66324621},"point_estimate":36641483.17781849,"standard_error":852649.175691572},"Median":{"confidence_interval":{"confidence_level":0.95,"lower_bound":33922469.10047309,"upper_bound":38983439.966046009},"point_estimate":36619402.32987383,"standard_error":1306114.7587612137},"MedianAbsDev":{"confidence_interval":{"confidence_level":0.95,"lower_bound":6645870.258555463,"upper_bound":12051183.619047057},"point_estimate":8562072.794154443,"standard_error":1433078.6776330863},"Slope":{"confidence_interval":{"confidence_level":0.95,"lower_bound":37480580.218263778,"upper_bound":40047224.99053732},"point_estimate":38675148.291417177,"standard_error":655697.5477760051},"StdDev":{"confidence_interval":{"confidence_level":0.95,"lower_bound":7584255.676635862,"upper_bound":9448426.778155609},"point_estimate":8579724.246145597,"standard_error":476232.8888770942}}