{"Mean":{"confidence_interval":{"confidence_level":0.95,"lower_bound":10150694.99101144,"upper_bound":10281421.022442552},"point_estimate":10197295.650174374,"standard_error":38870.34344792277},"Median":{"confidence_interval":{"confidence_level":0.95,"lower_bound":10129472.25,"upper_bound":10149676.738095239},"point_estimate":10139523.086644179,"standard_error":5589.944494366052},"MedianAbsDev":{"confidence_interval":{"confidence_level":0.95,"lower_bound":22819.813506550345,"upper_bound":49218.99345887851},"point_estimate":35709.8030954182,"standard_error":7209.242792529481},"Slope":{"confidence_interval":{"confidence_level":0.95,"lower_bound":10144991.46269568,"upper_bound":10188530.222076396},"point_estimate":10161822.989445841,"standard_error":11446.438087570048},"StdDev":{"confidence_interval":{"confidence_level":0.95,"lower_bound":46222.949926767826,"upper_bound":665161.824355128},"point_estimate":390153.67473975956,"standard_error":219486.80635223576}}