{"Mean":{"confidence_interval":{"confidence_level":0.95,"lower_bound":40409.965489958726,"upper_bound":40484.88123190339},"point_estimate":40444.24628537205,"standard_error":19.147334695762905},"Median":{"confidence_interval":{"confidence_level":0.95,"lower_bound":40368.14256410256,"upper_bound":40408.5225510204},"point_estimate":40380.19173508484,"standard_error":11.992594775120976},"MedianAbsDev":{"confidence_interval":{"confidence_level":0.95,"lower_bound":56.366367204157317,"upper_bound":104.98998519950934},"point_estimate":78.99099277154282,"standard_error":12.065449157490175},"Slope":{"confidence_interval":{"confidence_level":0.95,"lower_bound":40353.1876025916,"upper_bound":40396.0788331743},"point_estimate":40373.36294275159,"standard_error":10.93664709192533},"StdDev":{"confidence_interval":{"confidence_level":0.95,"lower_bound":118.67268058276085,"upper_bound":267.03736606737746},"point_estimate":192.53831604415124,"standard_error":39.519622716148948}}