{"Mean":{"confidence_interval":{"confidence_level":0.95,"lower_bound":70331.65914431376,"upper_bound":73524.74972423326},"point_estimate":71890.58845086022,"standard_error":815.5025222883555},"Median":{"confidence_interval":{"confidence_level":0.95,"lower_bound":67017.56060606061,"upper_bound":67092.26785714286},"point_estimate":67036.88004658386,"standard_error":21.99628843387158},"MedianAbsDev":{"confidence_interval":{"confidence_level":0.95,"lower_bound":101.06807432176236,"upper_bound":244.94881586148973},"point_estimate":162.37803927922205,"standard_error":38.93802554843582},"Slope":{"confidence_interval":{"confidence_level":0.95,"lower_bound":70599.4940359533,"upper_bound":74717.88001934462},"point_estimate":72509.99049209399,"standard_error":1052.2728337308852},"StdDev":{"confidence_interval":{"confidence_level":0.95,"lower_bound":7125.775597261276,"upper_bound":8937.663046155565},"point_estimate":8201.547354930988,"standard_error":475.57112481571127}}