{"Mean":{"confidence_interval":{"confidence_level":0.95,"lower_bound":4940662.78556757,"upper_bound":4970341.77055133},"point_estimate":4953597.60404325,"standard_error":7670.41254326667},"Median":{"confidence_interval":{"confidence_level":0.95,"lower_bound":4928346.218827076,"upper_bound":4933348.833333334},"point_estimate":4930883.75,"standard_error":1358.160350355954},"MedianAbsDev":{"confidence_interval":{"confidence_level":0.95,"lower_bound":6280.4460357506009,"upper_bound":13120.619507447958},"point_estimate":9074.46022270217,"standard_error":1811.3863666948963},"Slope":{"confidence_interval":{"confidence_level":0.95,"lower_bound":4925974.690517145,"upper_bound":4928039.808912061},"point_estimate":4926945.931455594,"standard_error":525.2006071328995},"StdDev":{"confidence_interval":{"confidence_level":0.95,"lower_bound":30937.130040941473,"upper_bound":116993.34319042259},"point_estimate":77085.56576712217,"standard_error":22746.028926445193}}