{"Mean":{"confidence_interval":{"confidence_level":0.95,"lower_bound":2709430.623284599,"upper_bound":2820151.0351098075},"point_estimate":2764133.1234467329,"standard_error":28213.521728319283},"Median":{"confidence_interval":{"confidence_level":0.95,"lower_bound":2534272.792349727,"upper_bound":2678980.0},"point_estimate":2563351.466666667,"standard_error":48619.923683326444},"MedianAbsDev":{"confidence_interval":{"confidence_level":0.95,"lower_bound":21854.8965104592,"upper_bound":236922.8982229517},"point_estimate":64348.813637580075,"standard_error":53694.28306545393},"Slope":{"confidence_interval":{"confidence_level":0.95,"lower_bound":2651805.544468826,"upper_bound":2781418.8824682829},"point_estimate":2712908.7129688195,"standard_error":33234.23397955053},"StdDev":{"confidence_interval":{"confidence_level":0.95,"lower_bound":263776.6203875887,"upper_bound":295024.9237487983},"point_estimate":284067.3960324898,"standard_error":8035.056445328559}}