{"Mean":{"confidence_interval":{"confidence_level":0.95,"lower_bound":662.7929652290995,"upper_bound":690.7035007210583},"point_estimate":676.1706835283198,"standard_error":7.136609443482498},"Median":{"confidence_interval":{"confidence_level":0.95,"lower_bound":642.705467253078,"upper_bound":643.2532564373631},"point_estimate":642.8252724367919,"standard_error":0.12695517610978344},"MedianAbsDev":{"confidence_interval":{"confidence_level":0.95,"lower_bound":0.654591632291066,"upper_bound":1.4560979861716208},"point_estimate":0.8740056989155485,"standard_error":0.19974176702378805},"Slope":{"confidence_interval":{"confidence_level":0.95,"lower_bound":648.1089448232924,"upper_bound":659.2681355592124},"point_estimate":652.8661628916134,"standard_error":2.849305548978106},"StdDev":{"confidence_interval":{"confidence_level":0.95,"lower_bound":57.13898239258952,"upper_bound":82.0352638109914},"point_estimate":71.38582371793953,"standard_error":6.323891309949622}}