{"Mean":{"confidence_interval":{"confidence_level":0.95,"lower_bound":8469.19931331512,"upper_bound":8594.09073551087},"point_estimate":8529.674693533094,"standard_error":31.856388542217496},"Median":{"confidence_interval":{"confidence_level":0.95,"lower_bound":8356.498583234947,"upper_bound":8401.420191216983},"point_estimate":8373.135476667501,"standard_error":13.571337596218332},"MedianAbsDev":{"confidence_interval":{"confidence_level":0.95,"lower_bound":53.21977700008027,"upper_bound":126.29300600541132},"point_estimate":79.44402418288797,"standard_error":19.23958488461839},"Slope":{"confidence_interval":{"confidence_level":0.95,"lower_bound":8582.988326609091,"upper_bound":8807.824789442198},"point_estimate":8699.116175435725,"standard_error":57.59339945005125},"StdDev":{"confidence_interval":{"confidence_level":0.95,"lower_bound":261.9342570773117,"upper_bound":361.94835301072745},"point_estimate":319.6004073360077,"standard_error":25.629714518028299}}