{"Mean":{"confidence_interval":{"confidence_level":0.95,"lower_bound":415531.90467476457,"upper_bound":416233.4694470439},"point_estimate":415851.30848949696,"standard_error":179.8932023319351},"Median":{"confidence_interval":{"confidence_level":0.95,"lower_bound":415218.19696969698,"upper_bound":415560.1923076923},"point_estimate":415329.120913242,"standard_error":100.19188916751662},"MedianAbsDev":{"confidence_interval":{"confidence_level":0.95,"lower_bound":462.92072031209366,"upper_bound":900.9264774967662},"point_estimate":605.5622349630662,"standard_error":114.42151455154513},"Slope":{"confidence_interval":{"confidence_level":0.95,"lower_bound":415010.4491838291,"upper_bound":415316.4615724414},"point_estimate":415154.03466036156,"standard_error":78.301037851255},"StdDev":{"confidence_interval":{"confidence_level":0.95,"lower_bound":1070.0820176357175,"upper_bound":2523.5748955289834},"point_estimate":1810.0691530816937,"standard_error":384.02297749641448}}