{"Mean":{"confidence_interval":{"confidence_level":0.95,"lower_bound":7826.477712431579,"upper_bound":7947.982424620252},"point_estimate":7885.373491548493,"standard_error":31.04775841811231},"Median":{"confidence_interval":{"confidence_level":0.95,"lower_bound":7692.98269079465,"upper_bound":7743.478110599079},"point_estimate":7728.594758064516,"standard_error":11.605920778355625},"MedianAbsDev":{"confidence_interval":{"confidence_level":0.95,"lower_bound":60.13653960942772,"upper_bound":136.4075362696616},"point_estimate":99.74665081238999,"standard_error":19.403203131576988},"Slope":{"confidence_interval":{"confidence_level":0.95,"lower_bound":7906.726242516326,"upper_bound":8098.013768985831},"point_estimate":8001.871132869666,"standard_error":49.04510797308895},"StdDev":{"confidence_interval":{"confidence_level":0.95,"lower_bound":262.09076160109836,"upper_bound":349.4544031697544},"point_estimate":311.1763273538685,"standard_error":22.201164084151345}}