{"Mean":{"confidence_interval":{"confidence_level":0.95,"lower_bound":4293713.1579985269,"upper_bound":4317448.8453516219},"point_estimate":4305440.308068909,"standard_error":6078.252405236193},"Median":{"confidence_interval":{"confidence_level":0.95,"lower_bound":4262279.538461538,"upper_bound":4318008.875},"point_estimate":4273253.558803763,"standard_error":14557.541543359315},"MedianAbsDev":{"confidence_interval":{"confidence_level":0.95,"lower_bound":21800.941948201977,"upper_bound":90142.59996703737},"point_estimate":39785.0990904012,"standard_error":17440.69828693306},"Slope":{"confidence_interval":{"confidence_level":0.95,"lower_bound":4305966.623264502,"upper_bound":4336522.417536003},"point_estimate":4321321.813178661,"standard_error":7795.413139101257},"StdDev":{"confidence_interval":{"confidence_level":0.95,"lower_bound":54246.69267433844,"upper_bound":66210.15945382664},"point_estimate":60986.36198868847,"standard_error":3057.0841080750799}}