{"Mean":{"confidence_interval":{"confidence_level":0.95,"lower_bound":10306130.59415254,"upper_bound":10632510.108948809},"point_estimate":10458503.08769433,"standard_error":83239.27975940095},"Median":{"confidence_interval":{"confidence_level":0.95,"lower_bound":10121005.857105263,"upper_bound":10156481.341463415},"point_estimate":10133998.019982368,"standard_error":9728.55281033633},"MedianAbsDev":{"confidence_interval":{"confidence_level":0.95,"lower_bound":44684.11162178056,"upper_bound":93721.83332746168},"point_estimate":61760.625898762235,"standard_error":13401.457875478456},"Slope":{"confidence_interval":{"confidence_level":0.95,"lower_bound":10168396.877090346,"upper_bound":10348010.004490424},"point_estimate":10242247.079470963,"standard_error":46443.05397334239},"StdDev":{"confidence_interval":{"confidence_level":0.95,"lower_bound":581427.4075999673,"upper_bound":1040667.1813561742},"point_estimate":837649.0877933673,"standard_error":117221.65216458592}}