{"Mean":{"confidence_interval":{"confidence_level":0.95,"lower_bound":294595167.5819631,"upper_bound":295095600.8978961},"point_estimate":294842502.9201196,"standard_error":127613.64892891349},"Median":{"confidence_interval":{"confidence_level":0.95,"lower_bound":294640739.76744189,"upper_bound":295127026.2841519},"point_estimate":294879546.92857149,"standard_error":136184.3789594716},"MedianAbsDev":{"confidence_interval":{"confidence_level":0.95,"lower_bound":842647.4607422651,"upper_bound":1361999.2023718809},"point_estimate":1070668.3579252044,"standard_error":131275.36694043256},"Slope":{"confidence_interval":{"confidence_level":0.95,"lower_bound":294522368.7102383,"upper_bound":295136917.3553495},"point_estimate":294806211.58018329,"standard_error":156746.41231804543},"StdDev":{"confidence_interval":{"confidence_level":0.95,"lower_bound":1021416.035959072,"upper_bound":1552701.3941187279},"point_estimate":1279350.886137486,"standard_error":137801.2700961717}}