{"Mean":{"confidence_interval":{"confidence_level":0.95,"lower_bound":19086.17161765124,"upper_bound":19314.787006095554},"point_estimate":19198.563438868772,"standard_error":58.472869198357297},"Median":{"confidence_interval":{"confidence_level":0.95,"lower_bound":18976.543394140408,"upper_bound":19131.168358208954},"point_estimate":19067.716280708926,"standard_error":35.22110578719532},"MedianAbsDev":{"confidence_interval":{"confidence_level":0.95,"lower_bound":408.3369637176037,"upper_bound":673.7320266311948},"point_estimate":540.5438262277415,"standard_error":62.30946455770413},"Slope":{"confidence_interval":{"confidence_level":0.95,"lower_bound":19040.80534060367,"upper_bound":19270.728367062897},"point_estimate":19155.01266779741,"standard_error":58.60323751564961},"StdDev":{"confidence_interval":{"confidence_level":0.95,"lower_bound":504.4057699685639,"upper_bound":652.6398715086544},"point_estimate":587.0796803469034,"standard_error":37.85786016840417}}