{"Mean":{"confidence_interval":{"confidence_level":0.95,"lower_bound":24191.238999351102,"upper_bound":24406.873421689455},"point_estimate":24286.272941649204,"standard_error":55.39164716463574},"Median":{"confidence_interval":{"confidence_level":0.95,"lower_bound":24124.195584815323,"upper_bound":24161.314460784313},"point_estimate":24133.71314334904,"standard_error":10.266925417126675},"MedianAbsDev":{"confidence_interval":{"confidence_level":0.95,"lower_bound":45.088138518641759,"upper_bound":93.02212234398688},"point_estimate":62.409555375221938,"standard_error":11.934319694955113},"Slope":{"confidence_interval":{"confidence_level":0.95,"lower_bound":24142.711906560453,"upper_bound":24348.351072118436},"point_estimate":24229.063555563764,"standard_error":52.833376249596529},"StdDev":{"confidence_interval":{"confidence_level":0.95,"lower_bound":178.26852657322767,"upper_bound":803.0725350958403},"point_estimate":556.553162047145,"standard_error":146.7617805366189}}