{"Mean":{"confidence_interval":{"confidence_level":0.95,"lower_bound":32778.931337595495,"upper_bound":33051.168216392645},"point_estimate":32911.89555054626,"standard_error":69.46065354199919},"Median":{"confidence_interval":{"confidence_level":0.95,"lower_bound":32448.188940092165,"upper_bound":32577.091886608017},"point_estimate":32469.95435483871,"standard_error":35.30013329952529},"MedianAbsDev":{"confidence_interval":{"confidence_level":0.95,"lower_bound":88.78252467318218,"upper_bound":277.7577982032417},"point_estimate":130.42895471736623,"standard_error":51.3559365291487},"Slope":{"confidence_interval":{"confidence_level":0.95,"lower_bound":32768.45498626421,"upper_bound":33134.60113319167},"point_estimate":32939.76056698304,"standard_error":93.73821819895189},"StdDev":{"confidence_interval":{"confidence_level":0.95,"lower_bound":613.9022175103602,"upper_bound":753.5252718354886},"point_estimate":697.7808196495556,"standard_error":35.83517292056072}}