{"Mean":{"confidence_interval":{"confidence_level":0.95,"lower_bound":-0.014871465951950877,"upper_bound":-0.00870675019372345},"point_estimate":-0.011802877589218719,"standard_error":0.0015693450345709622},"Median":{"confidence_interval":{"confidence_level":0.95,"lower_bound":-0.007842487067780679,"upper_bound":-0.004352258293667366},"point_estimate":-0.005050247682262032,"standard_error":0.0017356698601175922}}