{"Mean":{"confidence_interval":{"confidence_level":0.95,"lower_bound":22586.95557251447,"upper_bound":23198.865463638176},"point_estimate":22876.489706599,"standard_error":156.45928155923077},"Median":{"confidence_interval":{"confidence_level":0.95,"lower_bound":22258.299676773895,"upper_bound":22748.91253951528},"point_estimate":22606.150302175665,"standard_error":94.23778695352135},"MedianAbsDev":{"confidence_interval":{"confidence_level":0.95,"lower_bound":863.0084492038562,"upper_bound":1380.7899643344177},"point_estimate":1178.440632993906,"standard_error":116.32384521283133},"Slope":{"confidence_interval":{"confidence_level":0.95,"lower_bound":22465.706845212502,"upper_bound":23042.53516514681},"point_estimate":22753.052580796008,"standard_error":146.69541366763165},"StdDev":{"confidence_interval":{"confidence_level":0.95,"lower_bound":1110.0990980124255,"upper_bound":1969.2794420250874},"point_estimate":1578.8541274362859,"standard_error":219.3993845105835}}