{"Mean":{"confidence_interval":{"confidence_level":0.95,"lower_bound":66349629.26797444,"upper_bound":72634230.3086337},"point_estimate":69480790.89265386,"standard_error":1601311.9154414053},"Median":{"confidence_interval":{"confidence_level":0.95,"lower_bound":66064943.54285714,"upper_bound":73744978.54818633},"point_estimate":70020567.92992425,"standard_error":2017994.2968301704},"MedianAbsDev":{"confidence_interval":{"confidence_level":0.95,"lower_bound":14184602.679030255,"upper_bound":23312409.08406951},"point_estimate":19339936.734412329,"standard_error":2397347.799470397},"Slope":{"confidence_interval":{"confidence_level":0.95,"lower_bound":71364542.60474032,"upper_bound":76171420.83943919},"point_estimate":73611571.18530517,"standard_error":1224328.7563091622},"StdDev":{"confidence_interval":{"confidence_level":0.95,"lower_bound":14288927.005137742,"upper_bound":17635610.411662826},"point_estimate":16092293.934982695,"standard_error":853787.0418489248}}