{"Mean":{"confidence_interval":{"confidence_level":0.95,"lower_bound":5327762.004313484,"upper_bound":5450764.488562217},"point_estimate":5388285.038657551,"standard_error":31338.46409303162},"Median":{"confidence_interval":{"confidence_level":0.95,"lower_bound":5103824.921875,"upper_bound":5633380.981617647},"point_estimate":5405519.512949957,"standard_error":147071.64426650658},"MedianAbsDev":{"confidence_interval":{"confidence_level":0.95,"lower_bound":57237.026928924504,"upper_bound":469710.4732077808},"point_estimate":390091.7526063215,"standard_error":113085.78323779367},"Slope":{"confidence_interval":{"confidence_level":0.95,"lower_bound":5263160.999807499,"upper_bound":5460373.139145873},"point_estimate":5357093.352256539,"standard_error":50393.43336366589},"StdDev":{"confidence_interval":{"confidence_level":0.95,"lower_bound":270721.88370782099,"upper_bound":360864.75989031806},"point_estimate":315310.25393245657,"standard_error":23108.547666685794}}