{"Mean":{"confidence_interval":{"confidence_level":0.95,"lower_bound":14321018.432374608,"upper_bound":14366001.927912934},"point_estimate":14344464.186204929,"standard_error":11512.690112337546},"Median":{"confidence_interval":{"confidence_level":0.95,"lower_bound":14359019.30703967,"upper_bound":14392674.43159077},"point_estimate":14374361.177489177,"standard_error":9487.620392570887},"MedianAbsDev":{"confidence_interval":{"confidence_level":0.95,"lower_bound":54945.96937013291,"upper_bound":102399.74240329172},"point_estimate":79598.93933683634,"standard_error":11860.095729720933},"Slope":{"confidence_interval":{"confidence_level":0.95,"lower_bound":14355523.13770223,"upper_bound":14388670.658603039},"point_estimate":14372088.589324665,"standard_error":8426.962817916547},"StdDev":{"confidence_interval":{"confidence_level":0.95,"lower_bound":86209.21772946099,"upper_bound":144739.81631884736},"point_estimate":115590.02316984175,"standard_error":15084.775345670841}}