{"Mean":{"confidence_interval":{"confidence_level":0.95,"lower_bound":88577.6337277554,"upper_bound":93461.20860836163},"point_estimate":91028.93758729978,"standard_error":1248.9299002172698},"Median":{"confidence_interval":{"confidence_level":0.95,"lower_bound":86167.30212585035,"upper_bound":97589.37406015038},"point_estimate":86798.59461966605,"standard_error":3484.255303881411},"MedianAbsDev":{"confidence_interval":{"confidence_level":0.95,"lower_bound":12221.66450447729,"upper_bound":18539.03644622595},"point_estimate":16363.535068630656,"standard_error":1578.9518476914589},"Slope":{"confidence_interval":{"confidence_level":0.95,"lower_bound":89237.79771306625,"upper_bound":95497.59848539818},"point_estimate":92372.79348286854,"standard_error":1601.7382360623358},"StdDev":{"confidence_interval":{"confidence_level":0.95,"lower_bound":11413.535259838474,"upper_bound":13617.252838551587},"point_estimate":12597.627255675481,"standard_error":561.8372664165341}}