{"Mean":{"confidence_interval":{"confidence_level":0.95,"lower_bound":1816878.1905107797,"upper_bound":1866683.1145527857},"point_estimate":1841768.4103144948,"standard_error":12740.858139548505},"Median":{"confidence_interval":{"confidence_level":0.95,"lower_bound":1738380.675720621,"upper_bound":1929239.4464285714},"point_estimate":1881839.28875,"standard_error":79466.90175990467},"MedianAbsDev":{"confidence_interval":{"confidence_level":0.95,"lower_bound":76119.82560830614,"upper_bound":191403.56877397255},"point_estimate":167851.76451119173,"standard_error":37838.89891002917},"Slope":{"confidence_interval":{"confidence_level":0.95,"lower_bound":1787654.1569824576,"upper_bound":1846412.8845516616},"point_estimate":1816481.9957410966,"standard_error":15068.153395158954},"StdDev":{"confidence_interval":{"confidence_level":0.95,"lower_bound":120433.57964143888,"upper_bound":134860.57478816657},"point_estimate":127974.3155883915,"standard_error":3695.168061281268}}