{"Mean":{"confidence_interval":{"confidence_level":0.95,"lower_bound":18914735.159040426,"upper_bound":18963140.480305967},"point_estimate":18932928.26942583,"standard_error":13175.901603190689},"Median":{"confidence_interval":{"confidence_level":0.95,"lower_bound":18913533.897058824,"upper_bound":18924105.442622954},"point_estimate":18917786.331727577,"standard_error":2315.597769910747},"MedianAbsDev":{"confidence_interval":{"confidence_level":0.95,"lower_bound":22082.572325097237,"upper_bound":33647.917536405665},"point_estimate":27598.083128252456,"standard_error":2888.158558212403},"Slope":{"confidence_interval":{"confidence_level":0.95,"lower_bound":18899505.715600205,"upper_bound":19022071.409734895},"point_estimate":18941219.902358507,"standard_error":35150.070412468136},"StdDev":{"confidence_interval":{"confidence_level":0.95,"lower_bound":27952.657576045898,"upper_bound":221021.39503811423},"point_estimate":132037.0528656941,"standard_error":64560.82285715673}}