{"Mean":{"confidence_interval":{"confidence_level":0.95,"lower_bound":-0.12278195824546474,"upper_bound":-0.10302970299575509},"point_estimate":-0.11288557744622396,"standard_error":0.004963408041870372},"Median":{"confidence_interval":{"confidence_level":0.95,"lower_bound":-0.13428337949470427,"upper_bound":-0.09150787723868859},"point_estimate":-0.12426359948220756,"standard_error":0.013267087569382151}}