{"Mean":{"confidence_interval":{"confidence_level":0.95,"lower_bound":37723.07190127837,"upper_bound":37811.918999582},"point_estimate":37763.8320070926,"standard_error":22.768130534688333},"Median":{"confidence_interval":{"confidence_level":0.95,"lower_bound":37677.41888219178,"upper_bound":37724.07129230769},"point_estimate":37687.39662222222,"standard_error":12.880780319335095},"MedianAbsDev":{"confidence_interval":{"confidence_level":0.95,"lower_bound":78.27415658321381,"upper_bound":134.90014201667675},"point_estimate":102.06104788139055,"standard_error":13.146280436325604},"Slope":{"confidence_interval":{"confidence_level":0.95,"lower_bound":37657.75073178453,"upper_bound":37715.55885145177},"point_estimate":37684.42949833013,"standard_error":14.77973001773395},"StdDev":{"confidence_interval":{"confidence_level":0.95,"lower_bound":133.4072585975061,"upper_bound":319.40010689454007},"point_estimate":228.1361997213285,"standard_error":48.83896967676848}}