{"Mean":{"confidence_interval":{"confidence_level":0.95,"lower_bound":8096563.496432399,"upper_bound":8111463.07488447},"point_estimate":8103296.907370445,"standard_error":3815.728342988882},"Median":{"confidence_interval":{"confidence_level":0.95,"lower_bound":8093180.963793103,"upper_bound":8102244.289855072},"point_estimate":8096474.894917583,"standard_error":2331.675798392386},"MedianAbsDev":{"confidence_interval":{"confidence_level":0.95,"lower_bound":14159.265043461632,"upper_bound":24659.365460360947},"point_estimate":18109.50242029869,"standard_error":2656.516599007232},"Slope":{"confidence_interval":{"confidence_level":0.95,"lower_bound":8082752.616220338,"upper_bound":8089959.229052072},"point_estimate":8086151.055714496,"standard_error":1840.3677054136286},"StdDev":{"confidence_interval":{"confidence_level":0.95,"lower_bound":21105.247721731976,"upper_bound":54629.79305390017},"point_estimate":38262.679505055414,"standard_error":8882.65823614145}}