{"Mean":{"confidence_interval":{"confidence_level":0.95,"lower_bound":0.00798484788868542,"upper_bound":0.010252695358889614},"point_estimate":0.009117278047089173,"standard_error":0.0005778864318503192},"Median":{"confidence_interval":{"confidence_level":0.95,"lower_bound":0.00860043747983319,"upper_bound":0.011142933471633903},"point_estimate":0.009490186511724064,"standard_error":0.0006489955896364}}