{"Mean":{"confidence_interval":{"confidence_level":0.95,"lower_bound":431606.9508152989,"upper_bound":480943.36363597979},"point_estimate":455916.83089736508,"standard_error":12612.611817017463},"Median":{"confidence_interval":{"confidence_level":0.95,"lower_bound":345350.56666666668,"upper_bound":520822.6426450743},"point_estimate":347262.2166666667,"standard_error":49858.46175525968},"MedianAbsDev":{"confidence_interval":{"confidence_level":0.95,"lower_bound":1472.137053864387,"upper_bound":204249.81749124419},"point_estimate":4995.789501861401,"standard_error":61241.07717742253},"Slope":{"confidence_interval":{"confidence_level":0.95,"lower_bound":493445.67278481586,"upper_bound":555192.345287394},"point_estimate":525653.2770060588,"standard_error":15742.401435384172},"StdDev":{"confidence_interval":{"confidence_level":0.95,"lower_bound":117220.14574366433,"upper_bound":133309.74114473247},"point_estimate":126541.06971741049,"standard_error":4093.29101784861}}