{"Mean":{"confidence_interval":{"confidence_level":0.95,"lower_bound":71135565.57978498,"upper_bound":71999418.40081552},"point_estimate":71544791.42293436,"standard_error":221362.71273104437},"Median":{"confidence_interval":{"confidence_level":0.95,"lower_bound":70831194.5,"upper_bound":71405436.46374294},"point_estimate":71123923.22436975,"standard_error":165739.55239545724},"MedianAbsDev":{"confidence_interval":{"confidence_level":0.95,"lower_bound":1158233.3685817465,"upper_bound":2128786.0204531},"point_estimate":1536960.3697084087,"standard_error":247535.61925622473},"Slope":{"confidence_interval":{"confidence_level":0.95,"lower_bound":71009794.42563461,"upper_bound":71680233.61036134},"point_estimate":71335217.69969854,"standard_error":170897.08672887664},"StdDev":{"confidence_interval":{"confidence_level":0.95,"lower_bound":1620184.9900339386,"upper_bound":2780741.3479251267},"point_estimate":2220383.7303080626,"standard_error":297469.05413120376}}