{"Mean":{"confidence_interval":{"confidence_level":0.95,"lower_bound":-0.14145637128390929,"upper_bound":-0.09355721011924738},"point_estimate":-0.11826190817713012,"standard_error":0.012195961124057678},"Median":{"confidence_interval":{"confidence_level":0.95,"lower_bound":-0.1483934389137449,"upper_bound":-0.09826350215699656},"point_estimate":-0.1236347518674048,"standard_error":0.012714968509043997}}