{"Mean":{"confidence_interval":{"confidence_level":0.95,"lower_bound":25037845.03100271,"upper_bound":25166499.656747909},"point_estimate":25099311.92907204,"standard_error":32760.8111050728},"Median":{"confidence_interval":{"confidence_level":0.95,"lower_bound":24973467.911111114,"upper_bound":25067147.569444445},"point_estimate":25030465.582894736,"standard_error":26720.137339281508},"MedianAbsDev":{"confidence_interval":{"confidence_level":0.95,"lower_bound":128622.7400504442,"upper_bound":260588.0446458948},"point_estimate":186980.46034641568,"standard_error":33356.67706074961},"Slope":{"confidence_interval":{"confidence_level":0.95,"lower_bound":25014068.20490534,"upper_bound":25144494.917362099},"point_estimate":25074163.779612829,"standard_error":33487.343505823235},"StdDev":{"confidence_interval":{"confidence_level":0.95,"lower_bound":237021.81635381076,"upper_bound":418014.78933656626},"point_estimate":328596.5317227184,"standard_error":46637.97509600861}}