{"Mean":{"confidence_interval":{"confidence_level":0.95,"lower_bound":45883604.811337787,"upper_bound":46182968.78862242},"point_estimate":46030379.94918168,"standard_error":76356.5662603745},"Median":{"confidence_interval":{"confidence_level":0.95,"lower_bound":45607705.07070707,"upper_bound":46098333.35294564},"point_estimate":45781280.677536237,"standard_error":133095.51651947795},"MedianAbsDev":{"confidence_interval":{"confidence_level":0.95,"lower_bound":549803.8419445301,"upper_bound":1036959.3522177138},"point_estimate":765580.3094677682,"standard_error":143460.75083461105},"Slope":{"confidence_interval":{"confidence_level":0.95,"lower_bound":45628656.664025079,"upper_bound":45867144.03074776},"point_estimate":45744663.246460769,"standard_error":60890.9134314322},"StdDev":{"confidence_interval":{"confidence_level":0.95,"lower_bound":665911.8432058757,"upper_bound":860893.1687928719},"point_estimate":769952.0695179853,"standard_error":49855.424613711504}}