{"Mean":{"confidence_interval":{"confidence_level":0.95,"lower_bound":71641.59194071466,"upper_bound":72707.00438663614},"point_estimate":72156.85776382312,"standard_error":271.46288749372868},"Median":{"confidence_interval":{"confidence_level":0.95,"lower_bound":70854.00476190477,"upper_bound":72244.36091954023},"point_estimate":71812.59292929294,"standard_error":332.7333894659971},"MedianAbsDev":{"confidence_interval":{"confidence_level":0.95,"lower_bound":1942.412872885917,"upper_bound":2784.6351315369927},"point_estimate":2553.105127006955,"standard_error":215.2004807377014},"Slope":{"confidence_interval":{"confidence_level":0.95,"lower_bound":72385.16099791404,"upper_bound":74281.91595225384},"point_estimate":73350.07337313434,"standard_error":483.9387627287574},"StdDev":{"confidence_interval":{"confidence_level":0.95,"lower_bound":2192.8786633610486,"upper_bound":3241.436107395242},"point_estimate":2736.861202571212,"standard_error":268.47439644089146}}