{"Mean":{"confidence_interval":{"confidence_level":0.95,"lower_bound":23543.255023481554,"upper_bound":23586.795347836538},"point_estimate":23563.62994224523,"standard_error":11.144185999469649},"Median":{"confidence_interval":{"confidence_level":0.95,"lower_bound":23515.752905291833,"upper_bound":23540.260145083674},"point_estimate":23526.568424121273,"standard_error":7.129648377975739},"MedianAbsDev":{"confidence_interval":{"confidence_level":0.95,"lower_bound":38.17506835270732,"upper_bound":73.25081948873255},"point_estimate":51.509624259133477,"standard_error":9.295496796697466},"Slope":{"confidence_interval":{"confidence_level":0.95,"lower_bound":23504.876965387582,"upper_bound":23532.196111983278},"point_estimate":23517.397183964666,"standard_error":7.002506112505467},"StdDev":{"confidence_interval":{"confidence_level":0.95,"lower_bound":74.60362062474732,"upper_bound":150.0063994101409},"point_estimate":112.21466458136156,"standard_error":19.805079608856557}}