{"Mean":{"confidence_interval":{"confidence_level":0.95,"lower_bound":550223.262799618,"upper_bound":557796.9464442895},"point_estimate":553223.1702089261,"standard_error":2006.9150290140786},"Median":{"confidence_interval":{"confidence_level":0.95,"lower_bound":548952.3952448211,"upper_bound":549201.3031250001},"point_estimate":549064.1021200186,"standard_error":58.43043014616468},"MedianAbsDev":{"confidence_interval":{"confidence_level":0.95,"lower_bound":476.15373567536229,"upper_bound":1067.8398039073709},"point_estimate":713.2943340468333,"standard_error":207.16116211627438},"Slope":{"confidence_interval":{"confidence_level":0.95,"lower_bound":549240.6784440968,"upper_bound":554485.118348448},"point_estimate":551168.5366957293,"standard_error":1415.4375708879477},"StdDev":{"confidence_interval":{"confidence_level":0.95,"lower_bound":6120.211391685295,"upper_bound":33030.66092548025},"point_estimate":20233.362423340503,"standard_error":8792.965056275982}}