{"Mean":{"confidence_interval":{"confidence_level":0.95,"lower_bound":1933272.248633143,"upper_bound":1956884.3259738624},"point_estimate":1944393.2286415534,"standard_error":6031.227550424621},"Median":{"confidence_interval":{"confidence_level":0.95,"lower_bound":1915745.794117647,"upper_bound":1928838.8118187036},"point_estimate":1919198.0384615386,"standard_error":3801.2300570928775},"MedianAbsDev":{"confidence_interval":{"confidence_level":0.95,"lower_bound":5454.031405578102,"upper_bound":22616.418611972782},"point_estimate":10806.22137383313,"standard_error":4642.452782557877},"Slope":{"confidence_interval":{"confidence_level":0.95,"lower_bound":1928669.7290231076,"upper_bound":1942155.1135715536},"point_estimate":1934870.228813359,"standard_error":3443.2988733844747},"StdDev":{"confidence_interval":{"confidence_level":0.95,"lower_bound":42443.821635522494,"upper_bound":74276.12347377866},"point_estimate":60373.666872304515,"standard_error":8107.0883299695319}}