{"Mean":{"confidence_interval":{"confidence_level":0.95,"lower_bound":3248416.4387766469,"upper_bound":3272358.984580076},"point_estimate":3260607.3720325997,"standard_error":6111.126566979493},"Median":{"confidence_interval":{"confidence_level":0.95,"lower_bound":3249496.952611218,"upper_bound":3270860.319587629},"point_estimate":3260237.312788018,"standard_error":5368.932732273863},"MedianAbsDev":{"confidence_interval":{"confidence_level":0.95,"lower_bound":31987.783744328448,"upper_bound":59409.200263568484},"point_estimate":40076.83870343653,"standard_error":7384.788058091793},"Slope":{"confidence_interval":{"confidence_level":0.95,"lower_bound":3257510.329693992,"upper_bound":3282589.8182042764},"point_estimate":3269642.255803162,"standard_error":6397.282402484862},"StdDev":{"confidence_interval":{"confidence_level":0.95,"lower_bound":48492.030659930766,"upper_bound":74015.15081046566},"point_estimate":61443.858902664215,"standard_error":6561.9107531107579}}