{"Mean":{"confidence_interval":{"confidence_level":0.95,"lower_bound":449198.15628333666,"upper_bound":496065.59760220217},"point_estimate":472616.4137398502,"standard_error":11937.270402526057},"Median":{"confidence_interval":{"confidence_level":0.95,"lower_bound":369462.3925925926,"upper_bound":566666.4561403509},"point_estimate":555641.3517676768,"standard_error":65136.0306684372},"MedianAbsDev":{"confidence_interval":{"confidence_level":0.95,"lower_bound":23922.07497604617,"upper_bound":208854.22982459618},"point_estimate":155665.9545367938,"standard_error":44386.339116993564},"Slope":{"confidence_interval":{"confidence_level":0.95,"lower_bound":473029.64078745219,"upper_bound":534210.1402207473},"point_estimate":505084.3995753904,"standard_error":15626.165988574889},"StdDev":{"confidence_interval":{"confidence_level":0.95,"lower_bound":113400.39972407177,"upper_bound":126494.86149253181},"point_estimate":120590.37388043874,"standard_error":3342.474055285705}}