{"Mean":{"confidence_interval":{"confidence_level":0.95,"lower_bound":68363.52342463365,"upper_bound":69734.9452700936},"point_estimate":68997.8258353252,"standard_error":348.61255315937538},"Median":{"confidence_interval":{"confidence_level":0.95,"lower_bound":67138.546875,"upper_bound":67427.62121212122},"point_estimate":67300.10595238095,"standard_error":63.57900776665788},"MedianAbsDev":{"confidence_interval":{"confidence_level":0.95,"lower_bound":312.59659752934388,"upper_bound":769.7224532381163},"point_estimate":478.3028612961709,"standard_error":117.46271809466758},"Slope":{"confidence_interval":{"confidence_level":0.95,"lower_bound":69416.34844822802,"upper_bound":71695.9330343977},"point_estimate":70481.54438599084,"standard_error":582.5327209603427},"StdDev":{"confidence_interval":{"confidence_level":0.95,"lower_bound":2408.629173026244,"upper_bound":4731.7039483257699},"point_estimate":3497.5304036062868,"standard_error":674.3338646451522}}