{"Mean":{"confidence_interval":{"confidence_level":0.95,"lower_bound":290130401.71228256,"upper_bound":290998601.2903741},"point_estimate":290564857.7108308,"standard_error":221839.29292357219},"Median":{"confidence_interval":{"confidence_level":0.95,"lower_bound":289967655.6438356,"upper_bound":291560329.4807692},"point_estimate":290753928.87096777,"standard_error":343164.3741166104},"MedianAbsDev":{"confidence_interval":{"confidence_level":0.95,"lower_bound":1895177.3801000685,"upper_bound":3306100.5943165107},"point_estimate":2849493.0661029976,"standard_error":361730.26978966008},"Slope":{"confidence_interval":{"confidence_level":0.95,"lower_bound":290235741.57012829,"upper_bound":291197738.9569957},"point_estimate":290747492.22344025,"standard_error":245613.75814385649},"StdDev":{"confidence_interval":{"confidence_level":0.95,"lower_bound":2009527.9006883768,"upper_bound":2430865.4283944459},"point_estimate":2231061.123182697,"standard_error":107805.05681555395}}