{"Mean":{"confidence_interval":{"confidence_level":0.95,"lower_bound":5319302.306548335,"upper_bound":5508719.57869074},"point_estimate":5409149.21075596,"standard_error":48520.300392551726},"Median":{"confidence_interval":{"confidence_level":0.95,"lower_bound":5173903.274509804,"upper_bound":5213813.903225807},"point_estimate":5189438.9388235299,"standard_error":9858.926806498428},"MedianAbsDev":{"confidence_interval":{"confidence_level":0.95,"lower_bound":38517.70591667417,"upper_bound":91096.382523511},"point_estimate":59070.12920415384,"standard_error":12970.213874662286},"Slope":{"confidence_interval":{"confidence_level":0.95,"lower_bound":5289682.897153157,"upper_bound":5478378.780355562},"point_estimate":5376219.66654352,"standard_error":48320.2074156579},"StdDev":{"confidence_interval":{"confidence_level":0.95,"lower_bound":363711.1086319511,"upper_bound":585935.0950459906},"point_estimate":488253.5814494656,"standard_error":56814.81587906476}}