{"Mean":{"confidence_interval":{"confidence_level":0.95,"lower_bound":1146031.8199448889,"upper_bound":1173584.5673928443},"point_estimate":1160273.8044795348,"standard_error":7021.7292722010029},"Median":{"confidence_interval":{"confidence_level":0.95,"lower_bound":1161042.2280912367,"upper_bound":1185582.9225146198},"point_estimate":1172733.6046717917,"standard_error":7718.846516526897},"MedianAbsDev":{"confidence_interval":{"confidence_level":0.95,"lower_bound":39740.95762495699,"upper_bound":78952.76623585058},"point_estimate":55994.044223583864,"standard_error":10589.126296937327},"Slope":{"confidence_interval":{"confidence_level":0.95,"lower_bound":1166682.162184463,"upper_bound":1186639.0032002303},"point_estimate":1176696.9705098272,"standard_error":5104.828065606882},"StdDev":{"confidence_interval":{"confidence_level":0.95,"lower_bound":53386.08668291652,"upper_bound":89402.24272991898},"point_estimate":70567.4625199072,"standard_error":9484.144751562282}}