{"Mean":{"confidence_interval":{"confidence_level":0.95,"lower_bound":3514668.605186284,"upper_bound":3535667.8894726957},"point_estimate":3524516.7349641297,"standard_error":5381.431947761399},"Median":{"confidence_interval":{"confidence_level":0.95,"lower_bound":3498175.6020905927,"upper_bound":3507430.1},"point_estimate":3500751.6440245148,"standard_error":2353.9570917446155},"MedianAbsDev":{"confidence_interval":{"confidence_level":0.95,"lower_bound":9123.161380349607,"upper_bound":21376.34746119803},"point_estimate":12665.788744040543,"standard_error":3333.9176087133457},"Slope":{"confidence_interval":{"confidence_level":0.95,"lower_bound":3511912.3954372268,"upper_bound":3528066.788941226},"point_estimate":3519466.2033190487,"standard_error":4114.710191408003},"StdDev":{"confidence_interval":{"confidence_level":0.95,"lower_bound":36936.55100129208,"upper_bound":70867.67592123289},"point_estimate":54104.368782081176,"standard_error":8799.212649323728}}