{"Mean":{"confidence_interval":{"confidence_level":0.95,"lower_bound":17425.045861730832,"upper_bound":18188.941298560996},"point_estimate":17810.056300681234,"standard_error":194.79636696083407},"Median":{"confidence_interval":{"confidence_level":0.95,"lower_bound":16655.663076923076,"upper_bound":19492.292884615385},"point_estimate":19491.133846153847,"standard_error":710.8792849416856},"MedianAbsDev":{"confidence_interval":{"confidence_level":0.95,"lower_bound":5.336433132685613,"upper_bound":2678.0292956863379},"point_estimate":13.439140045431131,"standard_error":659.5688968199642},"Slope":{"confidence_interval":{"confidence_level":0.95,"lower_bound":18160.598218936237,"upper_bound":18966.674467808753},"point_estimate":18588.581304475338,"standard_error":206.08732169767314},"StdDev":{"confidence_interval":{"confidence_level":0.95,"lower_bound":1848.7429471803169,"upper_bound":2009.821458543795},"point_estimate":1959.116153141382,"standard_error":41.545026793605028}}