{"Mean":{"confidence_interval":{"confidence_level":0.95,"lower_bound":690.2022770866558,"upper_bound":718.2296382946919},"point_estimate":703.662229915476,"standard_error":7.154400941244158},"Median":{"confidence_interval":{"confidence_level":0.95,"lower_bound":671.162257523248,"upper_bound":671.3654379261257},"point_estimate":671.2958985535124,"standard_error":0.05616765124988826},"MedianAbsDev":{"confidence_interval":{"confidence_level":0.95,"lower_bound":0.3894917475941566,"upper_bound":0.8164054464131064},"point_estimate":0.5958442205772301,"standard_error":0.1081017878447853},"Slope":{"confidence_interval":{"confidence_level":0.95,"lower_bound":712.3477597534413,"upper_bound":762.0304171722936},"point_estimate":737.2484345422697,"standard_error":12.673349446867422},"StdDev":{"confidence_interval":{"confidence_level":0.95,"lower_bound":56.42687613769358,"upper_bound":82.30977527385442},"point_estimate":71.75096592292305,"standard_error":6.6452165457554639}}