{"Mean":{"confidence_interval":{"confidence_level":0.95,"lower_bound":14547272.400008113,"upper_bound":14553072.425654028},"point_estimate":14549792.992584458,"standard_error":1490.4515175631028},"Median":{"confidence_interval":{"confidence_level":0.95,"lower_bound":14544723.510204083,"upper_bound":14545997.302777779},"point_estimate":14545281.681318682,"standard_error":347.85985671983988},"MedianAbsDev":{"confidence_interval":{"confidence_level":0.95,"lower_bound":1753.130441047893,"upper_bound":3171.6497526837467},"point_estimate":2256.550855392383,"standard_error":375.16501618702196},"Slope":{"confidence_interval":{"confidence_level":0.95,"lower_bound":14547291.419712844,"upper_bound":14551579.37603044},"point_estimate":14549338.549014334,"standard_error":1093.3839682949823},"StdDev":{"confidence_interval":{"confidence_level":0.95,"lower_bound":6618.7271936827469,"upper_bound":22529.862029024935},"point_estimate":14957.197986862831,"standard_error":4270.364423066997}}