{"Mean":{"confidence_interval":{"confidence_level":0.95,"lower_bound":26589.953779425272,"upper_bound":27043.09230938422},"point_estimate":26789.15328769451,"standard_error":116.01257213545671},"Median":{"confidence_interval":{"confidence_level":0.95,"lower_bound":26547.839583333334,"upper_bound":26562.706002106002},"point_estimate":26556.963812083974,"standard_error":4.191823610198989},"MedianAbsDev":{"confidence_interval":{"confidence_level":0.95,"lower_bound":18.96460696331073,"upper_bound":38.969306037425237},"point_estimate":29.49561263468679,"standard_error":5.2259833721219259},"Slope":{"confidence_interval":{"confidence_level":0.95,"lower_bound":26582.952646049354,"upper_bound":27455.17770419479},"point_estimate":26967.92931309506,"standard_error":221.60951575103364},"StdDev":{"confidence_interval":{"confidence_level":0.95,"lower_bound":211.1173858443677,"upper_bound":1745.7386914664367},"point_estimate":1166.0211270147507,"standard_error":361.0701114317465}}