{"Mean":{"confidence_interval":{"confidence_level":0.95,"lower_bound":90041.84495021192,"upper_bound":94738.57923061043},"point_estimate":92355.36731523043,"standard_error":1200.0341550148567},"Median":{"confidence_interval":{"confidence_level":0.95,"lower_bound":86271.33012820513,"upper_bound":93785.59363553114},"point_estimate":86617.60425101215,"standard_error":2247.5143779796364},"MedianAbsDev":{"confidence_interval":{"confidence_level":0.95,"lower_bound":9721.74264738522,"upper_bound":16543.15313658085},"point_estimate":12592.354477052902,"standard_error":2010.484666225046},"Slope":{"confidence_interval":{"confidence_level":0.95,"lower_bound":85267.91615297493,"upper_bound":90399.28415555056},"point_estimate":87731.04746064043,"standard_error":1310.5321307498307},"StdDev":{"confidence_interval":{"confidence_level":0.95,"lower_bound":10684.199063663033,"upper_bound":13252.917560750835},"point_estimate":12071.764130122128,"standard_error":656.4845279088382}}