{"Mean":{"confidence_interval":{"confidence_level":0.95,"lower_bound":14543723.29509954,"upper_bound":14560513.451932472},"point_estimate":14552013.150807178,"standard_error":4290.893489848655},"Median":{"confidence_interval":{"confidence_level":0.95,"lower_bound":14535628.09375,"upper_bound":14553129.166666666},"point_estimate":14546921.328078079,"standard_error":5001.218530064125},"MedianAbsDev":{"confidence_interval":{"confidence_level":0.95,"lower_bound":30429.93203476025,"upper_bound":51965.73485839133},"point_estimate":43082.33619162113,"standard_error":5364.823706562177},"Slope":{"confidence_interval":{"confidence_level":0.95,"lower_bound":14550512.204543475,"upper_bound":14571092.242654149},"point_estimate":14560336.439651249,"standard_error":5249.7595057093199},"StdDev":{"confidence_interval":{"confidence_level":0.95,"lower_bound":36397.05858837542,"upper_bound":49595.504141575395},"point_estimate":43275.68356873843,"standard_error":3370.709174239799}}