{"Mean":{"confidence_interval":{"confidence_level":0.95,"lower_bound":2018160.1849088583,"upper_bound":2057486.3630902516},"point_estimate":2037545.295554497,"standard_error":10031.000157165254},"Median":{"confidence_interval":{"confidence_level":0.95,"lower_bound":1967532.487012987,"upper_bound":1993141.5017633229},"point_estimate":1976905.3546225113,"standard_error":7542.715744391913},"MedianAbsDev":{"confidence_interval":{"confidence_level":0.95,"lower_bound":23888.927898798865,"upper_bound":62102.98010833245},"point_estimate":37490.36059774825,"standard_error":11026.747833245234},"Slope":{"confidence_interval":{"confidence_level":0.95,"lower_bound":2019497.9081167782,"upper_bound":2068073.377810209},"point_estimate":2042833.4650716715,"standard_error":12440.193457442747},"StdDev":{"confidence_interval":{"confidence_level":0.95,"lower_bound":90508.25182604707,"upper_bound":107316.01578068809},"point_estimate":100462.79712246135,"standard_error":4290.535067329518}}