{"Mean":{"confidence_interval":{"confidence_level":0.95,"lower_bound":3654913.263907056,"upper_bound":3780626.820549561},"point_estimate":3707892.245295288,"standard_error":32599.379741926445},"Median":{"confidence_interval":{"confidence_level":0.95,"lower_bound":3607866.3812499998,"upper_bound":3720677.0545454549},"point_estimate":3696801.708041958,"standard_error":33860.13679523265},"MedianAbsDev":{"confidence_interval":{"confidence_level":0.95,"lower_bound":128780.36531803383,"upper_bound":213346.6309713901},"point_estimate":150150.38868777807,"standard_error":22821.496452554158},"Slope":{"confidence_interval":{"confidence_level":0.95,"lower_bound":3614644.121841555,"upper_bound":3670718.10649362},"point_estimate":3642870.43835082,"standard_error":14226.624465624045},"StdDev":{"confidence_interval":{"confidence_level":0.95,"lower_bound":137933.44969339277,"upper_bound":514276.45124041449},"point_estimate":328367.7531163055,"standard_error":115447.78808012123}}