{"Mean":{"confidence_interval":{"confidence_level":0.95,"lower_bound":5096806.9094951669,"upper_bound":5134827.765476408},"point_estimate":5114944.035744557,"standard_error":9675.448663508158},"Median":{"confidence_interval":{"confidence_level":0.95,"lower_bound":5067836.421052632,"upper_bound":5078861.873563218},"point_estimate":5069864.304999145,"standard_error":3637.8558418084119},"MedianAbsDev":{"confidence_interval":{"confidence_level":0.95,"lower_bound":6629.891085884897,"upper_bound":21185.353694643283},"point_estimate":10315.16483342405,"standard_error":4276.164649015985},"Slope":{"confidence_interval":{"confidence_level":0.95,"lower_bound":5087138.805716263,"upper_bound":5115873.599469928},"point_estimate":5099796.813518546,"standard_error":7368.581914620731},"StdDev":{"confidence_interval":{"confidence_level":0.95,"lower_bound":73908.75359317087,"upper_bound":114803.51681043169},"point_estimate":97207.96165467444,"standard_error":10441.841630234821}}