{"Mean":{"confidence_interval":{"confidence_level":0.95,"lower_bound":130.27351679015698,"upper_bound":137.33504338492723},"point_estimate":133.84778776303805,"standard_error":1.808128581680188},"Median":{"confidence_interval":{"confidence_level":0.95,"lower_bound":124.43011633160154,"upper_bound":149.21348813624727},"point_estimate":149.19602191157839,"standard_error":6.1714750992638109},"MedianAbsDev":{"confidence_interval":{"confidence_level":0.95,"lower_bound":0.1231087511081295,"upper_bound":18.49956132266537},"point_estimate":0.2362284622533715,"standard_error":4.385271388490395},"Slope":{"confidence_interval":{"confidence_level":0.95,"lower_bound":125.90505168166264,"upper_bound":135.4671068419522},"point_estimate":130.78112106350364,"standard_error":2.4464050940025339},"StdDev":{"confidence_interval":{"confidence_level":0.95,"lower_bound":17.137682798182117,"upper_bound":18.596682949004206},"point_estimate":18.17162950935842,"standard_error":0.3816352247005719}}