{"Mean":{"confidence_interval":{"confidence_level":0.95,"lower_bound":6118829.802124806,"upper_bound":6203578.402302817},"point_estimate":6159301.04445832,"standard_error":21617.720398633504},"Median":{"confidence_interval":{"confidence_level":0.95,"lower_bound":6035492.7423500609,"upper_bound":6089826.691091955},"point_estimate":6052468.88870674,"standard_error":14640.77047574183},"MedianAbsDev":{"confidence_interval":{"confidence_level":0.95,"lower_bound":60178.05950981798,"upper_bound":136625.01904811583},"point_estimate":84358.23923259051,"standard_error":21444.19646235033},"Slope":{"confidence_interval":{"confidence_level":0.95,"lower_bound":6092337.837404132,"upper_bound":6181877.416078479},"point_estimate":6133349.476979459,"standard_error":22840.15792467457},"StdDev":{"confidence_interval":{"confidence_level":0.95,"lower_bound":165487.44182463998,"upper_bound":275486.39022099497},"point_estimate":217345.35881944558,"standard_error":29181.141245301947}}