{"Mean":{"confidence_interval":{"confidence_level":0.95,"lower_bound":14471358.39937441,"upper_bound":14529208.404069817},"point_estimate":14499028.623660343,"standard_error":14782.974581092398},"Median":{"confidence_interval":{"confidence_level":0.95,"lower_bound":14416127.717391305,"upper_bound":14514042.42857143},"point_estimate":14464285.829044119,"standard_error":29053.952476982806},"MedianAbsDev":{"confidence_interval":{"confidence_level":0.95,"lower_bound":91534.57397719653,"upper_bound":160083.94972726366},"point_estimate":106455.71362042769,"standard_error":19431.135741204147},"Slope":{"confidence_interval":{"confidence_level":0.95,"lower_bound":14455152.27120992,"upper_bound":14520170.088905497},"point_estimate":14484226.433920498,"standard_error":16649.504854545634},"StdDev":{"confidence_interval":{"confidence_level":0.95,"lower_bound":113823.96188335681,"upper_bound":185865.19440660269},"point_estimate":147991.91606383926,"standard_error":19109.361735202645}}