{"Mean":{"confidence_interval":{"confidence_level":0.95,"lower_bound":2419773.8569816264,"upper_bound":2612269.201363469},"point_estimate":2507177.202176131,"standard_error":49391.576507063386},"Median":{"confidence_interval":{"confidence_level":0.95,"lower_bound":2373636.8181818185,"upper_bound":2374398.5042735047},"point_estimate":2373988.757142857,"standard_error":211.22061528578068},"MedianAbsDev":{"confidence_interval":{"confidence_level":0.95,"lower_bound":1098.0742969926599,"upper_bound":2211.292095998307},"point_estimate":1679.92104888506,"standard_error":278.7662021319524},"Slope":{"confidence_interval":{"confidence_level":0.95,"lower_bound":2441088.9521463385,"upper_bound":2743063.1694513896},"point_estimate":2576990.330897,"standard_error":77334.66593064319},"StdDev":{"confidence_interval":{"confidence_level":0.95,"lower_bound":246243.16073413488,"upper_bound":672915.4000579321},"point_estimate":498548.34853294197,"standard_error":104261.84609351194}}