{"Mean":{"confidence_interval":{"confidence_level":0.95,"lower_bound":280.8821599460043,"upper_bound":296.5468622906033},"point_estimate":288.53653997881,"standard_error":4.014212659668408},"Median":{"confidence_interval":{"confidence_level":0.95,"lower_bound":263.1857420706164,"upper_bound":263.86718531817277},"point_estimate":263.35686483916518,"standard_error":0.1721152775706918},"MedianAbsDev":{"confidence_interval":{"confidence_level":0.95,"lower_bound":0.4143809617791461,"upper_bound":1.4145548807360696},"point_estimate":0.6985927447407252,"standard_error":0.2625334235133437},"Slope":{"confidence_interval":{"confidence_level":0.95,"lower_bound":288.1137388699126,"upper_bound":310.41792660619776},"point_estimate":298.8543188894039,"standard_error":5.709125004894329},"StdDev":{"confidence_interval":{"confidence_level":0.95,"lower_bound":35.53637138921569,"upper_bound":43.42059543726709},"point_estimate":40.24782242881719,"standard_error":2.09102052807132}}