{"Mean":{"confidence_interval":{"confidence_level":0.95,"lower_bound":74808.92613665032,"upper_bound":78134.38406004},"point_estimate":76412.3551028679,"standard_error":848.9740945171201},"Median":{"confidence_interval":{"confidence_level":0.95,"lower_bound":71788.69163763066,"upper_bound":71863.23809523809},"point_estimate":71807.61246753247,"standard_error":19.3774862846821},"MedianAbsDev":{"confidence_interval":{"confidence_level":0.95,"lower_bound":56.92942699515504,"upper_bound":164.80858162750105},"point_estimate":89.07996865660825,"standard_error":26.8618376112932},"Slope":{"confidence_interval":{"confidence_level":0.95,"lower_bound":75512.49199508142,"upper_bound":79943.60331919411},"point_estimate":77594.00190757669,"standard_error":1132.2704351042419},"StdDev":{"confidence_interval":{"confidence_level":0.95,"lower_bound":7195.415465548788,"upper_bound":9491.826378241427},"point_estimate":8544.440503764596,"standard_error":593.5833166511214}}