{"Mean":{"confidence_interval":{"confidence_level":0.95,"lower_bound":957.2296303110536,"upper_bound":991.3189541085239},"point_estimate":973.8701943088835,"standard_error":8.70905851364909},"Median":{"confidence_interval":{"confidence_level":0.95,"lower_bound":921.4444695572356,"upper_bound":923.9962639311044},"point_estimate":922.4512306602372,"standard_error":0.6829384215938078},"MedianAbsDev":{"confidence_interval":{"confidence_level":0.95,"lower_bound":1.9163100932343116,"upper_bound":5.60310864719615},"point_estimate":3.2214448538587199,"standard_error":0.9515172425814357},"Slope":{"confidence_interval":{"confidence_level":0.95,"lower_bound":961.2247795656475,"upper_bound":1005.3779634379263},"point_estimate":981.6170384198063,"standard_error":11.304499193193366},"StdDev":{"confidence_interval":{"confidence_level":0.95,"lower_bound":76.07596804610134,"upper_bound":95.6704738878868},"point_estimate":87.81591503798474,"standard_error":5.032738763624559}}