{"Mean":{"confidence_interval":{"confidence_level":0.95,"lower_bound":3728001.6799880026,"upper_bound":3804011.8855342476},"point_estimate":3763899.1809782318,"standard_error":19368.12705679339},"Median":{"confidence_interval":{"confidence_level":0.95,"lower_bound":3699161.5,"upper_bound":3757375.5468390809},"point_estimate":3730771.8614341088,"standard_error":13895.287185652314},"MedianAbsDev":{"confidence_interval":{"confidence_level":0.95,"lower_bound":102788.44709052493,"upper_bound":165130.58345435744},"point_estimate":130285.35190106425,"standard_error":15578.128065866209},"Slope":{"confidence_interval":{"confidence_level":0.95,"lower_bound":3688232.106073605,"upper_bound":3745633.1552904725},"point_estimate":3715935.5004521945,"standard_error":14646.390923712699},"StdDev":{"confidence_interval":{"confidence_level":0.95,"lower_bound":137567.55281337034,"upper_bound":243288.96863747278},"point_estimate":194238.74109132574,"standard_error":27038.46964794116}}