{"Mean":{"confidence_interval":{"confidence_level":0.95,"lower_bound":314975.4088871728,"upper_bound":322650.64888949939},"point_estimate":318746.6814529975,"standard_error":1962.2085349140055},"Median":{"confidence_interval":{"confidence_level":0.95,"lower_bound":313940.0180311891,"upper_bound":327281.4657894737},"point_estimate":314167.0275568182,"standard_error":2334.9246017804937},"MedianAbsDev":{"confidence_interval":{"confidence_level":0.95,"lower_bound":20718.19133388345,"upper_bound":25932.648224783647},"point_estimate":23544.76336955374,"standard_error":1666.7201647467703},"Slope":{"confidence_interval":{"confidence_level":0.95,"lower_bound":328014.1810031293,"upper_bound":335097.1739175528},"point_estimate":331355.0956391311,"standard_error":1801.6283412272297},"StdDev":{"confidence_interval":{"confidence_level":0.95,"lower_bound":16433.35999859649,"upper_bound":23472.687635518065},"point_estimate":19695.833642401845,"standard_error":1855.7252423858636}}