{"Mean":{"confidence_interval":{"confidence_level":0.95,"lower_bound":14551414.75879885,"upper_bound":14569641.293072328},"point_estimate":14560193.110333259,"standard_error":4663.695694147905},"Median":{"confidence_interval":{"confidence_level":0.95,"lower_bound":14534364.240963856,"upper_bound":14537215.502286017},"point_estimate":14535684.25,"standard_error":808.8453540955957},"MedianAbsDev":{"confidence_interval":{"confidence_level":0.95,"lower_bound":3310.545694978031,"upper_bound":7826.894962097121},"point_estimate":4490.309143008458,"standard_error":1191.9720574770666},"Slope":{"confidence_interval":{"confidence_level":0.95,"lower_bound":14550495.537206607,"upper_bound":14571806.876856637},"point_estimate":14560578.689315798,"standard_error":5449.203879016511},"StdDev":{"confidence_interval":{"confidence_level":0.95,"lower_bound":38459.515722218595,"upper_bound":53240.692076423155},"point_estimate":46927.096428604855,"standard_error":3783.2206227495246}}