{"Mean":{"confidence_interval":{"confidence_level":0.95,"lower_bound":84233948.30898294,"upper_bound":84958570.9369939},"point_estimate":84591463.70578394,"standard_error":185804.20087987247},"Median":{"confidence_interval":{"confidence_level":0.95,"lower_bound":84096536.3006536,"upper_bound":84850355.5890411},"point_estimate":84417149.54657084,"standard_error":159884.23960192188},"MedianAbsDev":{"confidence_interval":{"confidence_level":0.95,"lower_bound":1081676.7587606044,"upper_bound":1892618.2339535568},"point_estimate":1352051.3879189289,"standard_error":212097.88109544898},"Slope":{"confidence_interval":{"confidence_level":0.95,"lower_bound":83918632.81296563,"upper_bound":84523576.60889542},"point_estimate":84223714.6995685,"standard_error":154385.77183909334},"StdDev":{"confidence_interval":{"confidence_level":0.95,"lower_bound":1533757.7338931419,"upper_bound":2173654.50849116},"point_estimate":1869386.5261938817,"standard_error":163353.48364443214}}