{"Mean":{"confidence_interval":{"confidence_level":0.95,"lower_bound":0.051572787158652187,"upper_bound":0.09497916169486114},"point_estimate":0.07270043516541747,"standard_error":0.011062272133734185},"Median":{"confidence_interval":{"confidence_level":0.95,"lower_bound":0.018274422605657926,"upper_bound":0.02328544462432558},"point_estimate":0.02034800649867141,"standard_error":0.001274392300690035}}