{"Mean":{"confidence_interval":{"confidence_level":0.95,"lower_bound":113.09744872564532,"upper_bound":118.45735626961882},"point_estimate":115.79439735945307,"standard_error":1.3703865874621256},"Median":{"confidence_interval":{"confidence_level":0.95,"lower_bound":115.64018695052335,"upper_bound":122.87279012838533},"point_estimate":120.03048753018345,"standard_error":2.0255529476854359},"MedianAbsDev":{"confidence_interval":{"confidence_level":0.95,"lower_bound":8.508233295380818,"upper_bound":18.39587278851701},"point_estimate":12.951227403497003,"standard_error":2.588556171800076},"Slope":{"confidence_interval":{"confidence_level":0.95,"lower_bound":110.83226511911215,"upper_bound":118.67853201161189},"point_estimate":114.79188475397905,"standard_error":1.998757602576851},"StdDev":{"confidence_interval":{"confidence_level":0.95,"lower_bound":12.185412424484549,"upper_bound":15.240041262418148},"point_estimate":13.796117061425356,"standard_error":0.7782929896382222}}