{"Mean":{"confidence_interval":{"confidence_level":0.95,"lower_bound":68531543.62036994,"upper_bound":69427579.23864982},"point_estimate":68965331.83274663,"standard_error":228546.82850292914},"Median":{"confidence_interval":{"confidence_level":0.95,"lower_bound":68108818.04255533,"upper_bound":68753133.95565149},"point_estimate":68411051.66911765,"standard_error":172898.95108856419},"MedianAbsDev":{"confidence_interval":{"confidence_level":0.95,"lower_bound":1137296.6836346288,"upper_bound":2471684.071374552},"point_estimate":1772345.944343812,"standard_error":339168.6206171133},"Slope":{"confidence_interval":{"confidence_level":0.95,"lower_bound":68429607.08255184,"upper_bound":69067019.02338667},"point_estimate":68744750.38491799,"standard_error":162455.40134376873},"StdDev":{"confidence_interval":{"confidence_level":0.95,"lower_bound":1813141.6259542199,"upper_bound":2749510.8465907636},"point_estimate":2293370.10401658,"standard_error":240424.8927721992}}