{"Mean":{"confidence_interval":{"confidence_level":0.95,"lower_bound":18937083.417635744,"upper_bound":18960676.966267285},"point_estimate":18947755.90359318,"standard_error":6032.993957748939},"Median":{"confidence_interval":{"confidence_level":0.95,"lower_bound":18937186.333333333,"upper_bound":18944232.809027777},"point_estimate":18941038.94356873,"standard_error":1629.65389779722},"MedianAbsDev":{"confidence_interval":{"confidence_level":0.95,"lower_bound":15066.00847917293,"upper_bound":24399.916580048543},"point_estimate":18857.011916323572,"standard_error":2475.642002575323},"Slope":{"confidence_interval":{"confidence_level":0.95,"lower_bound":18917171.777876058,"upper_bound":18932737.717433726},"point_estimate":18925149.168940449,"standard_error":3962.5731516684056},"StdDev":{"confidence_interval":{"confidence_level":0.95,"lower_bound":30877.836143369568,"upper_bound":87376.946848766},"point_estimate":60693.68277432921,"standard_error":14826.454414673512}}