{"Mean":{"confidence_interval":{"confidence_level":0.95,"lower_bound":18865928.815490739,"upper_bound":18879446.912051608},"point_estimate":18872338.745926896,"standard_error":3463.357735729196},"Median":{"confidence_interval":{"confidence_level":0.95,"lower_bound":18865536.81660413,"upper_bound":18872939.84126984},"point_estimate":18869065.139215687,"standard_error":2061.8594473074979},"MedianAbsDev":{"confidence_interval":{"confidence_level":0.95,"lower_bound":12160.785429519823,"upper_bound":22741.875743803135},"point_estimate":17128.82437366277,"standard_error":2637.2986986659877},"Slope":{"confidence_interval":{"confidence_level":0.95,"lower_bound":18857922.806454354,"upper_bound":18869256.842865115},"point_estimate":18863782.643387028,"standard_error":2888.955502073788},"StdDev":{"confidence_interval":{"confidence_level":0.95,"lower_bound":22885.37292425771,"upper_bound":45237.492785774935},"point_estimate":34707.08313759824,"standard_error":5706.6888342664019}}