{"Mean":{"confidence_interval":{"confidence_level":0.95,"lower_bound":3743769.749842524,"upper_bound":3814011.48178882},"point_estimate":3781042.012535779,"standard_error":17893.82992954158},"Median":{"confidence_interval":{"confidence_level":0.95,"lower_bound":3774503.505376344,"upper_bound":3837558.0},"point_estimate":3810096.6200203646,"standard_error":15135.249028728078},"MedianAbsDev":{"confidence_interval":{"confidence_level":0.95,"lower_bound":82590.14182871123,"upper_bound":146242.78282589385},"point_estimate":122882.80227076709,"standard_error":16854.93757423041},"Slope":{"confidence_interval":{"confidence_level":0.95,"lower_bound":3758286.6291250737,"upper_bound":3809170.6262740755},"point_estimate":3784058.4118723219,"standard_error":12983.934720200954},"StdDev":{"confidence_interval":{"confidence_level":0.95,"lower_bound":115945.59666699449,"upper_bound":241230.7253730443},"point_estimate":179928.92485814898,"standard_error":32711.44877342973}}