{"Mean":{"confidence_interval":{"confidence_level":0.95,"lower_bound":5094402.574278866,"upper_bound":5139214.5173981799},"point_estimate":5118350.725494639,"standard_error":11418.1752260442},"Median":{"confidence_interval":{"confidence_level":0.95,"lower_bound":5108347.333509514,"upper_bound":5142306.083333333},"point_estimate":5122079.514030612,"standard_error":8182.362471521278},"MedianAbsDev":{"confidence_interval":{"confidence_level":0.95,"lower_bound":56085.739718092365,"upper_bound":95649.1419802814},"point_estimate":82605.86154700909,"standard_error":10575.787981491947},"Slope":{"confidence_interval":{"confidence_level":0.95,"lower_bound":5136445.842535017,"upper_bound":5168922.775497474},"point_estimate":5153017.421149697,"standard_error":8290.316506593867},"StdDev":{"confidence_interval":{"confidence_level":0.95,"lower_bound":74528.01193527988,"upper_bound":160756.3945509693},"point_estimate":114904.67387965023,"standard_error":24367.43362584963}}