{"Mean":{"confidence_interval":{"confidence_level":0.95,"lower_bound":3607016.321387348,"upper_bound":3732102.323856559},"point_estimate":3656171.9723426715,"standard_error":33192.72073789416},"Median":{"confidence_interval":{"confidence_level":0.95,"lower_bound":3546421.0513392856,"upper_bound":3671936.431547619},"point_estimate":3609058.3536796539,"standard_error":34238.305167597864},"MedianAbsDev":{"confidence_interval":{"confidence_level":0.95,"lower_bound":80685.95917816393,"upper_bound":192029.8788376412},"point_estimate":163036.4307709794,"standard_error":31898.17539722253},"Slope":{"confidence_interval":{"confidence_level":0.95,"lower_bound":3599058.42617206,"upper_bound":3657606.98520471},"point_estimate":3627814.5292389539,"standard_error":14968.972038948956},"StdDev":{"confidence_interval":{"confidence_level":0.95,"lower_bound":113312.28363753871,"upper_bound":545860.2205738806},"point_estimate":333043.2559648635,"standard_error":147154.60976228267}}