{"Mean":{"confidence_interval":{"confidence_level":0.95,"lower_bound":569.3150608537826,"upper_bound":592.5966741506373},"point_estimate":580.5413721262719,"standard_error":5.904119535260872},"Median":{"confidence_interval":{"confidence_level":0.95,"lower_bound":555.3566259617712,"upper_bound":555.671094938293},"point_estimate":555.5071704600262,"standard_error":0.07667218112742516},"MedianAbsDev":{"confidence_interval":{"confidence_level":0.95,"lower_bound":0.3580271583421991,"upper_bound":0.8423011578001167},"point_estimate":0.5701382906658908,"standard_error":0.12524158596562583},"Slope":{"confidence_interval":{"confidence_level":0.95,"lower_bound":594.8186258267704,"upper_bound":640.660179538569},"point_estimate":618.6447901791604,"standard_error":11.63871261136939},"StdDev":{"confidence_interval":{"confidence_level":0.95,"lower_bound":45.79025081031726,"upper_bound":69.31494790745504},"point_estimate":59.323738860655499,"standard_error":6.0094097500782939}}