{"Mean":{"confidence_interval":{"confidence_level":0.95,"lower_bound":0.00311310607019934,"upper_bound":0.00610262252073016},"point_estimate":0.0046372164434627109,"standard_error":0.0007677291486555686},"Median":{"confidence_interval":{"confidence_level":0.95,"lower_bound":0.0015999298873730084,"upper_bound":0.0026248021688319857},"point_estimate":0.002034536290958844,"standard_error":0.00025747438117257505}}