{"Mean":{"confidence_interval":{"confidence_level":0.95,"lower_bound":429651.8878150788,"upper_bound":431030.42229026646},"point_estimate":430384.8418916808,"standard_error":354.1634183054098},"Median":{"confidence_interval":{"confidence_level":0.95,"lower_bound":431144.0566037736,"upper_bound":431635.5712962963},"point_estimate":431447.2326388889,"standard_error":123.66168234410294},"MedianAbsDev":{"confidence_interval":{"confidence_level":0.95,"lower_bound":632.6646039403726,"upper_bound":1233.9472657045},"point_estimate":977.1631156523403,"standard_error":155.331101703018},"Slope":{"confidence_interval":{"confidence_level":0.95,"lower_bound":430907.25450159507,"upper_bound":431425.1241855686},"point_estimate":431162.26595635685,"standard_error":131.82096082919765},"StdDev":{"confidence_interval":{"confidence_level":0.95,"lower_bound":2357.4588225353347,"upper_bound":4487.722255668092},"point_estimate":3555.1373836195896,"standard_error":546.4118615150266}}