{"Mean":{"confidence_interval":{"confidence_level":0.95,"lower_bound":6623246.322278343,"upper_bound":6655213.92160123},"point_estimate":6638293.824895773,"standard_error":8159.911226745464},"Median":{"confidence_interval":{"confidence_level":0.95,"lower_bound":6604239.67620651,"upper_bound":6609478.833333333},"point_estimate":6606385.851190476,"standard_error":1471.8953324850687},"MedianAbsDev":{"confidence_interval":{"confidence_level":0.95,"lower_bound":11278.55406449803,"upper_bound":27726.26773627289},"point_estimate":16637.57123344656,"standard_error":4299.384004540515},"Slope":{"confidence_interval":{"confidence_level":0.95,"lower_bound":6639213.378022654,"upper_bound":6699178.554668998},"point_estimate":6666899.720605882,"standard_error":15406.36153243877},"StdDev":{"confidence_interval":{"confidence_level":0.95,"lower_bound":57896.81664612414,"upper_bound":105832.60716073924},"point_estimate":82124.836466935,"standard_error":12408.444051760607}}