{"Mean":{"confidence_interval":{"confidence_level":0.95,"lower_bound":2579185.4864525708,"upper_bound":2629407.3151827708},"point_estimate":2602163.510585081,"standard_error":12843.875017870841},"Median":{"confidence_interval":{"confidence_level":0.95,"lower_bound":2556377.117647059,"upper_bound":2574319.9454545455},"point_estimate":2563012.8840579709,"standard_error":5446.10492590277},"MedianAbsDev":{"confidence_interval":{"confidence_level":0.95,"lower_bound":21662.605528261094,"upper_bound":37805.80897898521},"point_estimate":29186.139943948318,"standard_error":4503.301442231011},"Slope":{"confidence_interval":{"confidence_level":0.95,"lower_bound":2564366.688388355,"upper_bound":2596940.9344856666},"point_estimate":2578413.2300724105,"standard_error":8337.90206746216},"StdDev":{"confidence_interval":{"confidence_level":0.95,"lower_bound":76502.09965580379,"upper_bound":168972.2663570887},"point_estimate":128979.05663119162,"standard_error":23580.822494151613}}