{"Mean":{"confidence_interval":{"confidence_level":0.95,"lower_bound":0.11530503982913776,"upper_bound":0.16981298995313016},"point_estimate":0.1408121960707165,"standard_error":0.01416536666536021},"Median":{"confidence_interval":{"confidence_level":0.95,"lower_bound":0.0040465513750527208,"upper_bound":0.29165727836533419},"point_estimate":0.021988959999924563,"standard_error":0.12068677665887176}}