{"Mean":{"confidence_interval":{"confidence_level":0.95,"lower_bound":15176578.128608576,"upper_bound":15251228.54525332},"point_estimate":15211898.52684667,"standard_error":19072.913537688306},"Median":{"confidence_interval":{"confidence_level":0.95,"lower_bound":15112316.724747476,"upper_bound":15171606.642857144},"point_estimate":15138203.192920963,"standard_error":15891.680081254079},"MedianAbsDev":{"confidence_interval":{"confidence_level":0.95,"lower_bound":72172.70851028575,"upper_bound":163526.3210825534},"point_estimate":108721.4614152187,"standard_error":24163.02450399908},"Slope":{"confidence_interval":{"confidence_level":0.95,"lower_bound":15135297.017926755,"upper_bound":15186988.387991449},"point_estimate":15159320.172430914,"standard_error":13141.59986496223},"StdDev":{"confidence_interval":{"confidence_level":0.95,"lower_bound":141699.557573333,"upper_bound":245520.5685725565},"point_estimate":191214.39028745699,"standard_error":27607.600029951274}}