{"Mean":{"confidence_interval":{"confidence_level":0.95,"lower_bound":71.13221574085313,"upper_bound":74.07348917048795},"point_estimate":72.61421419669843,"standard_error":0.7502533702758919},"Median":{"confidence_interval":{"confidence_level":0.95,"lower_bound":73.79862061351904,"upper_bound":79.05916963347969},"point_estimate":79.04621649521536,"standard_error":2.161287755590943},"MedianAbsDev":{"confidence_interval":{"confidence_level":0.95,"lower_bound":0.1359160589500805,"upper_bound":7.9833929590695249},"point_estimate":0.3768888817318565,"standard_error":2.836457422278789},"Slope":{"confidence_interval":{"confidence_level":0.95,"lower_bound":68.37381992444048,"upper_bound":72.46928535251525},"point_estimate":70.42807694433658,"standard_error":1.0452202091991616},"StdDev":{"confidence_interval":{"confidence_level":0.95,"lower_bound":7.006939291444428,"upper_bound":7.797708840339483},"point_estimate":7.518104232730593,"standard_error":0.20349466944448139}}