{"Mean":{"confidence_interval":{"confidence_level":0.95,"lower_bound":416282.66452092849,"upper_bound":421279.23179808558},"point_estimate":418416.4073660394,"standard_error":1295.790360289732},"Median":{"confidence_interval":{"confidence_level":0.95,"lower_bound":416670.17754975127,"upper_bound":418272.62286079188},"point_estimate":418042.3139223561,"standard_error":442.535040158639},"MedianAbsDev":{"confidence_interval":{"confidence_level":0.95,"lower_bound":1859.3231570805359,"upper_bound":4535.885453562879},"point_estimate":3160.2525007124866,"standard_error":630.4463847089648},"Slope":{"confidence_interval":{"confidence_level":0.95,"lower_bound":414908.41382320088,"upper_bound":417864.7882867415},"point_estimate":416234.3597241515,"standard_error":753.8571538815457},"StdDev":{"confidence_interval":{"confidence_level":0.95,"lower_bound":3948.2934841024787,"upper_bound":19676.531592855496},"point_estimate":12977.59289209543,"standard_error":4201.136324946967}}