{"Mean":{"confidence_interval":{"confidence_level":0.95,"lower_bound":15.596214245299356,"upper_bound":16.241893824601907},"point_estimate":15.905957340594537,"standard_error":0.16641521404495905},"Median":{"confidence_interval":{"confidence_level":0.95,"lower_bound":15.045124757514414,"upper_bound":15.064746291441278},"point_estimate":15.050044821815403,"standard_error":0.004971179782427821},"MedianAbsDev":{"confidence_interval":{"confidence_level":0.95,"lower_bound":0.011986225569880256,"upper_bound":0.03948177249670642},"point_estimate":0.021429874839402935,"standard_error":0.007198504449802194},"Slope":{"confidence_interval":{"confidence_level":0.95,"lower_bound":15.970813063482443,"upper_bound":17.000345599271637},"point_estimate":16.475556991510339,"standard_error":0.2630398510223516},"StdDev":{"confidence_interval":{"confidence_level":0.95,"lower_bound":1.3865068747379242,"upper_bound":1.8835761071526914},"point_estimate":1.6768196888504324,"standard_error":0.12697925695125787}}