{"Mean":{"confidence_interval":{"confidence_level":0.95,"lower_bound":4266126.367396585,"upper_bound":4364188.054224281},"point_estimate":4312378.458893023,"standard_error":25079.080764405273},"Median":{"confidence_interval":{"confidence_level":0.95,"lower_bound":4204679.847826087,"upper_bound":4217153.5},"point_estimate":4207637.495361991,"standard_error":3245.6304101726784},"MedianAbsDev":{"confidence_interval":{"confidence_level":0.95,"lower_bound":9200.797418621685,"upper_bound":26051.951075948462},"point_estimate":14065.806698181465,"standard_error":4328.093310675758},"Slope":{"confidence_interval":{"confidence_level":0.95,"lower_bound":4244633.940863192,"upper_bound":4370857.089007107},"point_estimate":4302005.959937934,"standard_error":32293.833102226137},"StdDev":{"confidence_interval":{"confidence_level":0.95,"lower_bound":183776.11792685334,"upper_bound":304918.4136670148},"point_estimate":252903.11911831573,"standard_error":30816.7132426116}}