{"Mean":{"confidence_interval":{"confidence_level":0.95,"lower_bound":24976.23733136815,"upper_bound":25641.410655562664},"point_estimate":25291.268524866115,"standard_error":170.6287324318763},"Median":{"confidence_interval":{"confidence_level":0.95,"lower_bound":24521.23606271777,"upper_bound":24672.482176360227},"point_estimate":24601.79226118071,"standard_error":37.48229080240627},"MedianAbsDev":{"confidence_interval":{"confidence_level":0.95,"lower_bound":198.98412186047436,"upper_bound":406.9082909737991},"point_estimate":286.1606872936213,"standard_error":52.228143768516428},"Slope":{"confidence_interval":{"confidence_level":0.95,"lower_bound":25440.000982311853,"upper_bound":26906.03227413906},"point_estimate":26192.813399460076,"standard_error":374.51613521476318},"StdDev":{"confidence_interval":{"confidence_level":0.95,"lower_bound":1243.351582213359,"upper_bound":2051.794835387281},"point_estimate":1711.8832596669352,"standard_error":203.20439251924229}}