{"Mean":{"confidence_interval":{"confidence_level":0.95,"lower_bound":355.9910174657256,"upper_bound":364.0535352525509},"point_estimate":359.65126482162875,"standard_error":2.0211659696593555},"Median":{"confidence_interval":{"confidence_level":0.95,"lower_bound":354.5705373058314,"upper_bound":354.85367039377737},"point_estimate":354.71343523204737,"standard_error":0.07218583899233255},"MedianAbsDev":{"confidence_interval":{"confidence_level":0.95,"lower_bound":0.27502825823897988,"upper_bound":0.5714492719808286},"point_estimate":0.3958981514866579,"standard_error":0.07835347574568444},"Slope":{"confidence_interval":{"confidence_level":0.95,"lower_bound":356.31021521287536,"upper_bound":368.0349523480528},"point_estimate":361.5790089526951,"standard_error":2.9759055436632426},"StdDev":{"confidence_interval":{"confidence_level":0.95,"lower_bound":9.676522828160273,"upper_bound":27.53519827383963},"point_estimate":20.32691636152565,"standard_error":4.470482584196395}}