{"Mean":{"confidence_interval":{"confidence_level":0.95,"lower_bound":2677176.913259678,"upper_bound":2808114.2994954127},"point_estimate":2740853.9126132295,"standard_error":33521.00028319309},"Median":{"confidence_interval":{"confidence_level":0.95,"lower_bound":2519708.5465116279,"upper_bound":2564525.285714286},"point_estimate":2541380.822916667,"standard_error":12861.40115657606},"MedianAbsDev":{"confidence_interval":{"confidence_level":0.95,"lower_bound":25215.109686825115,"upper_bound":89159.98698124594},"point_estimate":54492.54914614506,"standard_error":18068.263276848596},"Slope":{"confidence_interval":{"confidence_level":0.95,"lower_bound":2680199.8700250035,"upper_bound":2865901.6605379416},"point_estimate":2770435.692531402,"standard_error":47360.93653089901},"StdDev":{"confidence_interval":{"confidence_level":0.95,"lower_bound":293932.9072835951,"upper_bound":366632.98665044116},"point_estimate":336474.8711930444,"standard_error":18620.454065160462}}