{"Mean":{"confidence_interval":{"confidence_level":0.95,"lower_bound":2796.38165421185,"upper_bound":2801.2741045507675},"point_estimate":2798.6589214059588,"standard_error":1.2511591763294437},"Median":{"confidence_interval":{"confidence_level":0.95,"lower_bound":2792.6284398540494,"upper_bound":2797.175755342668},"point_estimate":2795.1262526393886,"standard_error":1.2661978923248112},"MedianAbsDev":{"confidence_interval":{"confidence_level":0.95,"lower_bound":4.719855475396995,"upper_bound":9.08337888676036},"point_estimate":6.182288748315236,"standard_error":1.110230786322524},"Slope":{"confidence_interval":{"confidence_level":0.95,"lower_bound":2792.324249484852,"upper_bound":2794.9875457272007},"point_estimate":2793.566761952947,"standard_error":0.6796647374164714},"StdDev":{"confidence_interval":{"confidence_level":0.95,"lower_bound":8.182118473243673,"upper_bound":16.65368897976517},"point_estimate":12.61052437198588,"standard_error":2.179183445041834}}