{"Mean":{"confidence_interval":{"confidence_level":0.95,"lower_bound":35.86400000224607,"upper_bound":35.888651883541907},"point_estimate":35.87548622730644,"standard_error":0.006297375146765422},"Median":{"confidence_interval":{"confidence_level":0.95,"lower_bound":35.846350359225898,"upper_bound":35.86147365589426},"point_estimate":35.85514475075823,"standard_error":0.00365078152086851},"MedianAbsDev":{"confidence_interval":{"confidence_level":0.95,"lower_bound":0.01815507746112733,"upper_bound":0.03446993403283236},"point_estimate":0.026283918893713136,"standard_error":0.004225740314459173},"Slope":{"confidence_interval":{"confidence_level":0.95,"lower_bound":35.843001302623267,"upper_bound":35.85226981538189},"point_estimate":35.847387878782857,"standard_error":0.002375916938159652},"StdDev":{"confidence_interval":{"confidence_level":0.95,"lower_bound":0.04303123056962385,"upper_bound":0.08338367342357486},"point_estimate":0.063500990414136,"standard_error":0.010513656793342184}}