{"Mean":{"confidence_interval":{"confidence_level":0.95,"lower_bound":1791836.841893309,"upper_bound":1849240.32501554},"point_estimate":1819792.79058185,"standard_error":14643.054981123998},"Median":{"confidence_interval":{"confidence_level":0.95,"lower_bound":1707449.9,"upper_bound":1920895.547368421},"point_estimate":1729006.5833333336,"standard_error":76610.7674644485},"MedianAbsDev":{"confidence_interval":{"confidence_level":0.95,"lower_bound":51158.13300491949,"upper_bound":240099.371043384},"point_estimate":84214.6937639422,"standard_error":54466.74741849933},"Slope":{"confidence_interval":{"confidence_level":0.95,"lower_bound":1792057.398626026,"upper_bound":1856700.697819149},"point_estimate":1825046.0069336487,"standard_error":16521.232634289194},"StdDev":{"confidence_interval":{"confidence_level":0.95,"lower_bound":122511.93065982209,"upper_bound":173832.90905210266},"point_estimate":146522.48028266704,"standard_error":13550.191610027714}}