{"Mean":{"confidence_interval":{"confidence_level":0.95,"lower_bound":310410.20920849087,"upper_bound":315511.0554108682},"point_estimate":312736.63067716397,"standard_error":1307.2009054898272},"Median":{"confidence_interval":{"confidence_level":0.95,"lower_bound":307975.12330163046,"upper_bound":308378.8810794045},"point_estimate":308162.59320704636,"standard_error":649.1205488033812},"MedianAbsDev":{"confidence_interval":{"confidence_level":0.95,"lower_bound":3717.87598134087,"upper_bound":12217.732644341855},"point_estimate":4786.996368780694,"standard_error":2245.4108306801069},"Slope":{"confidence_interval":{"confidence_level":0.95,"lower_bound":311315.30580125006,"upper_bound":317127.9976713247},"point_estimate":313894.51790601448,"standard_error":1492.3109004175513},"StdDev":{"confidence_interval":{"confidence_level":0.95,"lower_bound":7281.099627294632,"upper_bound":19043.59883856665},"point_estimate":13149.711560118214,"standard_error":3191.3489860319566}}