{"Mean":{"confidence_interval":{"confidence_level":0.95,"lower_bound":203.95072169001058,"upper_bound":210.80430502300136},"point_estimate":207.2982331891393,"standard_error":1.7534751003247995},"Median":{"confidence_interval":{"confidence_level":0.95,"lower_bound":196.01527390688538,"upper_bound":196.23307138179437},"point_estimate":196.0670241747509,"standard_error":0.07329950910893407},"MedianAbsDev":{"confidence_interval":{"confidence_level":0.95,"lower_bound":0.29073646202403466,"upper_bound":0.7705857164693506},"point_estimate":0.4338323657505367,"standard_error":0.13864085417010717},"Slope":{"confidence_interval":{"confidence_level":0.95,"lower_bound":205.32413981558742,"upper_bound":214.66702761332039},"point_estimate":209.77731254037347,"standard_error":2.3879565234285917},"StdDev":{"confidence_interval":{"confidence_level":0.95,"lower_bound":15.474813547517507,"upper_bound":18.932346215566424},"point_estimate":17.621779948451335,"standard_error":0.8704229729482667}}