{"Mean":{"confidence_interval":{"confidence_level":0.95,"lower_bound":15677784.88517792,"upper_bound":15694018.967562074},"point_estimate":15685493.26220182,"standard_error":4138.991483484009},"Median":{"confidence_interval":{"confidence_level":0.95,"lower_bound":15674207.387887393,"upper_bound":15691671.361111112},"point_estimate":15681266.21557682,"standard_error":4553.9993164618449},"MedianAbsDev":{"confidence_interval":{"confidence_level":0.95,"lower_bound":24209.161654584233,"upper_bound":35232.310294707015},"point_estimate":30027.538449452135,"standard_error":2819.038345288583},"Slope":{"confidence_interval":{"confidence_level":0.95,"lower_bound":15668864.339730006,"upper_bound":15677595.17434249},"point_estimate":15673039.189117779,"standard_error":2229.5421447790179},"StdDev":{"confidence_interval":{"confidence_level":0.95,"lower_bound":27271.81008086419,"upper_bound":57016.4231771168},"point_estimate":41487.56974182863,"standard_error":7987.328844732322}}