{"Mean":{"confidence_interval":{"confidence_level":0.95,"lower_bound":258057.53508154059,"upper_bound":269412.86303819509},"point_estimate":263520.22606473279,"standard_error":2902.067217152801},"Median":{"confidence_interval":{"confidence_level":0.95,"lower_bound":248726.1329113924,"upper_bound":250369.92628205129},"point_estimate":249147.00630482456,"standard_error":509.15431548610158},"MedianAbsDev":{"confidence_interval":{"confidence_level":0.95,"lower_bound":1140.0811188348153,"upper_bound":3267.1332021996006},"point_estimate":1733.02029419987,"standard_error":587.6354647859164},"Slope":{"confidence_interval":{"confidence_level":0.95,"lower_bound":271981.3913955585,"upper_bound":291908.1135521581},"point_estimate":282438.2455608098,"standard_error":5085.092710498161},"StdDev":{"confidence_interval":{"confidence_level":0.95,"lower_bound":23648.19277435299,"upper_bound":33039.92303196185},"point_estimate":29035.048044096937,"standard_error":2442.608507861067}}