{"Mean":{"confidence_interval":{"confidence_level":0.95,"lower_bound":19001006.747840704,"upper_bound":19008717.71516202},"point_estimate":19004856.170572629,"standard_error":1961.430640260557},"Median":{"confidence_interval":{"confidence_level":0.95,"lower_bound":18999913.80645161,"upper_bound":19008369.700757576},"point_estimate":19004041.720486113,"standard_error":2076.9398824257598},"MedianAbsDev":{"confidence_interval":{"confidence_level":0.95,"lower_bound":12411.964680185347,"upper_bound":22888.437493195757},"point_estimate":18203.743188653843,"standard_error":2633.7412403167497},"Slope":{"confidence_interval":{"confidence_level":0.95,"lower_bound":19004800.008763926,"upper_bound":19012484.84844887},"point_estimate":19008693.71588592,"standard_error":1964.2050393279226},"StdDev":{"confidence_interval":{"confidence_level":0.95,"lower_bound":16654.239445770618,"upper_bound":22387.668437736225},"point_estimate":19673.544002258415,"standard_error":1461.6177661717644}}