{"Mean":{"confidence_interval":{"confidence_level":0.95,"lower_bound":360.6528135217308,"upper_bound":375.6198491939424},"point_estimate":368.1340747221813,"standard_error":3.813208633099237},"Median":{"confidence_interval":{"confidence_level":0.95,"lower_bound":335.942057115852,"upper_bound":396.45571547303669},"point_estimate":336.38472457494199,"standard_error":13.473001586075494},"MedianAbsDev":{"confidence_interval":{"confidence_level":0.95,"lower_bound":0.7333458787100112,"upper_bound":39.90505649893875},"point_estimate":1.4211507777357262,"standard_error":7.983163335298105},"Slope":{"confidence_interval":{"confidence_level":0.95,"lower_bound":355.23765135882629,"upper_bound":373.35663467630499},"point_estimate":363.6652442479809,"standard_error":4.617736768806593},"StdDev":{"confidence_interval":{"confidence_level":0.95,"lower_bound":36.11778515338911,"upper_bound":39.08398569439409},"point_estimate":38.26212778880951,"standard_error":0.7693037318471697}}