{"Mean":{"confidence_interval":{"confidence_level":0.95,"lower_bound":25396517.123324638,"upper_bound":27070696.97281939},"point_estimate":26220429.57447978,"standard_error":426510.75747541678},"Median":{"confidence_interval":{"confidence_level":0.95,"lower_bound":22500424.158035716,"upper_bound":27538498.255555557},"point_estimate":24825484.152711326,"standard_error":1302256.5808856062},"MedianAbsDev":{"confidence_interval":{"confidence_level":0.95,"lower_bound":451510.9761278262,"upper_bound":7068049.146294593},"point_estimate":3897262.444052263,"standard_error":1775649.8541190387},"Slope":{"confidence_interval":{"confidence_level":0.95,"lower_bound":25535250.96541647,"upper_bound":27159613.295789184},"point_estimate":26350595.816252404,"standard_error":414891.6001837887},"StdDev":{"confidence_interval":{"confidence_level":0.95,"lower_bound":3821623.1962368546,"upper_bound":4671477.831088285},"point_estimate":4287379.239418009,"standard_error":217164.8584802604}}