{"Mean":{"confidence_interval":{"confidence_level":0.95,"lower_bound":89930.31578933186,"upper_bound":90629.5789442864},"point_estimate":90265.31633241188,"standard_error":178.9375443639919},"Median":{"confidence_interval":{"confidence_level":0.95,"lower_bound":89337.63271541012,"upper_bound":89398.07828282828},"point_estimate":89355.37760416666,"standard_error":15.682749966289196},"MedianAbsDev":{"confidence_interval":{"confidence_level":0.95,"lower_bound":101.68637148408021,"upper_bound":226.33277181437433},"point_estimate":142.80260457105957,"standard_error":33.14120515099686},"Slope":{"confidence_interval":{"confidence_level":0.95,"lower_bound":90447.89966539822,"upper_bound":91659.60053060726},"point_estimate":91056.7184192897,"standard_error":309.3857584456548},"StdDev":{"confidence_interval":{"confidence_level":0.95,"lower_bound":1486.608128031846,"upper_bound":2025.7032016583592},"point_estimate":1794.4337268782404,"standard_error":140.8604314494846}}