{"Mean":{"confidence_interval":{"confidence_level":0.95,"lower_bound":9.004188813480285,"upper_bound":9.323268645210993},"point_estimate":9.1621470861171,"standard_error":0.0816245677567393},"Median":{"confidence_interval":{"confidence_level":0.95,"lower_bound":8.438092453527022,"upper_bound":10.095029929149096},"point_estimate":8.458118100865854,"standard_error":0.4411910476306737},"MedianAbsDev":{"confidence_interval":{"confidence_level":0.95,"lower_bound":0.01082985114194388,"upper_bound":0.6996150708156164},"point_estimate":0.04587374767739351,"standard_error":0.21375085296829086},"Slope":{"confidence_interval":{"confidence_level":0.95,"lower_bound":9.123464156341136,"upper_bound":9.553123741885179},"point_estimate":9.33844015892712,"standard_error":0.10949465762784888},"StdDev":{"confidence_interval":{"confidence_level":0.95,"lower_bound":0.7833690606804907,"upper_bound":0.8338590462916189},"point_estimate":0.8216059889936158,"standard_error":0.013243287152131512}}