{"Mean":{"confidence_interval":{"confidence_level":0.95,"lower_bound":5047557.155049912,"upper_bound":5113339.132410829},"point_estimate":5082737.706762907,"standard_error":16888.767308869712},"Median":{"confidence_interval":{"confidence_level":0.95,"lower_bound":5096240.256410256,"upper_bound":5130808.051196173},"point_estimate":5111380.45862676,"standard_error":9379.5212377012},"MedianAbsDev":{"confidence_interval":{"confidence_level":0.95,"lower_bound":62396.643504392945,"upper_bound":107064.5688006532},"point_estimate":80767.30404135035,"standard_error":11493.463957081874},"Slope":{"confidence_interval":{"confidence_level":0.95,"lower_bound":5101005.652390659,"upper_bound":5133964.69528469},"point_estimate":5117867.659958622,"standard_error":8392.568522742898},"StdDev":{"confidence_interval":{"confidence_level":0.95,"lower_bound":100098.69248378395,"upper_bound":225844.24140716403},"point_estimate":170031.03952566419,"standard_error":31617.166997894346}}