{"Mean":{"confidence_interval":{"confidence_level":0.95,"lower_bound":-0.007630132862757732,"upper_bound":0.0007673353269073033},"point_estimate":-0.0034633797862506645,"standard_error":0.002130123487984452},"Median":{"confidence_interval":{"confidence_level":0.95,"lower_bound":-0.0037682451659299955,"upper_bound":-0.0022736843969143329},"point_estimate":-0.003020985563027101,"standard_error":0.0003752544565061236}}