{"Mean":{"confidence_interval":{"confidence_level":0.95,"lower_bound":115.28668297635012,"upper_bound":119.54106227014556},"point_estimate":117.46148557883027,"standard_error":1.0874076963513595},"Median":{"confidence_interval":{"confidence_level":0.95,"lower_bound":118.15440300003165,"upper_bound":122.32907783837382},"point_estimate":120.53869962461931,"standard_error":0.9253136677275458},"MedianAbsDev":{"confidence_interval":{"confidence_level":0.95,"lower_bound":6.01027971274125,"upper_bound":10.682855801985932},"point_estimate":7.880459130358845,"standard_error":1.2128702634341336},"Slope":{"confidence_interval":{"confidence_level":0.95,"lower_bound":114.05590667675003,"upper_bound":119.63443879897777},"point_estimate":116.93555513725178,"standard_error":1.4329772400476524},"StdDev":{"confidence_interval":{"confidence_level":0.95,"lower_bound":9.183443586846787,"upper_bound":12.377099818142828},"point_estimate":10.928476606964854,"standard_error":0.816914214799842}}