{"Mean":{"confidence_interval":{"confidence_level":0.95,"lower_bound":6671209.042367514,"upper_bound":7123989.069128723},"point_estimate":6893670.025760182,"standard_error":115661.23513009017},"Median":{"confidence_interval":{"confidence_level":0.95,"lower_bound":5955490.52631579,"upper_bound":7033960.852272727},"point_estimate":6001577.404964538,"standard_error":275925.8058871986},"MedianAbsDev":{"confidence_interval":{"confidence_level":0.95,"lower_bound":33059.67504300809,"upper_bound":1563168.990613664},"point_estimate":104737.55940260549,"standard_error":399550.3822222095},"Slope":{"confidence_interval":{"confidence_level":0.95,"lower_bound":6753505.8683475549,"upper_bound":7372962.669214328},"point_estimate":7056149.687045958,"standard_error":158450.70686396466},"StdDev":{"confidence_interval":{"confidence_level":0.95,"lower_bound":1031564.7724337898,"upper_bound":1267281.1235788915},"point_estimate":1162327.3173274077,"standard_error":60166.86798840831}}