{"Mean":{"confidence_interval":{"confidence_level":0.95,"lower_bound":14477405.234580057,"upper_bound":14534819.894330277},"point_estimate":14504620.433830629,"standard_error":14610.55062828956},"Median":{"confidence_interval":{"confidence_level":0.95,"lower_bound":14428622.767676767,"upper_bound":14523959.523809525},"point_estimate":14481235.460646313,"standard_error":27768.999245466606},"MedianAbsDev":{"confidence_interval":{"confidence_level":0.95,"lower_bound":101271.27069957499,"upper_bound":181795.68820814548},"point_estimate":128907.82006242838,"standard_error":21052.204028557975},"Slope":{"confidence_interval":{"confidence_level":0.95,"lower_bound":14480553.438215146,"upper_bound":14576341.740697612},"point_estimate":14522509.028500075,"standard_error":24646.16740669743},"StdDev":{"confidence_interval":{"confidence_level":0.95,"lower_bound":111448.04463821058,"upper_bound":189455.5467489286},"point_estimate":146962.24527544617,"standard_error":21767.506591690584}}