{"Mean":{"confidence_interval":{"confidence_level":0.95,"lower_bound":7651.028176316649,"upper_bound":7686.583365277431},"point_estimate":7668.037659556834,"standard_error":9.058246969711098},"Median":{"confidence_interval":{"confidence_level":0.95,"lower_bound":7622.48268478868,"upper_bound":7643.210157345381},"point_estimate":7632.810558398345,"standard_error":5.733500148920436},"MedianAbsDev":{"confidence_interval":{"confidence_level":0.95,"lower_bound":33.216690417919448,"upper_bound":65.1848019438881},"point_estimate":48.12378893219127,"standard_error":8.116507123825706},"Slope":{"confidence_interval":{"confidence_level":0.95,"lower_bound":7627.2462222561839,"upper_bound":7674.171498017965},"point_estimate":7648.62357408032,"standard_error":12.055815724913757},"StdDev":{"confidence_interval":{"confidence_level":0.95,"lower_bound":71.7162252977292,"upper_bound":107.16408500476368},"point_estimate":91.14710366938866,"standard_error":9.038895240295004}}