{"Mean":{"confidence_interval":{"confidence_level":0.95,"lower_bound":0.051328719987092739,"upper_bound":0.10219032490892607},"point_estimate":0.0753249634928812,"standard_error":0.013358714669442287},"Median":{"confidence_interval":{"confidence_level":0.95,"lower_bound":0.001423617663518506,"upper_bound":0.006597679937802026},"point_estimate":0.002956559610792775,"standard_error":0.001167307220704297}}