{"Mean":{"confidence_interval":{"confidence_level":0.95,"lower_bound":365.37878186412709,"upper_bound":365.74417969753775},"point_estimate":365.54821036674846,"standard_error":0.09357427763935938},"Median":{"confidence_interval":{"confidence_level":0.95,"lower_bound":365.1905312927709,"upper_bound":365.26854774227118},"point_estimate":365.2192544314861,"standard_error":0.01881621747775589},"MedianAbsDev":{"confidence_interval":{"confidence_level":0.95,"lower_bound":0.10814771101601048,"upper_bound":0.21067135369946464},"point_estimate":0.15475088282180153,"standard_error":0.02712229519871842},"Slope":{"confidence_interval":{"confidence_level":0.95,"lower_bound":365.1572125635302,"upper_bound":365.2222619449042},"point_estimate":365.18756422542858,"standard_error":0.016610645985517038},"StdDev":{"confidence_interval":{"confidence_level":0.95,"lower_bound":0.5936750258790388,"upper_bound":1.2111048715193658},"point_estimate":0.9389876551224702,"standard_error":0.15750161051341464}}