{"Mean":{"confidence_interval":{"confidence_level":0.95,"lower_bound":5445.012544857468,"upper_bound":5674.398834280291},"point_estimate":5557.214061861504,"standard_error":58.73122195159875},"Median":{"confidence_interval":{"confidence_level":0.95,"lower_bound":5173.420723644669,"upper_bound":5208.832068329244},"point_estimate":5181.767581698417,"standard_error":10.290527098737817},"MedianAbsDev":{"confidence_interval":{"confidence_level":0.95,"lower_bound":32.00874256503367,"upper_bound":103.10806732200803},"point_estimate":59.440998011148469,"standard_error":19.79055607091388},"Slope":{"confidence_interval":{"confidence_level":0.95,"lower_bound":5449.616845768703,"upper_bound":5748.864340096422},"point_estimate":5589.923254661414,"standard_error":76.595944504217},"StdDev":{"confidence_interval":{"confidence_level":0.95,"lower_bound":522.9438027874373,"upper_bound":636.3352119102898},"point_estimate":592.4512929727711,"standard_error":29.006014711408868}}