{"Mean":{"confidence_interval":{"confidence_level":0.95,"lower_bound":5050292.866390694,"upper_bound":5079935.635181488},"point_estimate":5063157.73811006,"standard_error":7641.932869027319},"Median":{"confidence_interval":{"confidence_level":0.95,"lower_bound":5039196.756574312,"upper_bound":5043408.700046904},"point_estimate":5040316.949779857,"standard_error":1221.5148548235237},"MedianAbsDev":{"confidence_interval":{"confidence_level":0.95,"lower_bound":6406.703919531457,"upper_bound":13222.583841817614},"point_estimate":8509.432210305287,"standard_error":1737.8066207709736},"Slope":{"confidence_interval":{"confidence_level":0.95,"lower_bound":5035966.3743966319,"upper_bound":5037939.006909638},"point_estimate":5036880.882228462,"standard_error":504.1934460808208},"StdDev":{"confidence_interval":{"confidence_level":0.95,"lower_bound":30338.465358117515,"upper_bound":116926.7505295454},"point_estimate":76833.37775346865,"standard_error":22742.12435551384}}