{"Mean":{"confidence_interval":{"confidence_level":0.95,"lower_bound":18.61849020810793,"upper_bound":19.00628443193898},"point_estimate":18.793287567763984,"standard_error":0.10077234874418036},"Median":{"confidence_interval":{"confidence_level":0.95,"lower_bound":18.516656803251825,"upper_bound":18.5286257148352},"point_estimate":18.520948574041218,"standard_error":0.0030160393074831319},"MedianAbsDev":{"confidence_interval":{"confidence_level":0.95,"lower_bound":0.013655098915413418,"upper_bound":0.026755581393580666},"point_estimate":0.018548334059304507,"standard_error":0.0034485019647245314},"Slope":{"confidence_interval":{"confidence_level":0.95,"lower_bound":18.772992361645028,"upper_bound":19.759828148429678},"point_estimate":19.24896670630162,"standard_error":0.2560045457385251},"StdDev":{"confidence_interval":{"confidence_level":0.95,"lower_bound":0.5983081419112918,"upper_bound":1.3342665035785153},"point_estimate":1.013497808056316,"standard_error":0.19658558896949678}}