{"Mean":{"confidence_interval":{"confidence_level":0.95,"lower_bound":143156.87041811733,"upper_bound":143333.57504779686},"point_estimate":143238.39428873844,"standard_error":45.19168682974386},"Median":{"confidence_interval":{"confidence_level":0.95,"lower_bound":143049.33418367347,"upper_bound":143122.88775510205},"point_estimate":143078.52040816326,"standard_error":21.751211238613139},"MedianAbsDev":{"confidence_interval":{"confidence_level":0.95,"lower_bound":91.82406167526453,"upper_bound":180.2712765037318},"point_estimate":124.52844246418175,"standard_error":25.620105298674063},"Slope":{"confidence_interval":{"confidence_level":0.95,"lower_bound":143009.58081120836,"upper_bound":143037.30265531693},"point_estimate":143022.16268910047,"standard_error":7.076080275890821},"StdDev":{"confidence_interval":{"confidence_level":0.95,"lower_bound":282.6550681768864,"upper_bound":605.3207411902079},"point_estimate":452.8510384672799,"standard_error":83.10530450777014}}