{"Mean":{"confidence_interval":{"confidence_level":0.95,"lower_bound":373356.27237020237,"upper_bound":376717.67380957197},"point_estimate":375053.0416718151,"standard_error":859.7806234090123},"Median":{"confidence_interval":{"confidence_level":0.95,"lower_bound":380822.9411764706,"upper_bound":381172.7752808989},"point_estimate":381011.40490196077,"standard_error":1017.9696211481332},"MedianAbsDev":{"confidence_interval":{"confidence_level":0.95,"lower_bound":775.6807242251413,"upper_bound":5085.946893340149},"point_estimate":1801.7919876375068,"standard_error":1270.3467692917716},"Slope":{"confidence_interval":{"confidence_level":0.95,"lower_bound":370168.29890545367,"upper_bound":374538.9175486286},"point_estimate":372391.4633180631,"standard_error":1119.9945921198644},"StdDev":{"confidence_interval":{"confidence_level":0.95,"lower_bound":7982.199785803545,"upper_bound":8981.919592263781},"point_estimate":8627.970807454498,"standard_error":256.2527473457396}}