{"Mean":{"confidence_interval":{"confidence_level":0.95,"lower_bound":1811903.1015106613,"upper_bound":1813294.5379964966},"point_estimate":1812548.0961319465,"standard_error":356.3543201604003},"Median":{"confidence_interval":{"confidence_level":0.95,"lower_bound":1811033.036585366,"upper_bound":1811728.4831460675},"point_estimate":1811280.0983606559,"standard_error":160.45584702968803},"MedianAbsDev":{"confidence_interval":{"confidence_level":0.95,"lower_bound":972.1765896371099,"upper_bound":1754.7241388475639},"point_estimate":1362.5810720826217,"standard_error":195.04987994127786},"Slope":{"confidence_interval":{"confidence_level":0.95,"lower_bound":1811354.6985079479,"upper_bound":1813012.9904316476},"point_estimate":1812139.4628284323,"standard_error":423.5179147393079},"StdDev":{"confidence_interval":{"confidence_level":0.95,"lower_bound":2371.3637162452557,"upper_bound":4798.963602797405},"point_estimate":3570.6620307524619,"standard_error":641.2491317590465}}