{"Mean":{"confidence_interval":{"confidence_level":0.95,"lower_bound":24189.43733816102,"upper_bound":24228.332703211843},"point_estimate":24207.573692653106,"standard_error":9.926313138009878},"Median":{"confidence_interval":{"confidence_level":0.95,"lower_bound":24167.1249256395,"upper_bound":24184.181135719402},"point_estimate":24172.579120473023,"standard_error":3.8023393016327726},"MedianAbsDev":{"confidence_interval":{"confidence_level":0.95,"lower_bound":23.52556455220879,"upper_bound":46.258220891598657},"point_estimate":31.5427093799554,"standard_error":5.943935132809162},"Slope":{"confidence_interval":{"confidence_level":0.95,"lower_bound":24161.674053518167,"upper_bound":24185.595097838144},"point_estimate":24172.27360822067,"standard_error":6.122120869339406},"StdDev":{"confidence_interval":{"confidence_level":0.95,"lower_bound":65.84457682348939,"upper_bound":128.76167044843079},"point_estimate":99.43754609858137,"standard_error":16.099913400182026}}