{"Mean":{"confidence_interval":{"confidence_level":0.95,"lower_bound":25326.70337301778,"upper_bound":26468.61939603393},"point_estimate":25879.277106741058,"standard_error":292.386926841437},"Median":{"confidence_interval":{"confidence_level":0.95,"lower_bound":24370.854748768652,"upper_bound":24440.555420054203},"point_estimate":24399.303968389337,"standard_error":20.933970034419319},"MedianAbsDev":{"confidence_interval":{"confidence_level":0.95,"lower_bound":48.19822310108465,"upper_bound":151.6771900358131},"point_estimate":85.37115895397317,"standard_error":30.105035559949167},"Slope":{"confidence_interval":{"confidence_level":0.95,"lower_bound":25647.17490286006,"upper_bound":27257.63896621451},"point_estimate":26407.758469329277,"standard_error":410.9436192979112},"StdDev":{"confidence_interval":{"confidence_level":0.95,"lower_bound":2426.283956444213,"upper_bound":3318.690516297165},"point_estimate":2937.515696217555,"standard_error":233.99809016704348}}