{"Mean":{"confidence_interval":{"confidence_level":0.95,"lower_bound":9586.104501871956,"upper_bound":9799.037393502862},"point_estimate":9690.697155117894,"standard_error":54.4656750463587},"Median":{"confidence_interval":{"confidence_level":0.95,"lower_bound":9401.166201550386,"upper_bound":9890.358479863868},"point_estimate":9552.513983101038,"standard_error":143.76535211448999},"MedianAbsDev":{"confidence_interval":{"confidence_level":0.95,"lower_bound":458.4782258628996,"upper_bound":747.120618374925},"point_estimate":613.5001852817268,"standard_error":75.23782140475471},"Slope":{"confidence_interval":{"confidence_level":0.95,"lower_bound":9603.950185760323,"upper_bound":9868.473639508637},"point_estimate":9736.318123630064,"standard_error":67.53151545948849},"StdDev":{"confidence_interval":{"confidence_level":0.95,"lower_bound":464.9480721855464,"upper_bound":635.3621728920782},"point_estimate":547.1893358118089,"standard_error":44.23587342406942}}