{"Mean":{"confidence_interval":{"confidence_level":0.95,"lower_bound":170.470063717771,"upper_bound":178.71655507844037},"point_estimate":174.42501416627918,"standard_error":2.116213455402322},"Median":{"confidence_interval":{"confidence_level":0.95,"lower_bound":164.04584348240966,"upper_bound":164.1287275504452},"point_estimate":164.07689766801429,"standard_error":0.02435514540359048},"MedianAbsDev":{"confidence_interval":{"confidence_level":0.95,"lower_bound":0.08352251671623001,"upper_bound":0.20288985552463466},"point_estimate":0.12897993700732947,"standard_error":0.035436999676317509},"Slope":{"confidence_interval":{"confidence_level":0.95,"lower_bound":175.17912264357254,"upper_bound":188.29813964916978},"point_estimate":181.57734251007657,"standard_error":3.3503558407161444},"StdDev":{"confidence_interval":{"confidence_level":0.95,"lower_bound":17.261773956075673,"upper_bound":24.160060749678867},"point_estimate":21.26091071257175,"standard_error":1.7521402477574455}}