{"Mean":{"confidence_interval":{"confidence_level":0.95,"lower_bound":3926284.8155832116,"upper_bound":4023183.24072364},"point_estimate":3976453.407163699,"standard_error":24707.05355249838},"Median":{"confidence_interval":{"confidence_level":0.95,"lower_bound":3945212.368536585,"upper_bound":4022620.1808510639},"point_estimate":3991036.024951076,"standard_error":20398.25140128266},"MedianAbsDev":{"confidence_interval":{"confidence_level":0.95,"lower_bound":127570.98497983234,"upper_bound":199094.30861536944},"point_estimate":168734.66496646184,"standard_error":18828.28974396546},"Slope":{"confidence_interval":{"confidence_level":0.95,"lower_bound":3935256.0396099837,"upper_bound":3991498.906266441},"point_estimate":3962901.8164060886,"standard_error":14375.179136531435},"StdDev":{"confidence_interval":{"confidence_level":0.95,"lower_bound":170757.25409101748,"upper_bound":323112.1922122889},"point_estimate":248601.62381470746,"standard_error":39342.478422622655}}