{"Mean":{"confidence_interval":{"confidence_level":0.95,"lower_bound":2542849.7059224627,"upper_bound":2639987.830191176},"point_estimate":2589046.032763521,"standard_error":24836.18021889434},"Median":{"confidence_interval":{"confidence_level":0.95,"lower_bound":2472016.161324042,"upper_bound":2480322.3571428575},"point_estimate":2475754.217436975,"standard_error":2022.474110408401},"MedianAbsDev":{"confidence_interval":{"confidence_level":0.95,"lower_bound":5336.379240197268,"upper_bound":16337.263309955482},"point_estimate":10013.918398252217,"standard_error":2761.6628608603784},"Slope":{"confidence_interval":{"confidence_level":0.95,"lower_bound":2536787.0216062196,"upper_bound":2689747.989264952},"point_estimate":2610273.191174819,"standard_error":39152.02520816386},"StdDev":{"confidence_interval":{"confidence_level":0.95,"lower_bound":194052.68889257386,"upper_bound":290010.49285341476},"point_estimate":249485.44672497447,"standard_error":24324.811004830903}}