{"Mean":{"confidence_interval":{"confidence_level":0.95,"lower_bound":566.7489531377835,"upper_bound":589.2681184218104},"point_estimate":577.4296624748888,"standard_error":5.742421060638567},"Median":{"confidence_interval":{"confidence_level":0.95,"lower_bound":554.1349400322515,"upper_bound":554.3737732012399},"point_estimate":554.2051875461937,"standard_error":0.06211848229932208},"MedianAbsDev":{"confidence_interval":{"confidence_level":0.95,"lower_bound":0.23644101552436637,"upper_bound":0.5416099804868932},"point_estimate":0.34322655100183716,"standard_error":0.0818449424821884},"Slope":{"confidence_interval":{"confidence_level":0.95,"lower_bound":590.0998018432487,"upper_bound":636.2868314690453},"point_estimate":614.0436818514396,"standard_error":11.826463152671913},"StdDev":{"confidence_interval":{"confidence_level":0.95,"lower_bound":43.56702146936388,"upper_bound":68.1311798286262},"point_estimate":57.662094296574128,"standard_error":6.258168386114391}}